reporting_date,payment_type,seller_type,zero_attempt_num,fm_d0_picked,fm_picked,fm_created,conv_num,PHin,First_attempt_delivered,fac_deno,total_delivered_attempts,total_attempts,DHin,D0_OFD,rfr_num,rfr_deno,Breach_Num,Breach_Den,breach_plus1_num
20260103,prepaid,FLN,0,,,,169,173,,,,,,,,,,,
20260131,cod,SCR,0,1,1,1,0,1,,,,,,,,,,,
20260123,prepaid,FLN,1,,,,102,107,,,,,,,,,,,
20260203,prepaid,BBW,0,10,12,12,10,10,,,,,,,,,,,
20260113,prepaid,DSR,0,,,,5,5,,,,,2,0,,,,,
20260103,cod,FLN,0,,,,2,2,,,,,,,,,,,
20260130,cod,SCR,0,2,2,2,4,5,,,,,,,,,,,
20260206,cod,FRD,0,2,11,11,2,2,,,,,,,,,,,
20260204,cod,MNM,0,,,,22,30,,,,,,,,,,,
20260123,prepaid,INW,0,0,0,2,0,1,,,,,,,,,,,
20260129,prepaid,DSR,0,,,,10,10,,,,,,,,,,,
20260203,cod,BBW,0,16,18,18,9,16,,,,,,,,,,,
20260116,prepaid,DSR,0,,,,32,33,,,,,,,,,,,
20260204,cod,BBW,0,,,,1,2,,,,,,,,,,,
20260109,prepaid,DSR,0,,,,12,12,,,,,1,0,,,,,
20260108,cod,SCR,0,0,3,4,1,1,,,,,,,,,,,
20260106,cod,SSI,8,374,760,798,134,374,,,,,,,,,,,
20260208,cod,BBW,1,2,3,3,2,3,,,,,,,,,,,
20260123,cod,FLN,0,,,,2,4,,,,,,,,,,,
20260208,prepaid,BBW,0,0,1,1,1,1,,,,,,,,,,,
20260204,prepaid,MNM,0,,,,23,23,,,,,,,,,,,
20260204,prepaid,BBW,0,,,,2,2,,,,,,,,,,,
20260206,prepaid,FRD,0,6,19,19,6,6,,,,,,,,,,,
20260203,prepaid,MNM,0,10,33,35,9,10,,,,,,,,,,,
20260207,cod,FRD,1,,,,3,6,,,,,,,,,,,
20260106,cod,SCR,0,1,5,5,3,3,,,,,1,0,,,,,
20260122,cod,SCR,0,,,,0,1,,,,,,,,,,,
20260131,prepaid,TTN,0,5,8,8,4,5,0,0,0,0,1,0,0,0,,,
20260124,cod,SCR,0,1,1,1,1,1,0,1,0,1,1,1,0,1,0,2,0
20260107,cod,SCR,0,1,1,1,1,2,1,1,1,1,1,0,0,1,0,1,0
20260202,prepaid,TTN,0,17,18,18,23,23,1,1,1,1,3,1,0,1,0,1,0
20260128,cod,SCR,0,1,1,1,2,2,0,0,1,1,,,0,1,,,
20260203,prepaid,DSR,0,,,,1,1,1,1,1,1,,,0,1,,,
20260109,cod,SCR,0,0,1,1,4,5,1,1,1,1,1,1,0,1,,,
20260207,prepaid,FRD,0,,,,6,6,1,1,1,1,1,1,0,1,0,1,0
20260110,cod,SCR,0,0,1,1,1,1,0,1,0,1,3,1,0,1,0,2,0
20260205,cod,SCR,1,0,1,1,2,3,0,1,0,2,2,1,1,2,0,3,0
20260119,cod,SCR,0,,,,1,2,0,1,0,2,,,1,2,,,
20260114,cod,SCR,0,0,1,1,1,1,1,2,1,2,2,2,0,2,2,6,2
20260117,cod,SCR,0,1,1,1,1,1,1,2,1,2,1,1,1,2,0,1,0
20260203,cod,SCR,0,,,,2,2,0,1,1,2,1,1,1,2,0,2,0
20260102,cod,SCR,0,,,,1,1,1,2,1,2,1,1,0,2,,,
20260208,prepaid,MNM,0,1,2,2,5,5,2,2,2,2,,,0,2,0,2,0
20260206,cod,SCR,0,,,,1,1,2,3,3,4,2,2,1,4,0,3,0
20260204,cod,SCR,0,1,4,4,1,1,2,3,3,5,3,3,1,5,0,1,0
20260204,prepaid,TTN,0,5,6,6,5,5,6,7,6,7,7,6,0,7,2,11,1
20260208,cod,MNM,0,0,4,4,1,3,0,0,3,7,1,1,1,7,0,2,0
20260205,prepaid,TTN,0,2,2,2,3,3,8,8,8,8,11,8,0,8,0,6,0
20260131,prepaid,DSR,0,,,,21,21,7,7,8,8,6,6,0,8,0,7,0
20260203,prepaid,TTN,0,8,8,8,9,9,9,9,9,9,9,8,0,9,0,7,0
20260107,cod,SSI,12,,,,103,386,2,10,2,10,20,10,1,10,6,13,2
20260206,prepaid,TTN,0,2,2,2,2,2,11,11,11,11,9,7,0,11,0,11,0
20260105,prepaid,KTH,0,26,28,28,32,32,17,18,17,19,21,14,2,19,4,29,2
20260206,cod,MNM,0,,,,0,1,12,24,12,24,29,25,2,24,1,24,0
20260103,prepaid,KTH,0,44,72,72,55,55,25,28,26,29,27,24,2,29,3,30,1
20260109,prepaid,KTH,0,,,,2,2,32,32,33,34,31,28,1,34,0,41,0
20260104,prepaid,KTH,0,40,46,46,68,68,30,32,33,35,35,30,1,35,1,31,0
20260102,prepaid,KTH,0,26,37,37,30,30,31,31,35,36,31,27,1,36,3,30,1
20260103,cod,KTH,0,46,73,73,41,56,13,26,14,40,26,22,6,40,1,26,1
20260105,cod,KTH,0,38,40,40,39,49,20,25,23,45,20,18,5,45,0,25,0
20260107,prepaid,KTH,0,8,12,12,9,10,46,47,46,47,45,41,0,47,1,46,1
20260104,cod,KTH,0,31,42,42,36,58,14,32,18,50,34,28,12,50,1,32,0
20260106,prepaid,KTH,1,39,41,41,40,41,49,50,52,53,48,44,0,53,1,40,0
20260102,cod,KTH,0,28,38,38,24,36,20,35,24,54,37,30,9,54,4,39,3
20260107,cod,KTH,1,32,34,34,34,46,31,45,34,59,42,40,7,59,4,48,0
20260109,cod,KTH,0,,,,1,1,28,39,37,59,41,36,1,59,5,45,4
20260106,cod,KTH,0,32,46,46,30,34,28,47,30,59,50,44,6,59,3,44,2
20260108,prepaid,KTH,0,14,16,16,18,18,60,61,60,61,64,59,0,61,3,58,2
20260108,cod,KTH,0,26,27,27,23,28,26,53,30,69,52,48,9,69,2,49,1
20260114,cod,SSI,38,1496,1947,2026,393,1627,11,61,11,108,78,57,17,108,10,60,4
20260113,cod,SSI,45,1775,1913,1919,456,1775,24,60,34,143,48,39,18,143,6,66,6
20260115,cod,SSI,31,974,979,1690,389,1422,31,108,36,154,145,92,20,154,18,79,6
20260116,cod,SSI,41,1844,2648,2650,517,1856,52,252,57,316,396,214,49,316,25,187,21
20260117,cod,SSI,39,1194,1850,1859,546,1982,228,948,234,1057,1169,813,134,1057,115,783,79
20260118,cod,SSI,29,555,1662,1673,264,1057,320,1446,351,1757,1672,1208,259,1757,237,1465,162
20260119,cod,SSI,30,0,0,1818,360,1280,315,1328,369,1890,1418,1004,300,1890,161,1470,118
20260122,prepaid,AIL,0,1,3,3,3,3,1,1,1,2,2,1,0,2,0,3,0
20260129,prepaid,AIL,0,2,4,5,5,5,3,3,3,3,6,2,0,3,2,7,0
20260126,prepaid,AIL,0,0,3,3,2,2,2,3,2,3,3,2,1,3,2,6,0
20260127,prepaid,AIL,1,4,17,17,11,12,4,4,5,5,3,2,0,5,,,
20260123,prepaid,AIL,0,3,5,5,3,3,5,5,5,5,3,3,0,5,2,6,1
20260203,prepaid,AIL,1,14,25,26,13,15,5,6,5,6,6,3,0,6,0,7,0
20260207,prepaid,AIL,0,2,3,3,3,3,5,7,5,7,12,7,2,7,6,14,4
20260205,prepaid,AIL,0,0,4,4,2,2,4,4,7,7,3,2,0,7,0,5,0
20260128,prepaid,AIL,1,13,16,17,24,25,7,7,7,7,6,6,0,7,1,2,1
20260124,prepaid,AIL,0,5,11,11,8,8,7,7,8,8,9,7,0,8,4,11,2
20260121,prepaid,AIL,0,3,4,5,10,10,6,7,6,8,6,5,1,8,0,6,0
20260130,prepaid,AIL,0,1,9,10,3,3,9,9,9,9,6,5,0,9,3,9,1
20260202,prepaid,AIL,0,7,7,8,10,10,7,7,9,9,9,5,0,9,2,6,1
20260115,prepaid,AIL,0,1,8,8,4,5,7,7,7,9,9,5,1,9,3,9,1
20260201,prepaid,AIL,0,,,,1,1,8,8,9,10,10,6,1,10,7,12,5
20260129,cod,AIL,1,3,14,16,4,10,2,3,3,10,2,1,2,10,3,7,1
20260208,prepaid,AIL,0,0,1,1,1,1,9,9,10,10,6,5,0,10,5,8,3
20260120,prepaid,AIL,0,2,10,11,5,5,9,9,9,11,11,9,0,11,4,10,2
20260206,prepaid,AIL,0,0,2,2,3,3,10,11,10,11,10,10,1,11,2,11,2
20260110,prepaid,AIL,0,7,13,13,13,13,9,10,10,12,12,8,1,12,6,14,2
20260112,prepaid,AIL,0,6,19,20,13,13,8,10,8,12,10,9,2,12,3,12,1
20260116,prepaid,AIL,0,8,9,10,17,18,10,10,10,12,16,7,0,12,8,15,3
20260114,prepaid,AIL,0,7,14,14,11,11,9,9,11,13,9,7,2,13,4,10,2
20260131,prepaid,AIL,0,6,9,9,13,13,10,13,10,13,14,12,1,13,2,11,1
20260106,prepaid,AIL,0,3,14,14,11,11,9,9,11,13,7,3,1,13,3,14,2
20260204,prepaid,AIL,0,3,4,4,12,13,9,12,10,13,12,10,1,13,2,10,2
20260108,prepaid,AIL,0,4,10,10,7,8,9,10,10,14,9,7,3,14,0,8,0
20260109,prepaid,AIL,0,5,11,11,10,12,10,10,11,14,11,9,2,14,4,11,3
20260113,prepaid,AIL,0,3,6,6,13,14,8,9,11,15,9,7,2,15,1,8,0
20260130,cod,AIL,0,7,15,15,9,17,2,10,2,16,9,4,2,16,3,7,1
20260107,prepaid,AIL,1,7,11,11,17,19,12,16,12,17,17,14,5,17,1,14,0
20260201,cod,AIL,0,3,25,27,2,3,5,7,5,18,13,5,3,18,24,28,9
20260104,prepaid,AIL,0,1,3,3,3,3,13,14,15,18,16,12,3,18,0,15,0
20260128,cod,AIL,0,30,40,41,10,37,5,10,6,18,7,6,3,18,0,8,0
20260119,prepaid,AIL,1,3,6,7,3,4,12,14,14,18,8,7,1,18,1,8,1
20260101,prepaid,AIL,0,4,6,7,5,5,13,16,14,19,19,14,1,19,1,7,0
20260103,prepaid,AIL,0,11,14,15,25,25,13,17,14,19,19,15,3,19,4,22,2
20260117,prepaid,AIL,0,1,2,3,5,5,15,18,15,20,12,12,3,20,2,10,2
20260127,cod,AIL,1,6,13,15,11,21,4,11,6,21,15,7,6,21,6,13,4
20260114,cod,AIL,0,4,16,17,12,24,5,11,6,21,9,6,7,21,8,16,6
20260131,cod,AIL,2,22,35,36,11,32,5,15,5,21,17,13,3,21,6,19,5
20260105,prepaid,AIL,0,15,23,23,17,17,15,17,17,21,15,11,3,21,1,13,0
20260118,cod,AIL,0,2,15,17,2,2,1,12,5,22,18,12,5,22,4,15,2
20260115,cod,AIL,0,1,9,9,2,6,5,11,8,22,21,11,8,22,4,10,0
20260113,cod,AIL,1,4,25,25,11,19,10,15,10,24,17,12,5,24,5,19,3
20260123,cod,AIL,0,2,9,9,7,9,9,13,10,25,16,12,5,25,8,18,6
20260121,cod,AIL,0,9,20,22,9,21,4,15,5,26,14,8,5,26,5,17,2
20260112,cod,AIL,1,15,31,34,26,40,5,12,7,26,9,9,4,26,3,15,3
20260108,cod,AIL,0,3,19,20,7,15,4,7,8,28,14,5,7,28,2,12,0
20260119,cod,AIL,1,4,15,17,12,24,6,15,8,28,15,11,5,28,4,18,2
20260124,cod,AIL,0,5,13,21,8,12,7,17,8,29,19,15,6,29,10,25,8
20260117,cod,AIL,1,14,25,25,11,27,8,22,12,30,23,19,8,30,4,17,1
20260207,cod,AIL,0,4,7,8,3,6,7,18,9,30,18,11,3,30,5,22,2
20260102,prepaid,AIL,0,6,16,17,10,10,26,26,28,30,23,21,0,30,3,23,1
20260204,cod,AIL,0,3,16,17,4,13,3,15,6,31,17,10,8,31,18,24,14
20260122,cod,AIL,1,7,15,15,8,19,7,21,10,31,14,14,7,31,5,20,0
20260125,cod,AIL,0,1,3,4,4,8,7,19,8,32,22,16,7,32,7,21,3
20260111,cod,AIL,0,0,16,16,1,2,8,19,10,32,20,15,7,32,5,25,2
20260109,cod,AIL,1,4,11,12,8,18,11,21,11,33,21,13,7,33,4,15,2
20260206,cod,AIL,0,2,5,6,10,25,8,24,8,34,24,16,4,34,20,35,12
20260203,cod,AIL,1,6,18,18,5,15,8,19,10,35,17,12,11,35,3,17,0
20260202,cod,AIL,3,5,13,19,16,41,6,27,6,35,27,21,9,35,8,16,6
20260126,cod,AIL,0,2,13,13,0,2,12,19,16,35,22,15,5,35,1,11,1
20260110,cod,AIL,0,6,17,19,10,11,16,27,16,36,23,19,6,36,5,26,1
20260205,cod,AIL,0,5,25,25,7,14,9,21,12,37,23,14,4,37,4,10,3
20260120,cod,AIL,1,4,17,18,13,22,12,22,14,38,24,16,10,38,2,16,0
20260116,cod,AIL,0,7,16,16,11,20,17,29,20,39,22,19,6,39,11,29,6
20260107,cod,AIL,0,11,23,23,8,15,7,21,9,42,18,13,14,42,4,19,3
20260105,cod,AIL,0,8,22,23,10,15,10,24,14,44,25,16,11,44,4,24,2
20260104,cod,AIL,0,2,5,6,2,7,14,26,17,47,27,14,9,47,5,25,2
20260106,cod,AIL,1,8,13,21,19,30,10,26,13,51,22,19,12,51,5,24,0
20260101,cod,AIL,0,7,24,25,15,21,17,37,20,52,48,27,10,52,14,40,6
20260103,cod,AIL,0,7,16,17,7,15,19,45,24,65,54,36,13,65,7,50,5
20260102,cod,AIL,1,7,19,20,17,32,22,50,28,68,44,29,12,68,13,43,8
20260122,prepaid,AVH,0,12,15,18,17,18,11,11,13,13,12,11,0,13,0,15,0
20260104,prepaid,AVH,0,12,18,18,12,13,14,14,14,14,13,13,0,14,0,8,0
20260103,prepaid,AVH,0,19,20,20,29,29,12,12,14,15,8,7,0,15,0,19,0
20260107,prepaid,AVH,0,13,19,19,17,18,16,16,17,17,16,14,0,17,2,20,1
20260114,prepaid,AVH,0,11,12,13,12,13,17,17,17,17,15,11,0,17,0,20,0
20260108,prepaid,AVH,0,11,14,14,17,18,16,17,16,17,22,16,1,17,1,15,0
20260111,prepaid,AVH,0,1,14,14,1,1,17,18,17,18,19,14,0,18,0,21,0
20260113,prepaid,AVH,0,24,29,29,28,28,17,17,18,18,21,14,0,18,2,21,2
20260110,prepaid,AVH,0,18,20,20,19,19,18,18,18,19,19,16,0,19,0,15,0
20260123,prepaid,AVH,0,10,10,12,11,11,19,19,19,19,21,18,0,19,1,14,1
20260105,prepaid,AVH,0,23,33,33,27,27,18,20,18,20,22,20,1,20,0,22,0
20260115,prepaid,AVH,0,28,32,32,29,29,19,21,19,21,18,17,0,21,2,24,1
20260101,prepaid,AVH,0,14,15,15,14,14,20,22,20,22,24,17,1,22,1,19,1
20260118,prepaid,AVH,1,11,14,14,12,13,18,20,20,23,24,19,1,23,1,31,0
20260121,prepaid,AVH,0,13,16,16,13,13,21,21,22,23,16,16,1,23,2,29,2
20260119,prepaid,AVH,0,20,27,27,23,23,20,21,21,23,21,16,1,23,1,16,1
20260120,prepaid,AVH,1,20,23,23,25,28,24,25,24,25,26,21,1,25,0,20,0
20260124,prepaid,AVH,0,9,9,9,11,11,23,26,23,26,28,25,3,26,2,31,1
20260106,prepaid,AVH,0,21,21,22,27,28,23,24,25,26,25,22,0,26,0,25,0
20260112,prepaid,AVH,0,27,29,29,39,40,25,25,26,26,25,21,0,26,0,18,0
20260117,prepaid,AVH,0,14,18,18,21,22,23,25,25,27,24,22,1,27,1,19,1
20260109,prepaid,AVH,1,25,26,26,27,28,27,28,28,29,26,24,1,29,0,31,0
20260108,cod,AVH,0,20,22,23,21,28,18,23,19,31,27,21,3,31,1,22,1
20260116,prepaid,AVH,1,22,25,25,23,24,29,31,31,34,34,30,1,34,2,30,2
20260102,prepaid,AVH,0,20,27,27,21,21,31,32,32,35,31,25,1,35,1,30,1
20260104,cod,AVH,0,15,26,26,12,17,13,21,16,36,21,12,9,36,0,17,0
20260101,cod,AVH,0,16,18,19,12,17,16,27,19,36,31,23,5,36,5,40,3
20260107,cod,AVH,0,22,30,30,29,42,16,28,17,37,24,21,4,37,3,30,1
20260114,cod,AVH,1,11,23,24,9,14,18,28,21,38,27,20,8,38,2,25,1
20260122,cod,AVH,0,24,30,30,29,44,17,24,21,40,29,19,7,40,3,37,3
20260117,cod,AVH,1,27,34,35,36,51,18,30,20,41,26,20,5,41,2,39,2
20260106,cod,AVH,0,28,33,33,26,38,23,27,24,41,27,21,8,41,1,30,1
20260118,cod,AVH,2,32,37,37,25,34,23,31,24,41,35,27,5,41,4,37,2
20260119,cod,AVH,3,34,46,46,24,39,21,34,23,42,38,27,7,42,1,34,0
20260102,cod,AVH,0,32,44,44,25,34,17,29,19,43,35,22,8,43,3,26,2
20260124,cod,AVH,0,14,17,17,14,16,21,32,24,44,41,24,8,44,4,31,2
20260113,cod,AVH,1,31,38,38,29,41,23,36,26,45,34,25,10,45,3,39,1
20260110,cod,AVH,0,37,43,44,27,40,20,34,23,46,39,26,6,46,1,40,0
20260109,cod,AVH,0,31,38,38,26,33,27,41,28,47,45,37,8,47,3,36,2
20260116,cod,AVH,1,32,39,40,27,38,23,34,26,48,39,26,4,48,3,36,2
20260103,cod,AVH,0,25,28,28,30,39,22,37,22,49,35,24,11,49,2,38,0
20260111,cod,AVH,0,7,32,32,6,7,22,40,26,50,37,30,11,50,3,38,2
20260105,cod,AVH,0,31,46,46,25,36,20,31,26,50,31,24,7,50,3,37,2
20260115,cod,AVH,0,42,56,57,37,49,23,42,25,50,45,35,9,50,1,37,0
20260112,cod,AVH,1,45,48,48,46,73,25,35,30,52,42,31,7,52,2,41,2
20260123,cod,AVH,0,4,8,10,6,6,21,41,22,55,40,31,8,55,4,38,2
20260121,cod,AVH,3,28,41,41,19,31,30,43,36,59,42,33,8,59,3,52,3
20260120,cod,AVH,1,29,41,41,32,46,36,53,39,63,53,41,10,63,3,37,2
20260130,prepaid,BFK,0,193,246,248,229,234,217,227,224,239,218,200,7,239,5,310,2
20260202,prepaid,BFK,0,375,563,563,430,436,238,250,250,267,238,212,6,267,6,245,3
20260201,prepaid,BFK,0,203,263,264,238,244,252,264,255,271,274,234,8,271,9,290,5
20260131,prepaid,BFK,0,253,295,296,295,306,256,266,266,280,284,252,6,280,9,270,7
20260128,prepaid,BFK,0,246,301,302,323,327,281,286,291,299,293,241,4,299,8,284,5
20260203,prepaid,BFK,2,977,1116,1118,1148,1165,273,294,279,306,307,264,11,306,6,264,2
20260131,cod,BFK,1,263,316,316,244,328,158,250,172,320,266,208,29,320,13,267,9
20260126,prepaid,BFK,0,193,195,195,214,217,283,295,296,321,301,251,5,321,11,303,4
20260129,prepaid,BFK,0,207,248,250,257,262,302,314,309,325,293,262,5,325,3,289,1
20260124,prepaid,BFK,1,257,350,351,334,338,285,300,305,325,309,258,7,325,7,346,2
20260127,prepaid,BFK,1,224,305,307,223,226,294,304,305,325,293,248,5,325,6,261,3
20260202,cod,BFK,2,283,440,440,255,362,172,250,195,343,246,192,35,343,13,244,4
20260118,prepaid,BFK,1,326,436,436,397,407,297,311,316,347,358,272,12,347,19,376,9
20260201,cod,BFK,0,195,274,275,179,248,179,275,190,349,286,221,40,349,14,327,5
20260130,cod,BFK,2,200,265,265,161,234,178,258,196,351,233,192,29,351,8,285,2
20260125,prepaid,BFK,0,221,245,245,308,314,322,344,328,355,333,292,12,355,13,322,10
20260204,prepaid,BFK,3,768,1222,1224,888,907,319,332,336,357,317,292,8,357,11,318,5
20260129,cod,BFK,0,268,302,302,221,326,175,269,196,359,268,205,31,359,14,252,9
20260120,prepaid,BFK,3,273,329,329,340,350,321,341,336,369,370,307,14,369,30,400,22
20260125,cod,BFK,2,205,234,234,201,279,174,287,189,369,311,239,43,369,21,308,14
20260128,cod,BFK,0,230,288,288,227,325,167,272,191,369,279,213,47,369,11,245,7
20260126,cod,BFK,0,211,217,217,172,240,180,274,193,381,273,211,60,381,16,269,8
20260127,cod,BFK,1,211,306,306,146,217,174,264,205,392,265,204,56,392,12,259,10
20260204,cod,BFK,7,575,917,919,508,674,193,309,210,392,309,248,33,392,12,303,5
20260203,cod,BFK,10,773,872,873,635,930,207,317,215,398,331,271,49,398,16,295,10
20260121,prepaid,BFK,0,236,338,340,289,294,364,377,384,408,384,319,6,408,19,405,7
20260123,prepaid,BFK,1,204,283,284,249,252,387,404,395,420,393,344,9,420,9,403,7
20260124,cod,BFK,1,247,321,321,234,323,198,320,225,425,309,258,37,425,27,351,17
20260118,cod,BFK,2,274,347,347,262,363,200,311,217,432,324,242,46,432,30,331,15
20260122,cod,BFK,3,175,237,237,168,252,233,342,249,447,373,282,34,447,25,352,15
20260121,cod,BFK,0,174,251,251,169,231,225,323,253,449,328,262,47,449,22,339,8
20260114,cod,BFK,18,265,354,355,215,340,217,341,234,450,378,279,54,450,37,379,17
20260123,cod,BFK,0,169,245,246,173,231,250,361,276,451,351,290,51,451,14,331,6
20260111,cod,BFK,1,258,428,428,237,342,249,364,268,459,394,309,59,459,19,403,8
20260108,cod,BFK,3,371,478,478,338,461,248,359,262,473,354,285,51,473,12,394,8
20260120,cod,BFK,2,236,292,292,232,330,225,354,259,479,348,278,60,479,23,351,19
20260205,cod,BFK,10,828,1048,1048,854,1170,281,395,295,481,427,340,47,481,20,348,12
20260122,prepaid,BFK,1,178,227,228,273,279,441,464,454,482,465,396,9,482,24,427,13
20260119,prepaid,BFK,0,363,440,441,467,471,432,455,452,488,411,369,9,488,12,404,7
20260205,prepaid,BFK,6,1488,1806,1811,1898,1942,466,481,474,496,541,457,6,496,18,379,5
20260110,cod,BFK,6,315,399,399,260,364,278,397,303,501,406,345,51,501,20,455,13
20260114,prepaid,BFK,13,298,400,401,341,359,445,482,456,501,510,418,21,501,20,480,13
20260104,prepaid,BFK,0,436,539,539,647,654,441,467,466,502,480,420,18,502,29,565,9
20260105,prepaid,BFK,3,352,648,650,448,455,467,485,493,517,465,417,11,517,12,456,4
20260119,cod,BFK,4,307,402,402,288,381,257,407,274,524,397,315,67,524,18,394,9
20260107,cod,BFK,2,245,336,336,273,380,270,409,299,525,415,328,50,525,15,423,12
20260117,prepaid,BFK,2,324,404,405,403,410,463,491,483,528,477,428,20,528,16,437,10
20260107,prepaid,BFK,2,351,528,530,483,494,479,501,501,528,481,443,11,528,10,537,3
20260110,prepaid,BFK,1,427,567,567,483,495,483,500,497,530,513,459,8,530,19,557,9
20260117,cod,BFK,2,299,387,387,246,364,248,388,282,531,412,314,56,531,30,377,19
20260111,prepaid,BFK,3,323,490,490,452,463,482,509,498,536,551,460,15,536,17,555,7
20260104,cod,BFK,2,320,442,442,338,456,267,413,291,538,453,352,68,538,23,493,10
20260113,cod,BFK,4,245,318,318,227,333,290,415,321,545,433,350,42,545,25,410,15
20260116,prepaid,BFK,1,294,381,382,336,341,479,515,499,547,483,423,13,547,33,568,11
20260115,cod,BFK,2,288,353,353,270,378,259,436,285,552,425,342,74,552,53,452,24
20260116,cod,BFK,2,255,321,321,243,319,275,416,315,559,416,333,69,559,39,438,24
20260106,prepaid,BFK,0,301,444,444,587,597,517,543,527,559,569,503,13,559,16,505,9
20260106,cod,BFK,5,273,408,408,348,480,301,444,324,560,471,371,52,560,14,396,9
20260109,prepaid,BFK,2,563,631,634,719,738,517,543,533,568,533,487,13,568,26,558,9
20260101,prepaid,BFK,0,436,536,538,519,526,498,538,513,571,602,489,24,571,37,591,16
20260108,prepaid,BFK,0,534,709,709,700,711,525,547,541,571,559,504,8,571,8,537,1
20260105,cod,BFK,1,258,465,466,275,380,298,429,336,573,405,322,49,573,26,421,19
20260109,cod,BFK,1,419,467,467,398,526,317,465,348,576,460,395,52,576,11,425,8
20260115,prepaid,BFK,3,334,380,380,425,436,532,560,554,593,570,478,17,593,57,592,26
20260112,cod,BFK,7,374,465,465,382,544,347,507,375,630,527,433,51,630,21,492,16
20260101,cod,BFK,1,287,367,368,280,387,297,456,327,630,523,375,93,630,58,576,24
20260113,prepaid,BFK,1,300,362,363,403,407,588,612,613,644,618,541,12,644,17,564,8
20260206,cod,BFK,8,802,1150,1151,802,1022,370,562,396,660,599,491,76,660,34,500,20
20260103,prepaid,BFK,1,376,594,595,510,520,597,626,623,669,623,562,23,669,29,619,14
20260103,cod,BFK,1,341,476,476,303,428,339,524,374,712,531,407,78,712,42,536,31
20260112,prepaid,BFK,2,513,618,620,651,678,667,695,688,726,688,607,15,726,12,648,7
20260206,prepaid,BFK,11,1176,1682,1683,1463,1494,694,729,701,744,749,656,19,744,27,612,14
20260102,prepaid,BFK,1,300,443,443,389,399,675,707,708,755,669,596,23,755,36,668,23
20260102,cod,BFK,3,235,322,323,242,314,378,581,426,793,580,444,92,793,48,545,35
20260207,cod,BFK,12,898,1229,1229,927,1220,470,697,505,840,747,604,84,840,39,694,21
20260208,cod,BFK,7,1021,1226,1226,1051,1351,514,782,554,949,863,663,128,949,68,797,39
20260207,prepaid,BFK,8,1548,1988,1990,1996,2027,1024,1073,1042,1112,1137,993,25,1112,53,1014,22
20260208,prepaid,BFK,8,1712,2135,2136,2115,2153,1170,1243,1202,1292,1330,1117,39,1292,95,1173,38
20260121,prepaid,BSR,14,1400,2046,2052,2000,2051,875,931,937,1017,956,767,32,1017,83,975,53
20260120,prepaid,BSR,12,741,1349,1357,926,958,934,999,991,1084,1012,828,39,1084,64,1005,38
20260122,prepaid,BSR,11,1293,1836,1841,1878,1918,967,1036,1020,1112,1042,879,31,1112,54,1052,41
20260119,prepaid,BSR,7,695,924,927,868,893,947,1017,1039,1149,989,812,48,1149,47,1006,23
20260118,prepaid,BSR,8,810,988,1005,962,984,983,1072,1034,1165,1069,873,69,1165,96,1167,51
20260123,prepaid,BSR,6,1128,1580,1587,1656,1694,1213,1309,1262,1386,1467,1178,43,1386,126,1280,46
20260116,prepaid,BSR,11,727,1063,1066,950,973,1227,1321,1313,1451,1306,1041,54,1451,112,1397,65
20260117,prepaid,BSR,10,725,916,919,1016,1046,1261,1358,1336,1477,1287,1080,64,1477,116,1424,63
20260204,prepaid,BSR,17,1152,1706,1713,1734,1781,1344,1430,1391,1507,1444,1191,59,1507,75,1406,43
20260101,prepaid,BSR,10,759,1393,1397,1348,1387,1346,1436,1398,1522,1596,1247,57,1522,127,1496,49
20260201,prepaid,BSR,2,738,1449,1453,1051,1073,1381,1474,1432,1558,1519,1247,55,1558,81,1613,42
20260203,prepaid,BSR,12,1095,1711,1728,1723,1774,1444,1512,1504,1602,1528,1300,35,1602,74,1538,38
20260202,prepaid,BSR,10,875,1532,1547,1570,1596,1419,1496,1500,1607,1477,1234,44,1607,79,1517,48
20260128,prepaid,BSR,8,1233,1727,1744,1839,1880,1441,1522,1506,1613,1489,1244,54,1613,87,1656,48
20260208,prepaid,BSR,5,713,1342,1343,1107,1127,1424,1522,1496,1617,1552,1280,49,1617,108,1791,51
20260114,prepaid,BSR,19,459,830,839,974,1022,1466,1545,1520,1649,1621,1286,55,1649,140,1706,58
20260205,prepaid,BSR,8,1035,1561,1589,1568,1600,1512,1578,1573,1672,1617,1355,35,1672,85,1495,47
20260131,prepaid,BSR,5,915,1324,1339,1328,1359,1523,1602,1573,1688,1575,1338,43,1688,85,1786,39
20260129,prepaid,BSR,7,978,1557,1560,1456,1479,1536,1609,1600,1710,1637,1367,54,1710,93,1823,37
20260125,prepaid,BSR,5,1211,1843,1846,1664,1701,1528,1647,1573,1722,1688,1377,64,1722,99,1623,59
20260103,prepaid,BSR,10,1279,1896,1912,2005,2053,1524,1623,1591,1730,1663,1351,58,1730,97,1660,55
20260207,prepaid,BSR,12,834,1311,1323,1383,1427,1549,1656,1628,1754,1676,1402,44,1754,89,1789,61
20260206,prepaid,BSR,12,917,1430,1453,1340,1376,1611,1687,1660,1760,1699,1432,32,1760,70,1551,43
20260102,prepaid,BSR,7,1410,2150,2158,2021,2063,1557,1647,1643,1774,1621,1315,51,1774,107,1586,56
20260115,prepaid,BSR,5,483,720,724,862,881,1585,1691,1647,1787,1683,1398,55,1787,142,1601,69
20260104,prepaid,BSR,7,1017,1924,1935,1514,1548,1626,1744,1671,1822,1782,1460,82,1822,97,1689,52
20260130,prepaid,BSR,7,951,1384,1394,1509,1539,1666,1743,1728,1837,1746,1469,42,1837,101,1871,60
20260108,prepaid,BSR,12,1196,2141,2215,1738,1833,1670,1745,1739,1855,1798,1468,47,1855,103,1786,58
20260109,prepaid,BSR,14,1298,1928,1938,2049,2107,1676,1763,1733,1860,1791,1470,52,1860,102,1727,58
20260127,prepaid,BSR,8,1518,2167,2182,2166,2209,1658,1744,1749,1867,1696,1434,49,1867,73,1431,40
20260124,prepaid,BSR,9,1087,1618,1627,1514,1549,1703,1777,1786,1889,1778,1498,38,1889,91,1618,53
20260126,prepaid,BSR,2,564,1127,1129,1061,1082,1672,1764,1766,1896,1816,1493,51,1896,94,1450,57
20260110,prepaid,BSR,10,1337,1976,1985,1934,1981,1670,1812,1737,1923,1822,1515,52,1923,138,1909,83
20260111,prepaid,BSR,14,975,1981,1984,1496,1535,1793,1893,1841,1980,1995,1644,68,1980,124,1920,61
20260107,prepaid,BSR,8,1226,1823,1839,1804,1849,1770,1858,1859,1992,1858,1567,54,1992,112,1857,60
20260113,prepaid,BSR,18,1137,1618,1633,2091,2149,1782,1876,1864,2004,1853,1570,59,2004,126,1921,78
20260105,prepaid,BSR,4,1031,1628,1640,1983,2018,1792,1920,1898,2079,1956,1608,80,2079,99,1856,57
20260106,prepaid,BSR,10,1129,1767,1784,1653,1698,1845,1942,1941,2085,1945,1634,57,2085,136,2100,66
20260112,prepaid,BSR,12,889,1631,1644,1642,1691,1925,2029,2009,2167,2026,1684,75,2167,126,2097,74
20260208,cod,BSR,14,880,1528,1537,1061,1413,1375,2281,1540,3087,2462,1756,514,3087,271,2729,155
20260123,cod,BSR,33,2079,2886,2898,2039,2939,1280,2163,1454,3112,2489,1738,545,3112,287,2369,170
20260118,cod,BSR,11,1055,1323,1325,869,1303,1092,2032,1280,3118,2118,1420,559,3118,294,2431,194
20260205,cod,BSR,33,1816,2468,2551,1707,2453,1464,2246,1699,3234,2342,1705,427,3234,205,2283,124
20260122,cod,BSR,33,1886,2683,2698,1973,2726,1266,2238,1463,3305,2338,1760,561,3305,206,2132,140
20260121,cod,BSR,40,1971,2754,2779,2113,2873,1169,2076,1404,3307,2051,1506,599,3307,256,2520,145
20260206,cod,BSR,22,1376,2342,2368,1387,1977,1609,2568,1806,3382,2640,1983,488,3382,166,2437,108
20260125,cod,BSR,24,1755,2681,2688,1730,2380,1516,2463,1712,3400,2715,1936,552,3400,254,2448,173
20260119,cod,BSR,26,1399,1925,1932,1169,1864,1254,2304,1487,3452,2210,1637,579,3452,215,2214,131
20260204,cod,BSR,44,1566,2210,2235,1905,2700,1592,2489,1828,3464,2461,1865,500,3464,198,2442,138
20260120,cod,BSR,42,1338,2131,2155,1302,1976,1283,2385,1478,3495,2525,1871,616,3495,220,2408,155
20260114,cod,BSR,35,646,1623,1636,1015,1487,1436,2487,1638,3589,2787,1945,535,3589,333,2742,221
20260108,cod,BSR,56,1978,3117,3134,2170,3278,1615,2552,1811,3618,2674,1983,539,3618,217,2643,146
20260207,cod,BSR,30,1344,2206,2256,1620,2394,1743,2687,1975,3620,2763,2078,464,3620,225,2873,164
20260101,cod,BSR,29,1366,2311,2323,1306,2040,1596,2684,1756,3702,3293,2152,575,3702,363,2799,182
20260203,cod,BSR,25,1528,2644,2781,1883,2817,1665,2604,1889,3715,2630,1993,520,3715,219,2840,143
20260106,cod,BSR,39,2031,3613,3640,1807,2718,1616,2553,1866,3715,2683,1962,582,3715,243,2827,142
20260111,cod,BSR,34,1215,2654,2693,1333,1912,1640,2777,1805,3730,3112,2238,559,3730,316,3112,204
20260129,cod,BSR,42,2221,3198,3210,2422,3591,1707,2700,1969,3750,2766,2115,514,3750,226,3163,140
20260128,cod,BSR,42,1869,3024,3143,2040,3002,1683,2656,1961,3761,2463,1927,527,3761,205,2728,129
20260117,cod,BSR,47,1992,2442,2451,1677,2689,1431,2542,1691,3766,2549,1844,590,3766,279,2688,190
20260124,cod,BSR,33,2020,2770,2806,2004,2838,1804,2743,2025,3772,2743,2104,538,3772,293,2728,201
20260107,cod,BSR,33,2113,2886,2898,2102,3121,1681,2733,1875,3799,2808,2130,561,3799,211,2677,141
20260109,cod,BSR,40,1958,2818,2835,2107,3075,1739,2802,1928,3811,2874,2181,512,3811,252,2838,158
20260126,cod,BSR,11,1093,1897,1903,1341,1809,1767,2797,2024,3832,3101,2170,572,3832,224,2227,149
20260201,cod,BSR,6,1035,1862,1878,1140,1494,1689,2836,1902,3856,3116,2212,586,3856,293,3236,183
20260115,cod,BSR,48,2031,2770,2784,1781,3068,1681,2792,1897,3878,3046,2125,555,3878,299,2591,180
20260110,cod,BSR,60,2427,3569,3588,2235,3338,1776,2873,1982,3882,2993,2297,530,3882,238,2873,167
20260130,cod,BSR,32,1924,2813,2867,1959,2908,1775,2843,2015,3886,3019,2254,537,3886,212,3024,140
20260127,cod,BSR,53,3342,4668,4742,2921,4381,1794,2911,2077,4032,2818,2081,614,4032,215,2563,138
20260131,cod,BSR,18,1499,2357,2370,1774,2421,1974,3187,2191,4194,3249,2508,585,4194,287,3420,188
20260116,cod,BSR,58,1628,2433,2441,1439,2380,1634,3031,1862,4205,3006,2200,680,4205,363,3204,219
20260202,cod,BSR,45,1981,3238,3258,2119,3164,1849,2950,2192,4225,2853,2145,584,4225,252,3016,186
20260104,cod,BSR,23,1339,2395,2413,1412,1958,1628,2948,1849,4240,3135,2267,696,4240,293,3088,193
20260113,cod,BSR,54,1742,2687,2704,2011,3139,1876,3046,2123,4246,3049,2340,607,4246,340,3274,223
20260105,cod,BSR,52,2112,2804,2886,2366,3677,1728,2828,2073,4331,2739,2057,691,4331,229,2708,147
20260112,cod,BSR,72,2628,3610,3647,2298,3953,1992,3228,2271,4431,3302,2456,636,4431,288,3331,185
20260103,cod,BSR,27,1815,2893,2903,2011,2939,1809,3238,2122,4701,3294,2409,731,4701,316,3500,215
20260102,cod,BSR,34,1547,2513,2543,1828,2606,2026,3724,2298,5007,3805,2728,751,5007,351,3534,223
20260201,prepaid,CIQ,0,3,5,5,3,4,3,3,4,6,7,3,0,6,1,4,1
20260204,prepaid,CIQ,0,6,33,33,14,14,3,5,5,10,8,5,1,10,1,7,1
20260202,prepaid,CIQ,1,9,32,32,20,22,9,14,9,16,10,6,2,16,0,9,0
20260205,prepaid,CIQ,0,,,,24,26,13,15,15,19,13,12,0,19,0,12,0
20260203,prepaid,CIQ,0,4,12,12,26,28,14,16,14,19,16,13,3,19,3,17,3
20260206,prepaid,CIQ,0,5,12,12,5,6,17,19,17,20,22,18,2,20,1,22,0
20260117,prepaid,CIQ,2,1,2,2,32,36,13,15,16,20,19,11,0,20,1,22,1
20260123,prepaid,CIQ,2,25,65,65,31,35,18,20,18,22,26,15,1,22,7,25,5
20260119,prepaid,CIQ,1,0,5,5,23,25,14,18,18,23,25,17,2,23,9,37,6
20260131,prepaid,CIQ,0,0,13,13,1,1,16,20,20,24,19,15,3,24,6,36,6
20260130,prepaid,CIQ,0,8,9,9,20,23,19,21,20,25,21,16,2,25,2,30,1
20260121,prepaid,CIQ,2,,,,60,65,21,23,22,25,23,20,1,25,2,23,1
20260207,prepaid,CIQ,0,1,6,6,8,8,21,21,23,26,22,19,2,26,2,20,2
20260105,prepaid,CIQ,1,31,31,31,58,61,16,23,18,28,25,13,7,28,7,53,4
20260115,prepaid,CIQ,0,28,29,29,29,30,18,21,19,28,20,12,5,28,7,38,2
20260120,prepaid,CIQ,0,22,87,87,26,27,18,21,24,28,17,14,2,28,0,24,0
20260106,prepaid,CIQ,1,90,204,204,87,90,20,21,29,32,18,11,3,32,1,17,0
20260124,prepaid,CIQ,0,0,12,12,36,40,26,29,28,33,29,23,1,33,2,21,1
20260127,prepaid,CIQ,1,12,12,12,34,37,20,26,26,36,26,23,7,36,4,37,3
20260126,prepaid,CIQ,0,2,27,27,17,17,18,27,22,36,16,13,9,36,3,23,3
20260108,prepaid,CIQ,0,5,9,9,8,9,30,34,33,42,36,26,5,42,0,34,0
20260125,prepaid,CIQ,1,2,17,17,12,14,31,40,33,44,45,33,4,44,4,36,2
20260114,prepaid,CIQ,0,2,2,2,17,17,32,35,35,45,38,27,5,45,2,26,1
20260113,prepaid,CIQ,1,1,18,18,33,38,37,42,39,49,49,39,7,49,5,47,2
20260129,prepaid,CIQ,0,3,18,18,2,3,31,36,39,49,36,30,2,49,0,21,0
20260116,prepaid,CIQ,0,12,47,47,13,13,38,42,40,49,36,31,3,49,4,31,2
20260112,prepaid,CIQ,1,20,57,57,36,38,36,43,41,50,35,31,5,50,0,44,0
20260107,prepaid,CIQ,1,3,7,7,111,117,45,53,47,55,51,41,5,55,6,46,2
20260101,prepaid,CIQ,0,,,,3,3,48,51,52,56,68,38,2,56,5,46,1
20260103,prepaid,CIQ,1,73,78,81,72,73,49,53,55,62,55,38,4,62,5,56,2
20260102,prepaid,CIQ,0,4,4,4,4,4,45,58,48,64,43,25,7,64,4,61,1
20260111,prepaid,CIQ,0,0,10,10,2,2,51,57,56,66,54,43,7,66,8,59,4
20260109,prepaid,CIQ,0,75,75,75,74,79,54,60,60,70,62,49,4,70,4,54,4
20260110,prepaid,CIQ,0,6,16,16,6,6,70,74,73,83,83,65,7,83,5,76,3
20260118,cod,CIQ,198,3165,11636,11701,2645,6222,2181,7697,2780,13898,8012,5189,3417,13898,1592,10357,1086
20260115,cod,CIQ,267,4246,8696,8708,3818,10159,2484,7854,3221,14812,8288,5342,3467,14812,1121,7864,749
20260117,cod,CIQ,386,7630,13148,13174,5500,13533,2874,8791,3575,15638,9251,6124,3480,15638,996,7336,707
20260208,cod,CIQ,164,4302,9224,9246,2102,5255,2905,9443,3524,16049,10315,7298,4014,16049,1656,10851,1113
20260114,cod,CIQ,112,2800,8362,8374,1255,3808,2929,9014,3708,16613,9549,6583,3839,16613,1407,9761,950
20260116,cod,CIQ,375,8288,14003,14037,5313,13620,3220,9861,3916,16650,10584,7265,3829,16650,1608,10690,1007
20260119,cod,CIQ,538,8490,14894,14944,7695,19330,3458,10710,4193,17474,11460,8118,3971,17474,1839,11958,1203
20260120,cod,CIQ,389,8702,14553,14635,6066,15141,3721,11146,4549,18095,11686,8490,3967,18095,1675,12046,1159
20260207,cod,CIQ,259,6287,7594,7597,3745,9759,3582,10500,4435,18136,11084,8104,4131,18136,1355,11318,1014
20260206,cod,CIQ,370,7631,11032,11048,4279,11780,3713,11036,4532,18619,11303,8460,4255,18619,1364,11635,977
20260113,cod,CIQ,251,7162,9567,9597,3753,9851,3226,10234,4146,18702,10828,7701,4227,18702,1502,10369,1031
20260122,cod,CIQ,362,9959,13728,13759,5959,14567,3928,11071,4837,18813,12363,8629,4242,18813,1517,10960,1169
20260205,cod,CIQ,282,5498,9643,9654,4112,10804,3447,9966,4540,19497,9951,7202,4513,19497,1122,9590,775
20260121,cod,CIQ,327,7687,12049,12115,5386,13472,4376,12295,5219,19634,12880,9746,4254,19634,1770,12916,1225
20260123,cod,CIQ,335,11142,15148,15197,6086,14938,4450,12960,5244,20146,14932,10306,4450,20146,2778,15024,1621
20260112,cod,CIQ,412,6695,9514,9579,5705,15029,3771,11216,4901,20627,10662,7748,4790,20627,1532,12024,1045
20260101,cod,CIQ,227,10125,14945,15016,5516,13755,3448,11034,4377,20840,13723,8196,5092,20840,2259,13743,1389
20260111,cod,CIQ,105,2557,8297,8342,1354,3583,3677,11889,4629,20958,12858,8954,5025,20958,1988,14666,1260
20260129,cod,CIQ,288,8162,15663,16104,5450,13304,4237,11815,5518,21234,12729,8934,4740,21234,1316,10495,915
20260125,cod,CIQ,143,3819,9416,9429,2809,6399,4035,12621,5072,21577,13777,9703,5421,21577,2159,13931,1573
20260204,cod,CIQ,269,6528,11679,11697,4193,10859,4152,12206,5313,21955,11904,8933,5079,21955,1573,13215,1085
20260126,cod,CIQ,302,8590,17395,17432,6178,14130,4427,13331,5597,22803,14557,10224,5500,22803,2131,13915,1353
20260124,cod,CIQ,306,10330,14506,14517,5778,14269,4966,14377,6008,22843,14718,10775,5201,22843,2085,14343,1545
20260108,cod,CIQ,215,6141,9814,9984,3543,9179,4408,13180,5501,22953,13641,9672,5111,22953,1571,13626,1110
20260128,cod,CIQ,419,11209,16378,16831,6854,18173,4574,13192,5840,22983,12874,9797,5175,22983,1622,13010,1089
20260130,cod,CIQ,398,9816,15382,15429,6983,17035,5155,14610,6207,23778,15825,11223,5294,23778,1671,15026,1176
20260110,cod,CIQ,238,6016,9708,9716,3588,9118,4951,14796,6012,23804,15064,11030,5113,23804,1710,15780,1271
20260127,cod,CIQ,502,12715,19601,19727,8981,23158,4706,13822,6061,23878,13626,9926,5519,23878,2025,14546,1324
20260201,cod,CIQ,167,5243,10264,10335,2724,6495,4469,14409,5563,24124,16060,11039,5793,24124,2443,16639,1564
20260109,cod,CIQ,283,8088,11083,11106,4222,11707,5427,15273,6420,24291,16642,11855,5185,24291,1689,15176,1167
20260203,cod,CIQ,299,7800,11903,11975,4665,11517,5074,14891,6368,25499,15032,11194,5763,25499,1838,16166,1302
20260107,cod,CIQ,362,10737,13635,13906,5609,14761,5212,14970,6400,25621,15352,11225,5560,25621,1708,15135,1207
20260106,cod,CIQ,297,10450,14569,14724,6068,15666,4833,14379,6172,25656,14496,10278,5679,25656,1717,15414,1225
20260202,cod,CIQ,327,7351,10852,10977,4962,12751,5218,15220,6617,26452,15019,10916,6127,26452,2048,16053,1387
20260104,cod,CIQ,153,3942,11172,11187,2802,7155,4749,15453,5905,26696,17111,11193,6409,26696,2265,17134,1518
20260131,cod,CIQ,337,7573,9469,9515,5038,13051,6041,18024,7151,27170,19145,14329,5672,27170,2178,19298,1675
20260105,cod,CIQ,436,13750,18952,19005,8833,21783,5318,15887,6801,28330,15485,10860,6520,28330,1884,16523,1366
20260102,cod,CIQ,310,10855,14233,14259,6261,15898,6101,18090,7221,28889,19648,13411,6292,28889,2450,17704,1615
20260103,cod,CIQ,324,12483,16633,16665,6392,16011,6171,18299,7491,29549,19252,13540,6408,29549,2206,18059,1593
20260130,cod,CMA,0,1,1,1,1,1,,,,,,,,,,,
20260111,cod,CMA,1,2,2,2,0,2,,,,,2,0,,,,,
20260113,prepaid,CMA,0,5,6,6,5,5,,,,,,,,,,,
20260102,cod,CMA,0,2,2,2,1,2,,,,,,,,,,,
20260105,cod,CMA,0,1,1,1,1,1,,,,,,,,,,,
20260103,cod,CMA,0,1,1,1,1,1,0,1,0,1,1,1,0,1,,,
20260116,prepaid,CMA,0,,,,1,1,1,1,1,1,2,1,0,1,,,
20260131,cod,CMA,0,1,1,1,1,1,0,0,0,1,,,0,1,1,1,1
20260106,cod,CMA,0,1,1,1,0,1,1,1,1,1,1,1,0,1,,,
20260110,cod,CMA,0,1,2,2,1,1,1,1,1,1,1,0,0,1,0,1,0
20260113,cod,CMA,1,78,97,99,34,78,0,1,0,1,,,1,1,0,2,0
20260109,cod,CMA,0,1,1,1,0,1,0,1,0,1,2,0,0,1,0,1,0
20260207,cod,CMA,0,1,3,3,1,1,0,1,0,1,,,1,1,,,
20260129,cod,CMA,2,1,1,1,0,3,0,0,1,2,,,0,2,0,1,0
20260204,cod,CMA,0,,,,1,1,1,1,1,2,2,1,0,2,0,2,0
20260201,cod,CMA,0,1,1,1,1,1,1,2,1,3,2,2,0,3,2,2,2
20260114,cod,CMA,0,,,,0,1,2,2,2,3,3,2,1,3,,,
20260112,cod,CMA,1,19,19,19,10,20,0,1,0,3,,,0,3,0,1,0
20260128,cod,CMA,2,2,3,3,1,3,0,0,0,3,,,2,3,1,3,1
20260127,cod,CMA,0,1,1,1,1,1,0,1,0,3,1,1,1,3,0,5,0
20260202,cod,CMA,0,1,1,1,0,1,1,2,2,5,3,2,1,5,0,2,0
20260125,cod,CMA,0,1,1,1,1,1,1,3,1,6,2,1,3,6,0,2,0
20260115,cod,CMA,0,1,1,1,0,4,4,6,4,7,9,6,1,7,1,8,0
20260122,cod,CMA,0,2,2,2,1,2,1,4,1,9,3,2,4,9,0,1,0
20260123,cod,CMA,0,,,,0,1,2,3,2,9,1,0,3,9,0,3,0
20260120,cod,CMA,0,3,4,4,3,5,1,4,1,19,6,4,5,19,2,9,2
20260121,cod,CMA,1,1,2,3,2,3,3,7,6,20,8,6,2,20,0,6,0
20260119,cod,CMA,0,2,5,5,1,3,4,12,7,30,12,8,8,30,6,30,5
20260118,cod,CMA,0,2,3,3,2,2,4,14,7,33,3,2,4,33,3,36,2
20260117,cod,CMA,0,3,3,3,3,5,11,26,15,43,28,18,7,43,5,46,1
20260116,cod,CMA,0,0,2,2,7,15,12,42,12,44,59,40,7,44,1,10,1
20260103,prepaid,CMD,0,33,37,44,39,40,17,23,19,27,27,15,2,27,4,22,2
20260104,prepaid,CMD,0,11,12,13,13,13,16,22,19,30,18,13,2,30,8,29,6
20260111,prepaid,CMD,0,24,25,26,25,26,24,30,24,32,42,24,3,32,6,39,3
20260105,prepaid,CMD,2,62,67,67,62,66,19,21,25,32,24,18,1,32,2,26,1
20260110,prepaid,CMD,0,46,49,50,45,48,28,29,30,32,35,26,1,32,0,31,0
20260101,prepaid,CMD,1,16,19,19,17,19,27,31,27,33,34,23,2,33,2,37,2
20260102,prepaid,CMD,2,22,29,31,23,25,24,29,27,35,28,19,1,35,2,26,1
20260107,prepaid,CMD,1,36,48,53,37,39,28,31,31,37,31,26,3,37,5,33,2
20260108,prepaid,CMD,2,39,44,46,48,50,32,33,35,39,32,27,2,39,4,27,3
20260106,prepaid,CMD,0,58,60,63,63,64,32,37,36,45,41,33,3,45,0,23,0
20260109,prepaid,CMD,1,24,27,28,28,30,40,42,41,45,43,39,3,45,7,43,5
20260113,prepaid,CMD,8,51,87,91,89,97,39,47,43,51,47,39,4,51,4,48,1
20260114,prepaid,CMD,0,10,54,70,9,10,39,43,45,51,48,35,5,51,3,45,2
20260115,prepaid,CMD,0,24,85,96,99,100,46,48,48,53,51,41,2,53,9,40,3
20260117,prepaid,CMD,5,148,156,159,152,160,55,58,61,67,67,43,4,67,7,40,3
20260116,prepaid,CMD,1,53,62,69,110,115,53,63,55,67,73,48,6,67,19,77,11
20260118,prepaid,CMD,1,53,133,133,49,54,57,66,61,73,65,50,5,73,13,98,10
20260112,prepaid,CMD,3,63,109,130,62,66,59,65,66,74,63,53,3,74,10,61,6
20260120,prepaid,CMD,3,87,289,296,523,544,83,92,85,98,96,81,8,98,6,87,3
20260205,prepaid,CMD,2,249,255,264,248,261,69,82,80,102,91,70,12,102,8,74,4
20260201,prepaid,CMD,0,17,86,86,21,21,70,86,84,102,103,72,11,102,23,110,13
20260128,prepaid,CMD,3,34,67,74,97,102,71,82,85,107,80,56,9,107,15,82,7
20260119,prepaid,CMD,2,35,492,492,111,116,90,94,100,108,88,77,5,108,16,94,7
20260204,prepaid,CMD,2,153,163,170,143,156,83,96,91,110,82,74,10,110,10,98,7
20260203,prepaid,CMD,4,184,189,194,174,192,80,89,91,110,87,68,8,110,13,89,10
20260131,prepaid,CMD,0,77,80,94,76,79,88,99,99,117,103,81,11,117,21,112,16
20260129,prepaid,CMD,3,118,120,120,170,183,89,103,99,117,103,77,15,117,8,84,3
20260121,prepaid,CMD,6,108,184,187,300,312,100,111,107,123,117,92,9,123,15,121,8
20260130,prepaid,CMD,1,58,63,64,58,61,106,119,115,138,113,91,11,138,14,122,8
20260202,prepaid,CMD,9,163,170,170,207,231,108,125,119,144,123,95,12,144,25,126,16
20260127,prepaid,CMD,6,110,211,228,151,161,104,120,134,164,93,73,16,164,8,115,5
20260206,prepaid,CMD,11,465,478,490,448,475,136,150,142,165,165,132,9,165,27,145,14
20260122,prepaid,CMD,6,77,112,117,143,153,153,172,159,186,200,152,13,186,32,173,20
20260126,prepaid,CMD,1,64,111,114,65,72,140,168,162,200,160,121,15,200,29,173,19
20260207,prepaid,CMD,20,487,584,584,469,501,173,205,180,223,232,185,20,223,24,229,17
20260123,prepaid,CMD,0,18,63,72,49,52,190,218,205,240,271,185,15,240,59,243,24
20260125,prepaid,CMD,2,37,45,45,37,43,187,212,200,243,224,166,23,243,37,264,24
20260208,prepaid,CMD,4,23,244,245,103,114,203,241,213,267,275,208,26,267,46,266,23
20260124,prepaid,CMD,1,82,90,100,119,126,325,358,347,388,353,286,22,388,30,325,21
20260101,cod,CMD,88,3717,3740,3774,1347,4513,1014,4271,1254,7517,5182,3307,1737,7517,793,5531,520
20260208,cod,CMD,115,3959,5390,5423,1516,4342,1392,5178,1661,8461,5681,4078,1931,8461,743,5167,469
20260108,cod,CMD,171,7564,7762,7797,2454,8203,1686,5473,1999,8956,5899,4159,1819,8956,623,5866,471
20260104,cod,CMD,60,3267,3896,3902,1331,3914,1356,5181,1691,9149,5731,3943,2073,9149,772,5587,526
20260107,cod,CMD,133,6896,7492,7539,2352,7578,1641,5590,1937,9234,5770,4291,1855,9234,657,5604,485
20260207,cod,CMD,187,5436,6624,6638,1790,6157,1408,5550,1679,9303,5728,4276,2147,9303,744,6090,521
20260201,cod,CMD,94,4386,5011,5032,1438,4732,1425,5403,1702,9340,5965,4139,2136,9340,988,6961,675
20260106,cod,CMD,128,5731,5953,6085,2325,6668,1591,5611,1951,9410,6001,4357,1974,9410,657,5930,478
20260105,cod,CMD,138,8205,9664,9778,3093,8786,1547,5568,1921,9698,5697,4062,2136,9698,626,5769,454
20260206,cod,CMD,157,4564,5153,5419,1825,6230,1476,5986,1774,9727,6141,4623,2078,9727,719,6745,522
20260102,cod,CMD,91,5474,6876,6943,1809,5514,1595,6193,1887,9835,6692,4750,2076,9835,730,5868,476
20260126,cod,CMD,179,5503,6745,6789,2248,6629,1283,5467,1584,9844,5868,4037,2274,9844,981,5817,652
20260109,cod,CMD,120,5463,6502,6511,1855,5737,2085,6546,2396,9917,6969,5110,1948,9917,765,6780,532
20260111,cod,CMD,136,5045,5252,5266,1867,5807,1715,6201,2035,9968,7095,4899,2172,9968,1308,7532,768
20260125,cod,CMD,137,5085,5915,5927,1718,5250,1249,5635,1578,10165,5869,4068,2324,10165,945,6377,682
20260114,cod,CMD,101,3960,4289,4297,1114,4162,1607,6214,1991,10282,6887,4714,2143,10282,1051,6798,670
20260205,cod,CMD,135,4147,5111,5133,1571,4990,1588,6107,1934,10291,6153,4652,2250,10291,702,6210,527
20260204,cod,CMD,114,4757,6421,6507,1554,4876,1619,6400,1968,10303,6683,4895,2271,10303,825,6442,598
20260103,cod,CMD,108,5637,6307,6331,2330,7020,1761,6502,2066,10310,6863,4992,2235,10310,757,6689,574
20260118,cod,CMD,135,4161,5353,5378,1366,4525,1417,6134,1753,10367,6628,4354,2254,10367,1242,7823,860
20260110,cod,CMD,151,5917,7030,7035,1941,6928,2023,6884,2362,10413,7219,5381,2029,10413,880,7372,645
20260115,cod,CMD,245,9896,11856,12630,2926,10538,1593,6322,1937,10456,6873,4622,2209,10456,859,5992,609
20260129,cod,CMD,206,5789,5909,6306,2113,6793,1778,6524,2147,10748,6624,4851,2133,10748,738,6334,497
20260128,cod,CMD,172,5850,6313,6357,1957,6106,1781,6486,2142,10804,6614,4819,2181,10804,875,6488,618
20260203,cod,CMD,166,6062,6187,6285,1967,6873,1677,6669,2008,10954,6814,5026,2355,10954,852,6857,595
20260202,cod,CMD,170,6121,6533,7672,2225,7389,1715,6720,2091,11069,7024,5111,2450,11069,914,6720,636
20260113,cod,CMD,172,6242,6638,6659,2301,7416,1810,6756,2181,11093,7206,5255,2249,11093,929,6886,637
20260123,cod,CMD,144,5376,6532,6630,1757,6107,1831,6725,2176,11112,7549,5236,2252,11112,1381,7822,830
20260127,cod,CMD,194,7758,8401,8436,2431,8317,1707,6595,2056,11135,6775,4901,2427,11135,884,6302,591
20260117,cod,CMD,235,8152,8661,9068,2972,9963,1875,6754,2299,11205,7308,4802,2201,11205,850,6019,653
20260130,cod,CMD,159,6455,7266,7414,2088,7210,1892,6779,2279,11285,6896,5149,2290,11285,833,6841,584
20260131,cod,CMD,183,6300,7452,7579,1886,6889,1925,7154,2252,11312,7310,5603,2207,11312,904,7532,681
20260116,cod,CMD,179,6178,8076,8182,2250,7794,1975,7059,2370,11441,7851,5259,2394,11441,1048,6905,708
20260112,cod,CMD,215,8179,9303,9330,2654,8598,1913,7222,2335,11453,7373,5508,2357,11453,1073,7558,745
20260124,cod,CMD,164,5449,5630,5647,1935,6216,1752,7215,2140,11857,7280,5387,2473,11857,1118,7768,798
20260122,cod,CMD,148,4518,5256,5311,1419,5202,1829,7144,2202,11974,7364,5440,2425,11974,962,7616,737
20260119,cod,CMD,226,7986,10442,10918,2736,9349,1852,7709,2246,12332,7935,5605,2577,12332,1226,8952,852
20260120,cod,CMD,231,5694,6594,6613,2368,8512,2084,7848,2465,12615,8126,5897,2429,12615,1027,8098,746
20260121,cod,CMD,171,5251,5914,6484,1691,6199,2134,7992,2526,12825,8228,6134,2568,12825,1108,8623,804
20260107,prepaid,DAH,5,748,877,885,684,748,2,3,4,14,2,0,2,14,0,1,0
20260108,prepaid,DAH,18,610,611,618,613,678,31,40,32,45,49,35,5,45,5,38,3
20260114,prepaid,DAH,5,517,517,525,574,621,65,82,90,150,76,62,22,150,15,108,4
20260109,prepaid,DAH,4,232,232,238,280,293,109,140,120,154,169,132,12,154,11,85,3
20260113,prepaid,DAH,11,866,970,997,788,866,165,192,199,285,172,154,32,285,32,255,17
20260119,prepaid,DAH,9,3208,3310,3317,3054,3208,237,282,272,351,293,243,31,351,29,270,12
20260120,prepaid,DAH,20,2671,2672,2681,2652,2773,341,385,371,442,447,340,27,442,68,319,38
20260112,prepaid,DAH,0,0,0,5,1,1,288,336,341,446,311,278,43,446,100,537,38
20260117,prepaid,DAH,3,508,508,515,477,508,341,397,391,493,390,330,50,493,98,491,38
20260110,prepaid,DAH,1,171,171,176,166,171,433,524,449,557,574,498,44,557,106,411,54
20260116,prepaid,DAH,4,338,338,343,323,338,523,633,550,683,656,577,57,683,63,531,20
20260128,prepaid,DAH,12,2268,2268,2279,1501,2338,505,612,662,961,540,459,103,961,93,513,33
20260129,prepaid,DAH,10,2200,2200,2205,962,2327,671,765,763,1014,785,673,90,1014,227,791,30
20260121,prepaid,DAH,8,2299,2299,2309,2178,2299,1056,1188,1081,1247,1350,1090,59,1247,381,1206,91
20260203,prepaid,DAH,20,4044,4091,4112,3835,4044,1092,1274,1291,1712,1132,946,147,1712,232,1836,106
20260127,prepaid,DAH,18,1825,1825,1846,1940,2068,1016,1214,1291,1775,1015,905,193,1775,301,1489,159
20260204,prepaid,DAH,11,2245,2245,2252,2057,2293,1394,1592,1538,1926,1647,1397,159,1926,168,1438,73
20260130,prepaid,DAH,19,2809,3006,3024,2672,2809,1601,1833,1692,2057,1946,1681,136,2057,292,1315,87
20260131,prepaid,DAH,5,1606,1606,1611,1533,1606,1858,2101,1983,2365,2232,1852,140,2365,261,1230,143
20260122,prepaid,DAH,13,2346,2346,2353,2213,2346,1939,2219,2026,2372,2378,1987,141,2372,566,2191,159
20260205,prepaid,DAH,16,2606,2608,2618,675,2606,1946,2256,2097,2596,2457,2028,182,2596,221,1881,86
20260123,prepaid,DAH,10,2223,2223,2230,1801,2223,1986,2331,2139,2620,2392,1998,166,2620,596,2730,266
20260124,prepaid,DAH,12,1664,1907,1915,1597,1664,2035,2302,2312,2761,2267,1936,170,2761,507,2545,187
20260207,prepaid,DAH,9,1933,1933,1938,1845,1933,1988,2279,2219,2777,2235,1859,212,2777,305,2334,135
20260202,prepaid,DAH,7,2270,2271,2278,2149,2270,2026,2333,2260,2779,2283,1953,214,2779,332,2618,141
20260206,prepaid,DAH,10,2599,2599,2606,2466,2601,2834,3238,3030,3626,3330,2835,224,3626,223,2227,85
20260130,prepaid,DIV,0,0,5,5,4,4,2,2,2,2,2,2,0,2,0,7,0
20260106,prepaid,DIV,0,0,8,8,5,6,1,2,1,4,3,2,1,4,1,2,1
20260112,prepaid,DIV,0,0,7,7,11,11,3,4,3,4,4,3,1,4,0,1,0
20260121,prepaid,DIV,0,0,8,8,12,12,4,4,4,5,8,4,1,5,0,4,0
20260208,prepaid,DIV,0,0,8,8,10,11,5,5,5,5,5,4,0,5,0,5,0
20260109,prepaid,DIV,0,0,11,11,8,9,4,4,4,5,5,4,0,5,0,11,0
20260105,prepaid,DIV,0,0,7,7,6,6,5,6,5,6,9,5,1,6,1,10,1
20260101,prepaid,DIV,0,,,,9,9,4,5,4,6,6,4,1,6,1,7,0
20260118,prepaid,DIV,0,0,11,11,7,7,6,6,6,6,8,6,0,6,0,7,0
20260131,prepaid,DIV,0,0,9,9,5,5,5,6,5,6,6,5,0,6,1,6,0
20260207,prepaid,DIV,0,0,12,12,8,8,7,7,7,7,7,7,0,7,2,12,1
20260120,prepaid,DIV,0,0,12,12,10,10,5,6,6,7,5,5,0,7,1,8,0
20260119,prepaid,DIV,0,0,10,10,11,11,6,7,6,7,7,6,0,7,0,4,0
20260204,prepaid,DIV,0,0,7,7,8,8,6,8,6,8,8,7,1,8,0,8,0
20260111,prepaid,DIV,0,0,11,11,10,10,7,7,8,8,6,6,0,8,0,8,0
20260128,prepaid,DIV,0,0,7,7,17,18,7,8,7,8,8,7,1,8,0,2,0
20260117,prepaid,DIV,0,0,7,7,8,8,7,8,7,8,6,6,1,8,1,14,1
20260104,prepaid,DIV,0,0,6,8,5,5,7,7,7,8,8,6,1,8,0,8,0
20260114,prepaid,DIV,0,0,9,9,7,7,6,8,7,9,6,6,0,9,0,11,0
20260202,prepaid,DIV,0,0,6,6,20,20,7,8,7,9,6,6,2,9,0,9,0
20260129,prepaid,DIV,0,0,4,4,8,8,8,8,9,9,7,7,0,9,1,14,0
20260108,prepaid,DIV,0,0,8,8,5,5,9,9,9,9,8,8,0,9,0,10,0
20260113,prepaid,DIV,0,0,7,7,7,7,9,9,10,10,11,8,0,10,1,8,1
20260116,prepaid,DIV,0,0,8,8,2,2,8,8,10,10,11,9,0,10,1,9,1
20260110,prepaid,DIV,0,0,9,9,10,11,7,8,9,11,8,6,1,11,1,7,1
20260203,prepaid,DIV,0,0,8,8,7,7,9,9,11,11,9,8,0,11,0,7,0
20260103,prepaid,DIV,0,0,5,5,23,23,9,11,9,11,11,10,2,11,1,8,1
20260122,prepaid,DIV,0,0,9,10,8,8,9,9,10,11,7,6,1,11,1,7,0
20260201,prepaid,DIV,0,0,21,21,9,9,9,11,10,12,14,11,1,12,0,11,0
20260123,prepaid,DIV,0,0,12,12,9,9,10,11,11,12,10,9,0,12,0,11,0
20260205,prepaid,DIV,0,0,5,5,7,7,10,10,12,12,15,10,0,12,1,14,1
20260126,prepaid,DIV,0,,,,5,5,11,12,11,12,11,10,0,12,0,8,0
20260206,prepaid,DIV,0,0,8,8,5,5,12,12,12,12,9,8,0,12,2,10,2
20260125,prepaid,DIV,0,0,5,5,4,4,12,12,12,12,12,10,0,12,1,14,0
20260124,prepaid,DIV,0,0,5,5,11,12,11,11,12,12,11,9,0,12,1,10,0
20260115,prepaid,DIV,0,0,2,2,9,9,11,13,11,13,12,12,0,13,0,7,0
20260110,cod,DIV,2,0,29,29,12,28,4,7,7,15,9,3,1,15,0,13,0
20260109,cod,DIV,0,0,28,28,16,27,5,9,7,17,14,6,4,17,0,24,0
20260107,prepaid,DIV,1,0,5,5,6,7,20,20,21,22,19,18,1,22,1,13,0
20260111,cod,DIV,2,0,27,27,18,29,9,20,10,25,23,15,6,25,2,18,2
20260112,cod,DIV,1,0,68,68,9,27,12,21,12,27,31,16,5,27,0,24,0
20260107,cod,DIV,0,0,20,20,14,23,8,20,9,28,22,13,4,28,1,24,1
20260201,cod,DIV,0,0,63,63,15,23,12,20,12,29,27,16,2,29,3,26,3
20260106,cod,DIV,0,0,23,23,9,17,6,13,12,29,17,4,4,29,1,18,1
20260104,cod,DIV,0,0,17,17,6,11,8,16,12,30,19,6,7,30,6,34,6
20260131,cod,DIV,0,0,22,22,12,24,7,20,7,31,20,16,4,31,1,13,1
20260108,cod,DIV,1,0,27,27,11,20,9,19,12,31,20,15,4,31,0,9,0
20260208,cod,DIV,2,0,28,28,15,28,6,20,8,32,24,17,5,32,5,24,4
20260130,cod,DIV,0,0,24,24,23,51,4,11,6,35,7,4,7,35,1,17,1
20260114,cod,DIV,0,0,28,28,17,27,9,23,12,36,27,16,7,36,2,15,1
20260115,cod,DIV,1,0,21,21,16,28,14,23,17,38,21,14,4,38,2,18,2
20260121,cod,DIV,0,0,32,32,27,44,8,24,10,38,32,19,11,38,2,25,2
20260103,cod,DIV,0,0,11,11,19,34,17,35,18,39,53,28,5,39,1,27,1
20260116,cod,DIV,0,0,24,24,13,21,7,22,11,39,31,17,2,39,3,32,3
20260113,cod,DIV,0,0,27,27,34,68,15,28,17,39,28,18,5,39,5,32,2
20260122,cod,DIV,0,0,34,34,15,32,8,25,9,40,31,18,9,40,5,22,5
20260105,cod,DIV,1,0,15,15,5,15,14,29,15,41,26,15,6,41,3,38,3
20260101,cod,DIV,0,,,,15,25,13,27,16,41,18,13,5,41,3,37,2
20260207,cod,DIV,1,0,28,28,13,20,12,20,15,41,25,18,7,41,5,23,4
20260120,cod,DIV,1,0,44,44,19,36,15,25,19,42,19,12,8,42,4,27,2
20260203,cod,DIV,2,0,21,21,16,32,11,29,12,43,30,23,4,43,3,32,1
20260119,cod,DIV,0,0,36,36,16,29,11,22,17,43,33,15,7,43,6,38,5
20260123,cod,DIV,1,0,29,29,18,34,8,28,10,46,20,17,11,46,2,24,2
20260202,cod,DIV,0,0,31,31,32,63,16,38,18,46,36,29,5,46,4,40,3
20260129,cod,DIV,0,0,47,47,10,19,12,24,16,50,25,19,8,50,5,53,3
20260204,cod,DIV,1,0,30,30,13,21,17,35,19,51,37,26,6,51,2,26,2
20260125,cod,DIV,0,0,33,33,8,22,14,34,19,54,46,33,7,54,4,36,2
20260205,cod,DIV,2,0,18,18,16,30,16,41,16,55,41,30,7,55,4,45,1
20260124,cod,DIV,1,0,23,23,11,29,14,32,20,56,30,26,12,56,5,40,4
20260206,cod,DIV,2,0,20,20,6,18,18,41,24,59,39,32,9,59,4,47,4
20260117,cod,DIV,1,0,29,29,7,24,27,50,28,60,62,43,4,60,5,42,4
20260128,cod,DIV,0,0,23,23,11,20,8,32,12,61,27,20,13,61,0,24,0
20260118,cod,DIV,1,0,29,29,14,29,16,44,17,61,33,27,11,61,2,51,2
20260126,cod,DIV,0,,,,15,33,29,56,32,72,66,44,12,72,8,56,3
20260207,prepaid,DLA,3,57,443,472,276,285,243,259,250,277,263,232,10,277,25,281,16
20260208,prepaid,DLA,0,156,1076,1108,531,542,239,263,250,281,266,232,18,281,20,272,11
20260206,prepaid,DLA,3,53,280,287,278,285,250,259,267,288,267,235,12,288,15,270,9
20260125,prepaid,DLA,1,99,351,361,303,310,246,274,256,295,290,247,19,295,49,324,23
20260124,prepaid,DLA,6,95,307,314,308,318,271,284,286,309,278,249,9,309,31,292,16
20260201,prepaid,DLA,0,86,353,370,308,315,268,284,277,312,294,254,15,312,26,308,12
20260202,prepaid,DLA,5,61,288,311,321,328,273,289,281,314,287,255,17,314,19,307,11
20260123,prepaid,DLA,3,99,323,337,282,290,283,306,293,323,307,271,15,323,33,384,14
20260205,prepaid,DLA,3,65,296,311,265,273,280,300,295,326,299,271,13,326,15,303,9
20260203,prepaid,DLA,2,54,249,265,269,281,274,296,289,329,309,268,21,329,23,334,5
20260128,prepaid,DLA,5,77,268,283,349,357,290,306,306,334,297,268,12,334,6,258,3
20260131,prepaid,DLA,3,66,291,307,269,276,292,306,308,336,312,273,13,336,20,298,12
20260129,prepaid,DLA,2,63,265,278,246,254,289,315,303,340,332,290,17,340,24,381,13
20260122,prepaid,DLA,4,96,287,297,293,304,304,316,325,348,318,272,10,348,25,368,13
20260204,prepaid,DLA,0,68,279,290,260,264,303,324,318,352,318,283,17,352,23,317,13
20260127,prepaid,DLA,7,58,338,348,392,408,300,320,318,354,318,282,18,354,26,265,9
20260126,prepaid,DLA,1,54,362,371,261,265,303,319,326,357,330,286,17,357,11,248,2
20260130,prepaid,DLA,6,96,308,322,284,298,339,357,360,396,367,325,13,396,25,364,15
20260109,prepaid,DLA,7,131,547,579,571,591,330,362,351,401,364,305,27,401,55,411,15
20260121,prepaid,DLA,5,84,290,294,267,277,356,384,370,410,377,326,20,410,44,422,22
20260120,prepaid,DLA,3,101,294,306,274,283,381,399,406,440,399,343,14,440,43,430,18
20260118,prepaid,DLA,3,122,364,375,334,347,380,409,398,440,409,341,22,440,33,478,18
20260119,prepaid,DLA,5,112,296,307,344,355,401,422,424,460,415,361,17,460,44,450,19
20260117,prepaid,DLA,4,123,344,354,359,367,419,444,433,474,468,380,22,474,27,482,11
20260106,prepaid,DLA,5,133,507,528,452,470,403,445,432,490,476,396,25,490,38,463,18
20260104,prepaid,DLA,6,108,318,333,424,443,428,466,445,494,502,408,23,494,36,459,16
20260105,prepaid,DLA,3,329,668,696,534,546,419,451,443,497,434,374,31,497,28,449,14
20260110,prepaid,DLA,6,182,656,692,579,597,434,466,462,512,476,414,25,512,38,460,19
20260108,prepaid,DLA,8,142,575,596,708,729,452,474,482,520,463,402,25,520,35,472,11
20260101,prepaid,DLA,0,82,402,424,331,337,464,498,488,547,530,426,30,547,56,556,23
20260103,prepaid,DLA,1,119,461,484,478,490,498,521,530,567,500,436,18,567,50,537,18
20260107,prepaid,DLA,1,103,552,572,306,311,489,527,522,576,532,454,25,576,39,515,19
20260102,prepaid,DLA,2,105,477,489,431,442,491,521,523,578,493,412,32,578,48,525,26
20260116,prepaid,DLA,12,143,384,402,464,484,525,544,552,588,523,465,16,588,44,622,18
20260111,prepaid,DLA,4,184,705,741,585,600,535,574,556,615,612,523,32,615,36,423,24
20260112,prepaid,DLA,7,139,547,565,702,718,585,615,621,670,646,545,16,670,49,556,20
20260114,prepaid,DLA,3,165,482,498,493,503,601,636,625,674,639,546,19,674,33,592,14
20260113,prepaid,DLA,5,165,502,522,562,573,595,635,619,676,652,544,23,676,48,622,22
20260115,prepaid,DLA,1,102,420,442,379,392,621,656,647,694,663,567,21,694,58,631,33
20260108,prepaid,DSP,0,,,,1,1,,,,,,,,,,,
20260117,prepaid,DSP,0,,,,1,1,,,,,,,,,,,
20260123,prepaid,DSP,0,,,,4,4,,,,,,,,,,,
20260131,prepaid,DSP,0,,,,1,1,,,,,1,0,,,,,
20260129,prepaid,DSP,0,,,,1,1,,,,,,,,,,,
20260121,cod,DSP,42,1877,1905,1970,576,2029,118,307,155,790,304,208,186,790,39,264,23
20260122,cod,DSP,41,1505,2472,2602,455,1667,145,453,183,811,579,349,151,811,43,355,38
20260120,cod,DSP,70,1517,1539,1589,838,2916,101,316,146,1010,200,148,248,1010,29,285,19
20260123,cod,DSP,55,1272,3310,3336,605,2175,307,936,329,1223,1196,774,222,1223,136,822,88
20260119,cod,DSP,34,758,2360,2565,535,1252,200,543,292,1597,331,242,374,1597,59,597,39
20260118,cod,DSP,0,6,446,532,4,6,197,773,273,1973,637,391,450,1973,160,1226,112
20260101,cod,DSP,37,1075,3789,3884,536,1903,374,1553,436,2449,1963,1210,440,2449,350,2023,187
20260114,cod,DSP,10,161,250,370,147,304,332,1248,415,2477,1456,865,531,2477,194,1299,120
20260124,cod,DSP,75,1594,2561,3451,1033,3704,558,2047,600,2500,2304,1724,384,2500,253,1991,188
20260208,cod,DSP,31,1768,1974,2013,682,2264,377,1535,459,2780,1618,1168,570,2780,248,1873,142
20260125,cod,DSP,73,2472,2510,2579,833,3441,514,2024,591,2788,2297,1627,473,2788,311,2360,229
20260126,cod,DSP,38,1640,3509,3774,424,1669,454,1852,539,2830,2054,1367,537,2830,250,1907,167
20260117,cod,DSP,3,126,188,190,81,148,464,1711,594,3174,1391,1030,608,3174,233,2174,165
20260127,cod,DSP,60,1000,3379,3380,841,2617,549,2217,664,3386,2327,1611,534,3386,271,2089,191
20260113,cod,DSP,13,105,257,343,292,801,503,1800,643,3420,1756,1313,592,3420,211,1982,147
20260115,cod,DSP,4,46,122,123,90,139,656,2499,727,3524,2979,2000,611,3524,332,2255,222
20260102,cod,DSP,69,1303,3230,3325,1204,4121,636,2456,750,3581,2625,1863,570,3581,275,2203,174
20260207,cod,DSP,34,1810,2323,2353,639,2066,572,2217,680,3689,2244,1756,606,3689,320,2525,210
20260201,cod,DSP,29,218,1560,1560,308,1220,511,2316,617,3730,2661,1712,679,3730,414,2888,257
20260205,cod,DSP,60,1937,2274,2301,691,2363,544,2123,656,3750,2118,1541,636,3750,210,2128,151
20260206,cod,DSP,29,1540,1705,1714,572,1858,693,2614,783,4041,2622,2044,681,4041,278,2625,216
20260111,cod,DSP,73,1891,2393,2410,986,3537,609,2397,731,4066,2546,1763,777,4066,375,2937,253
20260116,cod,DSP,3,74,163,210,86,150,710,2753,829,4079,2742,1969,752,4079,320,2642,226
20260204,cod,DSP,22,176,581,743,285,944,678,2549,779,4092,2626,1963,676,4092,368,2871,251
20260131,cod,DSP,31,1275,3223,3471,613,2063,658,2524,756,4110,2718,1888,710,4110,306,3031,240
20260128,cod,DSP,92,1733,2833,3134,948,3587,681,2816,776,4120,2990,2225,660,4120,306,2697,207
20260103,cod,DSP,75,3131,3893,3945,1357,4421,769,2923,886,4279,3110,2329,683,4279,325,2674,232
20260104,cod,DSP,63,1878,4545,4551,785,3141,744,2832,852,4291,3316,2273,723,4291,307,2734,198
20260130,cod,DSP,92,2398,2809,2813,848,3390,667,2734,781,4394,2694,1971,663,4394,366,3368,284
20260105,cod,DSP,75,1251,2428,2436,1318,3825,697,2709,848,4429,2682,1842,722,4429,364,3115,240
20260129,cod,DSP,58,2101,2575,2594,714,2960,711,2861,816,4431,3155,2221,676,4431,201,1980,150
20260112,cod,DSP,70,1644,1738,1850,1102,3629,741,2763,884,4447,2647,2063,805,4447,452,3118,278
20260202,cod,DSP,108,1463,2887,2936,1207,3841,650,2925,772,4496,2932,2116,758,4496,356,2809,251
20260203,cod,DSP,55,1042,1834,1841,689,2428,689,2945,817,4608,2974,2226,756,4608,410,3433,295
20260110,cod,DSP,39,1289,4985,5050,434,1411,730,2659,871,4634,2718,1962,835,4634,338,3220,263
20260106,cod,DSP,54,2069,2948,2981,850,3061,810,3246,925,4934,3514,2505,736,4934,359,3200,238
20260107,cod,DSP,86,1883,3019,4948,927,3166,988,3594,1122,5403,3789,2765,847,5403,351,3376,248
20260109,cod,DSP,7,110,240,266,123,262,1020,3682,1142,5597,3747,2869,918,5597,426,4177,314
20260108,cod,DSP,60,1798,1934,2015,879,2901,1052,3862,1210,5771,4041,3010,880,5771,424,3893,327
20260117,prepaid,EMS,1,0,15,16,64,65,6,10,10,14,14,6,3,14,2,11,1
20260118,prepaid,EMS,1,0,3,3,89,92,13,15,17,20,16,12,2,20,2,13,2
20260202,prepaid,EMS,0,0,145,174,34,34,17,18,20,21,20,14,0,21,6,27,2
20260117,cod,EMS,0,0,45,50,54,69,10,15,14,22,16,11,5,22,3,20,3
20260114,prepaid,EMS,0,0,39,43,22,22,19,20,20,23,22,16,2,23,2,22,2
20260118,cod,EMS,1,,,,111,139,14,19,15,23,19,18,6,23,3,20,2
20260125,prepaid,EMS,0,0,2,2,33,34,24,24,24,25,24,19,1,25,1,17,1
20260124,prepaid,EMS,1,0,33,35,22,24,17,18,22,25,23,16,1,25,2,21,1
20260119,prepaid,EMS,0,0,42,46,17,17,23,24,24,25,31,24,0,25,5,19,2
20260128,prepaid,EMS,0,0,19,20,25,25,18,19,22,25,32,16,1,25,0,17,0
20260119,cod,EMS,0,0,62,62,28,34,10,17,16,26,20,14,5,26,7,20,1
20260130,prepaid,EMS,0,0,31,31,25,25,20,23,23,27,27,19,2,27,2,47,1
20260204,prepaid,EMS,1,0,83,86,85,86,25,28,27,30,33,26,2,30,5,31,4
20260120,prepaid,EMS,0,0,30,32,17,17,25,29,26,31,35,26,3,31,1,23,0
20260201,prepaid,EMS,1,0,39,55,47,48,29,31,29,32,34,26,3,32,1,29,1
20260123,prepaid,EMS,0,0,21,22,43,43,23,27,26,33,29,22,2,33,2,27,2
20260127,prepaid,EMS,0,1,57,58,55,55,30,34,32,36,37,32,0,36,0,23,0
20260129,prepaid,EMS,1,0,36,37,37,39,33,37,35,39,39,23,0,39,1,24,1
20260205,prepaid,EMS,4,1,49,51,113,119,31,36,35,40,44,30,4,40,6,40,3
20260108,prepaid,EMS,1,1,16,23,24,25,31,34,36,42,43,27,2,42,10,52,4
20260131,prepaid,EMS,0,2,48,69,20,20,37,38,41,42,34,30,1,42,2,42,2
20260203,prepaid,EMS,2,2,137,137,42,44,39,42,40,43,50,41,1,43,3,37,1
20260114,cod,EMS,0,0,50,61,25,28,23,28,28,46,24,18,8,46,4,34,2
20260120,cod,EMS,2,0,49,50,20,24,26,37,30,46,44,35,6,46,5,25,3
20260125,cod,EMS,0,,,,26,34,24,36,25,46,46,32,8,46,2,42,1
20260111,prepaid,EMS,0,0,9,13,18,18,34,41,36,47,42,34,5,47,3,48,0
20260104,prepaid,EMS,3,0,35,38,61,67,36,39,44,48,50,32,3,48,7,39,4
20260206,prepaid,EMS,1,0,78,81,74,76,42,44,46,49,43,35,3,49,5,32,3
20260109,prepaid,EMS,0,2,15,26,22,22,40,42,42,49,47,37,3,49,19,51,7
20260122,prepaid,EMS,0,0,30,31,22,22,38,44,43,50,56,43,2,50,6,52,5
20260107,prepaid,EMS,1,0,6,10,61,62,38,42,42,51,55,35,7,51,5,49,3
20260103,prepaid,EMS,0,0,54,57,68,69,35,42,40,51,46,34,1,51,4,56,2
20260121,prepaid,EMS,0,0,39,39,19,19,48,52,51,56,49,48,4,56,1,54,0
20260112,prepaid,EMS,1,0,49,55,21,22,45,46,53,56,46,40,3,56,8,49,7
20260123,cod,EMS,1,0,51,52,43,57,27,41,32,57,48,38,11,57,4,48,2
20260124,cod,EMS,1,0,58,60,63,84,27,38,39,59,29,26,7,59,1,33,1
20260101,prepaid,EMS,1,0,35,36,39,41,51,53,53,59,67,51,2,59,5,56,0
20260128,cod,EMS,2,0,63,64,43,63,26,39,31,60,45,31,9,60,0,18,0
20260106,prepaid,EMS,0,0,26,38,40,40,45,51,50,61,60,44,5,61,8,38,3
20260121,cod,EMS,0,0,73,75,41,48,37,49,41,62,55,44,6,62,7,60,4
20260207,prepaid,EMS,0,0,107,109,57,57,56,59,58,62,71,53,1,62,6,69,6
20260129,cod,EMS,2,0,36,36,59,75,29,47,34,62,58,40,14,62,2,30,0
20260130,cod,EMS,2,3,59,59,47,58,31,44,35,66,48,32,11,66,5,84,2
20260105,prepaid,EMS,0,0,48,51,40,41,51,59,54,66,75,52,6,66,6,61,2
20260110,prepaid,EMS,0,0,36,55,5,6,56,63,59,70,69,56,5,70,11,51,9
20260102,prepaid,EMS,1,0,74,78,20,21,59,64,62,71,70,51,6,71,8,54,4
20260208,prepaid,EMS,1,0,160,161,61,64,60,69,61,71,77,62,6,71,12,77,3
20260204,cod,EMS,1,1,177,182,158,190,29,53,34,71,53,45,19,71,9,61,8
20260111,cod,EMS,0,0,26,32,17,20,28,54,33,72,61,44,15,72,16,64,8
20260109,cod,EMS,0,0,4,13,6,9,40,48,48,75,53,41,10,75,11,48,2
20260127,cod,EMS,1,0,91,93,86,113,41,58,50,79,57,46,12,79,2,39,1
20260202,cod,EMS,0,0,281,313,60,82,42,59,45,80,62,50,13,80,9,69,2
20260112,cod,EMS,1,1,59,61,43,48,37,61,43,80,57,49,11,80,12,70,11
20260201,cod,EMS,4,0,89,121,75,110,41,58,51,85,59,48,12,85,6,71,2
20260110,cod,EMS,0,0,59,72,8,10,47,64,53,85,67,56,9,85,8,64,2
20260203,cod,EMS,1,2,267,271,53,65,49,67,59,86,64,55,12,86,5,59,4
20260108,cod,EMS,0,1,3,19,31,38,43,63,50,93,54,47,18,93,14,75,6
20260131,cod,EMS,0,1,100,198,10,12,51,84,54,96,79,69,13,96,7,98,6
20260122,cod,EMS,0,0,87,90,19,32,60,87,63,96,88,76,11,96,12,82,7
20260205,cod,EMS,3,2,101,105,173,225,50,71,60,97,83,64,15,97,9,82,6
20260107,cod,EMS,0,,,,77,103,39,62,54,102,69,43,24,102,6,78,1
20260206,cod,EMS,4,0,207,214,91,124,67,99,76,121,89,82,12,121,8,86,4
20260106,cod,EMS,1,0,14,23,44,62,52,80,67,122,93,62,26,122,13,75,7
20260207,cod,EMS,1,0,300,314,109,132,66,104,70,125,126,95,24,125,3,95,2
20260104,cod,EMS,1,0,42,44,34,41,51,81,65,132,92,71,32,132,3,70,1
20260103,cod,EMS,0,0,87,98,68,85,55,80,72,135,83,68,28,135,6,68,4
20260102,cod,EMS,0,10,92,97,34,44,56,91,68,137,78,64,30,137,14,90,3
20260101,cod,EMS,0,0,52,54,72,87,50,85,64,141,103,74,32,141,17,105,9
20260105,cod,EMS,0,0,94,103,56,67,70,97,87,151,187,84,31,151,13,102,7
20260208,cod,EMS,2,0,160,164,105,133,113,165,124,197,178,139,33,197,18,184,5
20260128,cod,FCY,60,5399,8781,8928,8148,9458,5111,5797,5593,6769,5954,4838,377,6769,199,6049,107
20260130,cod,FCY,61,4946,8303,8447,7088,8237,5746,6469,6109,7275,6953,5725,388,7275,331,8259,188
20260129,cod,FCY,49,4613,7882,8019,6937,8047,5840,6596,6172,7360,7164,5901,414,7360,291,6415,144
20260118,cod,FCY,81,3839,6644,6786,5643,6673,5411,6374,5825,7386,7181,5529,616,7386,536,7550,256
20260101,cod,FCY,25,4107,6896,7008,6211,7238,5435,6532,5784,7428,7745,5813,603,7428,670,8360,229
20260123,cod,FCY,74,4198,7025,7182,6274,7372,5772,6698,6105,7486,7730,5844,471,7486,573,7717,253
20260122,cod,FCY,60,4223,7414,7572,6219,7265,6013,6810,6393,7617,7543,6039,425,7617,392,7410,238
20260207,cod,FCY,27,4878,8225,8375,7144,8268,5905,6728,6272,7634,7285,5948,461,7634,346,7749,148
20260208,cod,FCY,27,4640,7616,7744,6780,7780,5881,6854,6216,7650,7859,6173,565,7650,350,7710,158
20260106,cod,FCY,36,5766,9339,9515,8153,9517,6000,6783,6468,7743,7602,5967,388,7743,325,7567,162
20260120,cod,FCY,109,5213,8566,8717,7006,8384,5981,6866,6414,7787,7540,6059,524,7787,403,7424,188
20260125,cod,FCY,41,3800,6768,6965,5728,6634,5771,6881,6155,7821,7765,6045,620,7821,486,7571,260
20260114,cod,FCY,54,3880,6953,7092,6205,7223,5996,6952,6378,7823,7687,6059,476,7823,476,7933,221
20260119,cod,FCY,91,4558,7763,7927,6430,7569,5764,6660,6370,7832,6973,5625,519,7832,448,7593,196
20260126,cod,FCY,11,866,4683,4812,1139,1285,5749,6783,6271,7930,7359,5758,643,7930,369,6863,205
20260204,cod,FCY,32,5026,8488,8667,6893,7990,6286,7068,6731,7961,7622,6255,399,7961,410,8065,192
20260205,cod,FCY,53,4162,7162,7312,6552,7623,6373,7214,6730,8037,7513,6405,403,8037,322,7756,139
20260107,cod,FCY,39,5315,9149,9326,7680,8914,6403,7241,6785,8067,7821,6390,395,8067,285,7495,129
20260121,cod,FCY,100,4737,7708,7825,6814,8163,6295,7156,6723,8083,7839,6356,481,8083,376,7481,209
20260104,cod,FCY,23,4529,7500,7644,6547,7617,6123,7147,6583,8207,7911,6214,605,8207,377,8032,193
20260206,cod,FCY,29,4677,8067,8211,6613,7681,6506,7414,6858,8229,8157,6707,442,8229,281,7682,128
20260117,cod,FCY,84,4752,7809,7975,6705,7930,6235,7211,6706,8277,7783,6175,557,8277,451,7630,238
20260108,cod,FCY,39,5190,8504,8660,7642,9007,6604,7496,6968,8318,8106,6630,434,8318,294,7859,161
20260127,cod,FCY,91,6327,10409,10573,11079,12762,6145,7095,6749,8322,7227,5920,487,8322,331,6690,169
20260201,cod,FCY,42,4458,7115,7264,6352,7416,6491,7586,6822,8358,8493,6751,612,8358,460,8722,224
20260105,cod,FCY,41,5248,8780,8930,7177,8329,6299,7186,6920,8430,7518,6131,490,8430,309,7716,181
20260124,cod,FCY,63,4215,7178,7286,6026,7065,6465,7501,6929,8450,7889,6348,500,8450,453,8008,264
20260115,cod,FCY,60,3918,6957,7080,5840,6876,6505,7586,6919,8513,8324,6570,572,8513,466,7760,198
20260131,cod,FCY,39,4382,7540,7700,6653,7723,6848,7778,7182,8536,8543,7068,425,8536,289,8157,161
20260116,cod,FCY,64,4538,7742,7891,6529,7645,6407,7477,6947,8554,8090,6384,537,8554,507,8817,257
20260203,cod,FCY,31,4985,7905,8080,6825,7907,6713,7643,7160,8562,8179,6808,473,8562,337,8653,206
20260109,cod,FCY,32,5326,8862,9022,7372,8605,6915,7842,7308,8694,8553,7007,452,8694,332,8587,154
20260111,cod,FCY,40,4359,7142,7253,6131,7192,6719,7859,7129,8748,8813,7020,601,8748,481,8926,219
20260110,cod,FCY,39,4987,8044,8181,7206,8561,7055,8010,7446,8859,8789,7105,451,8859,382,8901,178
20260113,cod,FCY,58,4996,8229,8366,7078,8304,7093,8065,7562,9042,8989,7224,481,9042,428,8907,234
20260202,cod,FCY,32,5184,8152,8310,6905,8062,6948,7930,7588,9098,8257,6733,511,9098,420,8687,211
20260103,cod,FCY,31,4950,8327,8484,6993,8208,6826,7983,7388,9161,8849,6996,599,9161,327,8168,161
20260102,cod,FCY,12,4426,7743,7891,6209,7233,6964,8091,7586,9419,8419,6721,635,9419,397,8324,168
20260112,cod,FCY,41,4666,8058,8220,6466,7631,7210,8298,7829,9439,8699,7154,544,9439,395,9156,186
20260128,prepaid,FCY,113,8256,13336,13410,14039,14557,9214,9489,9620,10035,9329,8229,161,10035,327,9331,169
20260130,prepaid,FCY,64,7239,12176,12237,11672,12075,10839,11165,11142,11586,11413,10170,155,11586,469,13438,250
20260129,prepaid,FCY,86,7140,11952,12008,11918,12335,11037,11380,11343,11807,11748,10419,185,11807,416,10525,211
20260127,prepaid,FCY,174,10149,16497,16583,20189,20836,10700,11113,11262,11853,10985,9654,257,11853,425,10345,199
20260204,prepaid,FCY,65,9203,15402,15497,14143,14604,11549,11884,11829,12275,12034,10755,198,12275,521,12571,210
20260101,prepaid,FCY,41,6916,12253,12324,11591,11993,11200,11786,11512,12289,12767,10696,320,12289,856,13866,312
20260126,prepaid,FCY,22,1459,7695,7770,2114,2181,11096,11631,11558,12292,12031,10391,331,12292,483,11093,224
20260119,prepaid,FCY,135,8195,13552,13646,13325,13896,11139,11543,11737,12295,11536,10032,237,12295,699,13080,275
20260123,prepaid,FCY,73,6588,10893,10958,11198,11579,11319,11836,11647,12314,12614,10667,249,12314,812,13289,354
20260205,prepaid,FCY,65,7928,13408,13482,13678,14135,11645,11977,11941,12392,12185,10913,166,12392,481,12420,198
20260125,prepaid,FCY,89,5955,10997,11116,9842,10192,11379,12020,11653,12441,12563,10834,346,12441,718,12264,345
20260120,prepaid,FCY,171,8426,13940,14017,13145,13775,11572,11940,11966,12471,12193,10738,213,12471,600,12498,261
20260201,prepaid,FCY,74,7166,12114,12176,11355,11743,11774,12289,12040,12663,12915,11208,255,12663,583,13261,257
20260106,prepaid,FCY,45,9567,15970,16046,15636,16132,11713,12093,12122,12678,12419,10876,229,12678,414,12399,188
20260118,prepaid,FCY,100,6311,11567,11639,10616,11055,11537,12142,11918,12711,12745,10824,384,12711,700,13007,326
20260203,prepaid,FCY,77,8308,13641,13705,12885,13375,11994,12351,12315,12793,12699,11263,184,12793,499,12948,252
20260122,prepaid,FCY,110,6744,11783,11850,11212,11691,11964,12368,12294,12826,12766,11189,221,12826,581,12484,331
20260105,prepaid,FCY,38,9474,15665,15741,14574,15074,11798,12266,12359,13001,12241,10734,260,13001,462,12835,238
20260202,prepaid,FCY,80,8920,14064,14136,13692,14178,12102,12477,12593,13079,12500,11074,205,13079,581,13297,242
20260131,prepaid,FCY,66,6592,11452,11519,11146,11506,12374,12729,12652,13093,13150,11751,165,13093,444,12981,242
20260121,prepaid,FCY,138,7365,12160,12242,12340,12902,12299,12661,12637,13132,13108,11548,212,13132,536,12426,260
20260104,prepaid,FCY,37,7473,12850,12911,12337,12748,12048,12614,12466,13208,13140,11277,331,13208,484,13055,209
20260207,prepaid,FCY,37,8822,15148,15242,14580,15019,12335,12749,12675,13218,13103,11633,227,13218,559,13316,247
20260114,prepaid,FCY,81,6466,11790,11832,11985,12396,12356,12855,12738,13386,13352,11498,262,13386,639,13791,310
20260117,prepaid,FCY,87,7446,12631,12717,12251,12715,12262,12777,12736,13446,13126,11334,279,13446,571,12843,259
20260107,prepaid,FCY,42,9384,16161,16247,15313,15834,12600,12982,12985,13496,13308,11810,206,13496,462,12820,187
20260208,prepaid,FCY,46,8364,14485,14557,13811,14268,12470,13087,12779,13561,13947,12059,340,13561,659,13708,230
20260206,prepaid,FCY,27,8270,14475,14569,13317,13744,12785,13194,13079,13601,13701,12159,213,13601,518,12961,195
20260124,prepaid,FCY,60,6668,11134,11191,10683,11021,12713,13097,13178,13698,13125,11587,251,13698,696,13334,335
20260115,prepaid,FCY,86,6461,11569,11639,11126,11550,12714,13244,13090,13783,13849,11824,303,13783,698,12757,252
20260108,prepaid,FCY,52,8910,14631,14728,15119,15662,13102,13488,13429,13947,14025,12310,215,13947,476,13478,185
20260116,prepaid,FCY,93,7488,12856,12926,12352,12816,12967,13503,13433,14141,13693,11894,283,14141,637,14802,295
20260102,prepaid,FCY,39,7370,12972,13037,12354,12755,12936,13538,13493,14280,13622,11763,335,14280,687,13723,239
20260103,prepaid,FCY,37,8243,14062,14143,13309,13735,13449,13961,13968,14664,14418,12539,276,14664,527,13354,215
20260111,prepaid,FCY,54,7174,12260,12331,11773,12179,13640,14263,13979,14777,15161,13102,370,14777,772,15628,276
20260109,prepaid,FCY,56,8683,14791,14884,13863,14363,13950,14384,14301,14855,14825,13034,224,14855,538,14390,189
20260113,prepaid,FCY,64,8385,14181,14269,14076,14543,14305,14729,14729,15309,15277,13472,252,15309,637,15115,300
20260110,prepaid,FCY,75,8190,13626,13706,13835,14349,14426,14921,14774,15396,15188,13557,271,15396,570,15571,262
20260112,prepaid,FCY,66,7935,14199,14283,12910,13385,14683,15207,15246,15926,15239,13561,317,15926,658,15864,281
20260201,prepaid,FMB,0,2,13,13,3,3,6,8,6,9,11,7,1,9,2,17,2
20260205,prepaid,FMB,1,3,3,3,2,3,9,10,10,12,14,10,1,12,1,13,1
20260203,prepaid,FMB,1,61,102,102,66,69,10,10,13,13,11,8,0,13,0,8,0
20260202,prepaid,FMB,0,12,20,20,24,24,11,11,12,14,11,8,0,14,3,13,3
20260128,prepaid,FMB,1,20,37,37,22,23,8,13,10,15,14,11,3,15,1,16,1
20260204,prepaid,FMB,2,2,2,2,39,43,13,16,13,17,11,10,1,17,1,12,1
20260116,prepaid,FMB,0,55,67,72,57,58,7,10,11,18,15,9,4,18,0,30,0
20260125,prepaid,FMB,0,0,51,51,3,3,13,16,13,18,18,15,1,18,1,15,0
20260110,prepaid,FMB,0,6,16,16,80,84,9,10,12,19,10,8,4,19,0,10,0
20260126,prepaid,FMB,0,11,25,26,60,62,15,15,18,20,20,12,1,20,3,18,1
20260121,prepaid,FMB,0,3,4,4,16,17,15,17,18,22,17,14,4,22,1,15,0
20260118,prepaid,FMB,0,0,34,34,1,1,18,20,19,23,22,16,4,23,1,27,0
20260109,prepaid,FMB,0,4,81,81,11,12,10,16,14,23,9,7,4,23,2,20,2
20260117,prepaid,FMB,1,3,4,16,13,15,16,20,19,25,17,13,3,25,1,13,0
20260111,prepaid,FMB,0,2,8,8,12,12,14,18,18,26,23,17,5,26,5,25,4
20260131,prepaid,FMB,1,8,10,10,6,8,21,24,21,26,22,20,0,26,3,25,3
20260112,prepaid,FMB,0,1,2,2,7,7,19,24,21,28,26,20,4,28,2,23,0
20260129,prepaid,FMB,0,2,6,6,19,19,20,23,22,28,26,22,4,28,2,20,2
20260127,prepaid,FMB,0,0,3,3,14,14,25,28,27,30,26,22,2,30,4,28,3
20260123,prepaid,FMB,1,22,23,23,38,41,20,26,22,31,26,20,5,31,3,34,2
20260119,prepaid,FMB,1,21,21,38,52,55,23,25,26,31,31,20,1,31,7,36,5
20260208,prepaid,FMB,0,1,7,7,1,1,22,29,24,33,28,23,5,33,4,38,3
20260101,prepaid,FMB,0,2,43,43,11,12,22,29,24,34,36,24,7,34,5,33,4
20260113,prepaid,FMB,0,23,32,32,23,24,23,28,28,35,32,23,5,35,3,24,1
20260104,prepaid,FMB,0,33,33,33,36,37,23,29,27,36,38,24,5,36,9,31,6
20260124,prepaid,FMB,0,7,10,10,7,8,26,28,33,36,23,21,1,36,2,27,2
20260120,prepaid,FMB,0,22,36,36,20,22,29,33,30,36,29,25,4,36,3,32,2
20260103,prepaid,FMB,0,23,27,27,42,44,25,31,31,39,31,23,4,39,6,30,1
20260122,prepaid,FMB,0,3,22,22,5,5,27,33,30,39,36,30,6,39,3,28,0
20260130,prepaid,FMB,1,,,,3,4,32,33,37,40,31,28,1,40,0,32,0
20260108,prepaid,FMB,1,21,29,29,24,27,26,33,30,43,29,20,5,43,3,51,1
20260105,prepaid,FMB,0,4,7,7,4,4,34,37,42,47,35,25,2,47,2,27,2
20260115,prepaid,FMB,1,16,19,19,21,24,32,40,37,48,28,27,6,48,0,17,0
20260114,prepaid,FMB,0,3,4,4,4,4,46,51,46,54,52,43,6,54,3,49,2
20260102,prepaid,FMB,2,76,97,97,109,118,43,50,48,57,49,41,5,57,2,48,1
20260207,prepaid,FMB,0,7,19,19,6,7,54,58,55,61,59,51,3,61,2,56,0
20260107,prepaid,FMB,0,35,41,41,33,36,41,50,50,62,46,35,3,62,5,49,2
20260106,prepaid,FMB,0,1,2,2,3,3,60,70,61,73,71,56,5,73,1,59,1
20260101,cod,FMB,9,599,900,900,351,777,190,546,253,1137,738,405,298,1137,92,628,44
20260109,cod,FMB,80,2421,3702,3732,1440,3514,253,667,300,1141,742,522,256,1141,81,687,59
20260108,cod,FMB,92,2461,3531,3543,1628,3943,253,684,313,1228,674,488,275,1228,71,718,53
20260110,cod,FMB,87,2206,2899,2904,1407,3390,301,843,343,1288,938,685,260,1288,92,839,56
20260106,cod,FMB,8,451,763,764,271,685,288,789,359,1352,826,576,299,1352,85,849,61
20260107,cod,FMB,12,321,1829,1845,227,617,330,833,409,1384,877,649,285,1384,95,873,61
20260102,cod,FMB,22,609,937,938,403,887,345,888,409,1455,1003,681,345,1455,93,798,62
20260105,cod,FMB,13,360,589,591,326,750,329,844,414,1490,914,604,347,1490,84,920,67
20260104,cod,FMB,12,235,587,608,195,513,336,956,412,1579,1069,732,352,1579,114,985,77
20260103,cod,FMB,17,507,830,831,395,860,373,1033,458,1594,1187,817,306,1594,106,1045,69
20260111,cod,FMB,24,786,3825,3847,507,1344,438,1241,492,1722,1581,1054,399,1722,286,1484,149
20260112,cod,FMB,169,2971,4244,4265,2403,6136,876,2480,976,3177,2819,2121,613,3177,314,2364,221
20260113,cod,FMB,118,2826,4160,4183,1647,4003,1158,3119,1304,4167,3442,2631,767,4167,425,3205,289
20260115,cod,FMB,95,1482,2656,2666,1527,3694,956,2720,1132,4203,3246,2171,949,4203,319,2492,209
20260114,cod,FMB,59,740,2626,2648,677,1752,1058,2902,1245,4298,3133,2347,862,4298,390,3090,287
20260118,cod,FMB,27,572,4005,4036,468,1214,776,2408,993,4584,2270,1539,1137,4584,523,3601,360
20260120,cod,FMB,154,2678,4857,4892,2565,6099,1129,3272,1379,5483,3489,2541,1197,5483,406,3394,287
20260117,cod,FMB,127,3000,4614,4712,2153,5340,1172,3456,1450,5639,3594,2450,1195,5639,376,2993,301
20260203,cod,FMB,135,3561,6415,6432,2363,5987,1252,3503,1585,5918,3681,2751,1269,5918,393,3448,286
20260116,cod,FMB,98,2177,4499,4547,1398,3534,1432,4092,1649,5933,4623,3239,1263,5933,645,4480,432
20260201,cod,FMB,74,2844,5747,5768,1562,3902,1267,3697,1508,5969,3910,2945,1452,5969,545,4334,365
20260119,cod,FMB,181,3059,6563,6682,3303,7469,1378,3887,1628,6013,4081,3103,1345,6013,515,4037,349
20260122,cod,FMB,73,1377,2496,2517,1279,3108,1372,3664,1697,6080,4083,2928,1344,6080,405,3676,292
20260204,cod,FMB,92,1905,4398,4411,1957,4734,1478,4000,1740,6129,4251,3197,1334,6129,374,4012,281
20260202,cod,FMB,119,2095,4228,4244,2626,5906,1347,3541,1717,6278,3626,2732,1391,6278,418,3693,289
20260129,cod,FMB,56,1408,3169,3182,1202,2753,1390,3607,1798,6391,3895,2839,1428,6391,332,3235,247
20260131,cod,FMB,87,2271,4506,4514,1786,4201,1539,3976,1868,6506,4108,3099,1426,6506,414,4097,314
20260126,cod,FMB,125,2204,4989,5014,2491,5464,1374,3852,1742,6698,4165,3047,1616,6698,559,4016,368
20260125,cod,FMB,40,888,3881,3901,870,1963,1327,4013,1615,6714,4242,3162,1685,6714,618,4272,451
20260128,cod,FMB,128,2310,3663,3715,2030,5123,1412,3868,1800,6795,3668,2905,1558,6795,453,3828,302
20260121,cod,FMB,102,2140,4007,4048,1751,4241,1711,4654,1929,6863,4810,3839,1450,6863,563,4788,390
20260205,cod,FMB,80,1446,3310,3314,1250,3298,1553,4406,1849,6871,4555,3485,1421,6871,386,4206,294
20260208,cod,FMB,18,686,2459,2461,411,1156,1415,4321,1699,6895,4549,3421,1550,6895,556,4766,381
20260130,cod,FMB,81,1530,3466,3472,1380,3283,1789,4564,2126,7231,4540,3564,1545,7231,381,4838,275
20260206,cod,FMB,98,1417,2964,2966,1395,3952,1844,4882,2124,7317,5143,3976,1487,7317,545,5398,390
20260207,cod,FMB,30,978,2780,2783,764,1947,1659,4655,1991,7328,4931,3742,1583,7328,496,4910,389
20260123,cod,FMB,110,4954,6773,6805,2559,5882,1998,5112,2259,7402,5760,4192,1574,7402,900,5803,518
20260124,cod,FMB,93,1996,3956,3974,1743,3945,1830,5003,2205,7805,4879,3766,1669,7805,623,5305,448
20260127,cod,FMB,78,1504,3175,3264,1977,4115,1848,5019,2222,7918,5161,4048,1689,7918,630,5278,404
20260129,prepaid,GLA,0,2,2,2,44,49,37,47,65,96,40,23,14,96,9,46,6
20260110,prepaid,GLA,2,331,331,331,395,415,82,99,89,110,102,74,10,110,9,104,7
20260115,prepaid,GLA,3,333,344,344,298,345,83,92,98,113,89,66,4,113,9,110,4
20260116,prepaid,GLA,7,527,682,682,510,538,84,101,89,113,100,74,13,113,20,104,15
20260108,prepaid,GLA,5,154,154,155,186,201,95,112,99,125,119,98,13,125,7,101,6
20260107,prepaid,GLA,2,134,184,185,127,134,88,96,105,127,87,74,10,127,6,102,4
20260202,prepaid,GLA,18,656,656,656,1053,1119,103,116,120,147,97,81,11,147,11,95,6
20260130,prepaid,GLA,0,1,1,1,1,1,107,124,122,152,120,95,12,152,11,113,9
20260113,prepaid,GLA,0,6,242,242,6,6,122,138,132,154,145,106,7,154,8,164,4
20260131,prepaid,GLA,0,8,8,8,7,8,124,145,135,166,160,121,15,166,9,120,7
20260117,prepaid,GLA,10,297,297,298,418,447,115,145,129,166,165,128,10,166,16,140,10
20260114,prepaid,GLA,13,264,265,265,455,488,137,151,148,170,152,123,8,170,18,161,15
20260109,prepaid,GLA,0,0,84,84,1,1,134,148,149,170,155,123,10,170,12,152,6
20260112,prepaid,GLA,0,2,2,2,3,3,169,188,183,208,195,160,12,208,19,171,11
20260105,prepaid,GLA,2,288,288,288,285,299,140,160,172,209,133,100,24,209,15,191,8
20260128,prepaid,GLA,13,583,630,630,540,583,120,138,165,210,99,82,20,210,18,158,9
20260208,prepaid,GLA,1,161,425,425,152,161,163,191,188,245,211,157,28,245,27,239,19
20260124,prepaid,GLA,0,,,,1,1,167,195,196,250,155,132,27,250,16,179,11
20260101,prepaid,GLA,4,65,65,65,161,170,206,238,216,252,280,204,17,252,16,219,10
20260205,prepaid,GLA,9,382,382,382,432,469,208,232,226,265,289,210,18,265,19,212,11
20260104,prepaid,GLA,1,60,66,66,122,126,206,237,229,285,234,175,32,285,30,272,20
20260123,prepaid,GLA,23,501,502,502,1052,1109,278,324,319,385,316,254,38,385,45,345,27
20260206,prepaid,GLA,0,1,1,1,1,1,316,359,335,393,353,298,22,393,32,392,16
20260102,prepaid,GLA,0,,,,1,2,332,381,354,417,420,323,33,417,39,415,28
20260119,prepaid,GLA,23,880,884,884,823,900,368,445,391,491,476,366,51,491,48,442,29
20260120,prepaid,GLA,0,0,1,1,10,11,349,413,397,491,421,333,48,491,34,411,24
20260121,prepaid,GLA,1,,,,0,1,375,418,410,500,413,331,42,500,50,468,34
20260208,cod,GLA,19,224,484,487,193,486,260,812,332,1544,814,608,368,1544,128,924,82
20260207,cod,GLA,23,449,723,723,250,634,379,1082,476,1913,1052,786,439,1913,136,1186,100
20260101,cod,GLA,26,1387,1905,1905,638,1820,383,1308,461,2187,1543,1029,470,2187,211,1533,138
20260205,cod,GLA,23,430,611,611,325,830,411,1236,503,2245,1320,949,493,2245,141,1167,105
20260206,cod,GLA,17,401,586,586,205,581,480,1420,569,2255,1471,1122,473,2255,176,1591,134
20260204,cod,GLA,26,628,1006,1010,353,932,429,1334,536,2289,1295,970,470,2289,172,1338,124
20260108,cod,GLA,37,1547,1981,1981,618,1674,446,1405,548,2428,1517,1092,523,2428,162,1456,118
20260203,cod,GLA,24,743,1068,1070,459,1122,468,1336,589,2529,1307,938,551,2529,171,1453,121
20260109,cod,GLA,32,1334,1996,1999,668,1765,458,1568,550,2568,1702,1198,577,2568,187,1592,131
20260107,cod,GLA,42,1721,1849,1849,676,1823,460,1458,585,2592,1445,1087,490,2592,142,1550,105
20260102,cod,GLA,37,1185,1283,1285,618,1711,527,1630,633,2682,1673,1205,563,2682,215,1693,149
20260118,cod,GLA,17,164,1222,1222,194,563,391,1507,490,2698,1692,1117,606,2698,339,2085,229
20260104,cod,GLA,4,244,479,479,138,324,450,1602,558,2702,1752,1210,588,2702,238,1721,160
20260114,cod,GLA,29,947,1162,1164,386,1079,468,1568,583,2725,1642,1173,556,2725,238,1793,176
20260115,cod,GLA,32,1478,2471,2471,484,1698,474,1592,592,2734,1735,1193,557,2734,196,1494,137
20260106,cod,GLA,30,1833,1935,1936,703,2001,504,1598,619,2753,1591,1173,569,2753,162,1561,118
20260105,cod,GLA,41,2406,2575,2576,980,2702,511,1563,653,2804,1585,1118,579,2804,194,1721,139
20260111,cod,GLA,3,216,495,496,99,227,516,1722,621,2853,1884,1358,624,2853,290,1985,174
20260103,cod,GLA,20,1443,1584,1587,594,1539,595,1767,715,2861,1941,1385,585,2861,213,1714,157
20260202,cod,GLA,62,1373,1751,1753,879,2287,503,1574,630,2889,1518,1113,634,2889,207,1631,142
20260131,cod,GLA,54,687,1107,1109,669,1604,556,1704,671,2908,1780,1313,615,2908,212,1811,165
20260110,cod,GLA,37,1284,1370,1371,723,1940,588,1855,696,2930,1961,1451,575,2930,261,1981,196
20260112,cod,GLA,63,2993,3167,3169,1172,3343,516,1703,647,2968,1747,1241,616,2968,259,1852,164
20260117,cod,GLA,74,1593,2013,2015,856,2347,526,1708,656,2990,1798,1275,574,2990,199,1508,144
20260113,cod,GLA,30,1634,1773,1775,654,1812,555,1730,714,3014,1763,1277,588,3014,220,1716,152
20260201,cod,GLA,11,207,943,947,177,449,614,1880,715,3017,2137,1550,666,3017,354,2100,232
20260126,cod,GLA,16,426,1149,1155,316,810,487,1611,646,3031,1788,1263,700,3031,259,1585,157
20260129,cod,GLA,26,719,1124,1127,421,1130,516,1653,665,3046,1583,1228,589,3046,175,1640,123
20260116,cod,GLA,52,1135,1884,1884,744,2137,569,1791,675,3055,1835,1341,658,3055,242,1790,177
20260125,cod,GLA,24,838,1211,1214,452,1227,479,1627,632,3092,1667,1232,718,3092,242,1656,187
20260130,cod,GLA,27,608,1527,1534,409,1013,558,1722,683,3129,1825,1377,655,3129,217,1755,160
20260120,cod,GLA,73,2466,2526,2526,928,2576,536,1803,672,3317,1839,1338,646,3317,232,1833,167
20260128,cod,GLA,73,2097,2509,2514,1013,2632,615,1968,763,3381,1992,1524,660,3381,240,1891,164
20260127,cod,GLA,58,1699,2233,2238,922,2441,552,1901,711,3384,1896,1393,760,3384,288,1925,172
20260123,cod,GLA,41,1711,2571,2578,756,1986,570,2000,681,3388,2220,1558,741,3388,543,2436,274
20260119,cod,GLA,88,2209,2312,2314,1193,3281,562,2072,703,3419,2148,1588,712,3419,331,2361,218
20260124,cod,GLA,66,1978,2385,2388,983,2829,599,1943,750,3482,1877,1411,768,3482,280,1872,190
20260122,cod,GLA,36,945,1223,1224,467,1266,612,1984,759,3565,2173,1590,738,3565,266,2078,197
20260121,cod,GLA,59,1859,2178,2182,697,1917,723,2232,849,3794,2299,1791,802,3794,339,2404,241
20260104,prepaid,GOK,0,55,144,164,363,371,108,120,118,144,119,100,13,144,10,115,3
20260103,prepaid,GOK,0,67,224,287,120,124,121,130,135,160,114,92,9,160,10,124,5
20260101,prepaid,GOK,0,39,56,56,48,49,134,162,145,191,180,128,25,191,21,214,11
20260208,prepaid,GOK,2,147,152,152,158,161,160,172,170,193,191,141,11,193,22,204,13
20260105,prepaid,GOK,0,74,173,186,156,159,154,166,172,194,187,148,10,194,2,164,1
20260109,prepaid,GOK,1,242,349,350,337,345,164,180,179,203,177,149,10,203,10,177,9
20260122,prepaid,GOK,2,193,261,261,223,230,167,178,185,206,181,156,10,206,9,175,5
20260102,prepaid,GOK,2,308,603,607,332,335,153,165,177,210,138,110,16,210,15,164,3
20260111,cod,GOK,6,193,213,216,191,274,81,148,90,219,193,129,61,219,21,162,9
20260104,cod,GOK,0,25,53,56,138,240,60,124,68,223,152,97,50,223,18,132,10
20260121,prepaid,GOK,0,192,227,233,222,227,181,196,197,230,188,169,18,230,16,168,9
20260107,prepaid,GOK,2,87,187,191,229,235,193,203,212,234,217,186,10,234,5,198,5
20260206,prepaid,GOK,2,146,150,151,149,152,195,210,204,234,238,180,16,234,21,254,15
20260110,cod,GOK,3,257,380,388,215,333,76,143,94,234,158,117,43,234,18,162,12
20260207,prepaid,GOK,4,178,198,199,178,185,200,210,213,235,209,165,13,235,14,209,11
20260120,prepaid,GOK,1,166,204,205,222,231,176,194,207,240,179,155,19,240,29,269,13
20260208,cod,GOK,3,127,132,134,95,146,93,151,113,246,197,118,39,246,23,204,13
20260110,prepaid,GOK,3,260,536,538,352,359,209,226,224,249,226,197,8,249,15,236,8
20260125,prepaid,GOK,1,155,269,269,365,369,212,231,219,249,267,208,14,249,45,246,20
20260109,cod,GOK,1,134,205,207,130,187,94,151,109,252,152,118,46,252,11,153,6
20260123,prepaid,GOK,1,172,418,419,181,187,207,231,221,258,250,207,14,258,26,221,14
20260124,prepaid,GOK,1,123,319,323,270,273,216,226,240,259,208,184,7,259,21,232,11
20260106,prepaid,GOK,2,79,180,192,173,179,220,248,232,267,237,215,13,267,14,244,8
20260106,cod,GOK,2,78,127,134,95,143,82,169,105,267,195,131,61,267,20,194,10
20260105,cod,GOK,1,176,228,234,136,197,85,147,100,278,138,92,61,278,14,175,9
20260101,cod,GOK,0,23,24,24,14,25,94,189,105,279,211,142,55,279,27,252,16
20260108,prepaid,GOK,1,142,229,237,244,249,250,266,260,284,279,238,12,284,20,272,13
20260103,cod,GOK,4,90,159,203,91,141,91,158,118,286,137,99,43,286,11,157,9
20260111,prepaid,GOK,5,310,397,403,541,553,257,277,262,290,326,249,14,290,38,281,13
20260204,prepaid,GOK,3,152,170,170,195,200,241,260,256,291,266,213,14,291,21,267,8
20260128,prepaid,GOK,2,128,312,313,366,369,232,260,249,291,245,226,22,291,30,327,17
20260107,cod,GOK,2,70,124,124,107,156,120,203,134,296,203,169,60,296,16,205,8
20260207,cod,GOK,1,156,178,180,122,180,118,207,135,305,195,151,45,305,24,224,21
20260113,cod,GOK,7,132,360,364,216,338,132,212,165,308,237,164,42,308,31,221,13
20260205,prepaid,GOK,2,161,169,170,174,177,258,273,282,308,271,240,9,308,21,260,9
20260112,cod,GOK,3,162,390,410,142,203,135,226,156,311,216,160,61,311,29,225,18
20260127,prepaid,GOK,2,277,503,508,573,586,266,286,287,322,271,245,15,322,22,249,6
20260126,prepaid,GOK,0,8,258,260,44,46,270,297,282,324,290,246,17,324,18,243,3
20260206,cod,GOK,2,124,142,146,104,165,138,232,160,328,257,182,48,328,30,304,21
20260118,prepaid,GOK,2,99,133,133,140,144,254,287,275,329,292,239,25,329,29,296,13
20260201,prepaid,GOK,5,167,223,224,188,196,268,296,286,329,318,250,24,329,33,322,9
20260108,cod,GOK,2,92,134,136,103,145,127,216,151,329,231,178,61,329,13,223,8
20260128,cod,GOK,13,157,266,272,253,405,94,169,128,333,166,118,54,333,42,255,22
20260122,cod,GOK,6,201,284,287,194,303,102,191,124,334,204,154,60,334,25,187,17
20260102,cod,GOK,3,301,555,558,176,311,111,196,141,339,201,131,62,339,17,193,5
20260118,cod,GOK,3,113,168,173,102,163,122,223,144,342,252,168,69,342,46,241,25
20260119,prepaid,GOK,6,135,196,197,182,190,259,291,293,343,269,230,17,343,30,235,12
20260125,cod,GOK,2,101,199,203,116,177,116,224,137,346,285,187,67,346,42,238,24
20260121,cod,GOK,8,150,260,263,140,212,130,226,149,348,225,176,59,348,38,237,19
20260129,prepaid,GOK,2,172,284,287,359,367,288,318,311,352,323,291,15,352,25,302,6
20260131,prepaid,GOK,5,238,305,307,442,452,294,313,317,352,322,272,16,352,43,385,15
20260114,cod,GOK,4,78,97,110,176,273,166,274,176,353,277,215,56,353,38,269,21
20260116,cod,GOK,3,155,289,294,145,236,134,236,162,354,246,183,69,354,59,299,41
20260203,prepaid,GOK,0,201,220,221,233,238,299,317,321,357,325,270,13,357,11,368,7
20260120,cod,GOK,6,142,217,221,174,279,113,218,145,358,215,169,50,358,22,219,8
20260123,cod,GOK,4,196,318,322,171,280,148,246,167,368,262,203,63,368,46,267,18
20260112,prepaid,GOK,1,220,567,605,319,330,319,346,339,374,328,278,17,374,31,339,15
20260115,cod,GOK,3,161,231,232,151,243,154,281,183,376,335,240,60,376,43,279,29
20260116,prepaid,GOK,5,156,251,252,309,317,291,313,338,382,307,234,27,382,38,333,19
20260117,cod,GOK,4,160,193,198,170,252,156,262,177,384,262,199,63,384,30,256,14
20260129,cod,GOK,13,204,273,275,200,331,137,254,160,389,263,206,55,389,40,243,19
20260124,cod,GOK,1,140,290,293,170,270,150,262,171,393,257,207,64,393,36,248,18
20260205,cod,GOK,5,118,160,163,91,129,181,286,211,403,287,225,65,403,18,267,10
20260204,cod,GOK,5,151,172,172,157,228,175,294,204,405,282,218,59,405,21,291,13
20260117,prepaid,GOK,6,154,212,216,235,245,335,368,359,407,361,303,26,407,48,400,29
20260201,cod,GOK,1,139,248,255,107,142,134,260,165,409,297,208,75,409,47,315,30
20260203,cod,GOK,2,231,269,272,174,263,174,260,205,414,277,204,73,414,15,228,12
20260113,prepaid,GOK,4,147,366,391,417,428,358,389,377,417,410,351,22,417,21,338,9
20260119,cod,GOK,1,152,295,297,161,235,162,286,192,424,258,205,73,424,35,272,18
20260115,prepaid,GOK,0,119,238,239,200,203,345,396,364,436,430,334,46,436,86,434,38
20260130,prepaid,GOK,0,191,264,273,253,262,369,401,394,442,419,372,19,442,29,335,12
20260131,cod,GOK,7,239,298,302,200,304,169,314,190,444,320,241,78,444,64,375,35
20260202,prepaid,GOK,6,273,318,321,362,374,373,400,401,444,405,338,17,444,19,311,11
20260126,cod,GOK,0,4,72,78,11,14,164,300,188,450,303,222,88,450,40,237,20
20260130,cod,GOK,8,207,277,281,187,282,179,312,204,450,351,264,59,450,34,261,23
20260114,prepaid,GOK,4,90,159,163,322,330,388,427,405,459,439,364,31,459,40,421,22
20260127,cod,GOK,3,325,577,591,342,544,146,277,190,460,241,194,81,460,30,264,20
20260202,cod,GOK,5,284,330,336,287,438,182,329,220,502,301,237,88,502,31,274,15
20260130,prepaid,GSB,2,178,302,304,387,396,275,303,300,353,305,259,25,353,37,327,7
20260128,prepaid,GSB,1,55,381,382,515,525,255,274,291,353,247,205,31,353,12,291,6
20260120,prepaid,GSB,3,173,581,585,869,882,286,312,310,357,321,269,28,357,25,330,10
20260129,prepaid,GSB,3,145,347,347,455,462,281,307,312,363,307,260,18,363,16,277,5
20260118,prepaid,GSB,1,160,682,687,673,685,293,324,328,381,358,266,27,381,76,459,17
20260104,cod,GSB,8,126,386,387,225,350,108,194,137,383,224,160,109,383,82,252,24
20260208,prepaid,GSB,1,228,382,383,387,395,318,361,342,399,387,316,33,399,67,407,24
20260207,prepaid,GSB,7,221,387,390,432,447,330,362,354,408,369,315,30,408,50,418,26
20260206,prepaid,GSB,4,173,376,379,381,390,348,373,371,414,369,316,19,414,41,374,15
20260205,prepaid,GSB,2,127,367,384,286,292,331,367,361,417,356,297,20,417,24,353,12
20260204,prepaid,GSB,5,153,319,323,230,238,347,377,372,417,363,294,20,417,38,376,10
20260131,prepaid,GSB,2,238,348,350,366,373,344,381,368,426,397,330,28,426,51,406,24
20260119,prepaid,GSB,5,466,2264,2342,857,874,341,365,385,428,316,284,19,428,16,310,9
20260201,prepaid,GSB,0,216,392,393,292,298,351,382,376,431,417,338,32,431,42,377,10
20260203,prepaid,GSB,1,379,464,468,518,526,368,389,398,442,419,330,22,442,36,375,13
20260202,prepaid,GSB,3,302,432,433,474,488,377,419,413,475,393,334,27,475,44,414,11
20260103,cod,GSB,3,144,492,494,354,489,149,255,196,476,263,221,79,476,18,253,14
20260127,prepaid,GSB,1,49,521,555,142,145,356,392,433,508,338,284,31,508,25,368,11
20260110,cod,GSB,4,298,504,513,323,508,192,342,229,509,359,290,97,509,44,305,22
20260109,cod,GSB,2,267,550,556,334,486,191,337,224,519,365,297,99,519,46,383,26
20260108,cod,GSB,2,173,395,398,245,386,181,321,227,540,322,274,76,540,36,362,18
20260111,cod,GSB,0,266,504,507,357,539,191,357,226,540,383,311,113,540,59,401,19
20260101,cod,GSB,1,52,282,284,129,195,180,372,212,559,399,315,120,559,58,383,34
20260105,cod,GSB,11,149,279,281,345,540,217,375,265,576,407,316,99,576,65,359,25
20260118,cod,GSB,9,306,551,553,323,514,188,342,238,587,383,267,124,587,80,401,28
20260106,cod,GSB,3,126,367,368,180,270,240,410,277,587,412,338,92,587,47,401,24
20260117,prepaid,GSB,1,194,728,731,334,338,463,507,520,599,452,396,39,599,31,492,20
20260102,cod,GSB,4,24,329,330,127,177,188,354,242,600,339,289,120,600,22,347,15
20260121,prepaid,GSB,10,55,327,329,1522,1557,517,548,551,601,583,497,20,601,41,541,14
20260113,cod,GSB,9,451,652,666,444,659,245,441,294,639,464,348,119,639,48,416,18
20260107,cod,GSB,8,136,349,352,271,401,282,477,333,658,501,414,101,658,39,451,27
20260114,cod,GSB,2,218,428,429,270,421,279,447,323,663,478,373,116,663,56,455,29
20260112,cod,GSB,2,130,343,345,238,346,268,477,319,689,504,402,124,689,61,447,23
20260120,cod,GSB,6,297,1882,1889,335,515,245,456,298,694,476,392,114,694,46,469,19
20260116,cod,GSB,2,254,425,429,232,342,252,472,311,718,500,376,121,718,62,549,37
20260121,cod,GSB,20,179,1111,1116,881,1480,277,484,319,730,496,399,119,730,58,497,33
20260122,cod,GSB,22,487,1872,1901,1051,1669,283,500,330,737,553,430,118,737,50,491,38
20260119,cod,GSB,10,414,764,792,416,656,282,471,345,740,419,354,130,740,46,456,23
20260122,prepaid,GSB,3,133,433,456,458,477,649,693,680,742,712,620,32,742,48,636,24
20260117,cod,GSB,0,275,480,483,317,470,278,489,333,746,472,382,134,746,48,461,30
20260126,prepaid,GSB,1,64,111,114,120,125,580,648,628,747,620,532,66,747,58,754,28
20260115,cod,GSB,2,315,429,434,375,552,330,562,375,766,588,473,128,766,68,561,41
20260115,prepaid,GSB,4,276,332,334,433,441,667,731,704,792,737,601,50,792,76,701,25
20260116,prepaid,GSB,1,205,346,346,264,267,631,703,697,793,667,556,48,793,42,689,14
20260108,prepaid,GSB,3,423,1253,1256,1033,1048,676,715,735,797,727,634,30,797,42,752,13
20260208,cod,GSB,14,372,675,678,515,745,337,566,396,815,598,472,148,815,110,677,58
20260102,prepaid,GSB,1,155,891,898,595,602,651,720,720,822,709,619,49,822,66,709,30
20260101,prepaid,GSB,7,256,781,788,470,486,691,770,733,842,789,686,62,842,79,872,23
20260123,cod,GSB,22,375,640,682,941,1427,333,607,374,843,679,510,151,843,66,605,30
20260123,prepaid,GSB,5,102,255,270,384,393,731,801,767,862,869,726,44,862,78,802,20
20260103,prepaid,GSB,3,496,1222,1226,1249,1273,711,789,777,892,782,711,57,892,31,705,12
20260207,cod,GSB,14,363,730,731,475,697,394,614,452,903,625,503,142,903,73,685,53
20260104,prepaid,GSB,1,216,890,896,776,785,757,831,816,927,895,767,66,927,159,979,42
20260206,cod,GSB,11,234,544,551,417,613,412,676,462,928,692,557,138,928,66,690,41
20260114,prepaid,GSB,3,206,308,308,349,356,798,853,859,932,905,743,44,932,104,908,51
20260125,prepaid,GSB,1,161,262,266,441,446,801,872,838,938,873,749,52,938,74,828,34
20260109,prepaid,GSB,5,169,667,671,926,941,818,881,851,939,901,785,43,939,95,933,27
20260111,prepaid,GSB,4,285,668,671,1162,1180,823,901,870,964,967,816,49,964,104,1001,33
20260204,cod,GSB,4,360,617,621,320,476,403,668,483,965,655,499,126,965,68,719,31
20260205,cod,GSB,3,292,703,711,366,548,468,743,533,1009,735,599,144,1009,61,729,37
20260113,prepaid,GSB,4,365,533,537,874,889,886,959,945,1035,920,796,45,1035,87,889,33
20260131,cod,GSB,8,424,602,607,551,771,407,677,469,1054,716,569,185,1054,85,705,44
20260105,prepaid,GSB,2,323,908,914,929,941,886,948,966,1058,970,831,49,1058,97,952,35
20260112,prepaid,GSB,2,308,871,876,660,676,913,972,987,1072,977,816,39,1072,140,1016,31
20260110,prepaid,GSB,3,245,1012,1015,645,652,926,998,991,1086,1013,898,37,1086,68,862,29
20260201,cod,GSB,5,263,550,554,278,401,464,768,519,1090,853,653,190,1090,80,780,31
20260107,prepaid,GSB,2,263,889,893,973,983,949,1007,1016,1100,995,906,32,1100,60,995,34
20260203,cod,GSB,13,715,826,828,706,984,466,748,563,1114,753,584,163,1114,73,742,36
20260124,cod,GSB,4,244,679,739,497,745,492,859,554,1137,910,717,180,1137,106,903,66
20260124,prepaid,GSB,2,111,383,411,296,305,997,1063,1058,1143,1098,931,41,1143,94,1119,48
20260106,prepaid,GSB,2,363,1045,1050,1157,1174,1000,1067,1054,1153,1049,946,46,1153,76,1015,28
20260130,cod,GSB,13,377,724,730,486,699,452,760,533,1218,704,574,197,1218,99,791,37
20260129,cod,GSB,4,339,642,647,741,1041,436,749,542,1224,769,590,188,1224,66,736,48
20260202,cod,GSB,9,442,696,701,528,749,575,955,665,1363,937,755,218,1363,78,930,48
20260128,cod,GSB,11,174,863,868,889,1305,479,846,605,1406,778,627,232,1406,81,922,49
20260125,cod,GSB,17,275,501,513,627,938,605,1120,674,1443,1263,983,237,1443,155,1139,101
20260127,cod,GSB,1,136,1279,1324,214,309,655,1185,815,1801,1127,899,272,1801,106,1187,58
20260126,cod,GSB,3,69,175,180,139,252,734,1370,843,1837,1461,1170,294,1837,124,1373,63
20260112,prepaid,GSD,0,21,23,23,39,41,5,6,7,9,7,5,0,9,0,4,0
20260127,prepaid,GSD,0,32,44,44,31,32,3,3,6,10,1,1,0,10,0,3,0
20260128,prepaid,GSD,0,7,7,7,19,20,8,11,8,12,15,11,2,12,3,15,0
20260207,prepaid,GSD,0,4,22,22,22,28,8,9,11,14,12,6,2,14,2,9,2
20260206,prepaid,GSD,4,8,32,32,9,14,10,13,10,15,14,11,4,15,3,12,1
20260130,prepaid,GSD,0,1,33,33,8,8,11,12,14,15,15,12,0,15,3,7,2
20260103,prepaid,GSD,0,15,19,19,20,23,9,10,13,15,9,7,1,15,0,8,0
20260119,prepaid,GSD,0,16,24,24,14,16,10,12,12,17,7,7,2,17,1,10,1
20260116,prepaid,GSD,0,6,11,11,7,7,6,9,8,17,11,6,3,17,2,19,0
20260129,prepaid,GSD,1,13,20,20,12,13,9,12,13,17,10,8,1,17,2,9,1
20260113,prepaid,GSD,0,18,20,20,17,20,14,17,14,18,19,15,1,18,4,25,2
20260102,prepaid,GSD,0,18,28,29,12,18,9,10,12,19,8,7,0,19,0,7,0
20260120,prepaid,GSD,0,26,26,26,34,34,11,15,12,19,15,15,1,19,0,14,0
20260114,prepaid,GSD,0,9,17,17,8,10,12,15,14,19,20,13,2,19,6,17,3
20260106,prepaid,GSD,0,8,19,19,19,20,8,10,10,19,17,10,1,19,5,11,2
20260123,prepaid,GSD,0,8,9,9,8,8,7,11,9,19,11,9,3,19,2,9,0
20260117,prepaid,GSD,0,12,12,12,17,17,13,14,14,20,12,8,2,20,4,13,2
20260109,prepaid,GSD,0,13,13,13,19,22,18,19,19,21,19,16,0,21,5,18,1
20260203,prepaid,GSD,0,10,12,12,35,38,14,16,16,21,16,15,3,21,0,16,0
20260108,prepaid,GSD,0,16,21,21,14,18,17,19,20,22,16,15,1,22,3,28,1
20260105,prepaid,GSD,0,19,29,29,21,21,9,17,13,23,16,15,3,23,0,17,0
20260131,prepaid,GSD,0,9,15,15,36,39,20,23,20,24,22,22,2,24,1,21,1
20260204,prepaid,GSD,0,14,24,24,15,16,14,20,17,24,26,19,2,24,6,28,2
20260122,prepaid,GSD,0,6,7,7,17,17,14,17,17,24,14,13,3,24,2,12,1
20260202,prepaid,GSD,0,3,28,28,5,7,14,20,17,24,18,17,3,24,0,21,0
20260121,prepaid,GSD,0,6,17,17,5,6,13,19,15,25,23,17,4,25,8,27,1
20260107,prepaid,GSD,1,0,6,6,11,13,16,19,17,27,17,13,0,27,0,10,0
20260124,prepaid,GSD,0,,,,1,1,15,18,22,27,16,15,0,27,1,16,0
20260205,prepaid,GSD,0,3,9,9,12,14,19,23,24,29,21,18,2,29,3,19,2
20260115,prepaid,GSD,0,9,9,9,16,17,21,26,25,32,24,22,2,32,1,14,0
20260105,prepaid,GSL,1,189,273,279,198,204,62,68,70,83,205,52,3,83,2,63,1
20260127,prepaid,GSL,1,191,424,460,234,238,65,70,77,88,346,56,3,88,7,78,2
20260106,prepaid,GSL,0,67,87,88,154,157,74,81,79,90,262,74,8,90,9,89,4
20260128,prepaid,GSL,0,105,179,191,315,322,77,85,83,95,346,72,4,95,7,79,3
20260111,prepaid,GSL,1,55,66,66,61,63,92,99,101,113,208,88,7,113,9,101,5
20260104,prepaid,GSL,1,49,55,57,48,50,83,93,94,114,221,82,11,114,14,99,9
20260103,prepaid,GSL,0,40,57,81,54,57,88,98,95,115,253,81,10,115,15,94,10
20260112,prepaid,GSL,3,246,273,284,252,260,102,112,107,123,263,102,7,123,11,110,8
20260107,prepaid,GSL,1,111,185,186,131,133,108,117,113,124,315,100,4,124,9,96,5
20260208,prepaid,GSL,0,37,41,41,40,40,101,110,112,127,178,88,8,127,11,115,7
20260123,prepaid,GSL,0,88,110,112,108,113,99,109,112,130,433,94,8,130,6,135,1
20260203,prepaid,GSL,0,107,127,134,154,157,96,107,110,131,240,96,8,131,46,140,34
20260207,prepaid,GSL,1,92,96,127,115,121,102,114,115,132,209,99,6,132,13,129,8
20260122,prepaid,GSL,1,104,122,125,151,154,105,120,116,135,360,98,6,135,4,135,4
20260107,cod,GSL,1,67,164,173,68,120,46,88,60,140,91,64,31,140,15,108,8
20260126,prepaid,GSL,0,6,34,39,9,9,112,127,125,144,299,105,13,144,7,139,5
20260118,prepaid,GSL,0,29,55,55,29,31,112,127,119,145,283,108,17,145,17,168,4
20260111,cod,GSL,2,50,65,66,45,84,37,89,40,145,95,67,30,145,24,122,18
20260110,prepaid,GSL,2,132,149,150,177,184,124,133,134,147,278,116,6,147,7,137,3
20260109,cod,GSL,3,121,152,152,126,233,50,97,60,151,114,74,28,151,17,116,11
20260120,prepaid,GSL,1,65,102,108,88,93,114,131,125,153,290,114,10,153,11,136,5
20260106,cod,GSL,6,43,88,95,95,170,47,88,61,153,85,54,30,153,12,97,8
20260121,prepaid,GSL,0,66,116,118,98,100,120,129,137,153,270,108,4,153,4,118,4
20260108,prepaid,GSL,2,110,219,223,177,182,130,145,133,155,359,125,12,155,26,170,3
20260129,prepaid,GSL,0,95,161,167,170,181,141,149,146,157,475,137,6,157,5,122,1
20260125,prepaid,GSL,0,48,63,65,47,48,130,147,134,157,420,134,11,157,14,186,7
20260113,prepaid,GSL,1,189,213,219,220,224,136,144,146,158,294,122,8,158,9,129,5
20260202,prepaid,GSL,4,292,341,353,313,327,126,141,144,165,202,106,8,165,46,186,37
20260102,prepaid,GSL,2,70,85,85,76,79,135,144,146,165,286,113,11,165,19,153,8
20260101,prepaid,GSL,0,52,59,59,56,57,132,144,140,165,280,125,12,165,23,159,5
20260124,prepaid,GSL,2,99,110,115,122,125,152,157,161,169,485,142,6,169,9,111,4
20260110,cod,GSL,3,106,153,154,88,158,52,114,66,170,120,80,25,170,12,105,11
20260201,prepaid,GSL,0,36,49,50,40,40,130,152,140,170,268,131,15,170,30,169,22
20260109,prepaid,GSL,1,148,174,180,219,225,148,158,158,172,352,131,5,172,10,140,2
20260130,prepaid,GSL,2,98,133,136,162,168,149,169,155,178,366,150,12,178,10,195,4
20260112,cod,GSL,6,235,270,280,120,258,59,114,76,182,124,89,27,182,15,106,5
20260131,prepaid,GSL,0,91,117,121,126,126,152,165,162,183,322,150,11,183,17,161,8
20260108,cod,GSL,5,58,196,197,81,158,77,132,94,188,147,114,27,188,8,118,8
20260113,cod,GSL,0,110,144,145,89,150,74,142,87,189,160,112,27,189,16,123,11
20260119,prepaid,GSL,1,159,186,199,193,196,156,167,171,195,297,123,11,195,10,148,5
20260206,prepaid,GSL,1,92,122,128,104,107,172,183,182,200,264,153,7,200,13,136,6
20260117,prepaid,GSL,2,120,141,143,133,138,164,174,178,200,350,143,15,200,19,139,11
20260105,cod,GSL,4,127,244,244,81,146,58,118,76,201,87,64,34,201,7,108,5
20260205,prepaid,GSL,1,77,89,93,103,105,160,173,176,201,277,146,11,201,9,165,3
20260104,cod,GSL,2,34,52,52,36,49,75,143,90,210,156,117,41,210,14,147,7
20260122,cod,GSL,5,181,228,231,165,246,63,121,75,211,126,95,42,211,4,138,3
20260119,cod,GSL,3,173,218,244,154,257,55,139,71,215,144,105,47,215,12,138,10
20260120,cod,GSL,6,83,126,134,64,113,67,128,86,217,132,98,40,217,11,146,7
20260118,cod,GSL,1,11,82,100,16,26,59,148,65,218,147,106,46,218,16,178,12
20260103,cod,GSL,7,54,92,93,59,91,69,129,90,219,127,92,39,219,14,124,9
20260208,cod,GSL,0,26,68,69,36,44,76,124,99,223,154,106,51,223,33,157,11
20260129,cod,GSL,8,83,292,294,220,307,84,146,99,227,161,122,43,227,20,163,8
20260116,cod,GSL,5,125,165,176,89,163,68,136,79,229,148,95,43,229,27,208,16
20260114,prepaid,GSL,1,137,153,158,146,152,202,222,205,230,401,199,10,230,12,165,5
20260116,prepaid,GSL,0,173,194,197,202,204,184,203,200,231,336,153,14,231,15,256,8
20260121,cod,GSL,4,234,308,311,166,282,90,156,105,232,148,122,42,232,16,136,13
20260128,cod,GSL,7,176,396,409,256,380,70,136,88,234,136,109,48,234,11,122,10
20260130,cod,GSL,6,106,223,224,256,326,110,160,126,236,150,121,41,236,12,160,7
20260127,cod,GSL,7,154,388,407,151,286,56,126,80,237,107,80,52,237,13,135,8
20260115,prepaid,GSL,1,92,108,111,100,105,197,218,213,240,424,192,15,240,25,232,6
20260123,cod,GSL,3,104,143,159,104,159,84,171,92,240,187,135,36,240,22,203,11
20260117,cod,GSL,2,68,96,96,60,114,79,171,85,245,177,139,30,245,13,127,7
20260115,cod,GSL,2,96,123,126,64,123,93,180,103,246,170,129,33,246,21,185,10
20260101,cod,GSL,0,15,40,43,27,39,92,164,115,264,198,125,65,264,39,221,15
20260131,cod,GSL,4,48,132,132,126,163,131,203,151,268,230,175,35,268,25,215,17
20260114,cod,GSL,1,123,172,175,81,153,100,215,109,270,248,176,31,270,21,171,15
20260124,cod,GSL,3,129,165,183,112,191,120,204,139,287,216,166,47,287,34,187,24
20260206,cod,GSL,3,61,159,159,89,126,117,181,138,292,207,147,62,292,19,173,6
20260204,prepaid,GSL,2,72,101,104,90,93,271,293,278,309,430,274,13,309,48,288,28
20260125,cod,GSL,1,24,54,56,34,46,119,232,128,318,260,189,70,318,31,244,18
20260201,cod,GSL,3,38,108,112,90,109,169,277,184,335,335,242,42,335,46,295,25
20260102,cod,GSL,3,79,118,126,68,118,155,220,188,349,207,154,50,349,23,202,14
20260126,cod,GSL,0,37,127,127,21,40,122,244,154,354,233,184,65,354,26,288,16
20260207,cod,GSL,5,85,106,137,124,178,158,247,187,357,220,184,56,357,22,268,21
20260205,cod,GSL,1,80,143,144,197,245,133,218,170,372,216,175,63,372,32,238,15
20260202,cod,GSL,6,469,585,589,386,565,170,306,198,393,292,231,50,393,40,292,22
20260203,cod,GSL,3,93,113,116,135,208,188,287,216,401,293,227,71,401,28,294,18
20260204,cod,GSL,1,27,189,191,29,45,250,408,273,510,430,368,83,510,51,444,30
20260208,prepaid,HKH,0,4,16,17,8,8,13,16,16,23,18,15,3,23,2,23,0
20260206,prepaid,HKH,0,7,17,17,20,20,17,22,19,26,21,18,1,26,1,28,1
20260207,prepaid,HKH,0,5,9,9,15,15,20,22,22,27,21,19,4,27,0,23,0
20260201,prepaid,HKH,0,21,44,47,41,43,33,38,34,40,48,30,3,40,3,42,1
20260205,prepaid,HKH,0,12,25,25,36,36,30,34,34,40,37,31,3,40,1,33,1
20260204,prepaid,HKH,0,1,25,26,6,6,32,36,34,42,33,30,1,42,2,39,2
20260131,prepaid,HKH,0,21,43,46,43,45,46,46,46,47,53,43,0,47,3,56,2
20260129,prepaid,HKH,0,20,41,41,51,52,47,53,50,57,59,49,2,57,3,47,3
20260128,prepaid,HKH,5,30,61,64,53,60,48,49,54,57,46,39,0,57,0,55,0
20260203,prepaid,HKH,0,19,24,25,49,50,48,53,52,59,47,42,2,59,1,52,1
20260130,prepaid,HKH,0,24,47,49,42,44,51,53,55,60,47,43,0,60,3,60,1
20260127,prepaid,HKH,1,28,59,60,70,74,48,54,55,64,49,42,3,64,3,45,1
20260202,prepaid,HKH,0,11,42,42,31,34,56,61,60,67,57,45,4,67,1,52,1
20260120,prepaid,HKH,1,47,93,94,102,103,66,71,72,77,76,63,3,77,6,78,2
20260126,prepaid,HKH,0,18,56,58,37,37,67,77,71,82,84,71,5,82,4,82,2
20260103,prepaid,HKH,0,33,88,89,90,90,72,78,75,85,85,72,6,85,11,76,5
20260118,prepaid,HKH,0,43,106,107,84,86,72,76,80,87,76,66,5,87,9,86,6
20260119,prepaid,HKH,0,58,114,116,121,121,75,80,82,88,81,71,2,88,5,78,2
20260123,prepaid,HKH,0,26,54,54,57,58,77,81,82,88,82,75,2,88,4,92,1
20260101,prepaid,HKH,0,32,77,77,73,74,75,82,78,89,82,71,8,89,7,106,3
20260102,prepaid,HKH,0,54,109,112,98,98,76,81,81,90,82,71,4,90,7,75,4
20260125,prepaid,HKH,0,25,52,57,52,52,82,87,85,91,88,78,3,91,9,104,6
20260104,prepaid,HKH,1,58,126,128,111,113,78,84,83,92,93,75,6,92,6,87,4
20260117,prepaid,HKH,1,31,73,78,77,78,78,86,81,93,92,78,5,93,4,84,2
20260116,prepaid,HKH,0,48,95,98,89,91,77,86,84,97,66,57,4,97,7,96,3
20260105,prepaid,HKH,0,71,137,139,139,139,88,92,94,101,87,79,5,101,3,89,1
20260122,prepaid,HKH,1,51,83,87,104,109,91,98,93,102,92,81,3,102,1,104,1
20260115,prepaid,HKH,1,26,70,73,59,63,93,98,95,106,104,79,8,106,10,93,1
20260108,prepaid,HKH,1,47,102,107,94,96,96,100,100,106,101,86,2,106,6,106,4
20260114,prepaid,HKH,1,37,73,77,71,74,89,93,97,107,115,88,4,107,5,87,2
20260106,prepaid,HKH,1,59,122,126,121,125,104,106,108,110,109,94,1,110,4,101,1
20260111,prepaid,HKH,0,34,88,95,88,92,95,104,97,111,106,88,7,111,8,105,1
20260113,prepaid,HKH,0,44,82,87,115,115,95,106,101,114,106,97,7,114,10,111,2
20260121,prepaid,HKH,3,55,113,119,97,101,109,113,112,116,116,97,2,116,3,96,1
20260109,prepaid,HKH,0,46,100,104,100,101,108,114,111,117,115,99,2,117,6,119,3
20260110,prepaid,HKH,1,50,108,114,101,104,107,111,112,119,117,99,4,119,7,118,2
20260112,prepaid,HKH,0,50,120,124,102,103,106,113,115,125,113,97,4,125,12,119,5
20260124,prepaid,HKH,0,27,54,56,54,55,117,121,123,127,126,113,1,127,4,103,1
20260107,prepaid,HKH,2,58,107,109,117,121,121,127,125,131,126,113,3,131,3,120,2
20260129,cod,HKH,14,1240,2146,2306,2049,2663,517,760,644,1346,742,568,212,1346,82,1054,43
20260128,cod,HKH,40,1210,2614,2823,1791,2337,684,1032,856,1735,916,734,272,1735,49,1078,30
20260130,cod,HKH,8,1109,2300,2486,1558,2014,1020,1516,1112,2028,1560,1324,294,2028,77,1438,51
20260208,cod,HKH,7,893,1788,1975,1271,1657,1128,1634,1292,2281,1669,1364,325,2281,139,1812,79
20260114,cod,HKH,14,768,1633,1753,1260,1671,1025,1499,1203,2289,1547,1229,371,2289,139,1536,75
20260118,cod,HKH,27,833,1838,2000,1397,1861,1027,1605,1207,2317,1730,1354,377,2317,130,1635,72
20260207,cod,HKH,15,843,1629,1792,1368,1747,1141,1714,1299,2351,1706,1409,342,2351,126,1942,69
20260115,cod,HKH,14,745,1700,1840,1201,1612,1132,1673,1303,2353,1675,1364,355,2353,98,1490,50
20260116,cod,HKH,21,917,1927,2108,1382,1861,1038,1607,1222,2393,1621,1303,376,2393,112,1707,59
20260117,cod,HKH,21,811,1822,1960,1374,1816,1106,1712,1293,2409,1714,1419,366,2409,83,1588,59
20260127,cod,HKH,8,523,1671,1791,494,642,1075,1616,1282,2436,1537,1266,382,2436,107,1353,59
20260104,cod,HKH,8,943,2126,2297,1518,1993,1058,1661,1231,2477,1834,1401,436,2477,145,1728,83
20260123,cod,HKH,23,932,1737,1872,1376,1850,1182,1752,1355,2485,1913,1497,369,2485,188,2007,89
20260131,cod,HKH,15,950,1866,1998,1667,2145,1341,1971,1483,2487,2096,1765,318,2487,118,1974,80
20260113,cod,HKH,21,759,1655,1781,1403,1793,1094,1647,1302,2500,1668,1364,415,2500,124,1698,54
20260101,cod,HKH,8,754,1676,1818,1237,1669,1111,1747,1294,2535,1965,1478,423,2535,169,1938,74
20260120,cod,HKH,23,912,2060,2204,1512,2010,1193,1790,1383,2543,1814,1501,419,2543,169,1949,98
20260121,cod,HKH,32,954,2070,2242,1599,2104,1191,1805,1388,2559,1839,1537,383,2559,124,1838,66
20260205,cod,HKH,11,773,1709,1869,1274,1639,1274,1823,1482,2564,1831,1522,315,2564,109,1840,65
20260126,cod,HKH,0,35,121,132,51,75,1166,1759,1378,2576,1811,1448,409,2576,127,1564,65
20260201,cod,HKH,15,946,1876,2019,1437,1861,1289,1944,1441,2593,2040,1667,384,2593,146,2127,82
20260119,cod,HKH,13,803,1903,2054,1399,1808,1243,1838,1446,2593,1839,1512,391,2593,130,1899,66
20260206,cod,HKH,12,777,1679,1847,1356,1710,1388,1962,1548,2596,1991,1670,332,2596,110,1976,63
20260103,cod,HKH,9,841,1891,2030,1461,1902,1179,1806,1390,2631,1862,1514,416,2631,118,1825,69
20260203,cod,HKH,8,935,1961,2122,1536,1959,1362,1960,1574,2665,2026,1675,361,2665,126,2029,71
20260122,cod,HKH,28,1115,2032,2197,1693,2230,1294,1898,1494,2668,1939,1599,397,2668,134,1904,91
20260125,cod,HKH,18,790,863,938,1313,1723,1238,1882,1454,2682,1930,1559,419,2682,185,2006,123
20260111,cod,HKH,10,649,1437,1542,1090,1423,1246,1913,1438,2692,2053,1630,451,2692,171,2094,94
20260204,cod,HKH,20,868,1736,1895,1461,1894,1438,2034,1617,2717,2028,1687,352,2717,120,1972,72
20260105,cod,HKH,6,1085,2305,2476,1761,2269,1333,1989,1545,2806,1909,1617,413,2806,117,1906,64
20260112,cod,HKH,8,607,1640,1769,1070,1389,1260,1930,1519,2815,1865,1557,470,2815,133,2020,78
20260106,cod,HKH,9,984,2243,2408,1741,2202,1310,2006,1509,2817,2088,1729,432,2817,117,2050,72
20260102,cod,HKH,6,875,1936,2103,1348,1797,1336,2031,1600,2840,1997,1621,411,2840,129,1966,65
20260202,cod,HKH,7,911,1934,2111,1451,1841,1445,2099,1679,2889,2066,1755,400,2889,104,2087,66
20260108,cod,HKH,9,925,2143,2290,1631,2141,1403,2058,1621,2909,2137,1741,418,2909,134,2062,72
20260109,cod,HKH,11,787,1640,1773,1517,2000,1389,2118,1615,2921,2161,1769,419,2921,143,2198,79
20260107,cod,HKH,9,962,2177,2330,1688,2219,1444,2108,1665,2941,2178,1795,411,2941,117,2080,72
20260110,cod,HKH,6,746,1521,1642,1221,1603,1495,2154,1712,2952,2144,1826,406,2952,164,2200,103
20260124,cod,HKH,3,857,1790,1944,1266,1661,1500,2225,1680,2984,2202,1836,420,2984,147,2024,96
20260129,prepaid,HSW,0,0,7,7,14,14,1,1,1,1,2,1,0,1,4,4,1
20260114,prepaid,HSW,0,0,16,16,22,23,0,1,0,1,3,1,1,1,1,4,1
20260102,prepaid,HSW,0,0,11,11,6,7,2,2,2,2,3,2,0,2,1,3,0
20260103,prepaid,HSW,0,0,13,13,14,14,2,3,2,3,4,2,0,3,5,7,0
20260116,prepaid,HSW,0,0,24,24,6,6,4,4,4,4,4,2,0,4,3,7,0
20260207,prepaid,HSW,0,,,,10,10,3,3,4,4,,,0,4,0,4,0
20260205,prepaid,HSW,0,0,12,12,18,18,5,6,5,6,8,5,1,6,1,4,1
20260113,prepaid,HSW,0,0,23,23,16,16,6,6,6,6,6,5,0,6,0,5,0
20260204,prepaid,HSW,0,0,17,17,6,6,3,4,5,6,4,3,0,6,0,6,0
20260125,prepaid,HSW,0,0,5,5,5,6,7,7,7,7,6,5,0,7,10,12,1
20260111,prepaid,HSW,0,0,4,4,6,7,6,6,6,7,7,6,0,7,3,7,0
20260112,prepaid,HSW,0,0,16,16,5,5,7,7,7,7,8,7,0,7,1,7,0
20260110,prepaid,HSW,0,0,3,3,2,2,5,5,6,7,3,3,0,7,1,4,0
20260107,prepaid,HSW,0,0,7,7,6,6,6,8,6,8,8,8,0,8,4,9,0
20260104,prepaid,HSW,0,0,7,7,8,8,7,8,8,9,7,6,1,9,7,9,1
20260115,prepaid,HSW,0,0,6,6,14,14,8,8,9,9,8,6,0,9,1,8,1
20260105,prepaid,HSW,0,0,4,4,11,11,7,8,8,10,9,8,0,10,1,4,0
20260109,prepaid,HSW,0,0,7,7,7,7,7,8,8,10,9,8,0,10,0,7,0
20260131,prepaid,HSW,0,0,9,9,4,4,10,10,10,10,7,6,0,10,3,10,0
20260106,prepaid,HSW,0,0,7,7,6,6,9,9,11,11,7,7,0,11,2,8,0
20260117,prepaid,HSW,0,0,11,11,25,26,12,12,12,12,13,10,0,12,6,12,2
20260122,prepaid,HSW,0,0,20,20,4,4,9,10,10,12,10,8,0,12,3,11,0
20260119,prepaid,HSW,0,0,15,15,12,12,8,9,11,12,10,7,0,12,4,9,0
20260128,prepaid,HSW,0,0,16,16,8,9,11,11,12,12,12,10,0,12,0,7,0
20260203,prepaid,HSW,0,0,3,3,4,4,11,13,11,13,14,13,1,13,1,13,0
20260130,prepaid,HSW,0,0,5,5,13,13,13,13,13,13,15,13,0,13,0,9,0
20260127,prepaid,HSW,0,0,11,11,11,11,12,12,12,13,10,9,1,13,8,11,3
20260118,prepaid,HSW,0,0,17,17,11,11,10,15,10,15,16,14,5,15,5,17,3
20260206,prepaid,HSW,0,0,7,7,8,9,13,14,14,15,16,13,0,15,1,17,1
20260108,prepaid,HSW,0,0,3,3,4,4,13,14,14,16,14,14,0,16,0,12,0
20260123,prepaid,HSW,0,,,,30,31,16,17,16,17,17,15,0,17,4,18,1
20260202,prepaid,HSW,0,0,7,7,21,21,15,15,18,18,12,12,0,18,0,12,0
20260124,prepaid,HSW,0,0,6,6,5,5,15,16,16,18,16,14,0,18,4,15,0
20260126,prepaid,HSW,0,0,14,14,5,5,17,18,18,19,19,16,1,19,10,18,0
20260121,prepaid,HSW,0,0,20,20,14,14,18,19,20,21,18,16,1,21,3,18,1
20260120,prepaid,HSW,0,0,11,11,17,17,19,21,21,24,21,18,0,24,4,20,1
20260107,cod,HSW,0,5,40,40,20,32,11,17,12,26,24,17,2,26,16,31,1
20260106,cod,HSW,1,2,33,33,19,31,12,23,14,34,21,20,3,34,0,20,0
20260109,cod,HSW,0,6,37,37,29,40,17,25,19,37,34,23,5,37,5,29,4
20260102,cod,HSW,0,0,36,36,13,16,14,29,15,38,33,23,8,38,9,32,2
20260110,cod,HSW,0,0,26,27,6,12,11,29,12,39,30,23,1,39,10,39,4
20260111,cod,HSW,0,0,18,18,28,47,11,30,13,40,38,26,8,40,12,28,0
20260103,cod,HSW,1,0,30,31,28,44,13,28,15,41,28,22,7,41,15,30,1
20260105,cod,HSW,0,15,39,39,32,54,11,25,15,41,33,21,7,41,2,18,0
20260104,cod,HSW,0,0,33,33,14,26,11,24,15,43,24,22,9,43,13,25,2
20260112,cod,HSW,0,3,52,52,15,23,20,30,22,49,27,23,9,49,13,30,4
20260114,cod,HSW,0,5,65,66,59,97,13,35,19,53,33,29,11,53,3,32,1
20260115,cod,HSW,3,5,25,25,42,64,15,32,16,54,34,27,15,54,2,26,0
20260113,cod,HSW,0,0,91,91,33,48,28,40,31,55,40,36,4,55,4,37,2
20260108,cod,HSW,1,0,25,27,15,26,30,49,33,58,48,46,6,58,1,34,1
20260117,cod,HSW,0,3,49,50,64,102,17,35,19,59,49,29,11,59,11,31,3
20260116,cod,HSW,0,0,90,90,5,12,13,31,21,62,31,23,15,62,10,44,7
20260119,cod,HSW,2,15,95,95,37,65,18,42,29,65,41,28,9,65,29,60,7
20260122,cod,HSW,3,4,81,81,37,64,24,40,27,67,37,32,5,67,20,50,4
20260207,cod,HSW,0,1,2,2,29,56,25,48,31,72,42,38,9,72,3,46,3
20260205,cod,HSW,0,0,72,72,65,110,17,46,23,72,55,38,14,72,2,40,1
20260124,cod,HSW,1,0,67,68,33,48,41,63,45,75,73,51,9,75,22,81,9
20260204,cod,HSW,3,0,89,89,29,53,29,56,31,78,58,46,8,78,5,61,2
20260120,cod,HSW,2,0,81,81,48,76,39,55,43,80,60,47,9,80,3,32,2
20260118,cod,HSW,0,0,76,78,25,44,39,62,42,82,65,57,11,82,9,69,4
20260131,cod,HSW,0,0,78,78,33,64,31,53,37,86,61,45,5,86,20,65,5
20260203,cod,HSW,0,0,52,52,17,30,31,60,33,86,69,56,10,86,6,58,5
20260125,cod,HSW,0,0,54,54,34,61,25,61,30,93,58,51,15,93,37,77,4
20260121,cod,HSW,4,0,113,113,66,113,42,73,44,94,76,67,14,94,14,87,8
20260208,cod,HSW,0,,,,0,1,36,76,38,96,91,74,19,96,8,87,2
20260123,cod,HSW,1,0,22,22,62,104,38,76,43,97,85,70,9,97,9,61,3
20260202,cod,HSW,1,5,43,43,93,180,38,64,41,97,56,49,13,97,8,61,5
20260127,cod,HSW,0,0,57,57,40,77,39,66,46,102,59,53,16,102,31,69,4
20260129,cod,HSW,1,0,45,45,32,53,31,65,40,103,68,55,12,103,27,73,2
20260128,cod,HSW,2,4,66,66,51,76,32,70,38,106,75,61,14,106,19,62,3
20260206,cod,HSW,0,0,27,27,29,44,37,86,44,106,83,74,9,106,5,90,3
20260130,cod,HSW,0,0,77,77,31,54,44,81,50,113,73,67,17,113,12,59,3
20260126,cod,HSW,1,0,95,95,37,54,48,84,54,113,99,78,14,113,35,87,6
20260205,prepaid,ILB,1,48,68,68,61,66,22,24,23,25,28,20,1,25,5,23,1
20260204,prepaid,ILB,0,33,58,58,40,40,24,26,26,28,28,21,0,28,4,27,3
20260128,prepaid,ILB,0,22,31,31,34,34,29,32,30,35,35,24,3,35,9,36,3
20260202,prepaid,ILB,0,35,42,42,50,52,24,27,30,35,27,20,2,35,8,27,3
20260203,prepaid,ILB,1,35,42,43,42,43,28,31,31,37,30,25,1,37,2,31,1
20260123,prepaid,ILB,1,31,37,37,33,36,31,33,36,40,33,23,3,40,5,34,2
20260129,prepaid,ILB,1,23,27,27,31,36,27,33,32,40,31,24,3,40,1,21,0
20260126,prepaid,ILB,0,2,11,11,1,2,29,33,31,40,35,28,3,40,3,27,2
20260124,prepaid,ILB,2,36,39,40,39,41,31,34,37,41,27,26,3,41,4,28,3
20260125,prepaid,ILB,0,14,19,19,18,18,33,39,34,42,47,37,6,42,7,48,5
20260127,prepaid,ILB,0,96,108,112,104,106,30,32,37,44,25,18,4,44,1,24,0
20260130,prepaid,ILB,0,26,33,33,30,30,36,38,38,46,43,34,2,46,4,49,2
20260131,prepaid,ILB,0,15,28,28,18,20,39,41,41,47,56,36,3,47,8,42,3
20260122,prepaid,ILB,1,22,27,27,25,26,34,40,37,49,38,26,7,49,6,40,3
20260206,prepaid,ILB,3,166,191,191,184,191,40,47,43,50,50,39,4,50,1,45,0
20260120,prepaid,ILB,0,22,30,30,39,39,36,37,41,52,44,31,7,52,8,48,3
20260121,prepaid,ILB,0,39,43,43,44,47,41,46,45,55,48,34,8,55,9,41,2
20260201,prepaid,ILB,0,1,7,7,4,4,46,53,48,57,52,42,7,57,5,60,5
20260207,prepaid,ILB,4,132,152,153,149,158,68,75,72,81,81,67,6,81,6,71,4
20260208,prepaid,ILB,1,65,242,242,69,72,77,87,81,95,104,77,9,95,10,89,6
20260119,prepaid,ILB,0,44,61,61,47,50,73,76,89,102,59,49,9,102,6,67,4
20260118,prepaid,ILB,1,4,10,11,6,7,71,79,77,103,79,59,16,103,15,110,6
20260117,prepaid,ILB,1,25,28,28,33,34,163,176,183,206,172,152,12,206,15,171,8
20260111,prepaid,ILB,2,67,90,90,78,82,173,193,184,218,212,172,17,218,29,214,15
20260113,prepaid,ILB,2,220,261,262,273,281,180,193,191,219,199,162,15,219,23,200,17
20260110,prepaid,ILB,5,196,222,225,255,269,195,211,206,233,214,185,16,233,14,221,9
20260109,prepaid,ILB,3,157,234,236,239,247,188,203,204,236,208,178,13,236,15,202,7
20260112,prepaid,ILB,2,339,408,409,367,371,211,227,230,259,230,198,16,259,18,223,14
20260108,prepaid,ILB,1,154,245,247,207,212,215,228,236,268,233,200,16,268,14,249,9
20260116,prepaid,ILB,1,44,52,54,81,83,196,214,233,270,176,157,21,270,17,219,9
20260114,prepaid,ILB,2,127,147,148,139,142,227,250,238,271,256,217,18,271,18,252,8
20260115,prepaid,ILB,2,30,49,49,69,72,229,269,245,298,319,244,29,298,38,278,19
20260107,prepaid,ILB,1,160,216,216,196,201,232,260,251,302,256,220,18,302,16,241,5
20260106,prepaid,ILB,0,194,237,239,222,229,237,256,257,305,251,209,19,305,19,284,8
20260104,prepaid,ILB,1,49,70,70,86,90,249,290,262,325,293,233,30,325,28,309,12
20260101,prepaid,ILB,0,33,166,166,57,60,250,287,273,339,328,243,33,339,41,364,22
20260103,prepaid,ILB,1,256,310,323,300,308,273,290,308,347,304,244,17,347,22,300,15
20260105,prepaid,ILB,0,232,268,268,266,269,262,291,295,350,278,235,27,350,12,284,6
20260102,prepaid,ILB,0,254,308,312,394,410,355,383,388,442,371,303,30,442,32,375,22
20260118,cod,ILB,6,362,386,401,161,369,158,433,206,802,499,323,187,802,78,557,50
20260114,cod,ILB,20,432,436,439,222,520,241,492,286,849,525,366,193,849,94,581,53
20260121,cod,ILB,16,874,885,896,460,950,200,502,251,892,542,386,191,892,57,510,36
20260205,cod,ILB,90,3093,3104,3108,1568,3157,153,394,190,902,443,252,220,902,39,351,31
20260120,cod,ILB,103,1053,1127,1151,490,1228,215,529,267,923,545,402,209,923,70,533,48
20260111,cod,ILB,5,307,329,333,162,338,226,513,286,933,605,393,232,933,80,604,49
20260122,cod,ILB,19,1137,1154,1174,544,1144,216,560,256,934,606,434,210,934,70,585,47
20260119,cod,ILB,39,1642,1815,1819,754,1672,194,505,253,940,505,339,220,940,95,481,55
20260113,cod,ILB,16,401,537,538,255,513,245,539,300,968,592,424,196,968,55,478,44
20260115,cod,ILB,16,517,589,592,287,572,283,618,348,975,688,495,193,975,79,595,39
20260204,cod,ILB,13,489,552,565,174,509,163,469,210,979,450,301,238,979,63,467,43
20260117,cod,ILB,15,422,438,443,193,481,258,600,327,993,587,448,182,993,72,558,50
20260206,cod,ILB,38,1590,1607,1609,782,1602,226,614,263,995,699,492,220,995,95,695,54
20260116,cod,ILB,13,480,538,538,282,557,267,590,325,996,626,440,223,996,85,642,54
20260112,cod,ILB,28,955,1074,1074,524,985,265,580,330,1049,536,397,254,1049,62,530,36
20260110,cod,ILB,16,628,666,667,418,793,297,616,358,1076,647,482,250,1076,72,662,50
20260109,cod,ILB,12,317,483,488,213,412,279,607,343,1144,604,442,266,1144,82,675,51
20260203,cod,ILB,11,486,505,523,191,497,167,494,248,1163,444,294,284,1163,75,534,41
20260123,cod,ILB,16,979,1003,1016,484,994,311,786,343,1175,931,647,254,1175,164,764,79
20260108,cod,ILB,11,510,608,612,329,605,310,642,396,1283,641,456,290,1283,65,713,43
20260124,cod,ILB,21,991,998,1008,514,1003,396,990,460,1488,1073,776,289,1488,161,854,95
20260107,cod,ILB,7,474,561,564,255,488,389,799,479,1529,773,577,334,1529,80,857,52
20260202,cod,ILB,14,406,420,422,229,544,273,747,367,1542,633,432,369,1542,88,927,65
20260101,cod,ILB,23,977,1082,1084,710,1245,394,940,472,1572,1167,751,362,1572,190,1204,115
20260207,cod,ILB,31,1233,1242,1243,615,1247,482,1167,529,1607,1401,995,338,1607,187,1191,127
20260125,cod,ILB,14,930,931,942,458,955,392,1038,450,1611,1139,805,373,1611,138,1214,100
20260126,cod,ILB,34,1325,1459,1466,676,1329,351,942,436,1649,956,699,370,1649,192,1123,121
20260201,cod,ILB,0,76,124,126,30,79,400,988,475,1677,1169,811,373,1677,152,1055,103
20260127,cod,ILB,29,1180,1220,1241,592,1313,344,898,453,1711,862,629,395,1711,171,1034,104
20260131,cod,ILB,15,440,529,598,221,540,425,1058,509,1749,1060,821,394,1749,152,1169,98
20260128,cod,ILB,13,471,506,515,219,513,465,1048,562,1765,1122,843,367,1765,140,978,85
20260129,cod,ILB,8,305,336,339,130,333,476,1104,578,1814,1134,847,371,1814,139,1014,80
20260106,cod,ILB,19,739,765,769,421,789,479,1001,599,1830,1011,730,360,1830,87,1097,58
20260208,cod,ILB,30,1265,2876,2881,548,1268,468,1244,533,1854,1465,994,380,1854,232,1314,140
20260130,cod,ILB,8,432,533,535,178,469,463,1111,558,1863,1131,852,424,1863,139,1185,88
20260104,cod,ILB,3,141,153,154,86,178,657,1385,782,2216,1495,1057,474,2216,178,1563,115
20260105,cod,ILB,15,936,987,997,531,957,609,1226,766,2216,1148,857,444,2216,139,1359,96
20260102,cod,ILB,27,1456,1527,1544,893,1591,674,1424,810,2259,1460,1053,448,2259,159,1409,87
20260103,cod,ILB,13,671,718,732,366,746,765,1519,908,2325,1649,1193,451,2325,160,1467,119
20260130,prepaid,ILM,0,0,2,2,7,7,2,2,2,2,3,2,0,2,0,1,0
20260129,prepaid,ILM,0,0,6,7,14,14,2,2,2,2,1,1,0,2,0,2,0
20260128,prepaid,ILM,0,2,21,21,3,3,3,3,4,4,2,2,0,4,0,5,0
20260126,prepaid,ILM,0,0,2,2,1,1,4,5,4,5,4,3,0,5,2,5,0
20260204,prepaid,ILM,0,,,,3,3,4,5,4,5,3,2,1,5,0,6,0
20260131,prepaid,ILM,0,4,5,5,7,7,5,5,5,5,5,4,0,5,1,5,1
20260203,prepaid,ILM,0,3,4,4,7,7,6,6,6,6,9,6,0,6,1,7,1
20260207,prepaid,ILM,0,5,14,14,9,9,6,7,6,7,6,6,0,7,0,7,0
20260206,prepaid,ILM,0,3,7,7,13,14,7,7,8,8,7,6,0,8,0,8,0
20260205,prepaid,ILM,0,0,14,15,1,1,9,9,9,9,6,6,0,9,0,5,0
20260202,prepaid,ILM,0,5,10,10,10,10,9,9,9,9,10,8,0,9,1,9,1
20260127,prepaid,ILM,0,0,1,1,3,3,8,9,9,10,10,8,1,10,0,6,0
20260119,prepaid,ILM,0,26,33,33,30,30,6,7,7,10,8,6,2,10,2,10,0
20260127,cod,ILM,0,0,10,10,4,4,1,6,2,10,12,6,3,10,6,11,3
20260123,prepaid,ILM,0,0,8,9,8,8,9,9,10,12,12,7,1,12,0,9,0
20260126,cod,ILM,0,3,4,4,5,13,5,7,6,13,5,5,2,13,0,8,0
20260117,prepaid,ILM,0,7,9,9,45,45,10,11,11,13,10,8,1,13,0,10,0
20260205,cod,ILM,0,2,8,9,4,19,4,8,4,13,10,6,2,13,2,11,2
20260124,prepaid,ILM,0,,,,7,7,11,11,13,14,6,5,0,14,1,17,0
20260131,cod,ILM,0,5,8,8,6,15,4,9,4,14,9,8,2,14,0,9,0
20260202,cod,ILM,0,5,17,17,6,11,4,11,4,14,11,8,3,14,2,10,2
20260123,cod,ILM,0,0,19,19,3,4,3,7,4,15,10,3,3,15,0,5,0
20260204,cod,ILM,0,2,18,19,5,12,5,12,5,16,11,9,2,16,1,8,0
20260206,cod,ILM,1,8,11,11,11,21,8,14,8,18,13,10,4,18,0,11,0
20260130,cod,ILM,0,0,11,11,5,8,5,10,6,18,7,6,1,18,2,9,2
20260203,cod,ILM,0,2,19,19,6,15,3,11,5,18,15,11,2,18,0,12,0
20260129,cod,ILM,0,0,9,9,4,11,6,12,6,19,12,10,3,19,0,7,0
20260122,prepaid,ILM,0,1,4,4,5,5,16,17,16,19,15,14,2,19,1,6,0
20260115,prepaid,ILM,0,10,24,24,13,14,18,19,19,20,22,18,0,20,0,14,0
20260119,cod,ILM,0,2,2,2,7,13,5,11,6,21,15,7,5,21,7,19,3
20260107,prepaid,ILM,0,13,20,20,33,33,16,20,16,21,22,17,1,21,5,25,1
20260120,cod,ILM,0,22,32,32,15,23,7,15,8,22,14,8,1,22,2,9,1
20260112,prepaid,ILM,0,26,35,40,36,36,17,18,21,22,17,14,1,22,1,13,0
20260122,cod,ILM,1,0,5,5,9,16,7,11,7,22,13,9,4,22,3,13,3
20260128,cod,ILM,0,4,18,19,5,17,5,19,7,23,17,14,1,23,6,21,1
20260110,prepaid,ILM,0,17,28,29,28,28,21,24,21,25,22,20,2,25,2,25,2
20260207,cod,ILM,0,4,15,15,4,10,6,19,6,26,15,14,6,26,1,16,0
20260121,prepaid,ILM,0,1,7,7,3,3,21,23,23,26,27,22,0,26,2,26,2
20260120,prepaid,ILM,0,1,2,2,7,7,22,23,23,27,23,22,0,27,0,20,0
20260109,prepaid,ILM,0,8,18,18,13,13,27,27,27,28,29,25,0,28,1,34,0
20260103,prepaid,ILM,0,17,29,29,39,40,23,25,23,28,23,17,2,28,2,19,1
20260117,cod,ILM,0,5,5,5,25,44,5,13,9,28,19,11,8,28,1,11,1
20260124,cod,ILM,0,8,9,9,6,25,13,24,14,29,21,18,6,29,1,22,1
20260113,prepaid,ILM,0,9,17,18,15,15,25,27,29,32,30,22,2,32,4,28,1
20260108,prepaid,ILM,0,20,22,22,26,26,28,29,31,33,27,23,1,33,1,22,1
20260106,prepaid,ILM,0,8,28,28,26,26,27,29,32,34,29,24,1,34,3,29,1
20260105,prepaid,ILM,0,21,37,38,38,39,28,32,30,34,31,28,4,34,0,28,0
20260121,cod,ILM,0,0,11,11,2,4,12,26,13,37,25,21,4,37,1,21,1
20260101,prepaid,ILM,0,8,23,24,14,14,36,37,37,38,38,33,0,38,0,39,0
20260102,prepaid,ILM,0,22,43,44,36,36,35,37,36,39,42,33,2,39,9,46,5
20260115,cod,ILM,0,0,6,6,6,14,6,17,11,40,17,11,12,40,1,12,1
20260113,cod,ILM,2,5,10,10,11,27,9,26,19,83,19,14,25,83,7,40,6
20260112,cod,ILM,0,14,33,34,18,27,20,41,33,103,25,15,25,103,2,37,2
20260110,cod,ILM,0,7,16,16,11,21,55,98,70,185,93,54,30,185,10,106,7
20260105,cod,ILM,10,631,650,651,386,645,45,117,63,228,134,83,44,228,12,117,8
20260103,cod,ILM,2,190,195,197,107,210,54,131,74,273,114,85,62,273,17,125,13
20260106,cod,ILM,0,7,21,22,10,24,90,189,103,280,203,147,60,280,18,190,8
20260109,cod,ILM,1,5,18,18,9,16,98,183,113,288,194,140,47,288,18,240,12
20260108,cod,ILM,2,7,16,16,10,18,90,179,111,291,187,131,52,291,23,223,16
20260101,cod,ILM,1,68,75,79,34,74,75,154,89,291,196,113,77,291,41,245,26
20260107,cod,ILM,1,7,18,18,9,21,102,210,124,309,231,163,64,309,16,175,12
20260102,cod,ILM,0,195,210,210,101,205,109,220,127,363,211,156,71,363,33,239,22
20260208,prepaid,ILS,1,42,64,65,50,53,88,101,95,119,112,84,14,119,10,106,5
20260204,prepaid,ILS,0,57,147,164,121,123,89,99,101,120,105,75,10,120,19,107,13
20260206,prepaid,ILS,2,64,101,110,119,123,109,117,119,137,123,99,6,137,14,128,4
20260207,prepaid,ILS,3,56,100,110,94,101,125,138,131,150,150,116,10,150,10,124,7
20260107,prepaid,ILS,2,235,336,346,332,343,118,129,130,153,148,111,12,153,12,122,3
20260106,prepaid,ILS,5,181,293,301,481,495,111,127,125,153,114,95,14,153,7,126,4
20260205,prepaid,ILS,2,60,124,131,140,145,131,141,140,162,140,115,10,162,4,117,3
20260105,prepaid,ILS,0,123,435,451,216,221,123,136,136,163,133,103,15,163,14,137,9
20260104,prepaid,ILS,1,30,51,55,39,40,125,140,138,168,154,109,19,168,13,150,7
20260129,prepaid,ILS,0,109,202,208,223,228,124,132,144,170,141,116,10,170,15,123,9
20260128,prepaid,ILS,3,172,293,302,303,315,126,144,144,182,134,113,19,182,19,155,7
20260130,prepaid,ILS,4,115,193,203,213,222,153,169,161,186,198,153,8,186,30,164,19
20260118,prepaid,ILS,0,40,64,65,54,55,146,170,158,192,189,137,15,192,27,199,16
20260108,prepaid,ILS,1,202,234,245,296,307,170,180,179,200,181,149,8,200,20,171,10
20260117,prepaid,ILS,2,124,162,165,252,266,166,174,183,203,178,131,7,203,21,160,8
20260203,prepaid,ILS,2,103,168,176,154,159,151,169,173,206,160,131,10,206,8,165,5
20260101,prepaid,ILS,0,44,96,105,90,91,153,180,167,210,199,149,22,210,17,175,11
20260126,prepaid,ILS,0,28,71,77,75,75,171,193,182,218,204,154,16,218,16,181,8
20260114,prepaid,ILS,1,61,109,118,104,107,168,180,187,221,177,141,16,221,21,177,8
20260115,prepaid,ILS,2,87,180,187,134,141,176,204,189,228,240,171,17,228,39,205,21
20260125,prepaid,ILS,2,0,37,39,6,8,175,202,188,229,223,167,19,229,23,198,17
20260103,prepaid,ILS,1,83,157,181,144,152,184,202,197,233,216,169,16,233,28,215,14
20260202,prepaid,ILS,3,120,178,189,169,179,181,199,200,234,190,150,15,234,25,242,13
20260127,prepaid,ILS,2,200,352,361,261,267,170,194,201,241,162,137,18,241,20,202,12
20260121,prepaid,ILS,3,224,269,280,298,306,173,201,195,248,201,158,23,248,15,194,7
20260122,prepaid,ILS,3,44,168,172,86,92,185,213,213,258,216,178,19,258,21,200,9
20260102,prepaid,ILS,2,70,161,170,142,146,186,209,228,267,204,159,20,267,19,202,12
20260131,prepaid,ILS,2,77,112,122,147,156,221,245,236,270,272,218,9,270,24,239,20
20260123,prepaid,ILS,2,93,217,223,213,220,214,239,234,277,280,205,20,277,25,242,14
20260116,prepaid,ILS,5,421,562,576,499,522,217,239,239,281,238,184,21,281,30,249,17
20260113,prepaid,ILS,2,160,239,259,269,278,214,239,241,287,240,203,22,287,22,238,8
20260124,prepaid,ILS,4,144,192,200,271,279,235,253,262,287,251,204,11,287,44,290,23
20260201,prepaid,ILS,0,1,36,36,7,7,237,261,254,291,283,227,15,291,31,256,15
20260112,prepaid,ILS,3,266,378,389,342,350,251,277,283,333,263,224,18,333,22,297,11
20260120,prepaid,ILS,4,178,255,259,279,292,249,284,282,337,269,226,22,337,30,312,12
20260111,prepaid,ILS,0,27,58,60,40,40,264,301,282,340,315,255,28,340,25,301,16
20260110,prepaid,ILS,1,168,235,259,216,228,287,328,304,358,331,273,20,358,39,370,20
20260109,prepaid,ILS,2,190,274,282,227,234,325,362,340,382,413,338,15,382,36,337,24
20260119,prepaid,ILS,3,202,325,330,260,265,330,373,349,405,402,329,25,405,50,371,25
20260101,cod,ILS,1,96,227,238,123,196,117,260,141,421,342,206,102,421,64,324,39
20260118,cod,ILS,6,135,205,208,87,150,120,269,144,446,309,190,105,446,59,305,33
20260122,cod,ILS,9,75,282,286,103,220,146,272,171,474,314,195,113,474,48,315,28
20260129,cod,ILS,12,190,373,388,242,451,127,279,158,480,289,199,106,480,32,239,20
20260115,cod,ILS,11,252,360,399,232,380,158,302,183,481,326,212,94,481,44,272,22
20260108,cod,ILS,10,231,333,342,206,388,166,299,188,483,339,236,98,483,39,302,26
20260123,cod,ILS,10,248,409,428,281,491,145,318,176,486,333,226,107,486,53,332,33
20260126,cod,ILS,4,121,264,281,162,281,136,289,175,489,329,209,110,489,53,328,31
20260125,cod,ILS,1,34,132,133,20,59,143,346,170,503,374,252,133,503,50,361,37
20260114,cod,ILS,11,161,273,284,129,223,155,308,181,503,333,233,115,503,41,337,24
20260120,cod,ILS,7,205,338,346,240,406,166,328,195,508,338,233,115,508,42,326,29
20260107,cod,ILS,6,244,400,410,237,428,172,344,205,508,346,259,98,508,37,329,25
20260121,cod,ILS,10,210,412,423,177,340,144,312,172,510,330,241,110,510,33,325,23
20260106,cod,ILS,4,227,381,425,277,494,166,308,206,511,322,223,81,511,35,320,20
20260128,cod,ILS,15,290,578,597,335,537,162,310,198,515,318,233,106,515,33,273,17
20260116,cod,ILS,13,251,419,430,183,330,159,330,182,516,331,214,115,516,51,358,30
20260117,cod,ILS,11,191,347,357,212,379,168,334,195,520,370,256,119,520,33,301,24
20260206,cod,ILS,11,231,371,390,187,389,168,353,192,520,381,267,99,520,39,356,31
20260111,cod,ILS,5,61,153,155,67,124,156,333,190,523,364,268,115,523,54,404,30
20260127,cod,ILS,12,192,448,507,231,423,142,323,173,535,292,203,138,535,39,303,33
20260130,cod,ILS,10,232,472,484,208,402,185,334,214,535,352,249,100,535,44,395,29
20260113,cod,ILS,13,252,357,366,215,403,161,321,197,536,354,240,114,536,63,351,42
20260204,cod,ILS,3,187,334,346,181,381,144,329,189,538,337,240,108,538,48,354,37
20260208,cod,ILS,4,95,155,156,94,165,152,347,179,544,371,253,118,544,48,424,31
20260109,cod,ILS,3,164,350,358,143,255,199,390,225,547,439,313,90,547,35,389,24
20260119,cod,ILS,9,206,401,418,251,428,198,341,235,548,332,237,98,548,39,345,23
20260201,cod,ILS,0,15,118,121,35,72,181,399,209,549,434,302,133,549,64,457,44
20260112,cod,ILS,11,276,426,439,274,486,166,351,207,551,364,265,121,551,51,375,28
20260131,cod,ILS,11,207,332,341,317,513,206,383,236,553,405,295,115,553,39,399,30
20260124,cod,ILS,7,220,402,418,230,404,206,355,244,555,374,255,106,555,68,374,42
20260205,cod,ILS,7,161,306,319,167,308,176,349,203,557,367,259,94,557,36,274,29
20260105,cod,ILS,5,306,592,603,306,507,170,312,224,566,326,213,114,566,31,330,19
20260207,cod,ILS,6,143,290,296,158,284,151,383,180,576,404,287,123,576,54,457,40
20260202,cod,ILS,10,234,462,468,206,417,196,389,240,592,414,298,113,592,48,416,33
20260110,cod,ILS,7,179,357,376,204,363,192,412,214,602,409,300,121,602,49,449,36
20260102,cod,ILS,1,189,338,353,235,400,195,413,227,604,431,297,126,604,61,410,31
20260104,cod,ILS,1,84,186,189,67,118,193,410,227,614,455,323,126,614,61,405,38
20260203,cod,ILS,7,251,450,464,229,461,198,399,234,615,408,292,118,615,57,457,46
20260103,cod,ILS,5,226,376,391,202,373,225,400,266,616,426,299,130,616,51,394,28
20260125,cod,KAL,2,281,685,686,363,416,0,2,0,5,1,1,4,5,0,1,0
20260124,prepaid,KAL,0,0,98,98,1,1,2,3,2,5,1,1,0,5,,,
20260124,cod,KAL,0,1,136,136,1,1,1,1,2,7,,,1,7,,,
20260125,prepaid,KAL,0,262,668,668,348,361,2,3,2,7,2,2,2,7,0,2,0
20260126,prepaid,KAL,2,368,659,659,745,761,2,3,2,8,6,2,2,8,1,3,1
20260126,cod,KAL,7,361,606,606,668,755,1,2,4,9,2,0,1,9,,,
20260123,cod,KAL,0,,,,1,1,0,1,3,10,1,0,3,10,0,1,0
20260122,prepaid,KAL,0,2,2,2,2,2,5,6,11,14,5,4,1,14,0,2,0
20260120,prepaid,KAL,0,3,6,7,3,3,29,36,36,46,29,27,5,46,4,57,3
20260120,cod,KAL,0,2,4,4,2,2,48,63,63,98,52,49,19,98,3,71,3
20260119,prepaid,KAL,0,1,1,1,0,1,83,91,96,107,82,75,1,107,3,75,2
20260111,prepaid,KAL,0,55,88,89,116,121,84,94,95,112,93,83,9,112,7,110,4
20260118,prepaid,KAL,0,,,,12,12,82,96,94,116,89,80,10,116,4,107,1
20260112,cod,KAL,2,129,141,141,147,176,60,76,78,117,87,62,19,117,8,77,3
20260111,cod,KAL,0,81,123,124,136,148,58,79,74,122,73,65,29,122,4,91,2
20260115,prepaid,KAL,0,79,82,82,99,100,89,107,93,122,98,84,13,122,4,116,2
20260101,prepaid,KAL,0,54,88,88,97,98,96,115,99,123,131,106,14,123,8,157,6
20260116,prepaid,KAL,0,74,114,114,76,77,93,110,102,127,126,98,16,127,14,122,8
20260117,prepaid,KAL,2,36,57,57,72,76,90,99,107,127,93,76,11,127,3,103,2
20260112,prepaid,KAL,0,122,134,135,155,160,101,112,107,128,110,100,9,128,3,96,1
20260115,cod,KAL,0,100,106,106,109,117,64,94,72,129,91,72,24,129,9,144,5
20260101,cod,KAL,4,53,95,96,70,89,61,91,75,131,110,85,29,131,10,129,10
20260127,prepaid,KAL,0,0,1,1,282,289,129,137,130,141,152,134,1,141,0,26,0
20260127,cod,KAL,1,1,2,2,215,244,113,143,114,145,172,140,13,145,1,25,1
20260103,prepaid,KAL,1,216,342,342,231,235,110,127,122,145,124,113,12,145,9,139,6
20260116,cod,KAL,1,80,117,117,80,87,80,108,91,147,120,87,28,147,9,94,6
20260104,cod,KAL,3,146,198,198,212,238,92,117,105,153,136,100,30,153,10,111,10
20260102,prepaid,KAL,0,150,171,172,182,184,130,142,142,163,134,121,9,163,4,120,2
20260114,prepaid,KAL,0,83,104,106,114,114,140,149,147,169,154,133,7,169,8,135,5
20260103,cod,KAL,3,162,274,278,150,177,97,130,111,173,131,113,35,173,4,142,3
20260118,cod,KAL,0,,,,15,18,90,123,111,174,105,93,37,174,7,123,3
20260117,cod,KAL,1,36,56,56,65,73,93,122,109,174,120,91,30,174,11,141,6
20260104,prepaid,KAL,1,155,188,189,265,270,136,152,152,177,166,146,14,177,10,146,6
20260102,cod,KAL,1,137,153,153,151,179,103,138,124,183,141,120,36,183,5,124,4
20260113,prepaid,KAL,0,76,107,107,85,88,176,191,185,206,199,181,12,206,12,178,9
20260109,prepaid,KAL,0,87,164,164,85,87,176,189,190,209,195,178,10,209,11,222,6
20260110,cod,KAL,2,139,207,207,155,181,137,163,161,211,172,149,23,211,15,164,12
20260208,prepaid,KAL,1,0,2,2,189,195,175,197,183,213,202,186,13,213,12,250,5
20260107,prepaid,KAL,1,85,117,117,223,228,183,195,196,215,193,178,7,215,13,221,10
20260208,cod,KAL,0,169,213,213,296,327,127,162,145,216,165,148,32,216,11,236,8
20260114,cod,KAL,0,122,140,140,140,155,131,179,147,217,191,166,31,217,8,166,8
20260206,prepaid,KAL,0,2,231,231,70,72,180,198,191,218,195,186,12,218,6,240,3
20260131,cod,KAL,4,257,334,334,412,462,109,146,139,219,156,130,21,219,3,30,2
20260130,prepaid,KAL,1,310,535,535,529,543,172,181,189,226,172,163,10,226,9,269,7
20260110,prepaid,KAL,1,116,182,182,184,192,199,211,214,230,212,200,9,230,11,200,8
20260131,prepaid,KAL,2,317,388,388,518,527,187,200,199,231,206,184,18,231,4,43,4
20260108,prepaid,KAL,0,72,72,72,97,101,195,208,210,234,209,193,15,234,18,196,8
20260105,cod,KAL,2,96,264,264,132,154,141,197,156,235,193,171,36,235,18,209,13
20260108,cod,KAL,0,64,64,64,84,94,123,174,148,238,181,160,42,238,16,153,6
20260106,prepaid,KAL,2,79,213,213,263,267,190,209,210,238,212,194,12,238,14,205,9
20260106,cod,KAL,2,69,173,173,192,228,142,178,158,240,188,155,40,240,18,194,14
20260206,cod,KAL,0,0,209,210,9,11,148,177,180,240,178,162,28,240,8,216,5
20260105,prepaid,KAL,1,110,303,303,150,151,196,221,210,242,222,204,19,242,14,234,8
20260109,cod,KAL,1,63,108,108,58,63,146,182,164,246,187,166,48,246,16,219,12
20260107,cod,KAL,1,69,94,94,170,191,137,181,168,247,174,159,39,247,12,205,8
20260113,cod,KAL,0,71,104,104,70,83,186,228,201,255,227,207,26,255,11,174,7
20260130,cod,KAL,1,278,499,500,365,437,126,156,186,268,134,125,36,268,7,253,4
20260207,cod,KAL,2,9,165,165,190,217,183,225,198,271,229,209,31,271,6,209,5
20260207,prepaid,KAL,0,1,178,178,215,219,235,249,249,272,252,234,10,272,9,257,6
20260205,prepaid,KAL,1,126,196,197,265,273,259,269,273,297,271,255,7,297,9,228,6
20260204,prepaid,KAL,0,219,372,372,235,242,282,296,309,343,276,266,16,343,9,356,7
20260205,cod,KAL,1,161,172,172,229,258,198,242,236,346,247,230,39,346,7,223,5
20260201,cod,KAL,0,269,311,312,312,345,234,298,246,355,336,274,39,355,19,224,11
20260204,cod,KAL,1,202,300,300,192,215,211,269,246,375,250,237,53,375,7,335,7
20260201,prepaid,KAL,3,297,350,350,361,372,352,372,362,397,389,352,8,397,7,288,3
20260202,cod,KAL,0,141,163,163,178,203,282,377,308,453,384,328,60,453,20,418,11
20260202,prepaid,KAL,0,151,208,208,226,228,423,446,435,473,451,412,18,473,27,515,18
20260203,prepaid,KAL,0,183,202,202,240,243,436,476,453,509,481,446,21,509,22,537,14
20260129,prepaid,KAL,2,267,492,492,269,277,451,478,473,520,465,447,12,520,18,733,11
20260203,cod,KAL,2,184,196,196,189,212,315,420,364,522,405,366,61,522,17,447,13
20260129,cod,KAL,0,199,351,351,174,209,381,490,430,583,479,437,61,583,40,704,33
20260128,cod,KAL,0,1,12,12,1,2,444,568,457,588,622,544,57,588,22,421,16
20260128,prepaid,KAL,0,0,13,13,1,1,544,588,548,598,619,573,16,598,11,371,7
20260128,prepaid,KAP,14,725,784,785,786,817,467,507,520,581,501,412,30,581,40,583,16
20260103,prepaid,KAP,6,989,1083,1084,1152,1188,573,615,619,687,635,524,37,687,67,696,33
20260128,cod,KAP,8,659,726,727,533,737,260,424,351,706,408,301,119,706,60,524,31
20260127,prepaid,KAP,7,1327,1423,1424,1556,1592,614,665,691,772,589,511,36,772,25,661,19
20260123,prepaid,KAP,7,909,996,1000,977,1006,684,747,720,802,819,666,33,802,75,762,27
20260118,prepaid,KAP,5,701,744,746,710,732,672,746,715,826,767,605,47,826,66,839,29
20260201,prepaid,KAP,6,742,793,795,809,837,716,784,746,832,801,670,45,832,62,851,28
20260103,cod,KAP,13,774,882,885,677,923,309,508,400,862,509,365,165,862,52,584,32
20260114,prepaid,KAP,6,607,844,847,585,608,751,801,792,870,843,673,38,870,70,914,43
20260111,prepaid,KAP,4,713,767,771,792,813,731,793,771,874,808,659,54,874,82,865,32
20260203,prepaid,KAP,6,872,977,981,938,965,758,812,792,876,822,708,29,876,42,834,23
20260102,prepaid,KAP,7,1776,1980,1985,1800,1841,749,797,809,885,767,664,34,885,37,837,18
20260120,prepaid,KAP,9,792,844,845,856,875,740,792,796,891,799,666,40,891,59,882,21
20260131,prepaid,KAP,6,794,889,893,828,852,768,808,818,892,817,679,33,892,50,827,29
20260118,cod,KAP,3,643,676,680,458,672,348,586,425,905,617,450,167,905,78,656,52
20260122,prepaid,KAP,9,860,957,958,903,930,791,832,833,911,822,718,31,911,55,841,29
20260114,cod,KAP,8,448,616,620,319,450,382,635,443,912,697,514,169,912,72,719,43
20260113,prepaid,KAP,18,1076,1186,1188,1253,1291,769,823,830,918,856,708,47,918,63,823,31
20260208,prepaid,KAP,6,683,797,802,772,796,782,849,829,930,895,739,52,930,66,915,27
20260121,prepaid,KAP,5,715,785,788,748,767,797,845,840,932,840,716,46,932,45,828,23
20260204,cod,KAP,14,630,727,731,489,711,428,683,488,934,719,569,163,934,58,673,34
20260204,prepaid,KAP,10,832,928,932,919,938,787,847,832,934,876,739,38,934,55,811,27
20260208,cod,KAP,4,590,694,705,498,660,419,665,485,951,711,526,145,951,91,736,51
20260130,prepaid,KAP,7,711,768,769,764,784,820,877,866,953,923,772,42,953,41,985,19
20260116,prepaid,KAP,11,747,849,853,978,1017,801,871,852,953,788,646,50,953,59,843,28
20260207,cod,KAP,13,676,747,748,561,782,418,670,489,953,714,538,151,953,54,797,42
20260112,prepaid,KAP,9,819,1023,1026,835,861,804,871,858,955,879,740,42,955,64,846,36
20260207,prepaid,KAP,2,828,937,938,941,966,818,882,853,956,885,760,52,956,55,1057,30
20260110,prepaid,KAP,6,711,811,814,791,814,821,875,874,959,925,767,48,959,74,885,37
20260125,prepaid,KAP,8,635,674,675,658,675,803,893,841,962,933,778,63,962,65,949,29
20260123,cod,KAP,17,708,779,784,537,789,420,675,480,965,753,570,166,965,81,735,46
20260125,cod,KAP,4,641,677,679,488,671,411,685,480,967,745,548,181,967,94,762,59
20260116,cod,KAP,8,617,698,699,580,832,431,665,497,976,601,466,177,976,57,643,38
20260109,prepaid,KAP,13,780,884,887,855,894,830,895,881,983,900,777,39,983,64,916,25
20260201,cod,KAP,9,630,666,669,505,721,413,672,483,983,749,531,183,983,85,739,61
20260121,cod,KAP,10,686,761,762,539,755,430,694,493,994,700,549,161,994,49,702,30
20260202,prepaid,KAP,7,932,1026,1028,951,983,855,901,919,996,891,768,34,996,56,853,23
20260127,cod,KAP,22,1245,1336,1342,1071,1491,401,644,517,1002,581,476,166,1002,57,589,38
20260203,cod,KAP,7,721,802,809,581,804,463,720,539,1007,718,583,164,1007,56,721,41
20260122,cod,KAP,15,701,782,784,551,776,446,707,511,1009,706,568,170,1009,57,725,35
20260124,prepaid,KAP,5,704,744,748,770,791,874,924,931,1012,905,766,33,1012,66,861,34
20260206,prepaid,KAP,8,736,868,869,808,833,880,924,922,1012,960,820,34,1012,55,967,32
20260117,cod,KAP,14,599,628,631,485,689,448,694,530,1015,740,560,177,1015,67,719,38
20260112,cod,KAP,9,654,840,842,501,703,420,658,512,1020,670,517,180,1020,73,709,43
20260113,cod,KAP,8,742,839,841,709,934,458,715,537,1022,748,588,154,1022,76,693,49
20260120,cod,KAP,11,667,736,736,527,725,432,712,522,1027,679,537,168,1027,63,747,38
20260108,prepaid,KAP,7,801,915,920,857,891,877,941,934,1029,934,800,38,1029,61,896,23
20260205,prepaid,KAP,2,753,857,858,824,845,888,950,938,1037,947,821,47,1037,43,843,19
20260110,cod,KAP,8,605,698,698,481,687,436,719,501,1038,741,562,191,1038,69,764,38
20260107,prepaid,KAP,5,788,878,882,851,874,902,964,943,1041,954,809,36,1041,101,1034,32
20260111,cod,KAP,6,576,631,632,455,669,419,710,482,1043,728,556,216,1043,79,767,43
20260205,cod,KAP,11,578,646,647,469,670,474,740,554,1051,771,594,176,1051,48,640,27
20260119,prepaid,KAP,6,760,843,845,783,803,885,958,938,1057,945,798,53,1057,77,922,37
20260202,cod,KAP,8,747,830,832,574,783,484,729,570,1066,715,552,157,1066,60,749,36
20260117,prepaid,KAP,9,752,783,784,834,867,918,982,970,1069,1010,852,47,1069,77,996,43
20260129,prepaid,KAP,7,725,799,799,768,788,967,1030,1006,1081,1033,920,39,1081,52,940,23
20260119,cod,KAP,5,664,722,723,484,697,489,759,574,1088,822,624,179,1088,84,769,47
20260115,cod,KAP,20,551,774,775,577,814,526,806,587,1096,862,657,173,1096,72,790,43
20260206,cod,KAP,14,608,709,712,475,674,488,785,586,1099,775,618,163,1099,56,831,30
20260124,cod,KAP,20,634,662,664,501,704,501,788,600,1102,798,625,162,1102,80,762,52
20260107,cod,KAP,11,703,759,761,526,770,512,795,585,1104,815,642,189,1104,98,818,34
20260102,cod,KAP,14,1419,1570,1578,1066,1463,462,751,550,1109,703,560,204,1109,51,788,25
20260106,cod,KAP,8,692,756,758,560,772,495,758,595,1113,772,591,196,1113,96,925,51
20260131,cod,KAP,8,676,767,770,529,725,497,771,576,1115,810,636,174,1115,65,830,42
20260129,cod,KAP,10,623,688,693,506,703,513,836,580,1115,893,711,165,1115,68,770,32
20260115,prepaid,KAP,9,710,984,984,1020,1048,984,1054,1032,1132,1138,921,50,1132,96,993,31
20260106,prepaid,KAP,3,842,927,928,902,923,959,1021,1032,1137,1017,855,43,1137,84,1166,16
20260108,cod,KAP,6,685,768,771,522,741,495,793,579,1137,821,642,191,1137,86,789,45
20260109,cod,KAP,11,714,797,803,567,796,510,807,585,1150,844,660,188,1150,79,827,47
20260104,cod,KAP,10,754,825,827,621,863,535,860,608,1167,999,737,197,1167,81,760,40
20260104,prepaid,KAP,8,953,1059,1063,1021,1052,1038,1132,1069,1187,1261,1033,59,1187,79,1001,22
20260130,cod,KAP,7,643,692,693,541,708,577,883,656,1187,860,712,170,1187,67,943,40
20260105,prepaid,KAP,6,793,873,877,872,899,1187,1266,1256,1366,1247,1060,54,1366,91,1194,36
20260105,cod,KAP,7,677,759,765,520,748,666,1012,773,1373,987,798,184,1373,69,945,40
20260208,prepaid,KKR,2,311,438,439,440,448,525,557,539,587,584,498,25,587,31,556,15
20260207,prepaid,KKR,1,324,476,480,447,452,522,548,559,603,545,479,17,603,19,616,9
20260206,prepaid,KKR,1,322,455,456,474,481,529,562,560,617,570,496,26,617,20,525,7
20260205,prepaid,KKR,3,364,518,519,539,548,559,595,582,636,607,534,22,636,21,580,9
20260204,prepaid,KKR,0,343,528,529,516,523,613,643,636,685,665,575,22,685,30,669,17
20260203,prepaid,KKR,0,577,762,765,741,753,662,691,693,741,687,615,23,741,22,812,14
20260128,prepaid,KKR,15,623,827,830,1144,1171,629,677,676,762,635,561,31,762,34,754,19
20260202,prepaid,KKR,0,491,660,662,620,629,694,729,744,801,678,608,25,801,38,691,27
20260129,prepaid,KKR,3,528,634,636,732,743,720,765,759,832,754,685,34,832,27,746,18
20260201,prepaid,KKR,0,359,498,498,498,503,728,784,761,839,822,681,32,839,27,849,14
20260131,prepaid,KKR,7,440,589,590,604,619,786,836,834,905,856,758,31,905,24,891,14
20260130,prepaid,KKR,1,487,673,677,590,598,838,885,872,945,901,814,27,945,28,934,19
20260125,prepaid,KKR,5,528,720,721,704,721,826,889,867,956,976,795,49,956,49,949,21
20260127,prepaid,KKR,6,785,1317,1325,1082,1104,840,886,906,988,870,751,35,988,29,789,16
20260126,prepaid,KKR,2,215,441,441,287,295,904,969,965,1072,914,779,58,1072,26,843,16
20260101,prepaid,KKR,3,563,951,955,1334,1354,935,1031,971,1097,1076,888,60,1097,60,1120,20
20260208,cod,KKR,6,425,670,675,428,669,467,805,516,1120,872,664,183,1120,52,833,29
20260207,cod,KKR,5,371,624,627,370,548,460,789,540,1180,794,633,177,1180,51,875,30
20260116,prepaid,KKR,5,952,1403,1406,1463,1485,1058,1125,1121,1232,1092,942,50,1232,53,1196,24
20260102,prepaid,KKR,3,935,1697,1699,1331,1353,1083,1146,1173,1272,1160,980,46,1272,82,1118,28
20260206,cod,KKR,3,459,623,628,477,723,520,876,608,1304,896,701,181,1304,30,851,19
20260117,prepaid,KKR,12,963,1422,1425,1367,1389,1152,1222,1205,1319,1216,1067,48,1319,48,1152,27
20260118,prepaid,KKR,11,990,1328,1328,1430,1454,1167,1252,1207,1326,1331,1102,59,1326,78,1328,32
20260205,cod,KKR,6,504,756,764,519,794,480,825,567,1340,858,668,217,1340,38,821,24
20260124,prepaid,KKR,6,566,772,773,826,842,1182,1240,1280,1365,1208,1089,31,1365,54,1219,34
20260115,prepaid,KKR,4,709,1124,1130,1111,1129,1213,1279,1274,1385,1326,1135,40,1385,70,1381,29
20260104,prepaid,KKR,2,648,943,945,842,850,1221,1315,1268,1398,1405,1186,65,1398,87,1466,43
20260103,prepaid,KKR,3,884,1274,1282,1597,1617,1236,1335,1293,1430,1317,1157,66,1430,53,1161,32
20260108,prepaid,KKR,3,1228,1955,1969,1877,1892,1282,1350,1336,1443,1372,1194,49,1443,62,1434,21
20260106,prepaid,KKR,1,1136,1755,1758,1490,1512,1240,1313,1321,1448,1301,1162,54,1448,61,1635,39
20260204,cod,KKR,1,460,769,790,491,801,576,997,674,1504,1009,831,233,1504,53,1043,29
20260120,prepaid,KKR,12,1038,1299,1301,1283,1312,1346,1416,1418,1519,1460,1278,55,1519,58,1353,30
20260119,prepaid,KKR,19,1134,1427,1430,1462,1495,1318,1389,1404,1527,1306,1159,53,1527,52,1462,27
20260123,prepaid,KKR,1,655,931,936,867,882,1338,1443,1403,1545,1502,1344,62,1545,78,1574,42
20260114,prepaid,KKR,2,729,1161,1165,1028,1039,1372,1444,1446,1560,1454,1277,62,1560,53,1423,25
20260107,prepaid,KKR,4,1331,1992,2000,1934,1958,1402,1467,1472,1574,1496,1338,51,1574,63,1465,37
20260121,prepaid,KKR,15,1510,1749,1750,1769,1809,1405,1486,1460,1583,1448,1300,55,1583,96,1557,47
20260122,prepaid,KKR,10,805,1014,1016,1010,1033,1450,1529,1515,1628,1507,1391,51,1628,55,1498,37
20260203,cod,KKR,5,692,1036,1041,681,992,593,1044,698,1647,1010,834,258,1647,71,1148,48
20260111,prepaid,KKR,3,888,1496,1502,1071,1089,1513,1628,1558,1714,1965,1520,76,1714,101,1676,30
20260109,prepaid,KKR,3,1174,1688,1697,1838,1864,1548,1640,1610,1733,1621,1456,53,1733,94,1697,37
20260201,cod,KKR,1,505,738,743,499,749,654,1244,742,1813,1341,1039,301,1813,123,1437,80
20260101,cod,KKR,2,680,956,961,632,982,670,1251,766,1899,1331,1007,336,1899,131,1388,64
20260113,prepaid,KKR,0,895,1316,1317,1149,1164,1661,1751,1762,1901,1654,1484,63,1901,67,1719,32
20260131,cod,KKR,5,612,880,883,604,898,757,1309,884,1931,1361,1118,271,1931,76,1422,56
20260202,cod,KKR,2,758,1041,1047,669,1019,715,1229,855,1945,1170,969,319,1945,109,1295,84
20260110,prepaid,KKR,9,1113,1476,1478,1635,1661,1746,1841,1813,1954,1825,1693,60,1954,79,1808,40
20260104,cod,KKR,7,892,1339,1347,767,1233,719,1348,819,1956,1444,1132,354,1956,114,1379,55
20260129,cod,KKR,10,857,1230,1240,802,1240,703,1229,846,1981,1200,999,262,1981,61,1250,32
20260105,prepaid,KKR,3,941,1325,1326,1435,1456,1739,1841,1858,1999,1798,1627,57,1999,55,1608,29
20260106,cod,KKR,2,1523,2130,2144,1340,2012,812,1420,949,2033,1417,1135,286,2033,109,1467,63
20260103,cod,KKR,8,1099,1426,1435,1069,1642,805,1381,949,2047,1363,1068,310,2047,85,1287,51
20260128,cod,KKR,22,941,1334,1345,1068,1651,683,1308,832,2076,1231,1016,329,2076,76,1399,45
20260120,cod,KKR,11,1132,1729,1737,939,1464,840,1425,979,2086,1462,1157,339,2086,74,1410,43
20260107,cod,KKR,13,1558,2200,2210,1486,2167,887,1548,997,2124,1562,1293,283,2124,104,1456,58
20260121,cod,KKR,12,1648,2145,2159,1488,2290,860,1478,995,2143,1442,1190,344,2143,105,1475,58
20260130,cod,KKR,5,868,1177,1186,757,1262,814,1425,948,2143,1438,1227,304,2143,61,1301,36
20260116,cod,KKR,3,970,1480,1488,1033,1481,804,1391,959,2143,1371,1076,341,2143,110,1530,58
20260118,cod,KKR,6,829,1273,1279,921,1289,756,1435,879,2151,1507,1181,391,2151,109,1522,57
20260108,cod,KKR,13,1305,1995,2017,1321,1954,899,1556,1006,2153,1628,1330,333,2153,94,1591,46
20260105,cod,KKR,5,1420,1902,1910,1215,1891,790,1377,962,2156,1386,1086,323,2156,93,1472,44
20260123,cod,KKR,11,1025,1449,1461,916,1468,870,1553,985,2199,1708,1353,374,2199,136,1604,65
20260122,cod,KKR,7,1158,1583,1600,1053,1662,925,1567,1063,2202,1583,1326,321,2202,66,1555,49
20260102,cod,KKR,8,1119,1706,1716,910,1414,798,1379,951,2206,1425,1074,344,2206,105,1435,54
20260125,cod,KKR,4,968,1333,1338,821,1285,764,1535,882,2224,1638,1281,434,2224,110,1630,62
20260112,prepaid,KKR,6,1008,1277,1282,1728,1756,1976,2087,2097,2249,1923,1634,59,2249,78,1972,31
20260115,cod,KKR,12,967,1327,1333,991,1577,922,1545,1064,2286,1534,1221,339,2286,98,1564,54
20260117,cod,KKR,9,1001,1471,1473,947,1476,904,1604,1040,2288,1638,1335,335,2288,87,1591,57
20260119,cod,KKR,15,1116,1472,1476,1032,1598,871,1440,1066,2300,1371,1110,362,2300,85,1567,39
20260114,cod,KKR,9,945,1583,1591,837,1280,972,1585,1111,2361,1694,1307,358,2361,105,1573,51
20260109,cod,KKR,12,1415,2025,2034,1371,2073,1045,1807,1186,2435,1842,1527,323,2435,133,1938,60
20260126,cod,KKR,4,356,637,640,359,592,890,1560,1058,2441,1592,1236,422,2441,89,1471,67
20260124,cod,KKR,10,959,1286,1296,902,1385,1003,1712,1169,2449,1680,1389,364,2449,98,1699,50
20260127,cod,KKR,8,1351,2045,2061,1178,1729,870,1566,1062,2485,1499,1234,402,2485,77,1501,48
20260111,cod,KKR,6,801,1526,1535,782,1096,1000,1797,1149,2490,2157,1558,400,2490,166,1897,75
20260110,cod,KKR,7,1348,1747,1760,1336,1979,1101,1926,1250,2606,1961,1653,347,2606,111,1898,63
20260113,cod,KKR,14,1101,1583,1591,997,1510,1183,1925,1360,2763,1802,1508,380,2763,107,1899,61
20260112,cod,KKR,9,1127,1525,1533,1298,1944,1416,2321,1622,3200,2211,1751,453,3200,129,2283,73
20260118,cod,LIV,4,185,185,185,146,188,65,102,74,131,118,96,27,131,7,107,3
20260119,cod,LIV,0,103,103,103,87,106,58,85,72,134,85,71,21,134,11,95,6
20260117,cod,LIV,2,159,165,165,122,161,64,89,76,136,81,73,19,136,2,81,2
20260208,cod,LIV,2,107,107,107,73,107,67,110,79,142,110,95,24,142,12,112,3
20260125,cod,LIV,2,252,252,252,204,252,81,109,87,142,117,102,19,142,4,101,1
20260207,cod,LIV,2,90,90,90,74,90,76,102,91,146,107,92,18,146,5,101,3
20260123,cod,LIV,0,115,117,120,98,115,88,119,98,159,127,102,21,159,13,124,4
20260124,cod,LIV,0,167,167,168,138,169,91,115,110,162,97,90,14,162,6,105,2
20260128,cod,LIV,0,92,94,94,77,92,88,128,108,175,118,108,21,175,4,127,2
20260120,cod,LIV,0,99,99,99,90,99,110,146,129,177,152,132,15,177,13,139,7
20260116,cod,LIV,1,215,217,218,185,215,92,130,106,177,125,114,27,177,9,123,2
20260115,cod,LIV,0,18,18,18,14,18,97,131,114,178,132,113,24,178,15,152,4
20260206,cod,LIV,0,116,116,116,95,116,95,132,110,178,124,110,27,178,9,140,4
20260122,cod,LIV,1,91,91,91,70,91,101,147,112,183,149,130,20,183,13,163,4
20260112,cod,LIV,0,123,123,124,104,123,102,132,113,187,136,114,30,187,9,146,2
20260117,prepaid,LIV,0,242,260,263,242,244,165,172,176,188,327,136,6,188,9,170,4
20260203,cod,LIV,0,105,110,110,85,110,92,142,105,189,147,124,39,189,6,138,5
20260114,cod,LIV,1,83,83,88,69,85,113,150,127,194,158,133,32,194,11,169,5
20260121,cod,LIV,0,97,97,97,82,97,125,164,136,195,165,147,15,195,10,154,5
20260205,cod,LIV,0,84,84,84,71,84,99,154,114,195,156,129,20,195,11,166,2
20260204,cod,LIV,0,107,107,107,86,112,104,152,120,198,152,130,24,198,10,165,4
20260125,prepaid,LIV,2,426,426,431,419,426,181,191,184,199,331,178,6,199,16,200,8
20260130,cod,LIV,0,139,142,142,113,139,105,147,124,199,149,131,23,199,8,179,4
20260111,cod,LIV,0,199,199,199,164,199,117,151,132,199,160,139,26,199,12,164,5
20260201,cod,LIV,1,164,167,170,127,167,116,170,130,205,191,152,37,205,17,187,9
20260131,cod,LIV,3,145,150,150,104,159,128,173,139,208,177,157,27,208,6,164,5
20260128,prepaid,LIV,1,203,208,214,203,205,179,189,193,209,363,172,6,209,3,190,1
20260113,cod,LIV,0,87,89,90,72,87,131,180,141,216,179,157,28,216,11,155,3
20260127,cod,LIV,4,396,406,407,315,396,125,172,143,217,169,153,30,217,6,146,1
20260204,prepaid,LIV,1,188,188,219,187,197,207,212,210,221,527,196,6,221,17,232,7
20260208,prepaid,LIV,1,195,195,195,191,195,198,213,201,222,432,205,7,222,13,217,5
20260129,cod,LIV,2,149,149,149,120,150,129,183,143,223,194,175,33,223,13,202,6
20260119,prepaid,LIV,3,300,300,306,300,305,185,201,205,228,375,174,8,228,15,207,3
20260202,cod,LIV,2,160,160,160,129,160,107,163,141,232,150,130,28,232,10,158,6
20260206,prepaid,LIV,1,249,249,251,244,249,206,220,212,233,504,206,7,233,8,196,4
20260202,prepaid,LIV,2,227,227,235,220,227,198,211,215,233,436,185,7,233,6,227,2
20260207,prepaid,LIV,0,181,181,182,180,181,193,207,210,233,484,192,4,233,3,214,1
20260130,prepaid,LIV,0,215,216,222,213,215,215,228,223,241,479,209,8,241,7,275,5
20260124,prepaid,LIV,0,216,216,224,211,218,221,226,237,247,382,193,7,247,6,220,1
20260203,prepaid,LIV,1,245,254,258,239,245,226,235,238,254,518,211,4,254,6,225,3
20260205,prepaid,LIV,0,188,188,203,185,188,240,255,246,268,578,241,6,268,15,267,4
20260110,cod,LIV,1,164,164,164,139,164,150,205,167,272,181,164,37,272,10,209,6
20260201,prepaid,LIV,0,238,238,241,241,245,244,262,253,275,470,242,8,275,13,259,4
20260118,prepaid,LIV,3,299,299,299,303,312,252,268,258,276,440,250,6,276,9,269,1
20260123,prepaid,LIV,2,212,214,239,208,212,249,264,256,278,430,247,10,278,13,268,4
20260120,prepaid,LIV,0,257,257,272,256,257,262,273,273,290,465,253,6,290,7,268,3
20260109,cod,LIV,0,138,138,138,118,138,164,225,183,299,237,196,35,299,21,277,6
20260127,prepaid,LIV,1,616,628,637,608,616,270,284,283,305,416,257,9,305,7,264,3
20260122,prepaid,LIV,0,183,183,186,182,183,287,299,295,312,425,283,6,312,18,317,8
20260121,prepaid,LIV,2,202,202,212,197,202,282,296,295,315,507,272,4,315,24,284,9
20260116,prepaid,LIV,1,393,395,405,386,393,280,296,296,320,517,263,10,320,13,297,6
20260115,prepaid,LIV,0,41,41,41,40,41,305,322,319,340,528,288,13,340,28,333,6
20260131,prepaid,LIV,1,205,212,217,213,221,308,325,322,346,566,306,9,346,8,329,4
20260103,cod,LIV,2,314,314,315,256,315,169,244,204,346,250,200,55,346,21,279,7
20260114,prepaid,LIV,0,241,241,290,242,244,315,335,327,354,561,317,12,354,33,356,15
20260129,prepaid,LIV,0,241,241,251,236,241,340,354,345,364,547,337,6,364,15,345,7
20260105,cod,LIV,2,277,278,279,215,278,199,261,248,367,268,211,43,367,14,258,5
20260113,prepaid,LIV,0,206,209,221,208,208,359,375,373,394,620,355,9,394,19,397,7
20260104,cod,LIV,1,432,433,433,343,432,243,345,260,418,351,296,57,418,17,314,10
20260108,cod,LIV,0,138,138,139,118,138,247,325,276,418,329,283,36,418,8,312,7
20260111,prepaid,LIV,4,397,397,417,389,397,395,417,408,441,633,383,18,441,20,439,7
20260107,cod,LIV,1,116,116,116,94,116,251,353,285,443,360,319,57,443,17,390,5
20260112,prepaid,LIV,0,345,347,350,341,345,412,424,441,462,639,370,10,462,14,433,6
20260102,cod,LIV,1,610,611,612,497,610,261,366,298,472,367,314,72,472,28,354,15
20260106,cod,LIV,0,160,160,161,136,161,292,405,317,484,395,350,66,484,19,370,8
20260110,prepaid,LIV,3,358,358,401,354,359,462,496,481,522,732,449,17,522,22,488,8
20260109,prepaid,LIV,3,417,417,443,411,417,554,570,576,600,896,512,7,600,38,640,12
20260103,prepaid,LIV,2,768,768,787,762,770,510,547,542,605,998,473,29,605,24,588,7
20260105,prepaid,LIV,1,650,653,668,647,652,654,683,703,759,1009,611,22,759,24,652,7
20260108,prepaid,LIV,0,420,421,440,417,420,724,750,750,791,1089,688,14,791,25,764,11
20260104,prepaid,LIV,2,803,805,807,794,803,733,781,750,821,1118,724,40,821,41,735,18
20260107,prepaid,LIV,0,318,318,329,328,329,768,794,795,832,1195,734,18,832,34,809,8
20260102,prepaid,LIV,1,1424,1426,1462,1413,1424,782,828,814,885,1487,744,36,885,65,853,16
20260106,prepaid,LIV,0,489,500,546,486,492,861,889,897,943,1228,821,20,943,30,879,9
20260127,prepaid,LMR,6,224,724,754,1207,1266,585,633,626,710,812,488,25,710,50,622,25
20260126,prepaid,LMR,9,161,856,882,673,713,594,640,634,729,884,524,43,729,75,696,22
20260129,prepaid,LMR,7,219,717,756,624,650,629,657,667,732,908,558,25,732,66,628,27
20260128,prepaid,LMR,9,240,670,696,787,825,621,674,656,735,940,580,27,735,61,610,34
20260125,prepaid,LMR,4,80,837,882,277,287,645,710,677,775,860,615,39,775,98,747,45
20260130,prepaid,LMR,3,250,792,824,722,763,671,725,704,777,944,597,24,777,51,764,26
20260120,prepaid,LMR,10,203,659,687,697,741,654,707,693,794,955,567,40,794,71,790,34
20260122,prepaid,LMR,7,208,628,656,652,688,675,727,713,813,942,606,40,813,56,687,31
20260208,prepaid,LMR,8,226,1808,1860,640,662,695,756,741,819,993,655,29,819,94,836,47
20260121,prepaid,LMR,8,210,674,703,669,712,701,748,737,831,974,644,32,831,56,761,33
20260118,prepaid,LMR,7,107,838,874,365,381,674,751,708,845,1060,626,58,845,76,902,38
20260201,prepaid,LMR,2,122,979,1026,443,460,702,772,746,845,989,647,40,845,58,801,28
20260203,prepaid,LMR,7,245,615,638,843,875,705,762,749,849,1042,644,36,849,80,783,30
20260208,cod,LMR,11,124,948,1044,223,430,264,551,316,851,601,435,136,851,68,644,44
20260123,prepaid,LMR,7,193,608,635,587,618,707,765,751,856,962,663,43,856,90,812,42
20260124,prepaid,LMR,6,190,652,685,598,628,725,779,764,858,962,660,45,858,68,796,36
20260206,prepaid,LMR,7,185,820,857,643,676,735,801,768,859,1018,672,29,859,73,904,32
20260131,prepaid,LMR,5,278,926,972,779,820,749,818,782,879,1049,709,37,879,45,841,27
20260202,prepaid,LMR,13,330,955,1022,1369,1427,744,800,792,885,1048,663,38,885,60,790,27
20260130,cod,LMR,13,208,771,869,404,726,262,579,305,892,618,466,129,892,41,610,28
20260119,prepaid,LMR,15,250,752,775,1123,1196,721,783,788,902,1049,609,46,902,75,791,36
20260207,prepaid,LMR,9,402,1340,1388,984,1018,767,828,812,910,1075,690,38,910,69,840,32
20260129,cod,LMR,12,150,641,706,346,643,287,560,334,918,569,431,136,918,50,504,34
20260205,prepaid,LMR,13,255,724,751,889,938,794,841,839,918,1097,714,28,918,57,852,28
20260204,prepaid,LMR,4,253,931,978,633,654,824,883,857,957,1062,756,36,957,48,823,18
20260128,cod,LMR,11,189,688,732,441,763,277,579,342,970,561,423,155,970,55,554,30
20260201,cod,LMR,5,85,778,859,208,359,321,670,360,973,710,518,143,973,107,836,64
20260205,cod,LMR,8,182,528,586,450,776,333,619,390,981,646,472,139,981,72,682,44
20260106,prepaid,LMR,15,344,920,961,989,1042,833,895,897,994,1258,749,41,994,102,1043,45
20260117,prepaid,LMR,9,215,771,801,724,758,822,889,870,994,1191,707,49,994,61,878,39
20260207,cod,LMR,17,206,846,935,365,631,350,681,397,1005,681,531,141,1005,71,746,55
20260111,prepaid,LMR,10,148,1263,1322,477,505,836,928,883,1027,1301,779,59,1027,91,969,42
20260125,cod,LMR,4,68,669,745,138,280,338,710,383,1033,762,559,186,1033,85,772,54
20260110,prepaid,LMR,13,372,1153,1207,1021,1069,871,946,912,1040,1315,799,47,1040,75,998,33
20260206,cod,LMR,10,166,600,669,278,533,406,740,451,1042,764,603,132,1042,63,711,39
20260203,cod,LMR,13,195,523,572,406,685,340,693,398,1042,727,531,158,1042,88,749,59
20260115,prepaid,LMR,10,208,789,834,698,747,853,931,910,1043,1311,749,47,1043,96,914,45
20260131,cod,LMR,12,244,746,829,438,799,386,760,436,1057,814,613,155,1057,73,782,51
20260104,prepaid,LMR,5,141,1199,1258,455,470,896,981,941,1062,1311,817,47,1062,126,1005,38
20260109,prepaid,LMR,6,288,954,1002,886,935,915,985,953,1066,1343,824,42,1066,103,1166,41
20260202,cod,LMR,21,205,701,764,613,1096,344,720,414,1076,719,548,167,1076,68,724,45
20260204,cod,LMR,4,122,699,745,265,445,356,722,413,1080,730,565,165,1080,72,730,46
20260127,cod,LMR,20,158,681,749,615,1109,283,627,355,1086,602,453,183,1086,74,646,46
20260113,prepaid,LMR,9,226,726,754,775,822,914,983,974,1088,1371,833,41,1088,101,1026,45
20260101,prepaid,LMR,17,171,845,890,651,688,896,1002,945,1094,1352,854,61,1094,117,1173,49
20260123,cod,LMR,12,164,668,721,326,599,351,699,398,1107,794,573,177,1107,75,739,41
20260122,cod,LMR,14,178,622,682,351,662,356,671,417,1116,663,506,177,1116,54,659,40
20260114,prepaid,LMR,13,188,699,725,592,626,940,1015,989,1118,1398,890,42,1118,102,1037,50
20260105,prepaid,LMR,15,365,1044,1089,1692,1768,937,1017,996,1119,1354,847,50,1119,95,975,33
20260124,cod,LMR,9,188,613,670,377,694,347,730,402,1122,741,559,180,1122,92,785,62
20260103,prepaid,LMR,8,348,1085,1142,989,1036,936,1007,1011,1128,1422,830,38,1128,102,1041,56
20260126,cod,LMR,7,95,674,723,255,492,296,674,361,1128,710,518,200,1128,94,717,54
20260107,prepaid,LMR,7,325,952,993,874,907,980,1054,1022,1133,1446,910,39,1133,71,941,26
20260116,prepaid,LMR,14,192,728,767,794,829,959,1044,1014,1142,1337,819,41,1142,109,1115,53
20260112,prepaid,LMR,15,322,868,908,1640,1731,953,1036,1020,1151,1344,850,45,1151,91,1002,34
20260118,cod,LMR,5,56,736,820,174,290,368,754,443,1223,803,568,220,1223,99,848,51
20260108,prepaid,LMR,16,295,920,969,871,922,1066,1126,1120,1225,1510,960,42,1225,72,1030,35
20260101,cod,LMR,11,161,908,1003,364,717,413,843,476,1253,1049,648,210,1253,152,1151,79
20260121,cod,LMR,16,220,699,786,406,749,375,764,459,1255,788,600,214,1255,73,755,39
20260120,cod,LMR,12,199,722,812,404,744,378,774,444,1259,771,595,213,1259,86,859,50
20260102,prepaid,LMR,11,309,959,1012,1050,1101,1043,1145,1123,1264,1452,919,57,1264,96,1175,40
20260115,cod,LMR,14,190,782,891,422,785,417,836,481,1268,935,590,206,1268,98,856,60
20260117,cod,LMR,14,172,710,773,468,786,420,875,502,1333,869,613,222,1333,104,885,61
20260119,cod,LMR,19,178,686,777,599,1126,419,850,493,1337,831,625,209,1337,91,895,63
20260114,cod,LMR,12,131,711,804,333,613,448,870,544,1355,970,665,208,1355,112,917,67
20260111,cod,LMR,11,135,1051,1159,303,566,462,978,526,1437,1087,761,252,1437,115,1129,73
20260116,cod,LMR,9,189,796,860,526,892,489,986,572,1455,1047,740,237,1455,124,1077,68
20260113,cod,LMR,13,195,744,832,390,723,502,984,581,1491,1026,766,246,1491,111,988,65
20260110,cod,LMR,22,273,1068,1175,561,1014,518,1025,611,1533,1111,791,218,1533,108,1064,75
20260108,cod,LMR,11,250,957,1058,550,923,512,1047,597,1539,1081,807,215,1539,99,1071,65
20260107,cod,LMR,25,304,995,1116,589,1106,489,1007,561,1551,1065,765,226,1551,91,985,47
20260104,cod,LMR,5,128,1104,1254,294,539,475,1009,548,1576,1148,763,272,1576,141,1107,77
20260112,cod,LMR,16,265,785,883,847,1466,492,1019,587,1577,1009,740,238,1577,117,1133,64
20260106,cod,LMR,18,304,1058,1181,577,1010,516,1021,606,1578,1013,727,250,1578,126,1070,69
20260109,cod,LMR,15,260,994,1118,550,991,576,1104,649,1580,1166,873,231,1580,109,1132,58
20260102,cod,LMR,22,324,1155,1298,637,1158,616,1174,699,1704,1212,842,231,1704,118,1202,56
20260105,cod,LMR,21,326,1054,1147,930,1642,501,1060,617,1712,1056,719,289,1712,97,1067,56
20260103,cod,LMR,14,314,1090,1231,668,1155,565,1151,675,1734,1211,847,264,1734,94,1074,69
20260128,prepaid,MAM,3,444,785,787,827,839,463,494,504,569,482,429,24,569,22,508,5
20260129,prepaid,MAM,6,423,823,831,747,765,606,631,641,696,620,572,19,696,19,579,11
20260201,prepaid,MAM,3,470,1153,1157,946,968,724,781,741,823,806,714,33,823,32,808,17
20260130,prepaid,MAM,4,423,705,708,824,838,735,767,762,825,780,717,13,825,24,819,5
20260127,prepaid,MAM,0,658,1066,1072,1225,1242,728,765,792,870,699,646,32,870,20,783,5
20260202,prepaid,MAM,2,658,1308,1314,1317,1339,778,814,822,891,803,725,27,891,20,783,9
20260128,cod,MAM,8,647,1082,1084,910,1181,348,551,434,895,534,449,102,895,36,629,14
20260131,prepaid,MAM,0,413,923,927,696,707,822,852,848,904,864,791,17,904,41,932,15
20260126,prepaid,MAM,0,0,284,284,13,13,829,893,888,1002,880,777,49,1002,30,768,14
20260129,cod,MAM,9,575,1027,1031,777,1012,507,742,574,1004,742,657,88,1004,33,721,17
20260203,prepaid,MAM,3,936,1411,1416,1549,1578,953,1001,985,1065,1007,926,22,1065,23,961,9
20260208,prepaid,MAM,2,358,760,762,698,712,967,1034,995,1094,1070,951,48,1094,46,1130,18
20260125,prepaid,MAM,1,496,816,819,785,794,982,1071,1009,1138,1108,978,53,1138,59,1126,19
20260113,prepaid,MAM,3,841,1474,1478,1387,1406,1045,1104,1091,1189,1127,1009,37,1189,45,1143,24
20260114,prepaid,MAM,3,530,1148,1167,1049,1065,1060,1123,1099,1204,1128,1017,51,1204,50,1118,27
20260130,cod,MAM,2,686,1104,1105,820,1168,687,952,731,1212,980,872,121,1212,33,967,16
20260204,prepaid,MAM,2,627,1054,1058,1103,1117,1127,1179,1165,1242,1191,1100,26,1242,24,1034,9
20260116,prepaid,MAM,7,799,1375,1386,1474,1510,1096,1151,1148,1243,1158,1026,47,1243,40,1250,12
20260115,prepaid,MAM,11,1107,1813,1821,1759,1787,1119,1174,1165,1264,1193,1066,54,1264,47,1077,16
20260206,prepaid,MAM,2,576,1014,1016,1042,1065,1158,1203,1194,1265,1210,1111,34,1265,29,1214,15
20260111,prepaid,MAM,12,551,1120,1132,986,1013,1119,1194,1160,1273,1227,1089,60,1273,52,1338,20
20260207,prepaid,MAM,1,645,984,988,1065,1078,1175,1235,1210,1294,1229,1136,31,1294,19,1406,10
20260114,cod,MAM,1,405,863,875,673,899,659,946,743,1302,929,795,144,1302,70,1028,41
20260126,cod,MAM,0,0,323,324,12,13,629,941,721,1314,961,801,146,1314,58,810,31
20260109,cod,MAM,2,654,1052,1057,811,1056,676,973,743,1317,1001,862,138,1317,47,995,27
20260131,cod,MAM,2,602,1170,1179,821,1028,743,1085,813,1334,1124,979,119,1334,60,1226,34
20260124,prepaid,MAM,2,342,630,634,550,557,1185,1233,1252,1342,1172,1064,38,1342,60,1246,35
20260111,cod,MAM,24,504,967,975,710,971,693,1039,758,1345,1098,902,157,1345,54,1094,31
20260205,prepaid,MAM,1,733,1233,1234,1150,1164,1242,1293,1282,1358,1309,1205,32,1358,30,1099,13
20260115,cod,MAM,9,875,1375,1387,1064,1401,674,1017,743,1359,1023,881,159,1359,56,979,37
20260116,cod,MAM,5,610,1019,1032,859,1131,682,978,765,1363,979,851,151,1363,64,1032,27
20260201,cod,MAM,3,479,1313,1320,800,1027,742,1091,802,1364,1218,958,145,1364,65,1076,30
20260127,cod,MAM,3,844,1406,1413,1130,1537,627,965,733,1375,889,787,149,1375,31,922,18
20260109,prepaid,MAM,1,770,1249,1254,1171,1184,1275,1332,1325,1417,1323,1228,31,1417,28,1394,12
20260124,cod,MAM,4,451,800,805,582,769,748,1044,835,1417,1011,857,158,1417,74,1104,43
20260125,cod,MAM,2,588,978,989,691,955,715,1086,784,1420,1132,933,154,1420,92,1099,45
20260113,cod,MAM,7,711,1285,1288,940,1233,736,1055,825,1425,1090,924,151,1425,59,1065,31
20260107,cod,MAM,4,758,1216,1226,839,1153,718,1037,814,1427,1057,884,161,1427,68,1068,35
20260108,cod,MAM,5,742,1162,1166,941,1183,735,1059,831,1444,1041,912,146,1444,52,1075,28
20260112,prepaid,MAM,0,625,1195,1221,1176,1187,1240,1306,1337,1449,1275,1174,41,1449,36,1214,15
20260123,prepaid,MAM,3,374,588,590,647,661,1274,1342,1327,1452,1396,1224,45,1452,72,1529,31
20260208,cod,MAM,4,517,971,978,676,902,774,1133,839,1457,1187,1008,165,1457,44,1313,21
20260202,cod,MAM,2,682,1262,1267,1186,1520,790,1110,889,1459,1083,943,148,1459,48,1104,30
20260110,cod,MAM,2,595,1053,1058,765,986,802,1168,865,1463,1201,1041,155,1463,48,1151,25
20260104,cod,MAM,3,727,1060,1064,852,1119,652,1066,725,1464,1103,896,220,1464,51,1062,25
20260101,cod,MAM,3,446,893,897,686,946,677,1075,753,1503,1244,948,224,1503,128,1330,56
20260101,prepaid,MAM,0,609,1122,1123,1244,1257,1280,1398,1320,1504,1463,1273,87,1504,95,1579,33
20260110,prepaid,MAM,3,650,1105,1110,1096,1113,1354,1438,1391,1514,1467,1348,50,1514,40,1402,20
20260108,prepaid,MAM,0,962,1372,1375,1424,1447,1360,1422,1419,1514,1398,1292,32,1514,36,1420,13
20260106,prepaid,MAM,1,836,1267,1273,1303,1319,1338,1411,1409,1526,1405,1255,40,1526,41,1431,21
20260203,cod,MAM,3,731,1241,1245,1013,1301,857,1220,934,1526,1234,1091,150,1526,33,1154,20
20260123,cod,MAM,3,525,855,862,623,840,880,1196,975,1531,1310,1083,166,1531,86,1325,52
20260117,cod,MAM,10,612,1111,1119,764,1023,800,1186,895,1537,1272,1064,144,1537,65,1154,40
20260104,prepaid,MAM,1,953,1401,1406,1421,1442,1330,1429,1376,1538,1446,1310,72,1538,47,1427,16
20260107,prepaid,MAM,1,907,1414,1423,1330,1344,1385,1458,1438,1559,1455,1326,54,1559,54,1487,19
20260120,cod,MAM,26,507,932,937,885,1128,829,1176,927,1561,1211,1025,150,1561,56,1143,23
20260106,cod,MAM,2,610,1000,1009,753,996,751,1118,853,1563,1151,977,169,1563,57,1151,29
20260112,cod,MAM,7,561,1096,1109,768,1020,811,1161,929,1567,1124,979,172,1567,46,1086,23
20260206,cod,MAM,6,731,1197,1204,978,1246,925,1248,995,1570,1275,1087,138,1570,31,1314,19
20260103,cod,MAM,4,718,1114,1121,949,1257,725,1110,833,1586,1134,934,190,1586,69,1115,45
20260103,prepaid,MAM,5,941,1431,1436,1616,1639,1380,1456,1455,1603,1438,1307,66,1603,62,1409,29
20260117,prepaid,MAM,17,724,1354,1364,1289,1315,1446,1527,1490,1606,1556,1395,46,1606,55,1361,34
20260118,prepaid,MAM,10,1347,2458,2480,1929,1971,1430,1529,1466,1615,1569,1394,55,1615,82,1715,32
20260118,cod,MAM,8,1086,1963,1984,1258,1589,868,1282,937,1617,1314,1096,210,1617,70,1297,30
20260105,prepaid,MAM,1,841,1331,1347,1278,1296,1391,1463,1490,1627,1480,1323,55,1627,34,1431,13
20260204,cod,MAM,3,741,1255,1257,986,1267,930,1291,1016,1648,1310,1150,139,1648,34,1209,16
20260207,cod,MAM,3,779,1160,1162,978,1259,920,1318,1001,1653,1284,1139,135,1653,41,1495,24
20260119,cod,MAM,12,1104,1738,1748,1643,1971,799,1205,948,1669,1155,995,204,1669,81,1339,49
20260205,cod,MAM,6,777,1298,1301,986,1294,951,1312,1032,1676,1336,1153,140,1676,37,1064,25
20260105,cod,MAM,3,588,979,985,720,925,784,1161,917,1698,1110,955,191,1698,65,1122,34
20260119,prepaid,MAM,15,1331,2161,2186,2378,2439,1491,1575,1585,1726,1572,1406,60,1726,95,1655,46
20260120,prepaid,MAM,8,602,1099,1110,1389,1417,1567,1640,1642,1754,1638,1493,46,1754,54,1540,28
20260122,cod,MAM,20,572,880,883,707,985,1027,1380,1139,1758,1407,1239,158,1758,57,1565,37
20260102,prepaid,MAM,0,962,1659,1678,1460,1485,1560,1660,1654,1822,1621,1456,80,1822,60,1604,40
20260122,prepaid,MAM,7,637,905,909,1135,1156,1763,1844,1823,1952,1834,1688,57,1952,47,1866,22
20260102,cod,MAM,3,648,1180,1184,793,1112,915,1397,1064,1958,1331,1126,247,1958,100,1330,54
20260121,cod,MAM,8,726,1154,1167,885,1192,1241,1614,1331,1990,1643,1459,172,1990,47,1394,27
20260121,prepaid,MAM,10,840,1378,1392,1364,1389,1817,1903,1885,2011,1938,1775,54,2011,72,1884,40
20260201,cod,MAX,16,574,895,1005,847,984,299,417,331,541,431,367,65,541,42,494,20
20260131,cod,MAX,6,610,1054,1209,634,740,333,450,378,583,439,384,63,583,34,476,20
20260130,cod,MAX,5,316,446,474,336,411,366,472,405,612,481,412,65,612,25,478,14
20260125,cod,MAX,6,421,551,603,426,535,376,548,419,684,575,495,78,684,59,566,35
20260129,cod,MAX,4,309,405,423,324,404,406,522,453,687,539,468,61,687,45,538,25
20260202,cod,MAX,23,627,925,1023,791,958,436,561,484,711,574,508,86,711,32,532,16
20260126,cod,MAX,3,359,587,618,364,442,369,518,431,712,547,457,90,712,44,526,22
20260118,cod,MAX,4,524,600,665,501,578,393,535,452,714,547,463,98,714,73,619,29
20260128,cod,MAX,9,318,410,438,441,549,410,568,453,716,566,501,80,716,26,546,15
20260127,cod,MAX,13,331,559,578,496,608,390,538,456,719,529,458,62,719,33,483,20
20260203,cod,MAX,10,485,706,782,672,794,468,599,511,742,625,537,78,742,41,603,23
20260208,cod,MAX,3,301,369,393,324,392,452,611,494,754,642,545,93,754,65,638,32
20260124,cod,MAX,4,482,591,637,422,520,444,596,501,767,590,524,70,767,47,614,37
20260123,cod,MAX,11,460,513,544,428,530,473,632,511,769,642,569,90,769,36,656,22
20260120,cod,MAX,16,615,695,750,645,767,487,632,543,782,641,568,79,782,45,628,28
20260122,cod,MAX,14,469,531,573,438,563,501,646,549,787,681,598,80,787,56,646,36
20260119,cod,MAX,8,636,788,864,612,729,421,566,501,788,564,484,88,788,67,584,37
20260117,cod,MAX,11,594,662,754,538,654,437,591,495,791,582,497,115,791,29,544,14
20260121,cod,MAX,9,549,638,695,498,622,538,663,593,828,652,590,65,828,41,667,20
20260207,cod,MAX,5,298,390,426,331,407,511,670,575,842,675,594,85,842,53,748,33
20260204,cod,MAX,9,565,785,875,666,789,591,736,649,875,741,656,60,875,75,741,36
20260101,cod,MAX,5,722,932,1039,624,780,521,746,569,899,823,679,112,899,80,855,39
20260103,cod,MAX,10,1114,1580,1812,1176,1413,543,722,606,921,787,649,100,921,52,768,27
20260116,cod,MAX,8,482,542,601,421,524,550,736,644,973,731,617,100,973,64,794,37
20260115,cod,MAX,13,412,447,526,395,489,587,793,662,990,859,711,104,990,83,819,34
20260206,cod,MAX,9,322,433,462,392,500,653,850,709,1002,868,773,100,1002,84,855,44
20260205,cod,MAX,6,304,481,525,436,529,687,865,736,1004,892,792,74,1004,78,897,38
20260201,prepaid,MAX,31,1717,2631,2936,2649,2722,927,987,957,1053,1010,898,31,1053,83,1128,37
20260104,cod,MAX,4,1129,1425,1644,1279,1544,621,870,683,1063,939,778,141,1063,75,909,28
20260131,prepaid,MAX,24,1585,2701,3037,1816,1870,925,974,969,1065,960,869,35,1065,59,1022,27
20260102,cod,MAX,14,790,1093,1173,847,1028,630,839,734,1085,844,726,107,1085,58,835,22
20260114,cod,MAX,8,455,532,613,457,534,669,869,759,1099,876,766,118,1099,64,886,34
20260130,prepaid,MAX,19,686,972,1046,892,923,1007,1042,1050,1141,1071,963,34,1141,46,1086,24
20260113,cod,MAX,9,663,748,832,648,784,800,1028,882,1258,1046,920,116,1258,79,976,36
20260125,prepaid,MAX,12,1018,1385,1483,1312,1352,1097,1203,1136,1272,1246,1106,75,1272,117,1257,49
20260202,prepaid,MAX,25,1958,2818,3167,2873,2932,1152,1215,1199,1299,1243,1111,48,1299,78,1198,38
20260109,cod,MAX,11,858,1020,1115,888,1033,843,1066,937,1302,1113,957,123,1302,74,1155,31
20260111,cod,MAX,7,799,901,1001,865,1019,807,1080,889,1316,1145,974,161,1316,102,1132,40
20260124,prepaid,MAX,14,1184,1522,1623,1242,1276,1187,1237,1253,1329,1248,1138,41,1329,78,1253,46
20260110,cod,MAX,10,879,1109,1226,893,1043,890,1120,975,1347,1185,1014,135,1347,72,1175,38
20260112,cod,MAX,6,569,694,756,584,678,839,1050,968,1350,1026,898,119,1350,92,1127,41
20260129,prepaid,MAX,10,681,914,957,866,895,1208,1261,1257,1359,1243,1155,41,1359,76,1297,40
20260118,prepaid,MAX,10,1288,1500,1633,1390,1411,1143,1228,1219,1364,1213,1066,61,1364,151,1480,47
20260126,prepaid,MAX,17,729,1305,1383,951,977,1179,1264,1258,1384,1294,1141,70,1384,70,1157,33
20260127,prepaid,MAX,23,786,1275,1335,1453,1497,1182,1264,1267,1388,1241,1110,58,1388,51,1168,21
20260128,prepaid,MAX,13,612,824,877,1071,1108,1239,1305,1300,1403,1278,1161,45,1403,59,1279,32
20260107,cod,MAX,7,773,953,1070,905,1053,959,1198,1048,1442,1276,1072,120,1442,91,1338,44
20260105,cod,MAX,10,905,1378,1540,1009,1236,919,1179,1030,1473,1211,1063,130,1473,70,1116,32
20260108,cod,MAX,5,879,1056,1157,918,1064,1019,1260,1096,1502,1334,1143,120,1502,75,1328,39
20260119,prepaid,MAX,26,1519,1847,2021,1713,1760,1292,1369,1391,1522,1330,1215,46,1522,72,1335,32
20260120,prepaid,MAX,14,1239,1405,1516,1555,1581,1336,1411,1405,1532,1407,1303,51,1532,80,1417,32
20260123,prepaid,MAX,13,949,1073,1153,1088,1114,1383,1450,1435,1547,1453,1349,37,1547,71,1536,36
20260106,cod,MAX,11,1019,1282,1433,1205,1493,1039,1292,1134,1548,1375,1181,125,1548,61,1321,32
20260122,prepaid,MAX,13,1047,1203,1319,1216,1240,1419,1473,1494,1593,1476,1365,37,1593,71,1440,39
20260121,prepaid,MAX,16,1154,1321,1444,1275,1299,1479,1556,1542,1663,1573,1450,60,1663,103,1575,55
20260117,prepaid,MAX,9,1269,1418,1584,1408,1432,1419,1499,1518,1680,1462,1313,71,1680,69,1401,42
20260203,prepaid,MAX,36,1503,2104,2314,2314,2375,1587,1656,1636,1747,1686,1531,48,1747,97,1583,60
20260101,prepaid,MAX,4,1692,2219,2480,1770,1801,1520,1638,1578,1769,1689,1525,76,1769,119,1776,56
20260103,prepaid,MAX,15,2955,4002,4579,3765,3823,1617,1736,1689,1873,1735,1591,75,1873,104,1718,34
20260102,prepaid,MAX,10,2167,3041,3352,2672,2722,1677,1768,1776,1942,1767,1619,56,1942,74,1782,26
20260208,prepaid,MAX,21,944,1191,1300,1180,1216,1730,1858,1803,1978,1934,1723,89,1978,145,1917,51
20260116,prepaid,MAX,8,1051,1215,1345,1133,1158,1677,1813,1780,2002,1802,1603,85,2002,110,2004,49
20260204,prepaid,MAX,34,1647,2195,2419,2197,2266,1941,2020,1983,2099,2066,1890,50,2099,194,2005,80
20260207,prepaid,MAX,9,808,1091,1195,1058,1076,1877,1981,1950,2103,1948,1793,69,2103,127,2120,55
20260104,prepaid,MAX,8,3334,4195,4713,4187,4242,1915,2050,1994,2207,2116,1914,92,2207,116,2017,34
20260114,prepaid,MAX,5,1149,1321,1461,1354,1371,1961,2081,2044,2235,2141,1924,79,2235,123,2163,58
20260115,prepaid,MAX,4,1017,1097,1248,1167,1182,1984,2112,2069,2277,2124,1903,92,2277,130,1985,42
20260205,prepaid,MAX,14,855,1279,1386,1360,1395,2379,2495,2443,2597,2522,2325,56,2597,174,2549,80
20260206,prepaid,MAX,9,816,1077,1177,1230,1256,2372,2471,2459,2598,2507,2310,59,2598,145,2422,67
20260113,prepaid,MAX,6,1606,1842,2054,1931,1956,2349,2455,2432,2628,2458,2268,75,2628,95,2407,44
20260111,prepaid,MAX,11,1964,2211,2442,2360,2413,2443,2626,2541,2818,2707,2426,127,2818,181,2669,52
20260112,prepaid,MAX,6,1556,1914,2118,1791,1826,2513,2642,2684,2903,2562,2350,87,2903,153,2737,67
20260110,prepaid,MAX,5,2005,2495,2806,2375,2413,2718,2870,2812,3040,2902,2674,96,3040,137,2933,53
20260105,prepaid,MAX,13,2721,3857,4271,3628,3681,2838,2978,2968,3176,3075,2777,74,3176,152,2904,56
20260109,prepaid,MAX,7,2015,2423,2683,2422,2465,2878,3007,2992,3205,2967,2754,85,3205,128,3127,56
20260108,prepaid,MAX,2,2052,2506,2787,2473,2500,3335,3463,3455,3680,3485,3225,89,3680,135,3454,59
20260107,prepaid,MAX,10,2084,2520,2902,2658,2712,3450,3593,3549,3783,3601,3352,91,3783,123,3687,51
20260106,prepaid,MAX,14,2498,3092,3520,3595,3648,3635,3795,3737,3984,3835,3533,86,3984,141,3570,70
20260111,cod,MWP,0,3,3,3,4,5,,,,,,,,,0,1,0
20260116,prepaid,MWP,0,2,3,3,2,2,,,,,,,,,0,1,0
20260117,prepaid,MWP,0,2,4,5,3,3,,,,,,,,,,,
20260102,cod,MWP,0,2,5,5,2,2,0,0,1,1,3,0,0,1,1,1,0
20260128,prepaid,MWP,0,4,5,5,7,7,1,1,1,1,1,1,0,1,0,3,0
20260124,prepaid,MWP,0,4,7,7,4,4,1,1,1,1,1,1,0,1,0,1,0
20260104,cod,MWP,0,5,5,5,5,6,1,1,1,1,3,0,0,1,0,3,0
20260204,prepaid,MWP,0,3,6,6,7,7,1,1,1,1,4,1,0,1,0,2,0
20260113,cod,MWP,0,1,2,2,1,2,0,0,0,1,1,0,1,1,0,5,0
20260208,prepaid,MWP,0,1,2,2,2,2,1,1,1,1,6,1,0,1,3,6,0
20260123,prepaid,MWP,0,3,3,3,3,3,1,1,1,1,1,1,0,1,0,1,0
20260127,prepaid,MWP,0,1,4,4,4,4,1,1,2,2,,,0,2,0,3,0
20260102,prepaid,MWP,0,1,1,1,2,2,1,2,1,2,2,1,1,2,0,3,0
20260114,cod,MWP,0,2,2,2,0,3,0,1,0,2,1,0,1,2,,,
20260131,prepaid,MWP,1,6,6,6,5,6,2,2,2,2,,,0,2,1,4,0
20260121,prepaid,MWP,0,2,3,3,2,2,2,2,2,2,2,2,0,2,0,2,0
20260105,prepaid,MWP,0,2,2,2,2,2,1,1,1,2,1,0,0,2,1,4,0
20260118,prepaid,MWP,0,3,5,5,5,5,2,2,2,2,3,2,0,2,1,2,1
20260124,cod,MWP,0,4,5,5,3,5,1,2,1,3,1,0,1,3,1,1,1
20260105,cod,MWP,0,1,1,1,1,1,1,3,1,3,2,1,1,3,0,3,0
20260113,prepaid,MWP,0,1,1,1,1,1,2,2,3,3,2,1,0,3,0,1,0
20260112,prepaid,MWP,0,2,2,2,3,3,2,2,3,3,3,1,0,3,2,5,1
20260122,prepaid,MWP,0,1,1,1,4,4,3,3,3,3,2,2,0,3,0,4,0
20260115,cod,MWP,0,3,5,5,3,3,1,2,2,3,6,2,1,3,1,2,1
20260110,cod,MWP,0,0,2,2,1,1,2,2,3,3,2,1,0,3,0,1,0
20260111,prepaid,MWP,0,2,3,3,3,3,1,2,1,3,2,1,1,3,0,1,0
20260106,prepaid,MWP,0,7,7,7,7,7,2,3,2,3,3,2,0,3,0,2,0
20260129,prepaid,MWP,0,1,2,2,1,1,2,3,2,3,7,2,1,3,2,4,1
20260128,cod,MWP,0,0,1,2,2,4,2,2,2,3,3,1,1,3,1,3,0
20260203,prepaid,MWP,0,9,12,12,9,9,3,3,3,3,3,3,0,3,0,3,0
20260202,prepaid,MWP,0,2,3,4,4,4,2,2,2,3,2,1,0,3,1,1,1
20260101,prepaid,MWP,0,3,4,4,3,3,3,3,3,3,4,3,0,3,,,
20260109,prepaid,MWP,1,1,1,1,2,3,4,4,4,4,8,4,0,4,2,7,1
20260206,prepaid,MWP,0,,,,4,4,3,4,3,4,3,3,1,4,1,4,1
20260207,prepaid,MWP,0,5,7,7,4,5,3,3,4,4,4,3,0,4,2,6,2
20260201,cod,MWP,0,2,4,4,2,2,1,1,1,4,1,1,2,4,0,4,0
20260129,cod,MWP,0,3,4,4,2,3,1,3,1,4,5,0,0,4,2,3,1
20260107,prepaid,MWP,0,2,3,3,2,2,3,3,4,4,2,2,0,4,0,3,0
20260208,cod,MWP,0,2,3,3,2,3,1,3,1,4,4,3,1,4,1,3,1
20260125,cod,MWP,0,1,1,1,2,3,2,3,2,4,2,2,2,4,0,3,0
20260103,cod,MWP,0,2,3,3,4,5,4,4,4,4,2,1,0,4,1,2,1
20260116,cod,MWP,0,1,2,2,2,2,2,3,2,4,2,1,0,4,1,2,0
20260127,cod,MWP,0,0,4,5,1,1,0,1,1,4,2,1,1,4,0,1,0
20260125,prepaid,MWP,0,2,4,4,5,5,5,5,5,5,5,5,0,5,0,4,0
20260117,cod,MWP,0,3,4,4,4,5,1,3,1,5,1,1,2,5,0,2,0
20260119,prepaid,MWP,0,5,5,5,7,7,5,5,5,5,6,5,0,5,0,3,0
20260123,cod,MWP,0,5,7,7,5,5,2,3,3,5,3,2,1,5,1,3,0
20260112,cod,MWP,0,1,2,2,1,1,3,5,3,5,5,5,1,5,,,
20260103,prepaid,MWP,0,4,7,7,4,4,3,4,3,5,3,3,2,5,0,2,0
20260119,cod,MWP,0,1,2,2,2,2,1,4,1,5,2,2,3,5,1,4,0
20260104,prepaid,MWP,0,1,1,1,4,4,3,3,4,5,4,3,0,5,1,4,0
20260107,cod,MWP,0,3,3,3,1,3,0,3,1,5,5,2,2,5,1,6,1
20260121,cod,MWP,0,2,2,2,1,2,1,2,2,6,2,1,1,6,0,2,0
20260204,cod,MWP,0,,,,2,4,1,2,2,6,1,1,2,6,0,3,0
20260122,cod,MWP,0,2,2,2,1,2,1,3,2,6,3,1,1,6,2,3,1
20260118,cod,MWP,0,2,3,3,1,3,1,3,2,6,6,3,3,6,2,5,1
20260202,cod,MWP,0,1,1,2,3,3,1,2,1,6,3,2,2,6,0,2,0
20260131,cod,MWP,0,1,1,1,1,2,3,4,4,7,3,3,2,7,0,5,0
20260108,prepaid,MWP,0,4,5,5,4,4,6,7,6,7,7,6,1,7,0,5,0
20260109,cod,MWP,0,1,2,2,1,1,3,4,4,7,5,4,0,7,2,7,2
20260120,cod,MWP,0,1,1,1,0,2,1,2,3,7,4,2,2,7,1,4,1
20260206,cod,MWP,2,3,3,3,3,6,3,5,3,7,7,5,3,7,0,4,0
20260203,cod,MWP,0,9,13,14,8,9,4,5,4,9,5,4,3,9,1,3,0
20260106,cod,MWP,0,7,7,7,6,7,6,7,7,10,6,6,2,10,1,3,0
20260130,cod,MWP,0,1,2,2,2,3,3,8,3,10,4,4,6,10,0,3,0
20260130,prepaid,MWP,0,1,1,1,2,3,10,10,11,11,7,6,0,11,0,5,0
20260205,prepaid,MWP,0,0,3,4,2,2,14,14,14,15,12,11,0,15,1,12,0
20260114,cod,MYL,7,233,271,273,210,251,177,233,207,297,250,192,34,297,44,272,30
20260101,cod,MYL,3,148,160,161,154,193,181,252,195,308,306,228,41,308,38,280,12
20260113,cod,MYL,12,380,461,461,477,593,201,256,231,332,263,209,38,332,26,281,19
20260109,cod,MYL,2,210,272,272,228,271,212,282,235,346,297,231,32,346,18,261,8
20260104,cod,MYL,2,260,307,308,269,311,184,256,205,350,260,201,51,350,23,273,7
20260111,cod,MYL,3,198,224,224,208,235,232,306,254,371,334,264,47,371,42,334,21
20260116,cod,MYL,12,322,397,398,346,414,217,291,249,371,293,213,46,371,67,381,41
20260106,cod,MYL,1,266,324,325,262,316,223,288,256,373,303,248,46,373,28,284,12
20260108,cod,MYL,5,270,331,332,277,328,234,298,257,373,282,225,33,373,19,301,8
20260112,cod,MYL,8,213,426,427,192,239,238,303,270,386,306,246,40,386,12,306,6
20260114,prepaid,MYL,8,339,399,400,378,389,325,356,350,387,368,300,18,387,55,387,26
20260123,cod,MYL,3,232,263,263,201,255,225,287,251,387,314,230,54,387,52,311,30
20260128,cod,MYL,12,374,464,464,473,590,211,283,255,397,267,198,51,397,27,294,13
20260107,cod,MYL,2,278,335,337,284,335,252,318,287,401,349,275,35,401,19,327,9
20260104,prepaid,MYL,1,291,360,360,354,359,341,362,358,401,358,304,21,401,60,389,15
20260110,cod,MYL,6,218,255,255,232,280,251,321,284,403,317,262,38,403,26,334,14
20260107,prepaid,MYL,6,350,519,542,542,555,363,381,378,406,402,340,11,406,29,365,19
20260106,prepaid,MYL,5,297,443,444,509,518,345,371,368,409,383,337,19,409,20,357,9
20260103,cod,MYL,3,273,325,326,290,346,238,325,276,418,324,254,42,418,29,326,16
20260115,cod,MYL,13,373,442,443,365,451,278,366,298,420,420,314,40,420,44,315,28
20260128,prepaid,MYL,14,433,536,536,635,656,338,365,376,424,328,271,22,424,35,405,12
20260124,cod,MYL,6,398,437,437,364,429,248,331,275,427,356,256,62,427,40,328,22
20260105,cod,MYL,5,265,315,315,267,313,247,323,283,430,321,276,51,430,27,326,17
20260119,cod,MYL,11,337,385,385,327,401,238,330,280,437,302,239,60,437,64,380,33
20260102,cod,MYL,3,301,374,376,268,313,260,355,294,438,363,278,47,438,31,312,14
20260113,prepaid,MYL,10,482,646,647,851,876,384,411,403,439,392,340,21,439,27,417,9
20260101,prepaid,MYL,2,214,250,253,266,271,359,405,378,440,461,370,29,440,73,483,36
20260108,prepaid,MYL,3,300,459,462,459,469,396,418,410,441,425,365,13,441,42,459,18
20260116,prepaid,MYL,14,417,579,581,640,665,374,413,391,444,440,332,24,444,75,529,39
20260129,cod,MYL,5,341,390,391,340,431,267,355,307,449,381,279,58,449,43,405,22
20260110,prepaid,MYL,3,245,349,351,363,373,391,419,413,451,427,368,20,451,35,435,14
20260109,prepaid,MYL,1,269,401,408,420,427,401,427,427,458,435,377,16,458,38,412,19
20260122,cod,MYL,7,305,328,329,301,370,264,354,306,462,381,288,57,462,74,420,48
20260105,prepaid,MYL,1,297,365,365,359,366,396,419,423,462,408,367,19,462,34,392,16
20260117,cod,MYL,20,296,418,418,290,371,285,383,316,465,427,311,63,465,62,360,35
20260126,cod,MYL,1,89,99,99,74,92,253,344,298,465,385,273,73,465,32,294,21
20260125,cod,MYL,6,302,323,323,286,341,242,350,276,466,360,261,89,466,49,299,25
20260112,prepaid,MYL,2,250,612,613,280,286,411,434,440,473,452,375,16,473,36,433,19
20260118,cod,MYL,6,238,301,302,291,359,274,377,314,479,400,294,63,479,76,458,41
20260127,cod,MYL,3,515,727,728,453,539,250,346,294,479,342,262,73,479,41,321,20
20260203,cod,MYL,9,205,555,556,340,432,288,395,320,500,400,300,50,500,57,383,27
20260205,cod,MYL,22,297,595,597,619,811,279,376,321,504,422,317,56,504,82,420,32
20260123,prepaid,MYL,3,307,401,403,400,413,426,455,460,507,493,390,19,507,85,516,33
20260201,cod,MYL,7,244,364,366,257,306,306,406,341,507,437,323,64,507,60,446,28
20260102,prepaid,MYL,5,359,470,471,383,395,430,458,458,508,455,394,29,508,48,429,18
20260129,prepaid,MYL,3,388,514,515,584,597,422,454,455,508,465,384,24,508,52,479,24
20260204,cod,MYL,11,272,1078,1090,464,598,305,402,347,516,378,308,72,516,68,464,29
20260131,prepaid,MYL,3,387,546,549,543,552,445,475,477,525,502,409,26,525,42,494,17
20260131,cod,MYL,4,345,407,408,385,471,290,411,337,529,444,342,52,529,55,460,28
20260103,prepaid,MYL,1,288,566,568,393,397,464,484,490,534,485,423,23,534,49,495,21
20260202,cod,MYL,4,344,571,573,378,464,317,416,352,536,412,313,52,536,42,413,23
20260120,cod,MYL,6,276,320,320,261,324,306,433,351,549,457,362,64,549,57,387,27
20260119,prepaid,MYL,6,396,553,567,520,535,454,485,499,549,496,391,27,549,78,529,35
20260111,prepaid,MYL,1,298,335,335,351,354,486,520,507,550,531,464,25,550,46,531,19
20260121,cod,MYL,11,315,380,380,295,359,317,425,368,552,424,341,73,552,57,430,34
20260205,prepaid,MYL,22,368,647,647,813,848,476,508,511,556,529,425,20,556,63,517,25
20260201,prepaid,MYL,1,425,525,530,493,502,499,527,525,567,555,452,20,567,43,510,19
20260122,prepaid,MYL,7,402,491,491,788,805,475,509,521,573,486,417,24,573,48,496,21
20260118,prepaid,MYL,3,344,429,430,447,455,462,518,500,573,524,423,43,573,106,633,56
20260206,cod,MYL,22,236,509,511,589,808,323,460,356,580,491,380,71,580,59,427,24
20260127,prepaid,MYL,10,546,865,866,565,581,461,506,512,581,485,395,36,581,41,462,18
20260115,prepaid,MYL,7,464,618,622,556,566,515,546,542,581,590,497,11,581,58,430,22
20260202,prepaid,MYL,2,435,799,802,600,606,504,548,529,587,534,440,36,587,45,554,16
20260204,prepaid,MYL,8,418,1186,1187,758,782,504,539,538,591,531,448,25,591,57,600,19
20260125,prepaid,MYL,4,380,409,409,415,423,500,550,531,598,580,478,37,598,55,485,17
20260130,cod,MYL,8,340,465,467,325,388,374,492,422,609,481,396,60,609,56,510,32
20260130,prepaid,MYL,1,450,551,560,505,512,530,570,564,621,567,493,22,621,61,672,26
20260208,cod,MYL,16,204,728,734,380,510,319,490,362,621,561,404,108,621,110,581,61
20260124,prepaid,MYL,5,530,573,574,621,636,536,581,566,625,570,476,31,625,55,545,27
20260203,prepaid,MYL,11,338,675,677,644,664,542,581,585,637,586,488,27,637,53,567,19
20260117,prepaid,MYL,19,370,535,535,507,532,541,593,569,638,613,493,36,638,59,521,31
20260121,prepaid,MYL,5,402,548,551,538,548,553,605,579,649,588,504,33,649,70,632,27
20260120,prepaid,MYL,4,405,763,764,479,488,568,598,603,649,627,514,24,649,83,593,38
20260206,prepaid,MYL,19,352,746,748,846,881,604,638,634,681,652,544,21,681,56,592,23
20260207,cod,MYL,7,278,702,704,360,474,403,555,456,695,581,458,71,695,82,581,50
20260207,prepaid,MYL,10,558,1202,1248,829,854,632,688,664,731,729,587,31,731,114,768,59
20260126,prepaid,MYL,3,135,153,153,132,137,626,687,670,751,719,591,40,751,64,601,30
20260208,prepaid,MYL,4,301,795,798,564,579,646,718,684,779,779,619,49,779,138,830,55
20260123,prepaid,NAP,1,35,115,121,91,98,69,80,80,98,118,64,6,98,14,97,6
20260115,prepaid,NAP,1,37,121,129,89,98,74,85,81,103,128,68,5,103,9,94,3
20260204,prepaid,NAP,3,31,103,108,88,96,80,89,85,104,94,65,10,104,16,114,7
20260208,prepaid,NAP,2,31,96,97,73,80,76,90,86,109,111,76,10,109,13,105,7
20260108,prepaid,NAP,0,40,124,131,105,114,78,92,88,111,107,73,6,111,11,103,8
20260105,prepaid,NAP,0,36,110,113,97,107,72,85,83,112,99,58,10,112,6,84,3
20260131,prepaid,NAP,1,46,110,117,105,113,70,83,82,113,95,62,6,113,10,110,7
20260122,prepaid,NAP,1,44,114,122,126,133,82,93,96,117,108,70,12,117,7,90,5
20260101,prepaid,NAP,2,27,87,89,98,108,73,96,79,117,122,77,13,117,9,103,4
20260125,prepaid,NAP,1,40,93,93,123,133,82,100,88,117,120,79,15,117,17,110,9
20260116,prepaid,NAP,2,40,106,109,113,121,80,100,87,118,129,73,7,118,14,113,6
20260121,prepaid,NAP,1,38,122,126,100,108,80,96,90,119,123,75,10,119,9,92,7
20260126,prepaid,NAP,0,15,79,84,45,49,80,99,94,119,119,80,14,119,16,112,7
20260203,prepaid,NAP,0,47,109,112,98,110,90,103,99,119,114,73,10,119,8,97,5
20260104,prepaid,NAP,1,29,95,101,111,118,83,95,92,120,113,77,10,120,7,96,2
20260207,prepaid,NAP,2,38,92,93,84,93,78,94,93,121,104,73,9,121,10,94,9
20260113,prepaid,NAP,0,39,121,129,93,101,76,97,89,125,130,78,8,125,11,101,6
20260130,prepaid,NAP,3,40,110,115,110,118,82,96,99,126,118,73,9,126,8,131,5
20260117,prepaid,NAP,1,35,93,98,94,102,84,104,93,126,118,72,17,126,13,109,7
20260205,prepaid,NAP,2,35,104,112,94,105,87,105,92,127,126,86,12,127,11,89,7
20260106,prepaid,NAP,0,30,119,126,104,110,93,106,102,127,135,80,10,127,16,115,7
20260109,prepaid,NAP,0,40,108,115,112,123,90,111,98,127,123,89,13,127,4,106,3
20260128,prepaid,NAP,4,35,94,101,100,109,94,108,110,131,120,80,8,131,12,99,7
20260112,prepaid,NAP,2,34,91,99,95,102,76,97,91,131,113,79,10,131,7,116,2
20260201,prepaid,NAP,0,21,85,87,65,72,88,111,101,134,131,91,17,134,15,127,8
20260127,prepaid,NAP,2,35,111,117,112,115,92,113,99,135,120,88,14,135,8,98,3
20260110,prepaid,NAP,0,28,87,93,98,101,93,113,108,135,143,97,11,135,11,132,5
20260124,prepaid,NAP,2,52,128,137,107,113,101,117,114,135,121,83,8,135,11,106,8
20260202,prepaid,NAP,1,36,96,99,109,117,96,106,117,137,132,82,10,137,17,108,6
20260119,prepaid,NAP,3,34,88,91,87,96,86,106,106,138,116,75,13,138,17,127,9
20260103,prepaid,NAP,2,36,123,129,95,101,89,107,105,138,132,84,9,138,8,106,2
20260118,prepaid,NAP,0,27,88,91,84,90,88,110,101,139,120,81,21,139,7,104,3
20260111,prepaid,NAP,0,36,103,107,94,98,97,121,109,139,140,95,11,139,9,116,7
20260120,prepaid,NAP,3,35,109,115,89,97,98,115,110,144,131,88,9,144,10,110,7
20260102,prepaid,NAP,1,28,114,123,95,100,91,114,112,145,136,85,13,145,11,115,7
20260107,prepaid,NAP,0,32,112,119,114,123,111,123,119,145,140,101,10,145,10,100,2
20260206,prepaid,NAP,2,43,102,106,110,116,101,122,115,150,126,96,14,150,8,129,5
20260114,prepaid,NAP,2,38,101,107,102,109,111,123,124,152,144,97,9,152,3,104,2
20260129,prepaid,NAP,0,38,124,134,106,110,106,133,121,158,141,104,14,158,6,87,3
20260101,cod,NAP,149,12464,13173,13249,7881,13065,5767,11530,6923,18179,13911,8968,3834,18179,1849,13824,1106
20260111,cod,NAP,227,12373,13296,13366,8092,13133,5869,11598,7099,18551,13004,8954,3782,18551,1517,13052,958
20260115,cod,NAP,249,11277,12882,12954,7755,12975,6227,12052,7533,18933,13386,8911,3560,18933,1483,11712,941
20260118,cod,NAP,220,13161,14403,14485,8459,14039,5652,11803,6939,19250,11902,8274,4306,19250,1977,14764,1307
20260114,cod,NAP,208,10561,12908,12997,6534,11263,6416,12304,7823,19383,13310,9391,3766,19383,1629,12913,1079
20260110,cod,NAP,265,12798,13551,13646,8030,13304,6441,12270,7873,19504,12498,9048,3726,19504,1400,13469,989
20260125,cod,NAP,267,13485,14897,14996,9822,15791,5951,12256,7236,19900,12964,9362,4286,19900,1687,13215,1158
20260112,cod,NAP,313,13771,14446,14608,8871,14606,6358,12513,7824,19942,12525,9075,3927,19942,1630,13570,951
20260104,cod,NAP,189,13554,14463,14529,8676,13964,6316,12463,7696,20081,14047,9459,4082,20081,1487,13417,988
20260117,cod,NAP,230,12647,13539,13630,8256,13485,6377,12548,7884,20099,13263,9087,4005,20099,1413,11981,968
20260126,cod,NAP,168,8409,11310,11366,5732,9216,6179,12204,7784,20416,13081,9225,4324,20416,1679,12753,1043
20260208,cod,NAP,202,12253,13462,13542,8041,13119,6620,13264,7901,20517,14515,10568,4280,20517,1756,14515,1086
20260116,cod,NAP,290,13568,14232,14392,9456,15379,6717,13421,8056,20648,13979,9718,4111,20648,1811,14682,1249
20260113,cod,NAP,284,12377,13103,13201,7822,13067,7141,13388,8495,20690,14063,10349,3874,20690,1376,13108,958
20260123,cod,NAP,219,13908,15219,15357,8812,14475,6852,13184,8265,20702,14087,10363,4221,20702,1686,14167,1107
20260109,cod,NAP,212,12506,13055,13289,7939,13013,7251,13615,8640,20912,14295,10421,3818,20912,1363,13732,922
20260207,cod,NAP,235,12773,13598,13691,8256,13336,6813,13223,8263,21027,13751,10316,4111,21027,1492,14354,1006
20260108,cod,NAP,188,12193,12742,12815,7758,12900,7183,13379,8682,21087,13807,10052,3835,21087,1404,14341,948
20260120,cod,NAP,221,12347,12952,13034,7972,13157,6833,13216,8431,21130,13754,10156,4148,21130,1505,13267,1000
20260119,cod,NAP,220,12882,13665,13824,8874,14472,6504,12938,8262,21173,12987,9485,4360,21173,1460,13050,972
20260105,cod,NAP,179,13715,14851,14951,9035,14652,6608,12916,8248,21280,13041,9158,4293,21280,1341,13343,896
20260124,cod,NAP,213,12649,14817,14957,8366,13788,6824,13251,8439,21323,13435,10046,4167,21323,1586,14106,1115
20260102,cod,NAP,190,14285,14772,14854,9080,15000,6885,13341,8473,21349,13350,9371,4278,21349,1399,13238,943
20260106,cod,NAP,148,10547,11036,11108,7084,11431,6982,13507,8590,21357,14249,10193,3966,21357,1363,13339,864
20260103,cod,NAP,180,13599,14008,14121,8587,14147,6827,13377,8390,21375,14222,10084,4257,21375,1378,12780,935
20260201,cod,NAP,159,13032,13815,13904,8248,13464,6816,13677,8199,21540,14486,10625,4490,21540,1870,16918,1219
20260121,cod,NAP,231,12214,12638,12718,7792,12847,7275,13735,8727,21605,14386,10646,4259,21605,1580,14271,1075
20260206,cod,NAP,243,13115,14023,14125,8473,13696,7149,13810,8624,21619,13996,10676,4125,21619,1399,14650,931
20260107,cod,NAP,169,12112,12763,12846,7644,12784,7432,13917,8892,21634,14574,10603,3992,21634,1282,13471,888
20260128,cod,NAP,220,12604,13285,13388,8566,14188,7144,13679,8791,21748,14158,10347,4162,21748,1423,12645,916
20260122,cod,NAP,156,13175,13834,13910,8367,13646,7549,14227,9124,22000,14568,11006,4239,22000,1488,14765,1033
20260204,cod,NAP,208,13028,13402,13458,8618,14093,7583,14547,9145,22071,14969,11366,4109,22071,1483,14424,1002
20260127,cod,NAP,309,16883,18360,18446,12407,20071,7182,13876,8870,22190,14136,10410,4317,22190,1443,12722,1016
20260203,cod,NAP,197,13612,14410,14483,9140,14918,7491,14226,9111,22467,14642,11072,4156,22467,1539,14816,988
20260129,cod,NAP,208,12921,14029,14122,8369,13680,7835,14523,9460,22636,14808,11032,4042,22636,1245,12125,839
20260130,cod,NAP,221,13980,14422,14513,9393,15328,7373,14149,8989,22638,14486,10670,4158,22638,1476,16452,998
20260202,cod,NAP,218,13526,15059,15179,8759,14293,7258,13768,9229,22651,13683,10244,4374,22651,1799,15061,1066
20260205,cod,NAP,211,13904,14468,14588,8729,14325,7814,14510,9423,22696,14784,11268,4188,22696,1465,15002,988
20260131,cod,NAP,172,13533,14090,14185,8668,14024,7585,14607,9189,22816,14929,11181,4246,22816,1646,17365,1209
20260128,prepaid,NIR,0,1,1,1,0,1,,,,,,,,,0,2,0
20260201,prepaid,NIR,0,,,,1,1,0,0,0,1,,,1,1,,,
20260207,prepaid,NIR,0,2,2,2,2,2,1,1,1,1,1,1,0,1,0,1,0
20260130,prepaid,NIR,0,1,2,2,1,1,0,0,0,1,1,0,0,1,,,
20260131,prepaid,NIR,0,1,2,2,1,2,0,1,0,1,,,1,1,1,1,1
20260206,prepaid,NIR,1,4,4,4,3,4,0,0,0,1,,,1,1,,,
20260103,prepaid,NIR,0,1,1,1,2,2,0,0,0,1,3,0,0,1,0,2,0
20260112,prepaid,NIR,0,1,1,1,1,1,1,1,1,1,2,1,0,1,0,2,0
20260111,prepaid,NIR,0,1,1,2,1,2,1,1,2,2,1,1,0,2,1,2,1
20260122,prepaid,NIR,0,1,1,1,1,1,1,1,1,2,2,0,0,2,1,2,1
20260203,prepaid,NIR,0,1,1,1,1,1,0,1,0,2,1,0,1,2,,,
20260123,prepaid,NIR,0,1,1,1,1,1,2,2,2,2,4,2,0,2,1,2,1
20260118,prepaid,NIR,0,,,,2,2,0,1,1,2,1,1,0,2,0,1,0
20260106,prepaid,NIR,0,1,3,3,2,2,0,0,2,3,,,1,3,1,2,0
20260113,prepaid,NIR,0,2,4,4,2,2,1,3,1,3,3,2,2,3,1,4,1
20260115,prepaid,NIR,0,,,,1,1,1,2,1,3,3,2,0,3,0,2,0
20260114,prepaid,NIR,0,1,2,2,1,3,1,1,2,3,1,1,0,3,0,1,0
20260116,prepaid,NIR,0,1,1,1,1,1,2,2,3,3,1,1,0,3,0,1,0
20260108,prepaid,NIR,0,3,6,6,3,3,2,2,3,3,2,2,0,3,1,2,1
20260109,prepaid,NIR,0,1,1,1,3,4,3,3,3,3,5,3,0,3,0,5,0
20260205,prepaid,NIR,0,1,1,1,1,1,0,0,1,3,,,1,3,0,2,0
20260119,prepaid,NIR,0,4,5,5,3,4,1,2,1,3,1,1,0,3,,,
20260107,prepaid,NIR,0,3,3,3,4,5,3,3,3,4,3,2,1,4,0,1,0
20260120,prepaid,NIR,0,5,6,6,6,6,0,2,0,4,1,1,1,4,0,2,0
20260105,prepaid,NIR,0,4,5,5,3,4,1,2,1,4,1,0,3,4,0,4,0
20260110,prepaid,NIR,0,1,2,2,1,1,4,5,4,5,4,4,1,5,0,4,0
20260121,prepaid,NIR,1,3,3,3,3,4,2,2,2,5,6,3,2,5,1,3,0
20260102,prepaid,NIR,0,2,3,3,2,2,4,5,4,5,3,3,1,5,0,3,0
20260204,prepaid,NIR,0,1,1,1,1,1,1,2,1,5,1,1,1,5,,,
20260101,cod,NIR,47,1877,2323,2326,908,2506,712,2537,955,5128,3404,1948,1391,5128,541,3190,326
20260110,cod,NIR,95,2151,3202,3203,1160,2971,730,2498,1060,5337,2746,1790,1335,5337,304,2728,220
20260114,cod,NIR,101,1822,2349,2350,1103,2701,797,2624,1060,5341,2866,1903,1438,5341,419,2979,269
20260111,cod,NIR,82,1278,2553,2760,934,2330,806,2706,1074,5378,2951,2004,1374,5378,442,3095,291
20260115,cod,NIR,85,2262,2668,2671,1071,2813,828,2761,1133,5560,2966,1951,1384,5560,472,2939,326
20260109,cod,NIR,87,2192,2996,2996,1283,3217,841,2693,1116,5571,3004,1974,1476,5571,276,2964,183
20260118,cod,NIR,114,3110,4055,4056,1371,3620,854,2735,1141,5612,3187,2081,1403,5612,577,3147,387
20260117,cod,NIR,146,3696,4203,4209,1560,4227,893,2788,1239,5843,2957,1969,1436,5843,433,2986,297
20260113,cod,NIR,121,2507,3343,3351,1343,3208,882,2917,1222,5860,3116,2156,1462,5860,403,3070,297
20260112,cod,NIR,116,2099,2779,2806,1383,3387,961,3078,1294,5986,3343,2281,1571,5986,418,3146,299
20260116,cod,NIR,127,3341,3866,3867,1444,3763,857,2897,1189,6014,3170,2112,1580,6014,443,2991,301
20260108,cod,NIR,99,2002,3035,3035,1265,3147,903,2855,1256,6031,2925,2005,1472,6031,309,3143,215
20260104,cod,NIR,50,2512,3464,3470,1227,3186,887,3032,1201,6037,3483,2189,1584,6037,407,3218,275
20260103,cod,NIR,56,2389,3050,3052,1271,3406,858,2906,1179,6103,3521,2087,1617,6103,346,3137,244
20260102,cod,NIR,77,3220,4217,4217,1324,3647,917,3124,1269,6232,3332,2048,1604,6232,395,3246,233
20260119,cod,NIR,125,3633,4353,4354,1693,4577,927,3176,1284,6322,3538,2331,1621,6322,540,3393,331
20260107,cod,NIR,102,2370,3588,3598,1472,3701,975,3147,1308,6325,3463,2308,1593,6325,333,3279,229
20260105,cod,NIR,42,2414,2931,3005,1266,3352,862,2976,1196,6401,3301,2036,1697,6401,372,3218,226
20260106,cod,NIR,16,1080,2451,2478,552,1595,872,3131,1219,6424,3318,2159,1688,6424,331,3295,229
20260120,cod,NIR,132,3583,4568,4571,1547,4301,1073,3604,1440,6789,3787,2604,1684,6789,566,3738,353
20260128,cod,NIR,143,4067,5519,5528,2038,5705,918,3120,1307,7070,3142,1987,1728,7070,328,2467,213
20260123,cod,NIR,101,2175,3438,3439,1126,3038,953,3641,1340,7156,4137,2565,1800,7156,800,4279,504
20260204,cod,NIR,129,4163,5060,5066,1804,5634,900,3385,1240,7242,3509,2386,1812,7242,508,3666,344
20260121,cod,NIR,139,3528,4159,4164,1624,4498,1119,3886,1518,7271,4266,2895,1761,7271,538,3966,348
20260129,cod,NIR,104,3075,3503,3506,1517,4528,1086,3638,1470,7286,3719,2523,1751,7286,404,3144,266
20260130,cod,NIR,90,3001,4694,4698,1120,3403,880,3558,1244,7360,3585,2371,1794,7360,606,5569,449
20260205,cod,NIR,80,2751,3347,3349,1241,3662,853,3395,1206,7422,3619,2402,1819,7422,531,3603,360
20260122,cod,NIR,120,3216,4065,4070,1330,3847,1185,3945,1595,7550,4362,2944,1936,7550,555,3883,421
20260201,cod,NIR,73,1338,2089,2095,826,2490,966,3824,1266,7633,3979,2637,1968,7633,683,4555,436
20260125,cod,NIR,113,2854,4328,4336,1954,5030,1014,3621,1425,7669,3973,2499,2025,7669,575,3657,433
20260206,cod,NIR,74,2408,2907,2909,1015,3041,999,4037,1296,7701,4362,2988,1865,7701,571,4129,358
20260131,cod,NIR,111,2023,3115,3123,1236,3650,1080,3980,1421,7752,4351,2861,1913,7752,579,4730,415
20260208,cod,NIR,92,3052,3410,3411,1273,3484,930,3796,1290,7756,3907,2681,1961,7756,711,4469,448
20260127,cod,NIR,114,3429,5060,5074,1686,4867,958,3457,1363,7767,3367,2153,1957,7767,356,2701,237
20260124,cod,NIR,82,2130,4314,4323,1229,3378,1140,3993,1554,7954,4117,2691,2088,7954,606,4094,470
20260203,cod,NIR,104,2627,4106,4110,1358,4292,952,3601,1354,8094,3626,2465,2012,8094,473,3999,332
20260207,cod,NIR,102,2978,3401,3404,1208,3476,1097,4201,1438,8128,4510,3062,1954,8128,578,4270,396
20260202,cod,NIR,95,3405,5046,5049,1433,4147,1096,4117,1526,8507,4249,2918,2135,8507,580,4167,390
20260207,prepaid,NKF,14,2959,3883,3931,3534,3598,1042,1105,1090,1188,1096,967,34,1188,78,1271,26
20260207,cod,NKF,22,2703,3514,3549,2602,3229,693,996,845,1468,923,740,183,1468,82,1168,47
20260206,prepaid,NKF,6,1875,2554,2580,2079,2124,1416,1485,1506,1618,1378,1253,46,1618,79,1694,31
20260208,cod,NKF,17,1826,2857,2882,1903,2344,950,1392,1006,1651,1530,1241,224,1651,134,1390,57
20260208,prepaid,NKF,13,2106,3209,3229,2705,2765,1648,1808,1698,1878,1972,1681,81,1878,195,1824,59
20260206,cod,NKF,6,1676,2261,2278,1489,1854,1054,1542,1198,2080,1428,1205,233,2080,95,1661,43
20260103,prepaid,NKF,18,2243,2641,2648,2567,2618,1928,2051,2061,2251,2053,1824,86,2251,151,2211,48
20260111,cod,NKF,11,1107,1585,1602,1030,1309,1322,1869,1467,2332,1997,1602,298,2332,198,2072,75
20260111,prepaid,NKF,4,1367,1955,1978,1526,1547,2029,2189,2133,2340,2288,1960,94,2340,199,2342,62
20260128,cod,NKF,33,1984,2448,2459,2199,2733,1224,1697,1446,2347,1654,1347,288,2347,181,1946,60
20260113,prepaid,NKF,9,1976,2502,2507,2444,2500,2086,2196,2193,2356,2227,1957,64,2356,174,2386,61
20260104,cod,NKF,25,1184,1587,1596,1125,1438,1283,1875,1409,2357,2033,1609,315,2357,175,1901,83
20260113,cod,NKF,21,1714,2219,2225,1698,2155,1331,1862,1486,2367,1895,1568,285,2367,157,1936,74
20260114,cod,NKF,11,1075,1538,1543,1193,1488,1397,1935,1534,2428,2044,1663,294,2428,208,1986,110
20260123,cod,NKF,20,1773,2188,2194,1710,2146,1398,1898,1570,2433,2156,1654,285,2433,280,2328,115
20260106,cod,NKF,12,1672,2054,2075,1604,2015,1296,1844,1452,2437,1848,1506,311,2437,125,1905,64
20260103,cod,NKF,26,1750,2079,2094,1621,2085,1220,1742,1421,2439,1684,1387,308,2439,151,1899,78
20260128,prepaid,NKF,22,1969,2404,2419,2802,2872,2131,2267,2244,2446,2291,1994,76,2446,232,2545,52
20260106,prepaid,NKF,7,2072,2501,2516,2451,2480,2167,2284,2289,2447,2280,2011,56,2447,137,2385,54
20260203,prepaid,NKF,7,2118,2543,2568,2802,2859,2153,2287,2263,2453,2323,2054,71,2453,153,2341,51
20260115,cod,NKF,19,1589,2074,2087,1699,2136,1390,1944,1560,2453,2002,1604,286,2453,127,1775,65
20260118,cod,NKF,11,1099,1554,1568,1098,1423,1434,1997,1566,2453,2207,1716,300,2453,234,2290,123
20260127,prepaid,NKF,22,4990,5907,5935,6122,6216,2092,2206,2269,2466,2060,1843,73,2466,95,2188,36
20260107,cod,NKF,15,1605,2054,2062,1558,1988,1450,1940,1616,2490,1973,1657,275,2490,147,2009,88
20260115,prepaid,NKF,8,1892,2483,2497,2537,2580,2224,2361,2316,2503,2488,2056,87,2503,178,2196,62
20260104,prepaid,NKF,6,1539,2003,2021,1813,1846,2198,2360,2285,2504,2468,2142,114,2504,191,2306,54
20260109,cod,NKF,23,1518,1884,1894,1482,1873,1447,2028,1587,2527,2036,1721,267,2527,160,2156,78
20260110,cod,NKF,26,1626,2051,2062,1607,2010,1449,2022,1617,2549,2082,1748,280,2549,134,1995,77
20260112,cod,NKF,28,2165,2654,2672,2210,2785,1415,1950,1619,2554,1916,1586,303,2554,166,1987,87
20260108,cod,NKF,22,1606,1975,1986,1650,2092,1495,2032,1652,2560,2117,1768,292,2560,153,1955,86
20260110,prepaid,NKF,15,1909,2367,2384,2279,2327,2255,2412,2358,2562,2424,2167,89,2562,117,2422,50
20260116,cod,NKF,26,2122,2526,2535,2152,2722,1425,2001,1620,2568,2042,1655,291,2568,174,2088,80
20260201,prepaid,NKF,6,1384,2025,2052,1735,1764,2271,2434,2362,2577,2503,2179,113,2577,232,2716,85
20260105,prepaid,NKF,5,2975,3421,3438,3438,3488,2240,2366,2391,2580,2346,2067,78,2580,132,2344,44
20260101,prepaid,NKF,1,1002,1287,1289,1192,1203,2246,2423,2334,2583,2595,2201,110,2583,219,2459,54
20260116,prepaid,NKF,12,2561,3091,3105,3212,3275,2295,2448,2409,2604,2301,2024,79,2604,122,2540,47
20260102,prepaid,NKF,8,2180,2551,2565,2741,2783,2247,2433,2408,2655,2283,2050,109,2655,116,2375,52
20260112,prepaid,NKF,10,3108,3725,3744,3810,3872,2320,2461,2465,2655,2391,2146,75,2655,146,2406,67
20260101,cod,NKF,8,816,1092,1092,773,962,1469,2093,1607,2660,2331,1783,336,2660,245,2182,122
20260203,cod,NKF,15,1899,2275,2294,1966,2472,1548,2051,1739,2669,2114,1708,284,2669,190,2105,93
20260117,cod,NKF,21,1794,2317,2333,1732,2172,1507,2098,1695,2671,2098,1734,305,2671,133,1904,82
20260123,prepaid,NKF,13,2083,2503,2509,2485,2529,2379,2540,2472,2678,2715,2301,76,2678,273,3022,84
20260108,prepaid,NKF,16,2066,2496,2505,2509,2567,2436,2558,2522,2681,2605,2345,61,2681,144,2449,78
20260120,prepaid,NKF,22,2182,2471,2482,2720,2770,2360,2481,2494,2684,2449,2198,83,2684,152,2690,60
20260205,prepaid,NKF,2,175,411,430,385,401,2422,2536,2524,2686,2523,2280,68,2686,157,2515,48
20260105,cod,NKF,28,2177,2553,2568,2078,2628,1442,1976,1671,2699,1943,1591,309,2699,132,1893,67
20260120,cod,NKF,22,1787,2053,2075,1786,2222,1491,2100,1682,2705,2074,1717,301,2705,153,2191,81
20260125,cod,NKF,16,1498,1956,1969,1423,1754,1596,2243,1729,2713,2338,1891,331,2713,241,2271,133
20260118,prepaid,NKF,9,1383,2005,2017,1728,1753,2401,2582,2501,2726,2686,2319,99,2726,200,2796,81
20260117,prepaid,NKF,14,2116,2709,2715,2577,2633,2419,2563,2523,2734,2584,2287,80,2734,148,2353,56
20260109,prepaid,NKF,6,1832,2238,2247,2211,2257,2486,2611,2578,2755,2600,2355,74,2755,152,2745,55
20260205,cod,NKF,1,126,283,292,222,330,1598,2184,1788,2756,2165,1818,271,2756,166,2257,90
20260202,prepaid,NKF,14,2942,3683,3709,3634,3706,2382,2524,2557,2761,2444,2209,72,2761,138,2575,56
20260107,prepaid,NKF,9,1998,2449,2455,2367,2412,2534,2653,2646,2809,2663,2429,63,2809,138,2610,74
20260102,cod,NKF,21,1729,2058,2069,1817,2290,1538,2200,1738,2873,2087,1726,351,2873,155,2220,80
20260114,prepaid,NKF,11,1207,1752,1759,1609,1645,2601,2747,2692,2882,2843,2497,76,2882,212,2657,80
20260204,cod,NKF,8,281,447,462,498,680,1705,2362,1874,2900,2366,1984,306,2900,191,2314,79
20260121,cod,NKF,22,1647,2108,2132,1537,1917,1724,2345,1892,2903,2389,1995,298,2903,186,2302,91
20260126,cod,NKF,6,474,1128,1129,506,609,1713,2394,1883,2904,2530,2009,362,2904,208,2133,98
20260201,cod,NKF,8,1092,1613,1630,1167,1440,1732,2404,1920,2939,2520,2050,364,2939,231,2638,97
20260119,cod,NKF,39,2605,3041,3067,2614,3244,1646,2272,1889,2939,2243,1837,299,2939,164,2315,91
20260125,prepaid,NKF,7,1813,2364,2374,2051,2076,2622,2818,2698,2940,2904,2559,116,2940,225,2716,78
20260122,cod,NKF,28,1943,2301,2314,1922,2359,1736,2342,1916,2943,2350,2002,334,2943,151,2283,85
20260119,prepaid,NKF,14,3357,3944,3959,4124,4190,2584,2738,2741,2966,2699,2392,88,2966,174,2777,84
20260127,cod,NKF,33,4182,4968,4985,4282,5209,1556,2131,1893,2969,1971,1653,355,2969,134,1939,70
20260124,cod,NKF,23,2125,2533,2537,2095,2571,1779,2424,1966,2978,2333,1947,354,2978,214,2404,111
20260126,prepaid,NKF,8,633,1443,1446,804,821,2591,2767,2723,2980,2848,2459,123,2980,184,2479,69
20260122,prepaid,NKF,11,2301,2716,2727,2709,2761,2725,2861,2825,3019,2868,2573,70,3019,169,2675,74
20260124,prepaid,NKF,9,2180,2626,2628,2564,2601,2726,2851,2867,3028,2711,2443,72,3028,207,2828,92
20260202,cod,NKF,23,2333,2932,2945,2341,2961,1715,2386,1983,3096,2273,1923,306,3096,141,2460,77
20260204,prepaid,NKF,5,356,552,572,806,838,2808,2957,2921,3116,2950,2688,72,3116,180,2850,51
20260121,prepaid,NKF,12,1851,2353,2375,2086,2128,2848,2993,2966,3168,3065,2737,82,3168,185,2874,71
20260131,prepaid,NKF,9,2078,2649,2683,2585,2626,2871,3007,2991,3207,2977,2693,85,3207,168,3144,68
20260130,prepaid,NKF,15,1939,2481,2508,2543,2592,3049,3228,3196,3447,3199,2891,113,3447,158,3276,56
20260131,cod,NKF,9,1810,2328,2356,1838,2290,2102,2830,2342,3490,2862,2426,350,3490,199,2951,122
20260129,cod,NKF,16,1924,2558,2582,2016,2505,2312,3055,2499,3632,3130,2693,365,3632,211,2900,95
20260130,cod,NKF,15,1915,2397,2418,2046,2537,2304,2999,2520,3640,3073,2615,341,3640,218,3109,116
20260129,prepaid,NKF,15,1896,2556,2593,2399,2447,3759,3943,3892,4142,4020,3643,100,4142,226,3697,92
20260105,cod,NMB,0,8,9,11,5,9,0,1,0,1,1,0,1,1,1,2,1
20260208,cod,NMB,0,,,,2,2,0,1,0,1,2,1,1,1,2,3,2
20260130,cod,NMB,0,1,1,4,1,1,0,2,0,2,3,0,2,2,0,1,0
20260207,cod,NMB,1,4,6,7,2,4,0,1,1,2,1,1,0,2,2,4,2
20260106,prepaid,NMB,0,1,4,4,4,4,1,1,1,2,2,1,0,2,,,
20260120,prepaid,NMB,1,3,6,9,4,6,1,1,2,2,3,1,0,2,0,2,0
20260207,prepaid,NMB,0,3,4,5,3,3,1,2,1,2,4,2,0,2,3,5,2
20260114,cod,NMB,0,0,2,2,4,5,0,2,0,3,2,2,2,3,0,3,0
20260115,prepaid,NMB,0,1,5,6,6,6,2,2,3,3,4,1,0,3,0,3,0
20260105,prepaid,NMB,0,10,14,17,12,12,1,1,1,3,1,1,1,3,0,1,0
20260106,cod,NMB,0,3,6,12,2,5,1,2,1,3,2,1,1,3,0,3,0
20260203,cod,NMB,0,2,2,2,1,3,1,1,1,3,2,1,2,3,0,1,0
20260109,prepaid,NMB,0,1,4,7,4,4,3,4,3,4,5,4,1,4,1,9,0
20260202,cod,NMB,0,0,3,3,0,1,0,1,0,4,1,1,3,4,0,2,0
20260115,cod,NMB,0,1,2,3,1,2,0,1,0,4,1,1,1,4,,,
20260206,cod,NMB,1,5,5,5,2,5,0,1,0,4,1,1,1,4,0,1,0
20260116,prepaid,NMB,0,3,7,8,6,7,4,4,4,4,4,2,0,4,4,9,4
20260114,prepaid,NMB,0,2,5,8,7,7,4,5,4,5,6,5,0,5,2,8,1
20260202,prepaid,NMB,0,3,3,7,6,7,5,5,5,5,3,2,0,5,0,2,0
20260125,prepaid,NMB,0,0,1,1,6,6,4,5,4,5,5,4,1,5,0,4,0
20260117,cod,NMB,1,5,5,5,6,9,2,3,2,5,5,3,2,5,0,2,0
20260124,prepaid,NMB,0,8,17,18,12,12,4,4,5,5,5,4,0,5,3,8,2
20260127,prepaid,NMB,0,3,8,11,6,6,2,2,4,5,6,1,1,5,0,6,0
20260108,cod,NMB,0,3,3,5,1,3,2,4,3,6,5,4,0,6,0,4,0
20260204,prepaid,NMB,0,5,6,7,7,7,5,6,5,6,2,2,1,6,2,9,0
20260204,cod,NMB,0,3,3,4,3,3,1,3,1,6,4,2,3,6,0,1,0
20260127,cod,NMB,0,6,8,8,4,7,2,3,2,6,3,3,3,6,4,6,2
20260126,prepaid,NMB,0,0,1,2,1,1,4,6,4,6,8,6,2,6,1,4,0
20260131,prepaid,NMB,0,3,5,5,9,9,6,6,6,6,6,4,0,6,2,8,2
20260131,cod,NMB,0,3,4,4,1,5,1,4,1,6,2,2,2,6,0,1,0
20260123,prepaid,NMB,0,1,7,9,4,5,3,4,4,6,3,3,1,6,0,4,0
20260129,prepaid,NMB,1,2,6,8,4,5,4,4,5,6,6,3,1,6,1,3,0
20260205,prepaid,NMB,0,0,0,1,2,2,3,5,4,6,4,2,2,6,1,3,0
20260103,prepaid,NMB,0,2,3,8,8,8,2,2,4,6,1,1,2,6,0,1,0
20260120,cod,NMB,0,1,1,7,3,6,2,4,3,6,5,3,0,6,1,5,0
20260122,cod,NMB,1,4,5,7,2,4,0,2,0,6,2,1,5,6,2,4,1
20260101,cod,NMB,0,1,2,2,0,1,1,5,1,6,4,4,1,6,0,4,0
20260119,cod,NMB,2,6,12,14,2,6,2,4,2,6,1,0,3,6,1,4,1
20260119,prepaid,NMB,0,2,4,9,6,6,5,6,5,6,6,4,0,6,1,5,1
20260113,prepaid,NMB,1,0,6,8,2,3,5,5,6,6,7,5,0,6,0,6,0
20260117,prepaid,NMB,0,3,5,8,7,7,5,6,5,6,7,5,1,6,0,4,0
20260102,cod,NMB,0,2,2,15,1,3,0,2,2,6,3,2,2,6,1,6,1
20260110,cod,NMB,0,5,6,11,2,5,0,3,0,6,5,3,1,6,0,3,0
20260205,cod,NMB,0,,,,3,3,1,4,1,7,1,1,4,7,0,4,0
20260129,cod,NMB,0,1,3,4,2,3,3,3,4,7,4,3,2,7,1,2,0
20260116,cod,NMB,0,1,5,7,1,3,1,3,3,7,3,3,1,7,0,3,0
20260121,cod,NMB,0,2,2,2,1,3,2,5,3,7,5,3,1,7,1,4,1
20260128,cod,NMB,0,2,4,6,1,4,2,5,2,7,6,5,2,7,1,7,0
20260109,cod,NMB,0,3,3,4,1,3,2,5,2,7,4,4,4,7,0,7,0
20260110,prepaid,NMB,1,5,7,7,8,10,6,6,6,7,6,5,1,7,0,5,0
20260206,prepaid,NMB,0,6,6,7,6,6,5,5,7,7,5,4,0,7,0,3,0
20260203,prepaid,NMB,0,3,5,10,5,5,8,8,8,8,12,7,0,8,1,7,0
20260102,prepaid,NMB,0,0,0,1,1,1,6,6,6,8,4,3,1,8,0,8,0
20260122,prepaid,NMB,1,5,10,16,7,9,6,6,6,8,6,6,1,8,0,2,0
20260112,cod,NMB,0,5,5,14,2,6,3,7,3,8,4,3,2,8,0,2,0
20260107,prepaid,NMB,1,2,5,6,4,5,8,8,8,8,9,8,0,8,1,7,0
20260112,prepaid,NMB,0,5,8,9,6,7,8,9,8,9,9,9,1,9,0,6,0
20260107,cod,NMB,0,4,4,7,5,7,3,7,3,9,6,6,2,9,0,4,0
20260108,prepaid,NMB,0,4,7,11,5,7,9,9,9,9,7,7,0,9,0,3,0
20260124,cod,NMB,0,5,6,7,1,6,1,5,1,9,4,4,6,9,0,4,0
20260121,prepaid,NMB,0,3,6,7,4,4,7,8,7,9,5,5,1,9,2,11,1
20260123,cod,NMB,0,0,3,5,0,1,2,4,3,9,6,3,2,9,2,6,2
20260125,cod,NMB,0,0,0,1,2,3,1,4,1,9,5,4,6,9,0,2,0
20260130,prepaid,NMB,1,4,10,11,7,9,8,9,10,12,10,6,0,12,3,11,1
20260128,prepaid,NMB,0,2,4,6,6,7,10,14,10,15,9,8,4,15,1,12,0
20260127,cod,NUA,1,408,423,424,391,488,39,57,56,119,47,37,23,119,1,80,0
20260127,prepaid,NUA,3,460,497,497,605,621,96,106,104,127,86,80,11,127,6,147,3
20260128,cod,NUA,4,332,334,342,288,346,102,147,112,178,156,130,21,178,22,169,7
20260125,cod,NUA,0,32,112,112,23,32,78,129,98,189,137,109,28,189,9,107,4
20260202,prepaid,NUA,3,431,525,526,422,431,162,173,175,195,150,137,7,195,8,159,5
20260118,prepaid,NUA,2,335,342,342,329,336,153,167,190,224,165,148,23,224,23,208,10
20260112,prepaid,NUA,2,415,492,494,427,444,169,191,189,226,191,168,18,226,19,174,9
20260120,cod,NUA,7,232,232,234,168,232,111,154,139,232,146,125,26,232,28,142,9
20260125,prepaid,NUA,0,43,204,204,43,43,205,220,214,237,235,204,13,237,23,206,10
20260201,prepaid,NUA,0,8,8,25,8,8,197,213,222,245,227,193,13,245,37,243,6
20260118,cod,NUA,3,185,189,189,149,185,91,142,120,245,123,102,42,245,19,157,7
20260124,cod,NUA,0,136,136,141,105,136,109,168,133,248,149,115,36,248,16,138,14
20260201,cod,NUA,0,7,8,10,7,7,128,191,150,254,211,171,36,254,26,221,6
20260202,cod,NUA,2,353,507,508,279,354,130,172,162,255,155,134,25,255,15,166,8
20260203,cod,NUA,2,308,317,319,364,461,143,207,160,262,207,191,31,262,15,224,5
20260208,prepaid,NUA,1,94,96,96,123,128,202,239,217,262,236,214,21,262,17,251,10
20260105,prepaid,NUA,3,402,464,467,472,486,209,220,237,265,204,189,15,265,8,186,3
20260116,prepaid,NUA,2,415,419,442,406,419,197,236,217,267,234,203,16,267,39,317,19
20260124,prepaid,NUA,0,247,247,250,243,247,222,235,247,268,224,198,10,268,10,189,6
20260203,prepaid,NUA,2,268,277,278,356,362,226,252,235,270,255,239,15,270,20,268,6
20260119,cod,NUA,5,270,270,270,215,274,116,168,155,271,162,137,39,271,49,201,18
20260111,prepaid,NUA,0,40,69,69,39,40,207,237,224,272,253,220,23,272,35,258,16
20260115,prepaid,NUA,0,124,128,134,145,149,224,248,241,276,268,229,7,276,18,227,12
20260207,prepaid,NUA,4,244,278,279,238,249,233,253,247,280,257,233,15,280,23,247,13
20260121,cod,NUA,5,247,247,253,180,247,148,215,167,280,232,197,31,280,51,202,21
20260120,prepaid,NUA,1,252,252,255,247,252,214,240,242,282,226,193,15,282,73,233,11
20260206,prepaid,NUA,2,234,238,239,232,237,242,255,264,286,261,234,5,286,19,274,8
20260103,prepaid,NUA,2,278,280,283,342,350,232,255,247,287,264,234,17,287,35,298,13
20260204,prepaid,NUA,3,252,261,263,252,260,235,258,255,288,274,240,25,288,17,239,5
20260102,prepaid,NUA,0,313,385,389,308,313,230,245,262,297,235,216,15,297,24,257,12
20260104,cod,NUA,0,75,130,130,61,77,153,221,173,299,239,201,45,299,19,219,12
20260103,cod,NUA,2,279,281,281,280,343,138,200,167,299,186,162,36,299,19,221,5
20260104,prepaid,NUA,0,43,127,129,45,45,240,266,257,300,276,248,21,300,24,266,9
20260122,prepaid,NUA,1,181,181,183,177,181,229,262,254,303,261,235,25,303,56,278,18
20260117,cod,NUA,1,90,90,90,69,90,118,183,158,303,184,146,56,303,30,170,13
20260119,prepaid,NUA,5,340,340,342,338,347,241,267,269,307,293,243,22,307,108,356,27
20260123,prepaid,NUA,1,213,213,216,208,213,238,260,274,309,274,234,14,309,39,253,15
20260129,cod,NUA,2,280,280,283,230,283,204,273,219,309,297,251,35,309,34,253,10
20260110,prepaid,NUA,3,288,288,289,276,289,248,277,264,310,274,260,17,310,12,276,4
20260128,prepaid,NUA,1,222,222,225,254,258,261,286,270,311,288,274,18,311,15,306,4
20260123,cod,NUA,2,118,118,118,92,118,163,236,192,313,276,215,31,313,46,240,18
20260129,prepaid,NUA,0,269,269,270,265,270,260,278,282,314,294,262,12,314,24,259,5
20260131,prepaid,NUA,0,198,198,198,196,198,263,286,283,316,287,262,14,316,17,276,9
20260204,cod,NUA,5,341,345,349,287,350,171,257,194,318,269,239,42,318,27,240,12
20260113,prepaid,NUA,5,292,292,293,354,369,262,286,282,319,293,268,14,319,19,299,6
20260105,cod,NUA,0,350,412,412,338,405,166,239,200,320,232,209,36,320,17,203,7
20260117,prepaid,NUA,3,123,123,133,123,126,241,293,257,322,297,270,33,322,17,249,8
20260106,prepaid,NUA,1,291,294,301,347,353,277,303,291,326,319,290,15,326,28,336,9
20260122,cod,NUA,0,127,127,129,95,127,187,275,210,339,282,242,44,339,65,326,34
20260106,cod,NUA,3,365,365,365,351,427,205,277,226,344,275,250,41,344,20,302,4
20260107,prepaid,NUA,1,290,290,295,281,293,290,312,312,344,315,283,17,344,22,283,5
20260109,prepaid,NUA,1,261,262,276,255,261,291,311,315,345,320,293,10,345,23,314,9
20260114,prepaid,NUA,2,178,203,206,175,178,293,318,313,352,318,294,17,352,15,284,6
20260121,prepaid,NUA,2,232,232,237,224,232,287,323,312,357,325,288,20,357,58,290,13
20260107,cod,NUA,1,313,314,314,253,313,205,280,238,359,295,255,39,359,19,266,5
20260131,cod,NUA,3,193,193,195,152,193,191,270,241,365,276,247,41,365,19,274,11
20260108,prepaid,NUA,0,304,304,307,299,304,306,339,327,371,320,306,15,371,22,353,5
20260101,prepaid,NUA,0,42,42,42,41,42,306,349,320,374,371,328,29,374,35,347,13
20260208,cod,NUA,3,100,104,104,103,136,201,297,225,380,333,273,37,380,48,351,19
20260205,prepaid,NUA,3,246,249,249,246,255,325,348,340,382,345,315,25,382,31,348,13
20260130,prepaid,NUA,1,302,302,305,291,302,327,359,345,384,363,331,15,384,28,376,12
20260108,cod,NUA,4,408,408,408,334,409,240,321,268,395,321,291,31,395,29,327,6
20260116,cod,NUA,4,267,267,267,212,270,192,287,221,408,258,215,55,408,45,430,25
20260207,cod,NUA,1,321,357,361,262,322,209,321,239,410,321,286,43,410,31,335,18
20260206,cod,NUA,4,302,303,310,226,302,269,356,296,436,366,325,40,436,31,356,18
20260112,cod,NUA,6,548,700,700,464,589,243,339,284,442,333,296,53,442,24,311,10
20260110,cod,NUA,2,438,438,438,350,439,260,370,297,448,370,338,43,448,25,373,18
20260102,cod,NUA,1,238,302,302,193,238,237,327,285,450,296,263,56,450,21,343,12
20260205,cod,NUA,3,314,314,317,242,319,274,380,305,461,395,362,43,461,26,383,8
20260115,cod,NUA,1,98,101,101,97,122,258,363,280,468,413,320,54,468,24,279,13
20260111,cod,NUA,2,105,146,146,74,105,266,384,298,468,413,361,56,468,47,415,19
20260109,cod,NUA,4,408,409,409,326,408,305,407,334,477,430,383,39,477,32,431,13
20260130,cod,NUA,1,240,240,266,198,240,298,429,327,492,408,387,48,492,22,417,10
20260114,cod,NUA,2,209,233,234,178,209,259,390,295,502,407,353,56,502,41,403,16
20260113,cod,NUA,5,336,336,336,377,488,304,422,342,522,442,388,47,522,30,428,12
20260101,cod,NUA,0,65,65,65,47,65,312,461,350,558,486,414,66,558,60,470,37
20260109,prepaid,PFP,0,12,15,15,13,13,1,1,1,1,,,0,1,1,2,0
20260102,prepaid,PFP,0,,,,3,3,2,2,2,2,3,2,0,2,1,3,0
20260106,prepaid,PFP,0,1,1,1,1,1,4,4,4,4,3,2,0,4,0,4,0
20260104,prepaid,PFP,0,4,4,4,6,6,4,4,4,4,5,2,0,4,0,6,0
20260108,prepaid,PFP,1,22,23,23,19,22,3,3,4,4,3,1,0,4,1,4,1
20260110,prepaid,PFP,0,10,12,12,13,13,5,5,5,5,7,5,0,5,0,2,0
20260101,prepaid,PFP,0,2,5,5,7,7,4,4,5,5,6,4,0,5,0,4,0
20260111,prepaid,PFP,0,5,7,7,7,7,6,6,6,6,8,5,0,6,0,6,0
20260105,prepaid,PFP,0,2,2,2,2,2,7,7,7,7,8,5,0,7,0,6,0
20260103,prepaid,PFP,0,2,4,4,2,2,7,7,7,7,7,5,0,7,0,5,0
20260119,prepaid,PFP,0,18,29,29,27,29,10,11,10,11,10,8,1,11,2,16,2
20260114,prepaid,PFP,0,0,2,2,5,5,10,11,10,12,14,9,0,12,1,15,1
20260116,prepaid,PFP,1,12,26,26,13,14,10,10,12,12,10,8,0,12,0,8,0
20260113,prepaid,PFP,1,10,32,32,16,17,10,10,12,12,8,7,0,12,0,9,0
20260118,prepaid,PFP,1,9,20,20,8,10,14,14,14,14,16,11,0,14,5,20,4
20260117,prepaid,PFP,0,8,9,9,22,22,13,13,14,14,16,11,0,14,0,11,0
20260128,prepaid,PFP,2,14,63,63,18,21,10,12,11,16,15,12,4,16,1,5,0
20260204,prepaid,PFP,1,10,10,10,36,39,13,13,13,16,14,11,1,16,2,12,1
20260115,prepaid,PFP,0,7,9,9,25,26,10,14,12,16,13,10,3,16,1,13,1
20260203,prepaid,PFP,0,11,40,40,26,27,11,14,12,17,12,11,2,17,1,15,1
20260126,prepaid,PFP,0,23,25,25,24,25,10,14,12,17,16,10,1,17,1,22,0
20260112,prepaid,PFP,0,10,17,17,12,12,14,19,14,19,19,15,3,19,3,19,2
20260205,prepaid,PFP,0,4,8,8,4,4,12,15,14,19,14,12,2,19,0,11,0
20260129,prepaid,PFP,2,7,8,8,53,56,13,14,18,20,16,10,1,20,1,12,1
20260121,prepaid,PFP,0,3,5,5,12,12,18,19,19,20,19,17,0,20,1,19,0
20260208,prepaid,PFP,0,2,2,2,2,3,16,18,17,22,15,14,3,22,2,31,1
20260131,prepaid,PFP,0,16,16,16,18,21,19,20,21,23,24,17,0,23,4,20,3
20260120,prepaid,PFP,0,51,60,60,61,62,23,23,24,24,24,21,0,24,2,18,1
20260206,prepaid,PFP,0,2,3,3,6,6,22,23,24,27,24,19,3,27,1,17,0
20260130,prepaid,PFP,0,13,18,18,12,14,22,25,22,27,23,20,2,27,2,31,1
20260127,prepaid,PFP,0,18,22,22,18,19,19,21,22,28,14,13,3,28,1,23,1
20260125,prepaid,PFP,0,2,4,4,5,5,21,25,23,28,28,23,1,28,4,19,4
20260122,prepaid,PFP,1,12,21,21,13,14,23,28,23,28,28,25,3,28,1,25,1
20260123,prepaid,PFP,0,27,31,31,35,36,25,28,28,32,33,26,2,32,5,29,2
20260207,prepaid,PFP,0,1,2,2,2,2,30,34,30,36,35,31,5,36,1,34,1
20260124,prepaid,PFP,0,2,7,7,6,6,31,34,34,38,32,27,3,38,2,38,0
20260202,prepaid,PFP,0,14,30,30,20,20,38,43,42,48,37,34,3,48,4,45,3
20260208,cod,PFP,17,366,756,756,157,426,352,1254,425,2231,1231,944,591,2231,196,1478,121
20260101,cod,PFP,17,1196,1590,1591,594,1773,505,1753,581,2459,2286,1437,520,2459,261,1976,176
20260108,cod,PFP,84,3176,4232,4288,1616,4253,421,1347,553,2587,1361,969,594,2587,121,1323,87
20260207,cod,PFP,27,564,626,626,377,984,470,1551,601,2709,1599,1206,628,2709,180,1506,127
20260109,cod,PFP,75,2900,4170,4193,1517,3954,473,1716,565,2761,1854,1372,575,2761,163,1604,119
20260205,cod,PFP,19,598,853,853,414,1115,430,1421,571,2815,1307,945,649,2815,210,1740,151
20260206,cod,PFP,14,469,889,890,297,724,564,1765,670,2927,1877,1421,608,2927,323,2083,200
20260110,cod,PFP,80,2921,3868,3883,1431,4193,543,1887,661,2995,2023,1488,663,2995,179,1958,143
20260111,cod,PFP,26,842,3555,3573,548,1335,575,1905,668,3053,2257,1502,737,3053,324,2212,195
20260107,cod,PFP,33,1763,2841,2851,768,1906,550,1825,690,3206,1857,1430,667,3206,195,1899,152
20260106,cod,PFP,20,1387,1531,1533,482,1623,586,1872,731,3361,1882,1413,725,3361,221,2016,160
20260204,cod,PFP,37,806,1313,1314,512,1247,605,2066,741,3375,2023,1496,760,3375,222,2012,184
20260105,cod,PFP,28,895,1132,1132,932,2596,571,1890,758,3586,1830,1302,801,3586,206,2152,154
20260203,cod,PFP,22,1056,1496,1496,498,1214,681,2143,859,3589,2402,1708,762,3589,252,2144,186
20260201,cod,PFP,24,437,1660,1661,298,721,695,2166,840,3656,2261,1706,892,3656,314,2569,213
20260104,cod,PFP,6,361,1717,1719,223,475,572,2179,728,3726,2306,1621,871,3726,332,2656,237
20260202,cod,PFP,55,1229,1384,1386,824,2483,754,2128,970,3806,2119,1592,870,3806,260,2037,177
20260102,cod,PFP,55,1678,2114,2114,749,2072,859,2959,979,3979,3290,2392,754,3979,367,2935,265
20260129,cod,PFP,62,1470,2182,2184,936,2202,590,2013,797,4018,1948,1377,921,4018,189,1785,113
20260103,cod,PFP,33,1600,2059,2060,699,2037,802,2777,966,4188,2972,2143,856,4188,329,2804,228
20260131,cod,PFP,65,1688,2006,2010,724,2275,964,2636,1136,4245,2704,2098,863,4245,283,2830,229
20260130,cod,PFP,81,2364,2962,2966,1010,3093,910,2634,1069,4478,2586,1991,936,4478,374,3103,277
20260112,cod,PFP,129,4320,6505,6527,2441,7480,961,3222,1111,4581,3517,2616,1010,4581,432,3255,293
20260128,cod,PFP,72,1750,2500,2503,1053,2570,738,2619,941,4780,2500,1893,1068,4780,284,2350,203
20260115,cod,PFP,220,3097,3758,3760,1928,7084,876,2759,1111,4902,3219,1947,1075,4902,319,2532,216
20260113,cod,PFP,124,4182,5961,5967,1739,5329,1120,3417,1331,5182,3794,2769,1027,5182,491,3499,314
20260126,cod,PFP,74,1643,2844,2847,1108,2743,775,2812,1021,5384,2971,2173,1351,5384,384,2800,258
20260127,cod,PFP,76,1478,2291,2293,1210,2825,797,2906,1024,5440,3055,2186,1309,5440,361,2760,267
20260125,cod,PFP,21,811,1738,1741,494,1100,816,2995,1033,5607,3048,2270,1496,5607,522,3492,380
20260114,cod,PFP,90,654,4826,4831,805,3104,1254,3810,1450,5717,4166,3079,1130,5717,491,3807,358
20260116,cod,PFP,165,5138,6200,6203,2048,6353,1286,4239,1488,6445,5032,3189,1408,6445,627,4420,444
20260118,cod,PFP,40,919,2809,2811,814,1828,995,4039,1251,6718,4195,2507,1565,6718,809,5220,539
20260124,cod,PFP,35,1773,2341,2342,680,2050,1140,3799,1465,6842,3577,2769,1617,6842,478,3957,365
20260117,cod,PFP,83,2136,3268,3270,1321,3202,1341,4439,1610,6937,5240,3165,1443,6937,436,3363,331
20260123,cod,PFP,117,3800,4090,4100,1179,4080,1332,4043,1606,7175,4282,3115,1655,7175,793,4870,512
20260122,cod,PFP,66,2018,2308,2308,901,2658,1141,3610,1454,7451,3619,2501,1818,7451,514,4218,403
20260119,cod,PFP,172,3766,5104,5110,2172,5883,1481,5546,1775,8576,6270,4022,1895,8576,828,6054,597
20260121,cod,PFP,74,2191,2856,2864,1014,2957,1537,5175,1928,9390,4689,3489,2168,9390,706,6106,529
20260120,cod,PFP,124,2788,3550,3562,1439,4123,1632,6022,2002,9685,6132,4263,2033,9685,850,6324,571
20260130,prepaid,POP,0,6,9,9,8,8,2,2,2,2,3,2,0,2,1,10,0
20260120,prepaid,POP,0,7,11,11,8,9,2,2,3,3,3,2,0,3,1,2,0
20260114,prepaid,POP,0,3,5,5,3,4,2,3,2,4,5,3,1,4,1,4,1
20260131,cod,POP,0,3,3,3,2,7,2,4,2,4,5,2,0,4,1,4,1
20260118,prepaid,POP,1,5,7,7,4,5,4,4,4,4,6,4,0,4,0,3,0
20260117,prepaid,POP,0,4,4,4,13,13,3,4,3,4,3,3,0,4,0,8,0
20260203,cod,POP,0,1,6,6,2,2,1,4,1,5,4,2,2,5,0,2,0
20260131,prepaid,POP,0,6,6,6,9,9,4,5,4,5,5,4,0,5,1,5,1
20260207,prepaid,POP,0,5,6,6,9,9,5,5,6,6,4,4,0,6,0,5,0
20260111,prepaid,POP,0,2,4,4,7,7,6,6,6,6,7,5,0,6,0,6,0
20260112,prepaid,POP,0,5,6,6,6,7,5,6,5,6,4,4,0,6,1,10,0
20260106,prepaid,POP,0,5,9,9,7,7,5,6,5,6,6,6,0,6,1,8,1
20260208,prepaid,POP,0,2,7,7,3,3,4,6,4,6,10,6,2,6,2,11,1
20260126,prepaid,POP,0,1,4,5,3,3,4,6,4,7,5,4,2,7,0,11,0
20260118,cod,POP,0,3,5,5,6,10,1,6,1,7,7,5,2,7,1,10,1
20260129,cod,POP,1,7,8,8,7,10,3,3,3,7,3,2,0,7,1,3,1
20260120,cod,POP,0,9,10,10,3,9,3,4,3,7,7,3,1,7,0,6,0
20260116,prepaid,POP,0,3,10,10,4,4,4,5,6,7,6,5,0,7,1,7,1
20260109,prepaid,POP,0,7,13,13,9,9,3,5,5,8,5,5,0,8,0,12,0
20260105,prepaid,POP,0,8,10,10,10,10,7,7,8,8,5,4,0,8,0,10,0
20260122,prepaid,POP,0,5,6,6,9,9,7,7,8,8,11,7,0,8,3,11,2
20260205,cod,POP,0,8,10,10,8,13,1,5,2,8,9,5,1,8,3,6,2
20260127,prepaid,POP,0,1,2,2,4,4,6,6,8,8,6,5,0,8,1,3,0
20260121,cod,POP,0,8,9,9,7,11,3,6,3,8,10,5,1,8,1,7,1
20260130,cod,POP,0,6,10,10,4,7,3,5,3,8,8,4,2,8,2,9,1
20260117,cod,POP,1,3,10,10,4,8,3,6,3,8,5,4,3,8,0,5,0
20260208,cod,POP,0,1,2,2,2,2,3,6,3,9,6,5,3,9,0,8,0
20260204,cod,POP,0,7,12,12,10,12,3,7,4,9,5,5,2,9,0,5,0
20260105,cod,POP,0,11,14,14,9,15,2,6,2,9,9,5,1,9,2,12,1
20260122,cod,POP,0,5,6,6,3,6,5,7,6,9,8,5,0,9,1,6,1
20260106,cod,POP,0,3,11,11,4,6,2,6,2,9,7,4,2,9,0,8,0
20260119,prepaid,POP,0,10,13,13,10,12,8,8,8,9,5,5,0,9,0,8,0
20260203,prepaid,POP,0,3,10,10,4,4,7,7,8,9,5,5,0,9,0,7,0
20260115,prepaid,POP,0,6,9,9,8,8,6,8,6,9,8,7,2,9,0,6,0
20260116,cod,POP,0,5,10,10,1,5,4,7,4,9,6,5,1,9,2,9,1
20260205,prepaid,POP,0,9,13,13,11,11,7,8,7,9,9,7,0,9,0,5,0
20260113,prepaid,POP,0,2,3,3,2,3,9,9,9,10,9,9,1,10,1,7,1
20260204,prepaid,POP,0,4,6,6,11,11,9,9,9,10,10,9,0,10,0,10,0
20260124,cod,POP,0,6,9,9,7,11,1,6,1,10,4,4,3,10,0,5,0
20260202,prepaid,POP,0,10,11,11,19,20,7,10,7,10,11,9,2,10,0,10,0
20260107,prepaid,POP,0,4,6,6,8,8,9,10,9,10,10,10,0,10,0,6,0
20260124,prepaid,POP,0,4,6,6,8,8,7,8,8,10,8,7,2,10,0,11,0
20260115,cod,POP,0,4,4,4,7,8,5,6,5,10,8,5,3,10,0,5,0
20260114,cod,POP,1,2,6,6,0,3,6,7,6,11,7,6,1,11,1,12,1
20260202,cod,POP,0,7,8,8,5,10,4,9,5,11,5,4,2,11,0,9,0
20260128,prepaid,POP,1,3,8,8,3,4,10,10,11,11,11,7,0,11,1,9,0
20260104,cod,POP,0,1,5,5,1,4,3,8,3,11,6,5,1,11,0,6,0
20260108,prepaid,POP,0,4,6,6,6,6,10,10,10,12,10,10,2,12,0,7,0
20260101,cod,POP,0,3,4,4,4,9,4,10,4,12,14,9,2,12,0,9,0
20260123,cod,POP,0,1,6,6,2,2,3,12,3,12,12,9,4,12,3,13,3
20260110,prepaid,POP,0,4,7,7,8,8,11,11,12,12,11,10,0,12,0,9,0
20260119,cod,POP,0,9,11,11,6,11,5,8,6,12,6,4,2,12,0,6,0
20260102,prepaid,POP,0,6,10,12,6,7,10,12,11,13,11,9,0,13,0,7,0
20260207,cod,POP,1,3,4,4,4,7,7,9,9,13,7,6,2,13,0,8,0
20260129,prepaid,POP,0,3,5,5,6,8,13,13,13,13,9,8,0,13,0,7,0
20260206,prepaid,POP,0,3,3,3,3,3,10,11,11,13,11,10,1,13,1,12,0
20260123,prepaid,POP,0,3,7,7,4,4,10,13,10,13,11,11,1,13,1,9,1
20260101,prepaid,POP,0,2,3,3,6,6,13,13,13,13,15,11,0,13,1,6,0
20260107,cod,POP,0,6,10,10,10,14,3,7,5,13,8,5,2,13,2,10,2
20260121,prepaid,POP,0,10,14,14,15,15,12,14,12,14,13,13,1,14,1,10,0
20260125,cod,POP,0,2,3,3,3,5,2,8,3,14,9,7,5,14,1,9,0
20260113,cod,POP,0,5,6,6,2,5,3,9,4,14,10,7,1,14,0,7,0
20260125,prepaid,POP,0,9,11,11,11,11,13,13,13,15,16,13,1,15,2,12,2
20260103,prepaid,POP,0,4,10,10,8,8,14,14,15,15,17,13,0,15,3,17,0
20260103,cod,POP,0,1,4,4,2,6,6,10,7,15,13,9,2,15,0,13,0
20260102,cod,POP,0,9,14,14,5,10,4,10,4,16,11,8,4,16,2,4,0
20260127,cod,POP,0,1,5,5,1,2,4,7,7,17,4,3,2,17,0,6,0
20260112,cod,POP,0,7,7,7,8,12,9,10,12,17,10,8,2,17,0,8,0
20260111,cod,POP,1,4,9,9,4,10,4,7,4,17,8,6,5,17,1,6,1
20260104,prepaid,POP,0,1,3,3,7,7,16,17,16,17,15,12,1,17,0,16,0
20260126,cod,POP,0,0,1,2,1,1,4,8,4,18,10,7,5,18,0,11,0
20260128,cod,POP,0,3,6,6,4,7,6,9,8,18,9,7,3,18,0,8,0
20260110,cod,POP,0,3,8,8,5,6,2,5,2,18,6,3,5,18,1,12,1
20260108,cod,POP,2,6,8,8,8,10,10,16,10,21,15,13,4,21,0,11,0
20260109,cod,POP,0,1,5,5,0,3,4,12,5,21,14,10,7,21,0,14,0
20260114,prepaid,POW,0,45,49,49,44,45,15,16,19,22,10,6,1,22,2,20,0
20260207,prepaid,POW,0,45,50,50,56,56,28,30,29,31,31,27,1,31,1,40,1
20260202,prepaid,POW,0,82,82,82,98,98,34,35,36,37,34,29,1,37,3,45,0
20260208,prepaid,POW,0,34,37,37,38,39,42,43,42,43,45,40,1,43,1,40,0
20260115,prepaid,POW,1,39,39,39,41,43,37,39,40,44,44,36,2,44,2,28,0
20260206,prepaid,POW,0,23,34,34,23,23,43,44,45,46,35,33,0,46,2,74,1
20260119,prepaid,POW,0,123,123,123,123,123,37,40,42,46,39,30,1,46,6,46,4
20260118,prepaid,POW,0,137,137,137,134,137,46,50,48,54,52,43,3,54,2,55,1
20260128,prepaid,POW,0,50,50,50,87,87,46,47,51,55,43,39,2,55,2,50,1
20260201,prepaid,POW,0,40,56,56,40,40,52,55,53,57,54,49,2,57,3,66,1
20260129,prepaid,POW,0,46,46,46,46,46,50,54,53,58,55,51,3,58,3,64,3
20260203,prepaid,POW,0,38,49,49,38,38,57,59,59,61,62,53,0,61,1,46,0
20260204,prepaid,POW,0,31,42,42,41,42,58,59,60,62,69,50,2,62,0,58,0
20260117,prepaid,POW,0,112,112,112,112,112,54,57,59,63,58,52,1,63,3,63,1
20260130,prepaid,POW,0,35,42,42,35,35,59,61,63,66,66,58,1,66,4,64,3
20260202,cod,POW,0,88,88,88,46,98,17,41,26,67,44,34,9,67,2,52,2
20260120,cod,POW,0,34,34,35,16,34,25,44,30,68,61,38,9,68,5,51,2
20260120,prepaid,POW,0,47,47,47,47,47,62,67,62,69,73,58,4,69,3,63,1
20260124,prepaid,POW,0,56,63,64,58,58,64,67,67,72,58,53,4,72,0,67,0
20260131,prepaid,POW,0,57,57,64,64,64,71,71,72,74,70,67,0,74,1,58,1
20260127,prepaid,POW,0,90,127,127,89,90,67,73,68,76,71,62,5,76,1,66,1
20260125,prepaid,POW,3,76,76,79,80,83,70,74,73,78,80,68,3,78,1,62,1
20260201,cod,POW,0,39,49,49,18,39,26,50,31,79,48,40,11,79,4,56,3
20260203,cod,POW,2,33,44,44,20,33,35,63,36,79,69,53,8,79,1,58,1
20260118,cod,POW,0,127,127,127,80,127,18,40,22,79,47,33,19,79,7,44,3
20260205,prepaid,POW,0,37,37,37,48,48,78,79,79,80,72,61,0,80,3,51,0
20260119,cod,POW,0,142,142,142,88,142,31,46,38,84,40,33,12,84,1,43,1
20260207,cod,POW,1,81,85,86,55,108,22,45,30,85,46,34,13,85,3,51,3
20260204,cod,POW,0,66,80,80,43,77,33,67,41,89,75,53,10,89,1,47,1
20260130,cod,POW,0,46,50,50,22,46,34,58,37,90,58,52,9,90,1,55,1
20260129,cod,POW,1,43,43,43,25,43,39,59,44,95,54,48,9,95,1,58,1
20260128,cod,POW,1,58,58,58,51,78,27,67,36,97,66,56,14,97,2,65,1
20260131,cod,POW,0,91,91,109,53,95,34,68,37,97,75,62,8,97,1,72,1
20260123,prepaid,POW,0,41,43,44,42,42,87,91,91,99,88,73,2,99,10,92,4
20260208,cod,POW,0,59,67,67,38,63,31,68,35,99,71,55,13,99,6,73,1
20260206,cod,POW,1,48,75,75,30,49,27,67,28,101,63,49,19,101,5,83,2
20260205,cod,POW,1,66,67,67,49,80,35,84,37,102,82,66,13,102,3,80,0
20260115,cod,POW,1,40,40,40,22,42,10,32,15,102,30,27,23,102,10,43,5
20260117,cod,POW,1,108,108,108,62,108,28,55,36,104,55,45,21,104,0,52,0
20260125,cod,POW,0,68,68,69,43,72,44,64,49,106,71,55,11,106,4,61,0
20260127,cod,POW,0,105,125,125,66,105,40,76,47,109,72,64,14,109,7,84,5
20260121,prepaid,POW,0,67,67,68,67,67,105,107,110,113,115,93,2,113,5,105,2
20260113,prepaid,POW,1,45,45,45,169,170,99,105,106,114,88,79,5,114,4,190,2
20260122,prepaid,POW,0,78,79,79,77,78,105,111,108,115,105,88,3,115,1,122,0
20260116,prepaid,POW,0,29,29,29,28,29,108,112,110,116,112,103,3,116,3,87,2
20260114,cod,POW,0,38,40,40,27,38,10,24,22,122,18,9,27,122,1,40,0
20260121,cod,POW,0,52,52,52,32,52,44,99,48,123,104,79,23,123,5,84,3
20260124,cod,POW,1,58,62,62,30,62,32,73,41,127,72,61,17,127,1,77,1
20260116,cod,POW,0,31,31,31,22,31,29,59,37,128,68,55,20,128,2,53,1
20260123,cod,POW,0,47,51,51,35,49,46,91,59,154,93,81,22,154,8,95,4
20260122,cod,POW,2,91,93,93,58,91,60,122,74,174,115,101,26,174,4,120,2
20260113,cod,POW,2,32,32,33,65,116,73,141,101,282,115,100,40,282,10,204,6
20260107,cod,POW,2,252,314,315,140,252,121,227,138,357,236,192,50,357,17,249,12
20260101,cod,POW,2,181,196,196,98,181,125,265,142,376,284,208,65,376,30,322,9
20260105,prepaid,POW,0,267,368,368,260,267,345,357,361,384,353,299,9,384,16,386,5
20260107,prepaid,POW,0,337,422,423,333,337,353,365,370,387,352,308,8,387,9,429,6
20260104,prepaid,POW,0,347,347,347,345,347,347,368,356,387,376,320,16,387,12,382,1
20260104,cod,POW,2,229,229,229,138,229,95,225,119,391,235,183,79,391,13,269,8
20260108,prepaid,POW,0,531,532,533,607,616,374,390,383,404,408,347,11,404,14,364,5
20260106,cod,POW,2,327,327,329,223,369,141,273,170,408,273,222,60,408,17,275,12
20260103,prepaid,POW,0,414,414,415,412,414,367,382,387,412,384,333,9,412,22,389,14
20260101,prepaid,POW,0,236,272,272,234,237,361,392,372,415,413,346,20,415,13,421,5
20260108,cod,POW,4,385,385,387,282,447,153,310,174,415,313,263,60,415,15,274,8
20260105,cod,POW,0,239,281,281,151,239,129,252,160,419,257,207,61,419,24,271,14
20260102,prepaid,POW,2,516,516,516,546,552,370,389,399,429,378,327,12,429,18,393,10
20260109,prepaid,POW,0,0,0,1,1,1,388,407,402,430,395,355,9,430,14,354,5
20260106,prepaid,POW,0,434,434,434,527,535,391,410,408,432,420,361,11,432,23,360,9
20260103,cod,POW,1,281,281,282,171,281,138,297,165,463,303,247,66,463,11,284,9
20260102,cod,POW,5,305,305,305,179,320,165,316,195,473,315,245,77,473,11,276,9
20260101,prepaid,PRO,3,114,341,346,205,214,284,311,301,341,342,258,23,341,39,357,17
20260130,cod,PRO,3,235,361,372,301,383,174,249,215,378,285,196,53,378,33,331,22
20260103,prepaid,PRO,4,295,486,497,683,696,361,384,390,426,368,313,11,426,27,372,19
20260208,cod,PRO,2,192,284,286,194,251,232,342,253,441,375,280,86,441,40,356,18
20260207,cod,PRO,4,237,336,338,242,339,224,328,262,451,329,255,62,451,24,375,12
20260102,prepaid,PRO,2,342,1220,1259,633,648,383,418,410,456,416,343,23,456,31,405,13
20260104,prepaid,PRO,2,163,331,334,496,502,392,433,407,456,456,389,26,456,45,444,16
20260208,prepaid,PRO,1,166,368,369,243,246,409,437,428,464,451,366,17,464,40,430,14
20260207,prepaid,PRO,3,244,389,390,391,401,411,440,427,465,464,381,11,465,44,455,20
20260206,cod,PRO,1,233,325,328,351,427,238,354,260,467,367,287,72,467,28,466,17
20260205,cod,PRO,3,262,466,468,378,475,223,330,257,471,325,256,74,471,27,312,14
20260204,cod,PRO,2,238,455,464,284,368,228,341,254,477,344,263,73,477,31,351,13
20260206,prepaid,PRO,1,264,398,401,447,456,421,445,442,479,454,394,14,479,32,477,13
20260130,prepaid,PRO,2,315,486,500,536,549,436,464,461,498,449,369,24,498,46,751,26
20260129,cod,PRO,4,275,401,416,472,587,213,350,260,499,328,268,77,499,22,309,9
20260205,prepaid,PRO,3,269,475,489,453,464,441,471,458,502,447,391,19,502,30,491,13
20260114,cod,PRO,8,326,542,548,363,566,236,353,272,505,373,281,65,505,51,384,36
20260203,prepaid,PRO,4,246,381,389,474,487,408,437,442,507,439,358,28,507,42,474,12
20260131,cod,PRO,3,208,323,326,232,329,273,396,300,509,418,329,75,509,50,409,26
20260106,prepaid,PRO,3,266,430,448,413,422,452,479,484,528,530,413,13,528,50,570,19
20260126,cod,PRO,2,29,173,173,43,88,226,366,267,528,389,276,105,528,27,283,16
20260128,cod,PRO,10,323,653,682,456,640,213,350,277,529,327,266,94,529,48,452,26
20260115,cod,PRO,3,269,520,574,356,469,241,389,276,529,444,316,69,529,47,377,17
20260123,cod,PRO,3,245,369,385,216,293,255,397,289,531,425,319,68,531,53,457,23
20260108,cod,PRO,6,294,562,592,373,515,269,405,316,547,441,332,62,547,35,451,18
20260110,prepaid,PRO,5,356,553,558,738,755,461,503,489,548,507,427,28,548,37,518,19
20260105,prepaid,PRO,4,334,506,517,840,863,474,501,506,555,506,428,22,555,16,387,7
20260204,prepaid,PRO,1,258,464,476,393,401,492,508,523,557,514,428,14,557,41,487,14
20260105,cod,PRO,7,297,525,544,369,549,253,396,295,563,425,308,85,563,24,372,9
20260113,cod,PRO,8,195,374,388,317,443,265,406,304,565,396,316,75,565,37,408,26
20260125,cod,PRO,2,141,343,345,172,227,260,412,295,565,442,339,94,565,44,395,25
20260121,cod,PRO,10,342,476,490,340,488,256,420,298,568,423,336,79,568,32,456,15
20260106,cod,PRO,7,262,463,469,280,425,257,395,295,570,398,304,88,570,33,418,21
20260127,cod,PRO,9,258,481,487,348,467,211,375,280,571,361,266,102,571,54,396,15
20260104,cod,PRO,0,208,382,383,274,379,246,414,279,574,432,324,90,574,56,489,28
20260126,prepaid,PRO,1,47,327,330,63,66,484,525,525,580,582,445,29,580,31,430,9
20260118,cod,PRO,4,221,348,350,232,321,264,421,307,581,443,336,102,581,79,534,35
20260129,prepaid,PRO,3,342,550,572,528,544,497,523,541,586,524,438,22,586,43,522,12
20260109,cod,PRO,8,216,425,431,337,484,282,474,306,589,482,387,77,589,37,487,22
20260101,cod,PRO,3,112,244,248,171,263,282,437,308,596,527,362,94,596,62,545,35
20260124,cod,PRO,3,275,370,374,316,450,287,470,323,602,452,374,94,602,40,435,24
20260201,cod,PRO,3,165,275,277,178,255,299,501,324,606,549,426,116,606,52,506,22
20260107,cod,PRO,4,183,348,356,266,384,300,444,332,607,479,367,72,607,32,427,18
20260122,cod,PRO,10,345,453,459,358,479,298,456,338,608,478,381,80,608,41,439,28
20260203,cod,PRO,10,203,337,346,239,316,294,421,356,608,429,352,85,608,25,353,11
20260127,prepaid,PRO,8,425,791,804,842,862,524,556,563,610,527,410,24,610,33,526,18
20260119,cod,PRO,8,246,490,499,262,408,282,431,341,612,426,330,85,612,47,423,23
20260111,prepaid,PRO,3,178,463,464,321,334,531,567,556,614,589,492,31,614,65,620,27
20260115,prepaid,PRO,6,357,823,837,640,654,521,567,546,617,619,485,33,617,63,565,18
20260111,cod,PRO,2,121,322,324,142,201,276,448,314,623,511,372,106,623,72,522,36
20260131,prepaid,PRO,6,323,513,522,477,491,550,595,565,623,656,520,24,623,74,659,42
20260116,cod,PRO,1,264,401,405,331,450,286,470,325,633,465,351,101,633,59,506,19
20260110,cod,PRO,6,371,533,550,414,557,278,463,318,634,507,389,99,634,39,486,22
20260120,cod,PRO,13,269,414,420,420,563,328,467,362,634,463,371,96,634,49,432,29
20260109,prepaid,PRO,4,280,605,611,859,870,573,612,597,651,595,503,25,651,37,675,19
20260116,prepaid,PRO,9,347,666,672,618,631,546,580,584,656,558,449,30,656,53,610,23
20260114,prepaid,PRO,4,318,703,710,566,577,567,597,603,659,605,508,30,659,43,632,24
20260202,cod,PRO,3,228,332,347,274,360,314,486,376,663,448,374,76,663,24,476,17
20260112,cod,PRO,7,192,510,528,361,488,304,486,361,663,465,369,83,663,55,521,30
20260118,prepaid,PRO,8,262,498,506,578,603,563,618,590,667,670,531,43,667,82,669,33
20260103,cod,PRO,7,333,478,485,353,487,324,507,369,685,524,399,98,685,33,510,23
20260102,cod,PRO,5,259,512,528,283,425,327,503,377,685,496,378,92,685,52,537,27
20260119,prepaid,PRO,7,357,782,795,786,804,586,613,641,688,582,491,20,688,63,608,17
20260202,prepaid,PRO,2,315,527,547,582,590,565,611,617,689,556,473,30,689,30,592,13
20260117,prepaid,PRO,6,470,709,716,737,756,600,646,625,692,637,539,27,692,64,656,33
20260112,prepaid,PRO,10,309,747,757,639,657,604,646,641,701,665,553,21,701,36,633,19
20260128,prepaid,PRO,14,413,615,626,874,900,607,653,642,712,633,528,36,712,47,577,17
20260120,prepaid,PRO,9,591,759,785,1027,1051,627,682,649,719,678,581,29,719,53,643,26
20260108,prepaid,PRO,4,327,1030,1046,528,541,639,667,667,722,680,560,20,722,37,633,19
20260113,prepaid,PRO,7,233,508,513,641,658,635,670,666,726,670,574,24,726,59,686,25
20260117,cod,PRO,11,294,407,413,335,471,354,569,402,727,580,462,102,727,48,499,33
20260123,prepaid,PRO,4,295,685,700,377,386,632,682,665,741,733,582,37,741,61,643,29
20260201,prepaid,PRO,0,216,435,437,310,315,661,713,686,750,724,595,30,750,60,730,20
20260107,prepaid,PRO,1,257,482,491,432,438,675,725,696,767,721,607,25,767,37,652,18
20260125,prepaid,PRO,6,208,458,460,375,388,688,741,715,784,740,640,36,784,66,748,35
20260121,prepaid,PRO,7,714,947,963,867,882,721,778,762,837,784,674,34,837,79,809,33
20260124,prepaid,PRO,5,462,661,674,859,883,731,767,788,842,752,636,33,842,63,756,37
20260122,prepaid,PRO,2,325,487,494,544,555,751,802,803,875,819,705,30,875,51,771,32
20260118,prepaid,PRV,6,596,889,891,868,886,455,517,467,546,537,425,37,546,63,577,26
20260118,cod,PRV,13,516,757,761,517,793,292,468,306,561,488,386,83,561,69,555,37
20260201,cod,PRV,8,436,550,552,361,507,309,513,327,607,538,418,110,607,72,593,41
20260111,cod,PRV,6,458,680,681,434,631,324,547,338,612,563,463,104,612,51,660,30
20260117,prepaid,PRV,1,439,728,735,708,721,536,572,576,645,575,471,37,645,51,558,33
20260203,prepaid,PRV,4,497,780,781,751,765,542,588,587,657,608,504,34,657,42,600,19
20260208,prepaid,PRV,4,527,662,664,642,658,576,633,588,659,633,547,36,659,48,667,24
20260125,cod,PRV,7,545,794,795,437,615,337,573,354,674,613,488,124,674,55,562,38
20260201,prepaid,PRV,3,564,717,717,632,648,593,654,607,678,685,563,45,678,77,737,28
20260208,cod,PRV,3,465,578,581,459,610,344,598,364,706,648,515,137,706,76,667,47
20260128,prepaid,PRV,11,574,810,814,957,983,605,651,645,714,649,553,36,714,28,596,15
20260129,prepaid,PRV,3,401,516,523,618,637,612,647,659,717,680,554,22,717,43,707,18
20260202,prepaid,PRV,16,689,957,959,817,844,583,624,650,721,599,515,33,721,42,632,16
20260104,cod,PRV,1,510,818,822,603,805,408,651,418,722,691,515,121,722,57,709,39
20260125,prepaid,PRV,4,659,955,955,750,761,637,701,652,726,726,617,43,726,61,654,39
20260124,prepaid,PRV,1,410,512,513,541,550,624,660,675,730,645,545,25,730,51,659,29
20260119,prepaid,PRV,1,681,929,935,951,973,565,620,638,741,619,514,52,741,81,657,39
20260116,prepaid,PRV,3,366,641,644,400,414,627,682,664,753,676,559,40,753,52,745,36
20260123,prepaid,PRV,4,490,629,630,693,700,639,688,679,758,694,588,34,758,57,744,27
20260207,prepaid,PRV,4,531,660,665,649,670,666,702,704,758,720,616,26,758,53,736,28
20260126,prepaid,PRV,6,405,411,411,622,641,628,680,678,762,682,575,46,762,37,620,12
20260203,cod,PRV,10,417,671,679,431,627,309,501,370,766,497,397,143,766,52,505,35
20260204,prepaid,PRV,6,482,637,640,739,763,662,707,695,771,708,618,38,771,41,661,22
20260205,prepaid,PRV,5,489,664,665,632,646,676,715,721,794,722,629,34,794,62,746,32
20260131,cod,PRV,3,353,426,426,352,509,328,535,393,795,594,466,119,795,66,622,56
20260115,prepaid,PRV,5,578,633,634,664,679,660,710,714,796,731,600,34,796,65,726,32
20260120,prepaid,PRV,4,434,655,659,669,682,685,728,731,801,746,625,34,801,66,677,36
20260117,cod,PRV,6,370,647,648,433,591,332,534,386,804,552,431,126,804,54,519,43
20260129,cod,PRV,10,306,383,386,351,504,325,536,394,805,528,416,118,805,40,555,28
20260127,prepaid,PRV,5,689,1098,1103,741,754,652,706,720,808,681,586,38,808,27,549,12
20260206,prepaid,PRV,2,450,592,594,605,625,703,752,741,810,766,670,32,810,60,783,39
20260124,cod,PRV,5,370,440,442,335,480,322,516,393,813,514,401,144,813,56,540,36
20260128,cod,PRV,12,414,612,615,498,744,348,548,402,814,558,448,133,814,29,491,16
20260204,cod,PRV,13,424,567,569,491,678,373,585,422,827,627,496,139,827,49,556,32
20260131,prepaid,PRV,7,381,466,468,538,550,726,779,761,834,797,687,30,834,50,813,31
20260110,cod,PRV,6,386,559,562,453,619,357,587,420,838,600,493,122,838,52,596,34
20260114,prepaid,PRV,21,411,449,449,457,492,690,753,744,847,743,641,49,847,51,754,22
20260207,cod,PRV,5,517,661,664,461,647,387,621,433,848,630,521,136,848,81,696,44
20260120,cod,PRV,7,366,523,530,441,632,384,618,439,850,624,518,126,850,46,550,33
20260206,cod,PRV,2,395,526,528,420,591,426,631,476,856,653,542,118,856,57,625,37
20260114,cod,PRV,25,333,364,365,286,413,362,600,420,862,663,488,161,862,64,600,38
20260205,cod,PRV,10,494,691,695,439,638,388,611,448,862,619,500,144,862,62,630,37
20260119,cod,PRV,7,560,826,834,564,801,333,525,429,865,549,426,135,865,52,552,32
20260116,cod,PRV,8,280,496,498,213,317,348,551,417,872,540,430,141,872,58,602,40
20260202,cod,PRV,18,576,786,788,497,691,319,513,414,877,519,410,150,877,52,517,34
20260104,prepaid,PRV,5,666,1092,1094,987,1005,783,851,801,885,859,722,48,885,67,963,32
20260121,prepaid,PRV,1,476,667,671,687,697,743,808,796,888,807,689,48,888,52,803,21
20260130,prepaid,PRV,4,513,681,682,618,627,795,839,835,895,813,720,26,895,55,995,28
20260130,cod,PRV,4,429,584,594,375,505,411,627,469,901,621,528,143,901,53,773,40
20260123,cod,PRV,7,466,576,577,440,632,375,605,439,910,640,504,169,910,74,669,38
20260121,cod,PRV,8,370,539,541,392,527,396,639,464,912,695,544,147,912,60,686,37
20260109,cod,PRV,9,399,633,638,441,622,424,638,495,918,612,513,139,918,51,706,27
20260127,cod,PRV,6,551,881,889,451,616,355,563,432,918,553,447,172,918,40,466,30
20260122,prepaid,PRV,11,354,563,564,529,544,790,842,841,925,863,738,37,925,63,854,27
20260115,cod,PRV,10,597,639,641,497,713,384,632,455,934,641,494,160,934,78,671,39
20260111,prepaid,PRV,1,541,766,770,703,722,781,879,807,935,976,777,63,935,113,1035,66
20260126,cod,PRV,4,304,305,305,349,489,344,568,431,945,588,456,182,945,53,535,35
20260113,cod,PRV,11,392,556,557,419,592,418,680,486,963,698,564,164,963,48,658,30
20260113,prepaid,PRV,7,429,574,574,636,659,790,848,856,965,842,705,47,965,58,805,37
20260122,cod,PRV,11,320,486,492,338,489,426,727,477,968,741,603,167,968,75,769,45
20260112,cod,PRV,8,502,703,707,482,726,399,627,506,984,658,528,179,984,55,595,33
20260107,prepaid,PRV,33,401,638,639,1568,1652,903,973,953,1049,1003,864,43,1049,51,969,15
20260101,prepaid,PRV,4,676,984,991,901,923,883,984,929,1056,1063,862,69,1056,98,1087,51
20260106,prepaid,PRV,7,449,1697,1791,921,943,902,961,967,1059,937,823,42,1059,43,928,22
20260101,cod,PRV,6,559,856,863,510,719,468,792,531,1061,914,662,179,1061,85,902,46
20260110,prepaid,PRV,5,451,634,636,650,666,886,956,949,1065,937,822,45,1065,97,1157,62
20260105,prepaid,PRV,4,819,1316,1321,1218,1245,844,914,957,1067,906,765,44,1067,58,895,28
20260108,cod,PRV,4,360,584,592,381,538,533,785,604,1087,794,644,165,1087,43,786,22
20260112,prepaid,PRV,6,622,852,858,831,850,854,926,957,1090,881,749,47,1090,87,947,41
20260103,prepaid,PRV,5,508,846,848,921,941,935,1013,997,1103,1021,866,44,1103,61,1003,37
20260103,cod,PRV,7,408,703,706,594,819,487,767,577,1120,772,596,164,1120,67,787,46
20260106,cod,PRV,13,322,553,556,509,715,522,801,606,1142,816,648,167,1142,69,814,44
20260107,cod,PRV,11,288,466,470,381,519,514,792,604,1147,769,627,191,1147,63,769,29
20260108,prepaid,PRV,5,426,699,703,644,663,1030,1104,1087,1195,1157,955,46,1195,92,1108,35
20260102,prepaid,PRV,3,499,933,936,795,808,1008,1081,1095,1198,1045,895,56,1198,71,1033,34
20260109,prepaid,PRV,4,489,705,707,745,762,1009,1109,1058,1202,1100,927,63,1202,78,1021,37
20260105,cod,PRV,4,536,929,932,628,844,532,801,665,1271,787,618,208,1271,70,794,43
20260102,cod,PRV,4,464,874,878,558,760,594,916,690,1283,904,714,203,1283,87,928,44
20260129,cod,PSP,4,245,316,318,273,322,151,195,167,255,224,176,36,255,18,221,11
20260128,cod,PSP,3,229,298,305,399,476,157,204,185,272,191,160,27,272,11,214,7
20260101,cod,PSP,3,140,201,207,182,217,172,222,197,302,269,199,42,302,31,254,17
20260204,cod,PSP,2,200,259,262,230,273,192,250,215,319,252,212,26,319,15,232,6
20260208,cod,PSP,0,17,51,52,23,30,206,254,226,323,274,226,35,323,23,283,10
20260203,cod,PSP,2,259,330,331,365,437,187,242,211,330,246,205,42,330,13,275,5
20260205,cod,PSP,3,189,240,244,215,251,199,260,219,332,275,228,41,332,16,244,6
20260106,cod,PSP,1,258,324,332,325,388,173,244,214,344,257,203,37,344,22,273,10
20260113,cod,PSP,7,265,344,346,326,386,200,266,225,353,268,215,49,353,25,271,14
20260130,cod,PSP,0,197,250,253,203,265,257,315,274,353,341,287,17,353,24,320,11
20260121,cod,PSP,1,264,323,324,280,352,220,289,242,354,288,244,36,354,21,295,7
20260120,cod,PSP,3,252,342,345,307,387,230,274,253,361,288,238,25,361,24,283,11
20260115,cod,PSP,3,225,324,328,241,281,213,292,239,366,310,247,45,366,30,293,12
20260129,prepaid,PSP,2,293,379,383,377,389,314,339,328,368,339,310,20,368,18,339,9
20260114,cod,PSP,1,202,270,273,251,294,231,286,252,370,307,246,40,370,31,322,18
20260207,cod,PSP,1,187,229,232,196,239,241,307,268,371,302,256,38,371,17,330,12
20260128,prepaid,PSP,4,328,416,418,577,601,321,340,344,374,320,289,13,374,18,329,10
20260125,cod,PSP,0,33,74,75,39,46,209,290,244,375,303,241,46,375,14,316,11
20260127,cod,PSP,3,423,598,604,449,552,212,273,258,379,250,211,42,379,15,281,5
20260122,cod,PSP,2,277,339,342,296,341,252,316,281,382,340,280,44,382,20,299,11
20260203,prepaid,PSP,1,359,439,444,568,594,331,349,348,383,346,302,17,383,25,399,9
20260108,cod,PSP,1,241,320,327,261,300,227,308,254,391,321,265,45,391,10,274,4
20260119,cod,PSP,6,440,575,580,440,526,240,302,271,398,321,271,38,398,24,356,14
20260123,cod,PSP,0,199,248,250,227,253,252,330,277,398,374,284,32,398,33,356,15
20260206,cod,PSP,4,198,247,249,222,255,254,324,278,399,343,286,32,399,23,354,12
20260127,prepaid,PSP,8,615,842,847,755,785,330,355,358,399,339,295,18,399,17,355,8
20260103,cod,PSP,1,271,340,350,306,364,236,308,269,399,322,252,54,399,18,298,6
20260126,cod,PSP,2,95,217,219,129,142,230,317,263,403,338,269,48,403,19,285,8
20260107,cod,PSP,2,296,355,365,299,358,259,320,286,405,334,282,35,405,20,337,9
20260105,cod,PSP,2,433,571,585,442,519,219,300,259,408,312,261,50,408,23,313,15
20260102,cod,PSP,2,251,341,358,275,328,246,316,270,412,330,253,45,412,22,340,12
20260106,prepaid,PSP,1,393,509,516,549,559,349,369,368,412,373,318,19,412,30,405,6
20260111,cod,PSP,1,33,69,69,39,50,237,321,267,416,331,278,49,416,38,401,23
20260202,cod,PSP,2,372,548,551,360,423,265,331,288,416,322,280,49,416,23,361,7
20260131,cod,PSP,3,208,264,271,219,265,277,357,300,417,385,312,34,417,23,353,14
20260204,prepaid,PSP,0,303,383,388,379,392,355,383,370,418,385,347,22,418,27,365,14
20260118,cod,PSP,1,54,80,80,54,69,261,329,281,419,324,280,40,419,20,329,11
20260113,prepaid,PSP,3,375,468,473,544,559,344,368,372,420,372,318,24,420,30,402,17
20260104,cod,PSP,0,39,86,86,52,65,246,334,280,424,325,267,60,424,24,327,14
20260208,prepaid,PSP,2,27,73,73,49,53,351,382,375,425,392,347,29,425,26,446,8
20260112,cod,PSP,7,435,565,570,428,525,254,314,291,426,332,276,56,426,22,320,12
20260117,cod,PSP,3,240,312,316,275,323,261,325,287,427,327,271,35,427,25,311,8
20260110,cod,PSP,6,251,325,330,262,328,256,329,296,428,343,278,54,428,24,316,15
20260126,prepaid,PSP,1,118,258,260,170,176,361,385,385,430,395,332,25,430,22,380,7
20260130,prepaid,PSP,2,343,422,425,404,419,386,404,399,431,428,381,15,431,30,444,17
20260124,cod,PSP,3,209,314,320,216,271,269,367,298,441,353,300,44,441,31,375,16
20260201,cod,PSP,2,27,49,51,33,42,288,367,312,441,377,309,38,441,31,393,19
20260116,cod,PSP,3,255,339,345,311,364,270,351,293,443,359,293,53,443,27,354,14
20260205,prepaid,PSP,7,292,342,345,356,371,385,406,409,444,420,376,13,444,23,394,13
20260109,cod,PSP,4,234,307,311,256,315,276,360,306,447,381,310,54,447,19,371,9
20260120,prepaid,PSP,8,379,505,506,568,588,385,409,405,449,402,359,21,449,30,429,15
20260101,prepaid,PSP,0,227,314,317,323,330,370,414,388,451,450,373,33,451,25,436,9
20260118,prepaid,PSP,1,70,121,122,89,91,385,420,408,473,432,367,22,473,40,446,19
20260108,prepaid,PSP,2,391,512,513,468,480,397,429,424,479,450,385,26,479,20,431,10
20260202,prepaid,PSP,1,615,853,858,683,702,412,435,442,483,423,375,17,483,24,463,14
20260207,prepaid,PSP,3,269,325,328,329,337,424,456,441,492,467,421,20,492,30,469,12
20260121,prepaid,PSP,2,397,485,490,518,531,433,458,450,498,464,414,22,498,26,465,10
20260112,prepaid,PSP,9,685,870,877,780,809,424,457,449,499,449,398,20,499,37,450,23
20260114,prepaid,PSP,4,318,413,419,403,420,445,472,459,500,486,426,12,500,38,462,15
20260115,prepaid,PSP,6,359,482,484,431,443,444,473,461,502,482,423,17,502,41,435,19
20260111,prepaid,PSP,0,75,142,143,99,102,435,464,455,503,486,425,23,503,47,529,20
20260125,prepaid,PSP,3,61,102,103,78,83,440,474,457,507,488,430,21,507,28,507,15
20260119,prepaid,PSP,0,648,862,866,762,771,430,453,461,508,446,395,16,508,33,484,18
20260103,prepaid,PSP,3,378,482,491,499,516,419,453,450,508,464,399,24,508,31,462,19
20260201,prepaid,PSP,0,56,99,100,67,69,441,479,457,511,490,425,25,511,24,496,12
20260104,prepaid,PSP,0,69,157,158,93,94,444,477,467,522,497,427,25,522,43,528,21
20260122,prepaid,PSP,2,365,444,444,445,456,458,481,479,525,501,440,17,525,29,448,13
20260105,prepaid,PSP,3,713,879,890,835,859,439,469,478,531,461,411,20,531,22,452,10
20260206,prepaid,PSP,2,301,379,381,351,360,472,501,491,533,495,459,20,533,17,490,11
20260124,prepaid,PSP,4,348,462,466,409,423,476,498,506,541,496,438,15,541,27,486,13
20260110,prepaid,PSP,2,352,444,452,440,453,493,521,519,565,530,476,15,565,41,577,18
20260107,prepaid,PSP,4,418,496,497,518,533,493,524,515,569,521,471,28,569,26,492,13
20260116,prepaid,PSP,1,370,476,477,488,501,492,538,516,577,551,478,27,577,45,561,22
20260131,prepaid,PSP,4,312,382,384,400,410,509,543,534,582,580,508,18,582,30,524,18
20260117,prepaid,PSP,6,396,500,501,485,508,490,520,529,583,526,464,19,583,33,491,18
20260123,prepaid,PSP,4,324,393,396,385,394,527,564,545,595,587,508,22,595,51,589,17
20260102,prepaid,PSP,1,418,550,563,509,524,513,555,548,618,550,485,27,618,34,532,22
20260109,prepaid,PSP,4,339,443,448,450,466,613,642,632,679,644,587,21,679,35,617,18
20260101,cod,RAM,1,0,49,52,34,48,24,31,25,34,35,25,3,34,10,47,8
20260206,cod,RAM,1,1,31,36,33,38,20,29,20,40,27,24,6,40,1,36,0
20260202,cod,RAM,1,32,73,88,26,33,17,27,23,43,27,22,9,43,2,35,2
20260203,cod,RAM,0,0,45,46,34,41,25,31,29,43,34,29,5,43,2,34,2
20260208,cod,RAM,0,0,8,13,1,1,24,34,27,45,42,31,7,45,6,39,3
20260102,cod,RAM,1,0,56,56,39,46,31,40,35,47,46,36,7,47,4,41,2
20260201,cod,RAM,0,0,1,2,33,39,30,39,31,50,42,36,10,50,2,33,2
20260118,cod,RAM,1,0,46,52,5,9,13,20,16,52,22,16,17,52,3,32,2
20260104,cod,RAM,0,0,48,52,46,58,30,42,32,53,45,34,5,53,3,45,3
20260207,cod,RAM,0,0,30,35,25,30,27,39,31,53,39,34,7,53,3,40,3
20260204,cod,RAM,0,0,41,42,38,45,28,41,32,53,37,35,7,53,1,31,0
20260205,cod,RAM,0,0,37,41,35,41,36,43,40,54,47,39,5,54,2,38,1
20260121,cod,RAM,0,1,42,44,40,54,22,39,25,55,41,35,9,55,4,36,2
20260110,cod,RAM,0,0,77,83,64,94,36,48,39,55,48,44,6,55,1,44,0
20260131,cod,RAM,0,0,39,46,27,32,28,38,36,56,37,34,5,56,4,45,4
20260120,cod,RAM,0,0,52,58,74,92,17,36,21,56,40,34,7,56,3,41,2
20260119,cod,RAM,0,94,188,209,98,140,15,28,19,57,28,22,15,57,4,29,3
20260103,cod,RAM,1,0,55,61,43,51,35,52,37,58,50,41,5,58,3,50,2
20260129,cod,RAM,1,0,34,37,27,32,32,45,38,59,46,39,8,59,6,45,5
20260105,cod,RAM,0,0,81,88,43,50,35,41,44,61,40,35,5,61,2,39,1
20260111,cod,RAM,0,23,62,69,43,63,36,56,39,64,60,50,12,64,10,60,4
20260106,cod,RAM,2,0,62,70,64,82,36,51,39,65,51,42,10,65,3,51,3
20260109,cod,RAM,0,0,37,43,31,37,42,53,47,66,53,47,3,66,4,60,2
20260127,cod,RAM,0,2,46,58,42,44,30,38,36,67,35,26,8,67,6,42,1
20260130,cod,RAM,1,0,32,38,26,34,37,49,42,67,49,45,14,67,2,48,0
20260126,cod,RAM,0,0,32,35,40,46,33,50,42,71,53,42,12,71,5,61,2
20260114,cod,RAM,3,0,51,54,59,91,34,55,35,73,57,43,11,73,6,51,6
20260128,cod,RAM,1,0,32,35,34,44,42,56,46,73,54,47,11,73,2,49,0
20260108,cod,RAM,1,0,94,105,39,59,48,62,50,77,65,57,12,77,5,65,4
20260107,cod,RAM,1,0,58,62,53,63,53,65,55,79,65,58,7,79,3,62,3
20260113,cod,RAM,0,0,50,57,45,74,41,60,48,80,69,52,11,80,4,68,3
20260122,cod,RAM,0,0,52,56,29,41,38,69,41,82,78,66,11,82,4,70,3
20260124,cod,RAM,0,0,53,55,13,19,49,67,50,83,78,59,11,83,7,58,5
20260112,cod,RAM,1,1,76,78,24,37,45,68,52,85,75,61,8,85,7,73,4
20260125,cod,RAM,0,1,57,64,46,54,51,74,53,87,74,62,12,87,7,82,4
20260123,cod,RAM,0,35,54,58,66,88,50,64,56,89,69,56,9,89,2,70,2
20260117,cod,RAM,1,0,9,10,29,51,36,66,44,98,63,55,18,98,4,64,4
20260119,prepaid,RAM,3,260,941,1070,719,747,122,131,146,174,120,103,12,174,9,140,5
20260120,prepaid,RAM,3,108,474,529,781,797,131,147,149,178,167,128,12,178,15,175,8
20260118,prepaid,RAM,2,151,648,731,287,300,130,151,158,203,142,113,21,203,10,209,3
20260203,prepaid,RAM,3,106,438,491,542,550,251,270,270,301,263,239,14,301,11,273,3
20260131,prepaid,RAM,2,2,123,131,227,235,269,289,284,309,293,262,9,309,22,298,16
20260127,prepaid,RAM,5,65,327,357,550,566,251,269,284,312,262,227,14,312,30,290,7
20260101,prepaid,RAM,1,111,381,433,257,262,276,294,288,314,312,261,17,314,28,301,18
20260128,prepaid,RAM,1,0,234,270,182,187,272,292,290,319,291,256,12,319,13,295,7
20260204,prepaid,RAM,4,46,251,279,375,386,275,293,296,319,303,273,11,319,14,290,8
20260104,prepaid,RAM,5,120,674,742,529,554,267,291,288,322,316,268,19,322,24,310,14
20260202,prepaid,RAM,1,27,452,497,219,224,278,298,292,327,286,255,15,327,16,313,7
20260201,prepaid,RAM,3,45,303,337,331,341,277,304,295,329,331,283,19,329,24,315,13
20260103,prepaid,RAM,2,118,531,617,373,376,273,302,298,338,296,269,18,338,17,305,10
20260102,prepaid,RAM,2,69,345,379,318,321,278,309,299,341,301,267,19,341,15,310,6
20260205,prepaid,RAM,1,81,403,443,273,279,310,324,328,352,333,300,9,352,19,300,11
20260129,prepaid,RAM,2,0,290,313,306,314,308,326,325,352,326,290,12,352,13,315,8
20260126,prepaid,RAM,2,5,299,332,262,271,288,309,317,355,302,254,18,355,21,346,9
20260207,prepaid,RAM,1,0,324,362,249,253,318,337,330,359,341,303,11,359,19,350,10
20260208,prepaid,RAM,1,0,261,300,66,69,318,341,332,364,357,311,16,364,22,339,16
20260121,prepaid,RAM,3,57,355,394,369,381,322,347,335,376,363,318,22,376,14,329,7
20260130,prepaid,RAM,0,45,414,451,292,296,342,359,357,382,368,332,9,382,16,362,9
20260105,prepaid,RAM,2,0,370,416,448,458,323,344,350,383,361,306,17,383,20,336,11
20260206,prepaid,RAM,3,29,163,197,263,273,358,375,368,397,378,340,14,397,11,410,6
20260117,prepaid,RAM,2,0,114,130,89,97,338,384,364,430,375,338,28,430,12,350,7
20260125,prepaid,RAM,2,4,472,518,269,276,372,405,394,442,418,363,19,442,19,422,11
20260106,prepaid,RAM,3,86,433,488,508,520,376,411,394,444,404,368,25,444,36,402,21
20260107,prepaid,RAM,2,35,530,587,419,424,406,424,434,465,440,395,19,465,23,439,13
20260114,prepaid,RAM,1,44,167,191,433,452,398,420,441,482,440,385,19,482,11,448,7
20260124,prepaid,RAM,1,0,230,256,236,243,424,457,455,506,468,416,30,506,19,437,8
20260108,prepaid,RAM,6,0,927,1027,485,500,445,472,474,509,491,441,20,509,18,480,8
20260110,prepaid,RAM,4,0,432,486,589,609,471,491,494,521,502,446,15,521,36,509,21
20260123,prepaid,RAM,1,14,264,282,231,236,445,479,474,522,494,429,24,522,25,493,15
20260109,prepaid,RAM,3,0,433,489,623,636,476,500,493,526,504,456,14,526,24,497,12
20260122,prepaid,RAM,0,44,268,298,336,344,479,515,501,549,544,478,24,549,24,490,12
20260111,prepaid,RAM,4,7,444,477,388,398,482,532,493,557,554,494,34,557,35,583,14
20260113,prepaid,RAM,4,12,381,416,616,650,534,579,568,628,580,536,29,628,22,533,13
20260112,prepaid,RAM,1,31,494,529,385,401,531,576,574,635,562,508,28,635,35,570,16
20260108,prepaid,RAP,3,74,130,140,89,93,61,69,63,78,83,66,9,78,8,90,4
20260106,prepaid,RAP,1,70,104,106,111,113,65,67,74,83,55,49,4,83,5,70,1
20260115,prepaid,RAP,0,73,108,114,114,115,77,82,83,95,80,70,6,95,11,88,2
20260113,prepaid,RAP,4,84,131,138,127,132,80,88,84,96,90,69,6,96,12,115,7
20260114,prepaid,RAP,0,47,93,99,88,89,73,83,85,97,84,67,5,97,8,75,4
20260118,prepaid,RAP,0,3,74,78,18,18,86,92,90,100,96,75,7,100,7,83,4
20260110,prepaid,RAP,2,75,91,98,99,101,86,95,90,101,102,79,7,101,14,114,5
20260107,prepaid,RAP,2,70,111,122,105,108,92,95,95,105,93,88,3,105,4,71,3
20260101,prepaid,RAP,0,23,55,64,32,35,86,95,92,106,105,82,4,106,16,98,9
20260112,prepaid,RAP,1,111,168,171,151,154,95,100,103,113,89,75,2,113,9,97,6
20260105,prepaid,RAP,0,63,111,129,154,155,86,98,97,114,95,81,8,114,9,86,2
20260119,prepaid,RAP,0,56,147,157,146,153,96,106,105,118,106,87,8,118,9,109,7
20260120,prepaid,RAP,0,54,183,188,147,151,102,107,112,121,115,94,3,121,10,106,4
20260109,prepaid,RAP,0,36,62,66,111,114,107,110,116,123,117,95,5,123,14,103,5
20260117,prepaid,RAP,2,101,133,139,150,156,105,112,109,125,110,89,5,125,11,132,5
20260111,prepaid,RAP,1,5,37,41,11,12,108,119,112,125,126,98,8,125,10,99,4
20260124,prepaid,RAP,0,45,148,153,181,183,112,117,120,129,113,93,5,129,16,155,9
20260104,prepaid,RAP,0,8,81,84,19,19,108,115,118,131,109,94,7,131,18,133,5
20260208,prepaid,RAP,0,5,49,57,15,15,107,117,113,131,126,101,9,131,11,138,6
20260122,prepaid,RAP,0,48,110,114,131,138,113,116,120,133,126,101,5,133,10,119,7
20260116,prepaid,RAP,2,62,129,131,97,101,115,123,120,134,136,110,4,134,8,99,4
20260123,prepaid,RAP,1,75,205,209,127,131,112,122,118,135,122,103,5,135,10,113,4
20260114,cod,RAP,3,83,139,144,78,136,40,89,45,143,108,67,30,143,14,112,6
20260128,prepaid,RAP,1,76,189,203,242,252,119,126,126,144,127,107,9,144,18,106,6
20260121,prepaid,RAP,1,85,159,166,182,183,118,134,124,145,127,112,7,145,14,139,6
20260126,prepaid,RAP,0,33,156,159,61,63,121,128,136,148,139,111,6,148,20,127,8
20260115,cod,RAP,4,118,148,152,84,151,51,99,57,150,100,66,28,150,17,121,10
20260204,prepaid,RAP,0,57,132,142,146,147,124,132,134,150,133,111,6,150,5,151,2
20260103,prepaid,RAP,1,71,96,100,105,106,119,133,131,151,137,111,10,151,19,116,8
20260207,prepaid,RAP,0,76,95,103,134,136,129,140,139,156,137,119,7,156,9,152,5
20260203,prepaid,RAP,1,74,187,198,167,169,123,135,133,156,125,107,7,156,5,123,2
20260122,cod,RAP,1,77,96,99,86,147,48,94,54,157,94,72,44,157,8,87,6
20260125,prepaid,RAP,1,36,63,65,113,118,130,150,132,158,153,131,11,158,14,135,9
20260129,prepaid,RAP,0,67,152,165,172,182,136,140,148,159,142,121,3,159,13,132,7
20260102,prepaid,RAP,0,46,77,85,100,100,132,150,138,162,153,128,8,162,17,162,4
20260127,prepaid,RAP,3,53,217,238,188,193,132,148,139,162,135,115,7,162,14,138,5
20260205,prepaid,RAP,3,78,152,155,179,186,140,147,146,162,145,125,10,162,11,164,4
20260123,cod,RAP,1,94,231,233,75,123,62,115,71,165,135,98,34,165,15,110,7
20260121,cod,RAP,2,69,153,196,95,185,41,88,57,170,88,69,35,170,14,109,10
20260116,cod,RAP,1,84,149,151,82,128,59,113,69,171,128,85,36,171,19,119,9
20260108,cod,RAP,7,109,148,170,69,137,62,111,71,171,151,95,39,171,17,94,12
20260206,prepaid,RAP,1,50,115,132,129,130,152,164,156,174,169,148,11,174,13,204,5
20260130,prepaid,RAP,1,74,143,158,156,163,153,171,158,178,180,150,7,178,14,152,5
20260104,cod,RAP,0,21,51,57,22,42,50,102,56,179,101,69,45,179,20,108,9
20260101,cod,RAP,1,46,62,66,30,63,51,116,57,179,134,81,34,179,26,127,12
20260105,cod,RAP,4,112,150,164,140,206,41,101,55,181,106,73,44,181,9,89,6
20260131,prepaid,RAP,2,62,93,100,119,122,153,167,162,182,164,140,6,182,8,174,4
20260111,cod,RAP,1,5,29,30,4,6,62,112,79,182,126,86,35,182,22,134,11
20260106,cod,RAP,4,141,197,222,98,171,53,98,66,182,105,71,39,182,14,111,6
20260202,prepaid,RAP,2,96,186,192,136,142,151,163,163,183,152,122,6,183,10,146,6
20260107,cod,RAP,4,61,88,104,70,104,59,121,69,186,117,90,36,186,15,141,11
20260125,cod,RAP,2,13,34,37,55,116,64,132,76,190,152,103,38,190,21,141,11
20260112,cod,RAP,3,104,158,165,79,137,61,126,71,191,117,82,47,191,16,116,10
20260110,cod,RAP,3,93,119,124,67,136,68,134,76,192,136,96,47,192,16,174,13
20260201,prepaid,RAP,0,23,65,71,35,36,166,181,172,194,209,165,6,194,19,168,8
20260113,cod,RAP,5,142,200,209,139,208,62,122,80,195,127,100,30,195,16,110,7
20260118,cod,RAP,0,5,29,49,6,12,83,141,93,201,158,118,43,201,19,154,8
20260103,cod,RAP,4,114,165,171,79,144,51,108,70,202,116,75,43,202,13,124,7
20260109,cod,RAP,1,86,125,137,86,140,92,156,102,203,162,122,33,203,19,143,16
20260124,cod,RAP,7,94,208,219,147,240,71,145,85,204,155,117,44,204,21,156,15
20260119,cod,RAP,5,75,196,205,53,110,56,124,80,205,117,83,36,205,21,144,11
20260129,cod,RAP,1,103,301,304,109,195,78,137,94,209,154,102,37,209,29,124,13
20260120,cod,RAP,2,116,232,235,147,239,76,149,89,214,141,117,36,214,7,125,5
20260128,cod,RAP,12,112,194,202,150,286,73,134,88,222,141,96,47,222,29,142,15
20260126,cod,RAP,0,40,115,117,55,71,72,150,79,223,159,113,54,223,23,145,11
20260117,cod,RAP,3,85,103,111,82,154,75,157,93,223,159,121,56,223,28,150,19
20260127,cod,RAP,4,133,308,322,144,208,78,145,95,228,145,108,48,228,20,130,11
20260130,cod,RAP,8,142,225,236,184,337,92,171,104,246,181,131,43,246,20,135,7
20260208,cod,RAP,14,375,605,608,217,439,89,159,111,247,173,115,32,247,21,212,14
20260102,cod,RAP,1,73,104,111,49,95,72,154,85,249,142,103,61,249,17,152,8
20260201,cod,RAP,2,73,114,125,42,87,90,176,106,253,222,144,44,253,27,197,10
20260207,cod,RAP,8,162,229,265,118,230,74,165,94,267,170,114,52,267,26,226,19
20260131,cod,RAP,8,131,162,170,130,215,111,195,122,274,197,147,44,274,25,195,20
20260203,cod,RAP,4,85,133,145,71,124,105,204,122,293,218,140,45,293,25,194,11
20260206,cod,RAP,4,152,237,263,122,226,101,199,114,297,198,153,59,297,32,262,20
20260204,cod,RAP,5,100,227,243,113,182,115,223,127,317,221,163,61,317,16,211,9
20260202,cod,RAP,2,184,255,293,124,229,111,235,129,320,228,151,54,320,23,205,13
20260205,cod,RAP,7,156,234,241,133,275,93,211,117,328,212,156,60,328,22,203,13
20260129,prepaid,RDD,3,56,77,78,442,448,14,15,15,18,13,8,1,18,1,21,1
20260125,prepaid,RDD,0,1,1,1,3,3,16,18,16,20,19,16,1,20,2,25,2
20260107,prepaid,RDD,1,27,27,27,170,177,9,12,13,21,7,6,4,21,1,15,0
20260128,prepaid,RDD,0,13,463,464,41,41,19,19,20,23,14,10,1,23,2,33,0
20260121,prepaid,RDD,0,14,28,28,17,17,17,20,19,24,20,15,4,24,2,15,0
20260120,prepaid,RDD,0,25,27,27,55,56,16,17,24,26,15,11,1,26,2,25,1
20260119,prepaid,RDD,0,29,61,62,28,29,21,23,26,32,18,11,4,32,1,21,1
20260108,prepaid,RDD,0,37,37,92,36,38,25,28,28,33,49,26,2,33,5,29,3
20260123,prepaid,RDD,0,0,2,2,13,13,26,28,27,34,24,19,6,34,4,43,1
20260106,prepaid,RDD,0,27,178,178,29,29,21,24,27,35,20,16,4,35,0,30,0
20260124,prepaid,RDD,0,30,35,35,32,32,26,29,31,36,26,24,2,36,2,39,1
20260127,prepaid,RDD,0,3,31,31,8,8,32,34,34,39,35,27,1,39,1,29,0
20260126,prepaid,RDD,0,27,31,31,27,28,35,37,37,40,42,33,1,40,1,14,1
20260104,prepaid,RDD,0,0,1,1,2,2,30,34,33,42,48,29,5,42,5,19,1
20260111,prepaid,RDD,0,0,20,20,4,4,37,41,42,48,40,27,0,48,12,35,0
20260102,prepaid,RDD,0,74,110,110,76,78,31,38,35,48,35,25,6,48,20,59,5
20260113,prepaid,RDD,4,13,16,16,337,356,42,43,46,50,37,30,3,50,1,39,0
20260103,prepaid,RDD,0,29,31,31,64,65,29,37,38,51,27,22,7,51,2,26,0
20260105,prepaid,RDD,0,67,69,69,67,68,40,44,44,53,34,29,3,53,2,27,1
20260122,prepaid,RDD,0,15,18,18,19,19,45,48,47,56,50,41,3,56,0,22,0
20260130,prepaid,RDD,0,13,13,13,15,16,52,55,52,58,76,52,1,58,11,68,1
20260110,prepaid,RDD,0,14,18,20,14,14,48,51,54,61,60,44,5,61,14,84,3
20260114,prepaid,RDD,0,0,2,2,2,3,51,59,54,68,68,51,9,68,5,60,2
20260118,prepaid,RDD,0,,,,2,3,52,56,58,71,48,43,7,71,3,42,1
20260112,prepaid,RDD,0,19,362,363,39,39,56,64,59,72,63,51,8,72,4,54,1
20260203,prepaid,RDD,1,36,40,40,470,475,62,72,72,84,63,54,4,84,3,77,2
20260116,prepaid,RDD,0,24,24,24,24,24,65,83,73,94,63,49,11,94,17,114,8
20260201,prepaid,RDD,0,0,3,3,4,4,91,103,100,114,111,88,8,114,14,113,5
20260117,prepaid,RDD,0,21,24,24,20,21,96,104,106,123,97,85,8,123,12,107,4
20260204,prepaid,RDD,3,26,52,52,508,518,111,117,117,127,137,112,4,127,10,129,7
20260109,prepaid,RDD,0,46,46,46,46,46,125,135,126,138,130,116,7,138,3,103,3
20260202,prepaid,RDD,0,30,1054,1054,42,42,140,149,152,166,140,128,6,166,6,136,2
20260115,prepaid,RDD,2,59,59,59,58,61,144,165,150,173,199,153,9,173,19,169,13
20260131,prepaid,RDD,0,81,167,167,154,158,237,249,239,252,252,226,7,252,11,233,10
20260208,cod,RDD,2,10,29,29,9,27,66,175,79,291,190,134,59,291,23,188,13
20260207,prepaid,RDD,0,23,24,24,28,30,279,289,290,307,282,249,10,307,15,310,6
20260205,prepaid,RDD,0,29,763,764,167,170,278,302,287,315,311,279,13,315,14,292,7
20260207,cod,RDD,1,86,118,130,46,134,63,205,73,359,218,151,72,359,18,221,17
20260131,cod,RDD,11,244,304,307,88,400,69,190,75,370,207,128,76,370,27,175,15
20260206,prepaid,RDD,5,28,28,28,754,764,345,360,359,378,371,332,9,378,19,352,8
20260206,cod,RDD,4,104,148,160,62,128,64,204,77,380,213,141,84,380,20,231,18
20260201,cod,RDD,1,17,110,112,43,78,79,252,84,392,263,187,94,392,30,251,23
20260202,cod,RDD,7,148,166,168,79,240,69,255,82,428,281,189,87,428,46,277,15
20260204,cod,RDD,3,100,127,137,65,161,68,247,78,429,264,182,94,429,28,270,18
20260130,cod,RDD,7,144,146,160,90,250,46,155,54,429,158,92,101,429,21,142,12
20260203,cod,RDD,6,214,277,280,78,233,77,264,91,436,293,198,89,436,28,225,18
20260205,cod,RDD,3,108,173,185,71,137,70,271,84,450,280,205,92,450,30,286,26
20260129,cod,RDD,6,181,291,299,76,246,59,174,64,460,160,112,106,460,15,120,10
20260208,prepaid,RDD,0,,,,1,1,521,557,529,570,563,530,15,570,21,552,10
20260128,cod,RDD,5,278,343,344,133,358,49,178,61,585,155,99,174,585,24,166,13
20260127,cod,RDD,5,88,162,173,86,239,58,219,79,834,177,113,247,834,41,241,17
20260126,cod,RDD,6,158,215,216,51,176,89,320,105,1088,290,201,353,1088,52,345,33
20260125,cod,RDD,2,26,26,26,56,95,76,360,93,1377,351,234,473,1377,55,341,39
20260124,cod,RDD,1,60,248,254,50,117,105,627,134,2035,618,442,689,2035,106,667,96
20260106,cod,RDD,600,1706,2872,3143,258,4360,174,1144,210,2504,1749,863,802,2504,142,1007,109
20260105,cod,RDD,792,3737,7999,9638,194,3850,111,778,138,2739,735,459,967,2739,82,653,61
20260123,cod,RDD,3,126,183,193,47,153,121,1279,149,2761,1306,996,822,2761,280,1473,215
20260104,cod,RDD,289,310,400,1963,124,1490,67,675,94,3103,647,351,1213,3103,285,894,196
20260122,cod,RDD,8,67,91,92,153,506,151,1549,184,3148,1655,1256,959,3148,216,1626,153
20260120,cod,RDD,9,94,190,227,103,353,114,1127,147,3175,964,752,1018,3175,155,1034,76
20260108,cod,RDD,245,212,2563,2580,376,3361,166,1509,204,3213,2897,1112,1005,3213,887,2242,779
20260121,cod,RDD,2,85,550,567,47,118,166,1576,213,3287,1710,1309,1057,3287,189,1529,135
20260109,cod,RDD,78,801,3809,4243,500,3634,156,1765,188,3410,3579,1283,1154,3410,1486,3518,1379
20260119,cod,RDD,109,1444,1737,1803,160,1633,167,1434,223,3687,1488,929,1202,3687,490,1746,339
20260107,cod,RDD,286,2085,5128,5152,502,4307,284,2650,324,3801,3122,2006,1098,3801,758,3029,676
20260118,cod,RDD,44,8,9,9,168,1449,189,1923,252,4246,2401,1388,1370,4246,1073,3247,813
20260110,cod,RDD,166,61,811,838,406,2804,208,2491,237,4324,3899,1927,1456,4324,1621,3818,1481
20260103,cod,RDD,337,1380,2997,3365,620,5443,86,1590,129,4589,1721,1052,1683,4589,586,1958,517
20260115,cod,RDD,60,231,2026,2092,310,1534,295,2057,356,4633,2507,1523,1378,4633,287,2103,194
20260117,cod,RDD,52,173,234,241,189,1867,341,2657,400,5075,2883,2010,1465,5075,396,2580,277
20260111,cod,RDD,33,5,2569,2595,266,1371,339,3097,382,5281,4136,2490,1652,5281,1468,4319,1219
20260116,cod,RDD,17,175,2273,2290,102,772,318,2792,391,5311,2682,1949,1561,5311,384,3158,287
20260102,cod,RDD,2,171,831,835,59,224,136,1918,192,5376,2673,1243,1904,5376,977,2885,835
20260114,cod,RDD,418,1,1065,2571,158,2985,324,2553,388,5527,2507,1906,1578,5527,365,2628,253
20260112,cod,RDD,85,577,4601,4640,325,2939,354,3156,423,5643,3444,2316,1678,5643,1250,4004,815
20260101,cod,RDD,1,133,599,603,42,133,183,2857,226,5896,3997,2199,1994,5896,1405,4568,1068
20260113,cod,RDD,70,118,2222,4332,569,3257,434,3653,505,6508,3889,2929,1823,6508,458,3535,352
20260104,prepaid,RDT,0,14,19,19,21,21,14,15,14,15,37,10,0,15,2,20,0
20260106,prepaid,RDT,1,12,12,12,32,33,14,15,15,16,42,13,1,16,0,18,0
20260107,prepaid,RDT,0,22,50,52,24,25,16,18,17,19,42,16,1,19,2,20,0
20260103,prepaid,RDT,0,28,35,37,29,30,16,18,17,21,55,15,1,21,2,18,1
20260109,prepaid,RDT,4,148,176,180,150,156,23,24,24,25,43,21,1,25,3,35,3
20260102,prepaid,RDT,0,6,8,8,8,8,20,22,22,27,94,20,3,27,2,26,2
20260101,prepaid,RDT,0,20,22,22,29,30,20,23,22,29,123,19,3,29,3,33,2
20260108,prepaid,RDT,0,161,169,172,188,189,29,31,31,33,56,27,1,33,3,21,3
20260105,prepaid,RDT,0,7,31,31,12,12,33,34,35,37,51,26,0,37,4,25,2
20260110,prepaid,RDT,4,216,298,302,235,244,50,56,52,58,82,54,2,58,2,40,1
20260111,prepaid,RDT,6,256,290,296,326,336,76,86,79,90,111,76,6,90,6,72,3
20260104,cod,RDT,3,85,113,126,76,114,55,85,62,124,103,63,17,124,23,97,11
20260107,cod,RDT,2,106,279,298,92,121,65,101,73,148,110,71,26,148,15,101,7
20260106,cod,RDT,4,99,106,108,106,150,67,109,76,148,120,81,30,148,9,114,5
20260105,cod,RDT,2,67,125,129,69,94,80,109,90,154,129,80,26,154,20,111,12
20260103,cod,RDT,3,97,126,138,80,109,66,102,89,163,112,67,28,163,13,111,11
20260112,prepaid,RDT,6,168,256,261,196,204,147,154,153,163,177,141,3,163,17,137,8
20260108,cod,RDT,19,900,1001,1035,791,1072,75,129,88,169,140,96,20,169,14,119,8
20260109,cod,RDT,18,962,1104,1154,789,1062,97,128,105,172,145,105,19,172,18,138,9
20260113,prepaid,RDT,3,187,217,219,266,275,165,175,168,181,190,146,1,181,24,162,10
20260101,cod,RDT,2,73,88,91,74,109,49,113,61,184,141,80,33,184,18,181,11
20260102,cod,RDT,1,71,83,88,58,86,76,119,93,195,116,71,28,195,8,129,2
20260114,prepaid,RDT,3,271,302,312,292,301,227,239,234,251,263,204,10,251,34,210,15
20260115,prepaid,RDT,0,283,434,439,293,298,259,269,270,285,290,234,3,285,21,261,13
20260116,prepaid,RDT,5,344,404,408,492,511,255,273,265,291,291,233,9,291,28,253,12
20260117,prepaid,RDT,3,329,377,382,381,388,278,295,289,315,324,252,10,315,26,276,12
20260110,cod,RDT,18,736,866,889,649,877,193,278,206,318,333,250,32,318,35,213,26
20260118,prepaid,RDT,6,296,412,425,329,342,300,330,317,353,360,277,16,353,27,322,13
20260129,prepaid,RDT,4,361,414,421,385,402,315,327,337,356,332,268,6,356,32,387,7
20260119,prepaid,RDT,0,308,347,371,412,427,305,330,324,362,330,267,17,362,32,310,14
20260127,prepaid,RDT,7,821,989,1008,834,852,330,359,358,402,326,273,16,402,30,394,13
20260123,prepaid,RDT,3,291,353,368,343,347,339,373,358,404,453,323,16,404,42,463,13
20260128,prepaid,RDT,2,338,378,384,485,505,361,383,376,411,383,317,16,411,23,377,9
20260125,prepaid,RDT,1,300,331,336,382,391,364,396,379,420,401,319,13,420,34,352,16
20260122,prepaid,RDT,2,320,378,390,402,418,365,386,377,424,403,320,19,424,23,383,13
20260208,prepaid,RDT,1,352,386,392,408,416,375,399,390,425,448,351,14,425,34,418,16
20260121,prepaid,RDT,4,425,523,534,551,571,355,383,377,427,396,316,12,427,23,329,9
20260204,prepaid,RDT,5,379,418,421,429,442,378,401,394,437,393,328,17,437,35,502,12
20260207,prepaid,RDT,4,412,476,482,449,459,392,409,410,443,409,347,7,443,28,420,11
20260206,prepaid,RDT,6,381,428,434,398,405,387,416,403,445,425,359,18,445,33,463,10
20260120,prepaid,RDT,2,257,394,476,277,286,415,436,433,470,477,368,10,470,51,424,30
20260205,prepaid,RDT,2,384,408,418,417,423,423,449,442,475,452,382,12,475,27,383,12
20260130,prepaid,RDT,3,452,586,596,493,504,438,461,447,479,465,400,10,479,13,294,7
20260124,prepaid,RDT,1,264,354,364,320,327,427,450,454,485,406,321,10,485,42,445,21
20260201,prepaid,RDT,3,268,321,328,338,346,437,473,463,519,491,393,20,519,31,410,18
20260131,prepaid,RDT,4,393,471,479,519,527,457,488,474,520,545,438,18,520,42,619,17
20260203,prepaid,RDT,1,331,394,405,410,417,464,488,478,521,478,401,13,521,34,493,11
20260202,prepaid,RDT,3,419,503,509,459,472,461,488,485,529,477,399,11,529,39,451,16
20260111,cod,RDT,21,798,890,935,707,928,349,488,369,552,581,428,54,552,58,386,31
20260129,cod,RDT,6,557,652,678,432,615,285,464,323,629,514,340,62,629,59,522,29
20260208,cod,RDT,7,387,411,423,304,447,330,507,366,646,575,401,82,646,79,524,48
20260207,cod,RDT,14,518,579,602,407,586,320,495,358,650,493,356,72,650,67,537,45
20260206,cod,RDT,13,465,533,561,337,482,320,503,353,654,506,346,76,654,55,518,33
20260125,cod,RDT,10,485,559,574,343,581,259,461,296,657,454,310,102,657,77,522,57
20260123,cod,RDT,11,426,477,560,314,469,274,507,308,660,634,397,76,660,102,581,56
20260122,cod,RDT,18,436,479,497,314,497,303,486,346,686,494,354,90,686,63,480,43
20260128,cod,RDT,12,480,538,556,475,679,312,526,360,703,500,376,57,703,58,555,33
20260204,cod,RDT,11,455,504,520,368,523,339,523,386,710,507,371,71,710,63,608,37
20260121,cod,RDT,17,543,603,634,504,760,309,543,345,724,592,443,98,724,57,531,32
20260127,cod,RDT,29,1316,1514,1562,840,1390,308,534,365,727,527,376,83,727,52,545,29
20260118,cod,RDT,14,409,592,609,296,490,337,549,390,735,542,380,86,735,74,618,35
20260120,cod,RDT,5,296,499,606,193,329,343,554,384,739,527,404,81,739,74,672,45
20260119,cod,RDT,15,486,532,564,418,675,334,553,395,752,550,397,97,752,74,551,38
20260205,cod,RDT,6,493,510,533,393,542,369,591,403,752,622,447,77,752,76,614,39
20260124,cod,RDT,5,385,483,502,274,436,342,578,396,766,548,383,101,766,60,556,40
20260201,cod,RDT,10,470,551,572,378,587,410,638,447,834,676,468,97,834,85,620,43
20260130,cod,RDT,8,560,684,707,455,655,394,698,425,838,753,558,81,838,39,482,22
20260203,cod,RDT,11,403,471,492,347,502,382,627,446,862,623,459,92,862,61,692,27
20260112,cod,RDT,15,875,1030,1071,716,968,510,754,547,866,863,633,94,866,112,780,56
20260113,cod,RDT,15,705,742,779,633,862,498,711,553,866,712,517,81,866,90,698,48
20260117,cod,RDT,18,487,575,590,340,562,437,675,492,898,667,464,110,898,79,701,38
20260131,cod,RDT,12,525,643,663,454,649,416,720,462,922,764,552,97,922,132,928,71
20260202,cod,RDT,7,462,561,594,374,544,427,687,477,926,677,496,96,926,69,612,38
20260114,cod,RDT,7,438,493,517,338,474,588,839,639,1008,921,697,96,1008,146,793,62
20260116,cod,RDT,14,475,549,574,418,637,609,871,670,1087,856,633,92,1087,104,876,50
20260115,cod,RDT,14,359,495,516,265,387,660,964,726,1164,1022,745,126,1164,114,981,61
20260203,prepaid,ROP,5,104,175,180,146,155,63,72,68,84,75,59,9,84,7,76,4
20260115,prepaid,ROP,1,105,134,135,134,140,59,73,70,94,94,61,11,94,10,62,5
20260114,prepaid,ROP,1,21,47,48,22,26,65,75,74,95,74,57,12,95,7,73,5
20260208,prepaid,ROP,1,30,72,72,37,39,75,87,83,104,91,73,14,104,13,101,7
20260204,prepaid,ROP,3,60,94,96,110,120,74,85,85,108,88,66,14,108,8,76,5
20260118,prepaid,ROP,0,65,290,291,78,80,74,87,86,113,96,66,7,113,16,127,11
20260108,prepaid,ROP,4,84,103,103,276,291,97,103,105,123,102,86,10,123,14,114,6
20260205,prepaid,ROP,1,40,52,54,76,80,85,104,93,123,113,86,17,123,10,102,8
20260113,prepaid,ROP,4,116,133,136,133,142,84,97,100,124,78,60,15,124,11,89,5
20260101,prepaid,ROP,3,21,53,54,133,141,94,108,104,124,144,93,13,124,16,112,8
20260119,prepaid,ROP,6,134,202,206,345,366,84,106,95,125,98,81,17,125,7,121,7
20260120,prepaid,ROP,3,118,210,210,177,190,84,102,99,126,115,89,18,126,13,104,13
20260201,prepaid,ROP,1,32,117,117,36,39,68,102,83,133,121,91,20,133,15,139,9
20260207,prepaid,ROP,2,73,101,101,110,118,105,117,111,137,108,95,12,137,10,120,6
20260202,prepaid,ROP,5,77,127,127,153,168,85,96,121,143,82,66,9,143,13,93,8
20260107,prepaid,ROP,3,59,109,110,256,270,106,117,122,144,107,95,13,144,11,113,8
20260116,prepaid,ROP,2,55,92,93,78,85,105,130,114,151,139,104,19,151,13,122,9
20260206,prepaid,ROP,2,32,76,76,42,48,117,130,129,155,131,107,9,155,17,140,11
20260106,prepaid,ROP,1,174,540,542,204,213,117,132,136,166,122,95,14,166,14,153,10
20260126,prepaid,ROP,6,216,346,347,267,290,109,130,129,169,134,101,18,169,15,136,8
20260121,prepaid,ROP,6,138,173,174,212,228,126,145,138,170,159,125,18,170,14,147,9
20260127,prepaid,ROP,6,67,96,99,182,199,103,132,125,171,131,96,22,171,18,128,6
20260131,prepaid,ROP,2,61,72,72,71,77,116,135,136,172,136,111,25,172,13,157,13
20260109,prepaid,ROP,1,50,68,68,65,70,136,158,144,172,187,141,17,172,28,156,11
20260117,prepaid,ROP,4,98,123,125,128,136,116,140,135,174,131,109,19,174,8,115,5
20260122,prepaid,ROP,2,99,136,148,123,134,151,163,165,191,186,137,18,191,20,153,14
20260125,prepaid,ROP,1,14,86,86,22,25,130,153,150,191,155,121,23,191,27,182,20
20260129,prepaid,ROP,2,49,108,110,50,57,140,162,160,199,158,130,19,199,13,152,8
20260128,prepaid,ROP,1,76,84,86,105,112,140,165,161,206,160,124,25,206,17,153,10
20260105,prepaid,ROP,0,57,96,96,113,119,146,172,169,211,165,126,20,211,12,170,6
20260104,prepaid,ROP,2,70,120,121,71,74,169,191,179,214,187,139,20,214,17,205,9
20260111,prepaid,ROP,0,10,45,45,25,27,161,187,172,214,191,148,21,214,42,234,16
20260130,prepaid,ROP,3,68,86,88,118,123,155,181,169,220,179,148,33,220,10,180,8
20260102,prepaid,ROP,3,183,220,221,203,215,183,209,194,231,216,164,23,231,23,199,12
20260112,prepaid,ROP,3,149,175,177,188,202,177,200,199,236,186,155,20,236,14,195,4
20260103,prepaid,ROP,1,52,70,72,85,89,199,221,215,251,234,178,17,251,15,210,9
20260123,prepaid,ROP,2,91,144,146,116,128,199,241,210,264,255,203,32,264,39,266,18
20260110,prepaid,ROP,0,34,69,70,49,52,227,250,237,274,261,217,19,274,26,239,15
20260124,prepaid,ROP,1,102,123,125,148,155,206,238,234,282,243,193,32,282,19,231,15
20260118,cod,ROP,218,3579,28440,28572,2505,7126,2786,12345,3536,23367,13372,8370,5586,23367,2646,16828,1776
20260115,cod,ROP,556,10144,19764,19806,5404,19213,3063,13347,3938,25360,14534,9153,5816,25360,2042,13112,1384
20260117,cod,ROP,552,10943,17618,17690,6169,20575,3766,15162,4673,26669,15722,10565,5689,26669,1741,12714,1253
20260114,cod,ROP,166,3533,11986,12021,1400,5943,3564,14831,4509,27508,15714,10600,6241,27508,2527,16685,1773
20260116,cod,ROP,587,12504,22611,23570,6719,22849,3805,15788,4698,27854,17305,11382,6261,27854,2593,16341,1754
20260101,cod,ROP,287,10070,13400,13452,4549,15789,3409,15735,4243,29950,18864,11739,7321,29950,3308,19600,2020
20260119,cod,ROP,1019,12099,24539,25705,11062,41181,4594,18728,5574,30402,19795,14129,6790,30402,2729,20016,1849
20260111,cod,ROP,264,2931,12846,12964,1871,7647,4125,17386,5026,30660,18876,12674,7025,30660,3124,21093,1969
20260120,cod,ROP,595,13667,23845,23910,7674,26767,4760,18610,5842,30866,19287,14041,6577,30866,2569,20131,1742
20260108,cod,ROP,475,11194,20777,20909,5120,18788,3730,16991,4735,31933,17613,11679,6865,31933,2030,16926,1476
20260113,cod,ROP,462,10740,16069,17529,5131,17154,4341,18461,5392,31933,19322,13788,6859,31933,2916,20129,1914
20260121,cod,ROP,600,13778,23343,23428,6696,24015,5011,19434,6073,32246,20251,15130,6964,32246,2599,19997,1832
20260110,cod,ROP,474,9663,15727,15787,4468,15171,4827,19057,5778,32465,20235,13797,6805,32465,2329,19767,1755
20260122,cod,ROP,514,13231,20929,20992,6237,22952,4952,19589,5971,32475,21990,15543,7194,32475,2564,19730,1916
20260109,cod,ROP,521,10453,15557,15668,5290,19533,4535,19439,5370,33039,21371,14454,6936,33039,2420,20214,1686
20260112,cod,ROP,676,12053,18378,18566,6732,23385,4678,19046,5885,33194,19449,13782,7307,33194,2803,20694,1840
20260107,cod,ROP,432,10993,18442,18650,5906,20994,4026,19567,5089,35125,20291,13970,7233,35125,2332,20260,1667
20260106,cod,ROP,392,10539,20512,20629,5931,19533,4161,19275,5349,35156,19721,13156,7574,35156,2420,20506,1671
20260104,cod,ROP,123,4737,22090,22199,1892,6457,4373,20656,5498,36402,23684,15240,8261,36402,3000,21680,2047
20260123,cod,ROP,681,22478,33257,33528,7833,30145,5883,24153,6895,36695,28016,19522,8062,36695,4878,27347,2805
20260105,cod,ROP,623,13433,22529,22814,7933,32768,4612,21169,5973,38245,20997,14006,8512,38245,2614,22156,1843
20260102,cod,ROP,353,14351,18604,18658,5084,18841,5422,23109,6541,39020,24954,17205,8729,39020,3140,23046,2039
20260103,cod,ROP,394,18034,21838,22151,5192,22340,5448,23673,6666,39628,25587,17738,8441,39628,2522,21922,1866
20260125,cod,ROP,556,7994,33418,33483,5107,30099,5158,23288,6330,39836,25725,18353,9996,39836,3888,26380,2762
20260208,cod,ROP,343,7613,22217,22490,3585,12835,4326,23421,5354,40103,25900,17914,9929,40103,3850,26856,2559
20260124,cod,ROP,825,29014,60089,62347,8299,39787,6272,25840,7500,41310,25554,19066,9329,41310,3515,27991,2578
20260205,cod,ROP,865,16318,24290,24352,6031,30313,5284,22871,6517,41795,23490,16931,9445,41795,2776,23896,1900
20260204,cod,ROP,769,15301,29457,29557,6484,28623,5324,23154,6595,41980,23671,16945,9499,41980,2860,23805,2080
20260206,cod,ROP,923,17028,24451,24515,5502,24994,5818,25876,6941,42396,27146,20036,9482,42396,3249,29105,2283
20260126,cod,ROP,781,11711,33296,33506,8769,37104,5319,24528,6767,42637,28077,19040,10249,42637,4001,26262,2586
20260207,cod,ROP,558,11685,21467,21628,5286,19059,5290,26006,6451,43468,28101,20185,9955,43468,3309,27046,2482
20260203,cod,ROP,695,17197,30622,31278,6231,25749,5734,25531,7154,46806,25352,18510,10482,46806,3121,29004,2220
20260201,cod,ROP,251,6767,19471,19603,3730,10657,5120,26019,6275,48806,28649,19259,11937,48806,4324,33907,2845
20260127,cod,ROP,931,15064,24797,30799,9052,41220,6153,29910,7702,49742,31000,22232,11340,49742,4280,33150,2743
20260202,cod,ROP,875,20864,29387,29491,9132,35539,5949,27554,7535,51634,26961,19241,12048,51634,3544,29636,2420
20260128,cod,ROP,673,16259,25817,30203,7253,29451,6508,33212,8073,53707,33540,25361,11562,53707,3870,34832,2600
20260129,cod,ROP,538,14337,20467,20605,6784,24518,6041,32828,7517,54688,34668,25560,12161,54688,3658,33952,2409
20260130,cod,ROP,575,19684,28768,28952,6752,26205,6329,32697,7633,56652,33764,24658,12992,56652,3826,38752,2603
20260131,cod,ROP,581,15283,21052,21140,6810,24316,6654,33143,7904,56799,34726,25251,12861,56799,3993,38886,2905
20260113,prepaid,RPB,3,179,285,288,266,274,150,156,157,167,467,136,3,167,7,171,4
20260106,prepaid,RPB,0,150,182,183,194,196,153,160,160,170,378,145,3,170,9,184,4
20260114,prepaid,RPB,0,134,149,149,178,179,153,164,159,172,1277,146,7,172,11,160,2
20260114,cod,RPB,0,161,179,179,187,259,87,125,99,175,128,100,21,175,14,135,7
20260109,prepaid,RPB,1,164,254,256,221,224,162,173,172,186,310,154,1,186,6,187,3
20260116,prepaid,RPB,0,200,260,260,274,277,186,194,197,205,587,173,2,205,6,206,3
20260111,prepaid,RPB,0,0,6,6,9,9,183,199,191,210,555,178,7,210,8,210,4
20260130,prepaid,RPB,2,387,509,512,460,466,183,196,194,212,380,164,9,212,20,268,9
20260115,prepaid,RPB,0,193,258,260,266,268,195,203,206,217,1034,188,6,217,12,174,5
20260112,prepaid,RPB,0,215,311,313,216,219,203,206,212,220,549,178,4,220,13,210,7
20260108,prepaid,RPB,1,192,242,242,229,231,199,211,206,224,556,189,8,224,8,214,3
20260129,prepaid,RPB,1,267,369,371,307,309,202,212,209,225,474,173,6,225,10,266,6
20260110,prepaid,RPB,0,122,141,141,212,212,208,213,214,226,672,190,2,226,13,212,7
20260109,cod,RPB,0,195,268,268,195,279,121,166,139,227,166,131,20,227,8,158,7
20260105,prepaid,RPB,1,229,275,276,278,281,195,201,212,227,464,158,7,227,7,232,2
20260118,prepaid,RPB,0,166,193,194,194,197,209,220,213,229,660,189,11,229,20,263,6
20260106,cod,RPB,1,125,165,166,132,163,126,181,141,241,179,153,32,241,6,178,5
20260110,cod,RPB,2,158,192,192,168,231,126,193,134,241,201,165,22,241,10,196,5
20260115,cod,RPB,1,217,278,279,203,257,134,191,148,243,215,166,27,243,20,163,13
20260105,cod,RPB,4,194,232,234,174,240,108,173,121,251,162,137,31,251,11,188,5
20260113,cod,RPB,5,200,273,274,200,278,126,188,136,252,178,153,32,252,13,200,8
20260107,prepaid,RPB,0,149,198,199,180,181,237,245,244,254,768,227,6,254,5,228,2
20260104,prepaid,RPB,0,110,153,153,168,171,213,227,230,255,384,192,13,255,6,225,2
20260116,cod,RPB,4,203,264,264,209,281,130,207,142,255,194,166,30,255,10,233,6
20260128,prepaid,RPB,9,225,246,246,224,235,224,241,242,262,424,196,4,262,18,263,7
20260108,cod,RPB,2,205,271,271,169,237,139,200,153,262,196,160,25,262,15,197,10
20260104,cod,RPB,2,138,180,180,135,193,110,170,130,267,163,129,32,267,16,180,9
20260111,cod,RPB,0,0,16,16,11,13,143,218,150,269,231,186,23,269,13,219,5
20260119,prepaid,RPB,5,297,386,386,326,334,239,252,250,270,308,223,11,270,11,263,7
20260120,prepaid,RPB,3,373,414,426,424,435,249,259,259,273,324,240,8,273,12,238,5
20260131,prepaid,RPB,1,336,493,493,472,478,256,264,265,276,357,226,6,276,33,304,14
20260107,cod,RPB,1,165,217,217,151,205,136,212,147,278,237,192,24,278,15,232,10
20260112,cod,RPB,1,129,242,242,100,136,142,213,164,288,214,171,24,288,13,221,10
20260121,prepaid,RPB,2,338,492,492,398,406,270,285,276,295,355,249,14,295,20,303,8
20260119,cod,RPB,4,328,382,382,260,358,153,227,174,301,218,174,42,301,16,243,5
20260126,prepaid,RPB,2,123,129,129,123,127,265,277,285,302,354,232,9,302,17,233,4
20260117,prepaid,RPB,1,176,214,215,234,236,289,299,294,306,638,271,5,306,11,262,7
20260118,cod,RPB,0,174,202,202,163,216,156,242,176,308,245,188,32,308,20,296,12
20260129,cod,RPB,4,259,391,393,193,293,136,213,170,323,209,155,45,323,24,267,10
20260127,prepaid,RPB,1,251,281,283,263,270,290,302,308,328,360,225,8,328,10,237,5
20260131,cod,RPB,8,358,448,450,382,523,153,241,172,329,286,195,48,329,43,284,30
20260117,cod,RPB,3,208,250,250,202,269,203,287,218,339,321,260,33,339,12,247,8
20260130,cod,RPB,4,356,523,525,327,487,150,242,165,342,235,187,51,342,23,259,10
20260204,prepaid,RPB,2,393,536,537,524,537,311,329,321,343,341,271,9,343,19,346,6
20260123,prepaid,RPB,2,213,277,277,243,250,310,331,324,350,448,293,10,350,45,380,16
20260125,prepaid,RPB,4,225,242,242,258,263,312,332,326,355,421,293,10,355,22,280,13
20260201,prepaid,RPB,1,212,212,214,325,332,326,352,331,363,411,307,14,363,33,343,9
20260120,cod,RPB,7,338,386,386,290,393,191,293,214,373,297,248,37,373,15,258,7
20260205,prepaid,RPB,2,428,592,593,560,570,335,355,352,378,420,321,11,378,17,329,7
20260103,prepaid,RPB,0,163,233,236,212,216,327,355,341,379,547,307,19,379,15,390,6
20260128,cod,RPB,12,293,322,324,198,294,171,260,195,379,241,191,54,379,26,273,18
20260123,cod,RPB,5,247,289,289,176,275,188,285,211,380,315,227,57,380,53,353,25
20260126,cod,RPB,3,93,104,104,78,105,163,257,194,380,283,195,61,380,19,211,13
20260103,cod,RPB,2,139,198,198,130,181,163,261,195,381,243,192,45,381,12,287,8
20260203,prepaid,RPB,1,249,392,393,326,331,339,358,360,384,397,299,13,384,27,364,8
20260122,prepaid,RPB,3,229,269,280,371,375,352,370,363,386,891,326,13,386,25,350,14
20260121,cod,RPB,6,281,354,356,238,329,196,300,221,394,311,255,45,394,17,301,9
20260127,cod,RPB,5,302,305,305,236,330,152,261,189,394,244,180,45,394,29,284,20
20260124,prepaid,RPB,1,265,304,305,331,340,362,389,384,417,586,335,16,417,19,364,8
20260202,prepaid,RPB,1,285,369,369,313,325,375,393,396,422,395,327,12,422,23,390,7
20260204,cod,RPB,2,331,490,490,332,465,191,298,227,425,277,229,56,425,27,315,15
20260122,cod,RPB,5,230,259,262,218,303,231,329,259,426,367,285,50,426,22,328,17
20260205,cod,RPB,5,370,519,521,374,528,211,312,241,427,335,264,47,427,30,324,13
20260102,cod,RPB,2,149,191,191,117,164,205,313,233,432,309,242,64,432,14,308,6
20260125,cod,RPB,2,187,217,217,171,240,188,318,211,434,351,265,66,434,38,273,22
20260124,cod,RPB,6,293,348,349,227,336,220,334,246,440,331,253,63,440,35,325,26
20260101,cod,RPB,1,65,76,83,60,88,238,342,257,440,377,292,58,440,33,380,12
20260101,prepaid,RPB,1,76,94,105,108,110,392,424,404,450,796,389,25,450,26,452,3
20260201,cod,RPB,3,161,173,173,177,251,227,363,246,450,417,299,55,450,52,370,35
20260102,prepaid,RPB,0,154,207,207,173,175,430,446,457,481,814,376,10,481,22,431,11
20260206,cod,RPB,6,311,371,373,319,460,240,381,263,488,410,312,68,488,40,361,24
20260203,cod,RPB,6,203,337,337,183,248,236,370,267,488,373,292,66,488,35,409,20
20260207,prepaid,RPB,1,360,408,409,396,404,443,464,462,493,508,416,12,493,42,506,17
20260206,prepaid,RPB,4,380,428,429,533,544,448,474,462,496,503,411,11,496,27,473,12
20260202,cod,RPB,3,264,308,308,188,277,264,400,288,517,386,300,52,517,39,385,20
20260208,prepaid,RPB,1,301,357,357,344,347,477,513,489,531,559,452,18,531,43,525,12
20260207,cod,RPB,10,360,420,422,296,420,283,432,315,566,463,349,68,566,47,454,23
20260208,cod,RPB,6,258,346,346,230,313,267,433,292,566,458,335,82,566,52,480,32
20260107,prepaid,RPG,0,75,85,85,93,93,58,61,62,66,69,56,1,66,8,69,1
20260104,prepaid,RPG,0,34,64,64,37,38,61,65,63,68,70,60,3,68,1,58,1
20260106,prepaid,RPG,1,115,133,133,123,126,62,65,66,69,64,59,1,69,10,82,5
20260103,prepaid,RPG,0,74,83,83,118,118,86,88,92,96,82,78,1,96,2,90,1
20260101,prepaid,RPG,0,14,44,45,22,22,90,93,92,97,96,82,1,97,4,107,2
20260110,prepaid,RPG,1,157,217,217,195,199,81,88,89,98,86,75,5,98,4,87,3
20260102,prepaid,RPG,2,56,100,100,102,104,90,96,91,101,93,83,6,101,5,98,4
20260105,prepaid,RPG,2,48,59,59,81,83,93,99,97,104,98,90,2,104,3,95,1
20260107,cod,RPG,0,91,104,104,85,106,61,71,69,104,79,62,9,104,6,87,1
20260109,prepaid,RPG,1,138,180,180,227,233,93,100,99,107,102,89,5,107,8,108,4
20260111,prepaid,RPG,1,155,205,205,212,214,102,110,106,115,125,102,4,115,12,106,7
20260108,prepaid,RPG,0,47,142,145,56,57,108,115,110,118,115,101,5,118,9,106,4
20260109,cod,RPG,2,172,190,192,168,237,78,106,83,123,102,91,13,123,5,114,3
20260118,cod,RPG,1,133,153,154,113,145,67,95,80,136,110,85,29,136,13,108,9
20260110,cod,RPG,1,167,189,189,151,186,73,109,83,138,119,101,18,138,14,125,12
20260108,cod,RPG,1,39,108,108,41,52,93,126,99,143,128,110,9,143,4,118,1
20260111,cod,RPG,0,133,165,165,126,154,83,120,94,145,149,113,12,145,16,128,3
20260119,cod,RPG,3,185,235,235,164,205,72,106,86,149,101,77,24,149,11,105,5
20260106,cod,RPG,1,99,114,114,82,108,80,109,95,158,110,102,18,158,4,132,1
20260118,prepaid,RPG,4,424,496,499,465,473,132,146,145,165,157,124,9,165,29,178,6
20260104,cod,RPG,0,42,72,72,35,46,88,127,103,174,148,110,28,174,9,140,3
20260112,prepaid,RPG,1,153,202,220,200,204,167,174,174,182,192,154,4,182,6,171,4
20260116,prepaid,RPG,0,100,139,139,149,151,159,170,169,184,179,146,9,184,9,182,2
20260120,cod,RPG,2,166,190,191,186,216,112,153,127,198,149,129,23,198,13,155,7
20260117,cod,RPG,0,104,116,116,103,119,123,162,130,201,175,146,16,201,19,170,15
20260117,prepaid,RPG,0,184,232,232,221,224,170,185,180,202,184,155,12,202,12,180,6
20260116,cod,RPG,0,75,90,91,83,104,117,157,138,204,147,135,18,204,8,170,3
20260115,prepaid,RPG,1,88,140,141,97,99,183,198,190,205,193,176,8,205,9,194,3
20260113,cod,RPG,1,171,226,226,176,214,122,165,132,206,181,146,26,206,24,167,10
20260121,cod,RPG,2,122,143,143,115,147,127,162,137,211,164,144,24,211,12,168,7
20260208,cod,RPG,4,181,235,236,186,239,88,126,101,213,162,102,33,213,11,180,8
20260114,cod,RPG,5,124,124,124,134,167,120,170,132,216,173,140,27,216,15,169,11
20260103,cod,RPG,1,108,123,124,132,161,115,166,138,223,165,147,21,223,6,198,4
20260114,prepaid,RPG,1,114,115,115,157,159,206,218,212,224,212,188,6,224,15,222,7
20260113,prepaid,RPG,0,187,241,241,233,234,215,220,220,229,220,182,2,229,11,209,6
20260101,cod,RPG,0,26,74,74,26,32,141,199,154,230,225,174,26,230,19,223,9
20260112,cod,RPG,0,147,192,207,148,182,144,201,151,234,193,167,16,234,15,193,9
20260115,cod,RPG,5,100,129,129,89,115,138,184,153,236,183,160,28,236,15,182,10
20260122,cod,RPG,3,262,537,537,230,283,140,187,155,238,188,167,24,238,12,171,7
20260123,cod,RPG,6,367,586,587,545,633,146,202,158,242,216,182,28,242,24,220,9
20260105,cod,RPG,0,73,81,83,95,112,141,192,158,243,167,157,27,243,4,167,2
20260119,prepaid,RPG,3,433,588,589,493,504,222,235,240,257,231,202,7,257,26,225,5
20260208,prepaid,RPG,0,183,311,311,263,265,231,247,243,270,262,203,19,270,23,289,6
20260102,cod,RPG,0,114,167,167,157,208,166,237,187,287,216,193,29,287,13,216,10
20260124,cod,RPG,4,427,722,724,545,649,185,270,202,318,290,242,43,318,25,273,17
20260120,prepaid,RPG,3,361,410,412,508,516,319,346,332,361,400,317,14,361,45,355,10
20260207,cod,RPG,3,135,191,191,106,143,174,249,212,366,223,186,48,366,19,315,13
20260207,prepaid,RPG,1,141,215,217,151,152,307,326,339,369,305,265,16,369,13,418,5
20260123,prepaid,RPG,5,345,961,968,840,852,388,419,422,464,440,376,20,464,33,465,19
20260125,cod,RPG,9,417,659,660,625,718,295,408,322,475,456,373,57,475,44,397,20
20260121,prepaid,RPG,3,414,451,454,454,464,440,470,467,501,464,393,13,501,35,448,13
20260206,cod,RPG,0,73,83,85,58,79,284,382,324,505,361,306,47,505,15,420,10
20260124,prepaid,RPG,3,441,902,906,1055,1077,467,490,490,521,510,432,18,521,38,498,16
20260128,cod,RPG,7,469,704,705,660,787,302,411,353,525,375,326,55,525,20,401,12
20260122,prepaid,RPG,2,428,962,963,458,465,473,515,491,543,508,453,27,543,29,498,18
20260129,cod,RPG,7,536,1010,1012,637,767,359,456,402,556,466,396,49,556,35,479,18
20260128,prepaid,RPG,3,470,828,832,987,996,516,539,549,586,503,432,14,586,27,543,10
20260206,prepaid,RPG,3,116,135,135,124,129,559,596,600,649,555,505,20,649,16,589,9
20260205,cod,RPG,0,67,73,73,65,79,399,505,448,679,463,389,68,679,29,506,17
20260127,cod,RPG,4,494,812,816,622,736,476,578,520,693,543,478,58,693,26,624,19
20260129,prepaid,RPG,2,576,1163,1165,921,931,669,706,695,746,698,622,24,746,55,714,21
20260204,cod,RPG,4,148,160,161,255,326,476,629,539,791,630,521,74,791,40,609,23
20260204,prepaid,RPG,0,279,291,291,637,643,685,730,735,792,763,644,37,792,86,746,30
20260205,prepaid,RPG,0,103,116,117,114,115,714,758,753,813,727,646,23,813,43,715,10
20260125,prepaid,RPG,1,516,863,866,978,984,748,820,767,848,853,744,45,848,66,777,43
20260130,cod,RPG,8,621,1108,1110,879,1083,582,751,623,855,756,681,75,855,43,762,19
20260127,prepaid,RPG,1,403,931,934,747,750,748,786,806,857,724,630,27,857,38,771,24
20260130,prepaid,RPG,5,398,1211,1217,916,936,817,867,858,916,897,801,31,916,64,937,20
20260131,prepaid,RPG,5,416,707,707,1269,1283,803,862,846,919,904,775,38,919,59,809,22
20260201,prepaid,RPG,2,363,675,677,647,653,805,863,845,926,902,734,42,926,134,964,36
20260203,prepaid,RPG,2,435,709,713,710,715,820,868,865,930,883,788,32,930,47,873,24
20260201,cod,RPG,4,334,461,462,472,567,558,787,616,931,798,685,102,931,59,881,25
20260203,cod,RPG,4,301,445,448,330,389,586,757,650,952,812,671,90,952,52,747,39
20260131,cod,RPG,5,505,738,741,840,1008,629,816,686,959,885,755,89,959,53,776,36
20260202,cod,RPG,4,436,558,560,460,563,628,831,720,1027,826,718,100,1027,34,766,24
20260202,prepaid,RPG,3,549,919,922,850,862,1014,1063,1071,1142,999,904,31,1142,58,952,24
20260113,prepaid,RPS,0,16,38,41,22,22,7,7,7,7,10,6,0,7,4,18,1
20260101,cod,RPS,0,3,4,4,5,6,3,4,3,9,11,4,5,9,8,13,3
20260106,prepaid,RPS,0,12,16,17,21,21,7,7,11,11,9,6,0,11,1,18,0
20260106,cod,RPS,0,14,16,17,14,18,8,9,9,12,6,4,0,12,1,8,0
20260103,cod,RPS,0,4,8,9,6,7,3,7,5,13,6,2,3,13,1,8,1
20260116,prepaid,RPS,1,29,32,33,33,37,9,11,10,13,12,11,1,13,0,12,0
20260114,prepaid,RPS,0,7,12,12,26,27,13,13,13,14,12,10,0,14,2,9,0
20260108,cod,RPS,1,124,130,134,78,130,6,10,7,14,13,9,3,14,1,14,0
20260104,prepaid,RPS,0,1,5,5,2,2,9,10,9,14,13,9,3,14,3,9,0
20260107,cod,RPS,0,13,20,22,11,14,6,11,6,14,11,8,3,14,0,8,0
20260108,prepaid,RPS,0,19,21,21,21,21,10,11,10,14,9,7,1,14,3,16,1
20260112,prepaid,RPS,0,2,8,8,10,10,12,12,13,15,12,10,1,15,2,15,1
20260109,prepaid,RPS,0,16,27,56,19,19,12,12,13,15,17,11,0,15,3,11,0
20260101,prepaid,RPS,0,1,6,6,7,7,11,11,12,17,12,10,1,17,1,7,0
20260105,cod,RPS,1,12,16,17,12,20,8,9,9,17,14,8,3,17,2,13,2
20260104,cod,RPS,0,0,6,6,2,2,9,12,9,17,12,10,2,17,2,11,2
20260107,prepaid,RPS,1,14,18,19,17,18,15,16,15,17,17,15,0,17,2,12,0
20260102,cod,RPS,0,9,12,12,9,10,8,15,8,18,14,12,6,18,1,11,0
20260118,prepaid,RPS,0,15,27,28,21,21,17,19,18,20,17,16,0,20,2,25,2
20260109,cod,RPS,2,53,62,62,42,59,15,18,15,20,18,14,2,20,1,12,0
20260119,prepaid,RPS,0,30,48,54,45,47,17,19,17,20,25,19,1,20,3,23,1
20260103,prepaid,RPS,0,8,10,12,13,15,14,15,16,21,15,13,2,21,2,23,2
20260115,prepaid,RPS,0,12,19,20,16,17,20,21,20,22,17,15,1,22,2,16,0
20260121,prepaid,RPS,0,43,68,74,56,57,16,20,20,25,23,16,1,25,6,22,2
20260102,prepaid,RPS,0,4,11,12,14,14,20,21,20,25,21,19,0,25,0,13,0
20260110,prepaid,RPS,0,10,11,13,18,19,22,25,22,26,20,18,1,26,1,22,0
20260117,prepaid,RPS,0,11,21,29,13,13,24,25,26,27,28,23,0,27,3,19,2
20260208,prepaid,RPS,1,0,15,21,10,11,24,26,24,30,30,21,3,30,4,34,1
20260105,prepaid,RPS,0,2,11,17,7,7,23,27,26,31,24,23,2,31,2,20,1
20260120,prepaid,RPS,0,29,48,53,35,36,28,31,29,34,29,25,0,34,5,34,0
20260206,prepaid,RPS,0,9,57,63,16,16,24,26,27,34,29,23,3,34,7,34,4
20260110,cod,RPS,1,48,49,51,33,59,21,33,22,36,33,28,2,36,4,32,1
20260122,prepaid,RPS,1,37,49,54,76,79,33,36,34,38,35,31,3,38,5,35,2
20260205,prepaid,RPS,0,16,22,23,33,33,28,33,30,42,32,28,5,42,5,30,1
20260204,prepaid,RPS,0,15,32,39,27,27,29,34,33,42,34,30,3,42,4,39,1
20260207,prepaid,RPS,2,18,38,41,52,59,32,36,34,43,36,31,3,43,6,32,3
20260123,prepaid,RPS,2,33,49,51,40,43,30,40,34,44,49,37,2,44,10,45,5
20260125,prepaid,RPS,0,16,29,33,16,17,40,42,40,45,48,38,3,45,9,42,2
20260203,prepaid,RPS,0,11,23,23,23,26,35,41,39,48,41,35,2,48,1,39,1
20260115,cod,RPS,1,39,42,42,24,45,14,34,18,52,40,24,11,52,7,39,3
20260128,prepaid,RPS,0,43,63,64,51,53,45,50,48,53,52,42,4,53,7,52,4
20260130,prepaid,RPS,0,35,51,54,41,43,43,46,50,56,49,38,2,56,4,52,2
20260129,prepaid,RPS,1,53,64,68,71,73,43,52,47,57,50,45,4,57,5,52,1
20260208,cod,RPS,0,0,8,9,2,2,23,35,30,59,34,22,11,59,6,41,2
20260117,cod,RPS,3,72,90,90,109,192,17,39,22,59,38,30,13,59,4,36,3
20260127,prepaid,RPS,1,65,74,82,91,98,48,51,56,61,46,39,2,61,5,43,2
20260201,prepaid,RPS,0,0,11,13,5,6,46,58,46,63,62,52,11,63,14,78,4
20260126,prepaid,RPS,0,21,43,43,26,26,50,60,51,64,60,50,11,64,8,58,3
20260124,prepaid,RPS,0,46,52,57,64,65,52,54,59,64,48,45,1,64,7,51,3
20260114,cod,RPS,2,9,105,106,5,12,28,48,33,66,47,34,13,66,8,47,5
20260118,cod,RPS,1,9,20,21,15,21,20,38,24,67,40,31,11,67,6,42,3
20260202,prepaid,RPS,3,33,49,53,43,48,47,51,59,67,50,43,5,67,3,50,2
20260116,cod,RPS,4,27,101,104,44,76,24,55,28,71,49,39,12,71,6,54,3
20260119,cod,RPS,1,35,45,49,32,47,33,57,40,73,67,52,13,73,10,62,5
20260123,cod,RPS,3,211,225,228,122,226,28,46,35,75,53,39,14,75,15,56,6
20260131,prepaid,RPS,0,38,49,53,55,58,69,73,71,77,71,64,2,77,4,59,4
20260113,cod,RPS,0,35,39,39,28,39,36,59,42,80,67,50,10,80,5,61,3
20260112,cod,RPS,1,92,96,97,52,93,38,73,42,83,81,67,12,83,9,74,4
20260122,cod,RPS,1,193,207,220,137,238,30,53,34,88,55,34,15,88,14,71,8
20260207,cod,RPS,2,40,47,47,42,66,24,53,32,91,44,34,17,91,3,53,1
20260124,cod,RPS,0,58,73,90,41,73,45,83,49,111,80,64,24,111,12,74,8
20260206,cod,RPS,0,17,42,44,18,21,40,66,49,111,73,56,24,111,9,84,7
20260120,cod,RPS,0,38,57,57,25,42,46,94,51,113,107,82,23,113,8,102,7
20260129,cod,RPS,6,115,130,150,238,437,32,67,37,119,63,51,33,119,8,51,6
20260130,cod,RPS,5,159,182,183,97,172,47,80,50,123,83,69,25,123,5,65,3
20260128,cod,RPS,1,79,397,427,64,91,39,61,49,132,46,35,31,132,7,68,3
20260205,cod,RPS,0,2,10,10,14,18,50,87,57,140,79,68,26,140,4,79,3
20260121,cod,RPS,1,61,87,94,47,70,57,102,68,143,108,85,22,143,12,108,7
20260125,cod,RPS,1,15,28,36,14,22,60,114,68,147,129,102,26,147,15,111,7
20260131,cod,RPS,3,132,135,140,96,155,61,108,67,149,120,95,33,149,11,117,6
20260201,cod,RPS,0,1,6,6,1,1,80,148,86,192,187,132,33,192,29,156,13
20260204,cod,RPS,1,39,55,57,38,52,59,107,79,199,100,80,32,199,4,110,3
20260126,cod,RPS,0,10,37,38,14,17,77,166,89,219,194,141,43,219,20,165,12
20260127,cod,RPS,4,68,84,89,77,109,72,158,91,232,137,116,49,232,15,170,7
20260203,cod,RPS,1,25,35,35,20,30,95,191,107,259,182,152,57,259,12,200,10
20260202,cod,RPS,1,106,112,117,72,112,128,250,143,310,254,204,39,310,25,267,17
20260102,prepaid,SDB,0,,,,3,3,,,,,,,,,0,1,0
20260117,prepaid,SDB,0,0,4,4,2,2,,,,,,,,,,,
20260128,prepaid,SDB,0,0,1,1,1,1,,,,,1,0,,,,,
20260208,prepaid,SDB,0,,,,2,2,1,1,1,1,2,1,0,1,0,2,0
20260110,prepaid,SDB,0,0,3,4,2,2,1,1,1,1,1,1,0,1,1,3,0
20260101,prepaid,SDB,0,0,3,3,1,1,1,1,1,1,1,1,0,1,,,
20260119,prepaid,SDB,0,0,4,4,1,1,1,1,1,1,2,1,0,1,0,1,0
20260122,prepaid,SDB,0,0,2,4,4,4,1,1,1,1,1,1,0,1,0,1,0
20260118,prepaid,SDB,0,0,2,2,1,1,1,1,1,1,1,1,0,1,0,1,0
20260115,prepaid,SDB,0,0,1,1,1,1,1,1,1,1,1,1,0,1,0,2,0
20260205,prepaid,SDB,0,0,2,3,3,3,1,1,1,1,1,1,0,1,0,3,0
20260107,prepaid,SDB,0,0,2,2,3,3,0,0,0,1,,,1,1,0,2,0
20260113,prepaid,SDB,0,0,1,1,1,1,1,1,1,1,1,1,0,1,0,1,0
20260131,prepaid,SDB,0,,,,3,3,1,1,1,1,1,1,0,1,0,1,0
20260108,prepaid,SDB,0,0,2,3,2,2,1,1,1,2,1,1,1,2,0,1,0
20260125,prepaid,SDB,0,0,2,2,1,2,2,2,2,2,2,2,0,2,1,5,0
20260126,prepaid,SDB,0,,,,1,1,2,2,2,2,2,2,0,2,0,1,0
20260130,prepaid,SDB,0,0,1,3,4,4,1,2,1,2,2,2,0,2,0,3,0
20260116,prepaid,SDB,0,0,2,2,2,2,2,2,2,2,2,2,0,2,0,3,0
20260129,prepaid,SDB,0,0,4,5,2,2,2,2,2,2,2,1,0,2,0,2,0
20260121,prepaid,SDB,0,0,5,5,4,4,2,2,2,2,1,1,0,2,0,1,0
20260111,prepaid,SDB,0,0,1,3,1,1,2,2,2,2,2,2,0,2,1,2,0
20260204,prepaid,SDB,0,0,1,1,1,1,2,2,2,2,2,2,0,2,0,1,0
20260109,prepaid,SDB,0,0,1,1,1,1,2,2,2,2,2,2,0,2,0,1,0
20260120,prepaid,SDB,1,0,1,2,5,6,2,2,2,2,2,2,0,2,0,2,0
20260206,prepaid,SDB,0,,,,2,2,2,2,2,2,2,2,0,2,0,2,0
20260127,prepaid,SDB,0,0,3,6,0,1,2,2,2,2,2,2,0,2,0,1,0
20260112,prepaid,SDB,0,0,3,4,2,2,3,3,3,3,3,3,0,3,0,2,0
20260104,prepaid,SDB,0,1,1,1,1,1,2,3,2,3,3,3,0,3,0,6,0
20260202,prepaid,SDB,0,0,4,4,1,1,3,3,3,3,3,3,0,3,0,3,0
20260103,prepaid,SDB,0,0,1,2,1,2,3,3,3,3,3,3,0,3,,,
20260203,prepaid,SDB,0,0,3,5,3,3,4,4,4,4,4,4,0,4,0,3,0
20260105,prepaid,SDB,0,0,1,1,1,1,3,3,3,4,3,3,0,4,0,1,0
20260107,cod,SDB,0,0,17,19,2,2,0,3,0,4,5,3,1,4,2,8,2
20260124,prepaid,SDB,0,0,2,2,2,2,6,6,6,6,6,6,0,6,0,5,0
20260108,cod,SDB,0,0,8,12,9,12,2,2,3,7,2,2,1,7,0,2,0
20260118,cod,SDB,0,0,5,10,7,7,2,2,2,7,3,2,1,7,1,4,1
20260128,cod,SDB,0,0,11,13,18,25,2,4,4,8,4,2,0,8,1,5,0
20260205,cod,SDB,0,0,1,3,4,8,2,3,4,8,4,3,2,8,1,6,1
20260129,cod,SDB,0,0,9,12,5,13,5,7,5,8,9,6,1,8,2,11,1
20260119,cod,SDB,1,2,29,32,6,11,5,6,6,10,8,6,1,10,0,5,0
20260110,cod,SDB,0,0,13,16,6,10,4,6,4,10,6,5,2,10,0,7,0
20260120,cod,SDB,0,0,17,21,20,26,6,8,7,10,6,6,1,10,3,12,3
20260103,cod,SDB,0,0,7,8,6,8,4,8,4,10,8,8,1,10,0,10,0
20260102,cod,SDB,0,0,10,13,7,9,4,6,5,11,6,6,3,11,0,10,0
20260113,cod,SDB,0,0,5,7,10,12,3,6,3,11,7,6,1,11,1,8,1
20260106,cod,SDB,0,0,1,3,4,5,7,8,8,11,9,8,0,11,0,10,0
20260130,cod,SDB,0,0,9,15,5,8,4,9,5,11,10,8,1,11,3,7,2
20260109,cod,SDB,0,0,9,10,5,6,5,10,5,12,11,10,2,12,1,7,1
20260208,cod,SDB,0,,,,6,10,6,8,6,12,8,6,1,12,2,9,2
20260202,cod,SDB,0,1,13,16,6,7,2,7,2,12,8,5,3,12,3,5,2
20260117,cod,SDB,0,0,15,15,5,6,3,8,5,13,7,7,0,13,0,12,0
20260104,cod,SDB,0,0,3,3,4,7,8,10,8,13,10,10,0,13,1,9,0
20260101,cod,SDB,0,0,8,14,3,4,7,11,7,13,10,10,1,13,0,9,0
20260105,cod,SDB,0,0,5,7,6,7,6,9,6,13,10,9,2,13,1,8,1
20260114,cod,SDB,0,0,1,1,3,5,5,10,6,14,10,10,1,14,0,11,0
20260112,cod,SDB,0,0,14,18,9,11,7,9,9,14,9,9,1,14,0,8,0
20260201,cod,SDB,1,0,4,5,4,6,4,9,5,14,9,9,2,14,3,14,1
20260122,cod,SDB,0,0,8,9,9,10,7,11,8,14,14,11,1,14,1,13,1
20260111,cod,SDB,0,0,5,6,5,7,5,9,7,15,11,9,2,15,2,8,1
20260116,cod,SDB,0,0,5,6,7,10,6,9,7,15,8,8,3,15,0,5,0
20260204,cod,SDB,0,0,9,9,15,18,5,12,5,15,10,10,3,15,1,8,1
20260207,cod,SDB,0,0,6,10,6,11,8,13,9,15,13,12,3,15,1,16,0
20260206,cod,SDB,0,0,14,20,2,3,9,11,11,15,12,11,1,15,3,13,2
20260115,cod,SDB,0,0,11,14,0,1,6,7,8,16,7,6,2,16,1,6,1
20260125,cod,SDB,0,0,7,7,6,9,3,11,3,17,12,11,8,17,1,11,1
20260127,cod,SDB,0,0,26,29,3,4,6,8,9,17,5,5,0,17,2,7,1
20260123,cod,SDB,0,0,0,2,6,8,6,14,7,18,14,13,3,18,2,14,2
20260203,cod,SDB,0,0,20,23,8,10,9,9,11,19,7,7,2,19,0,9,0
20260124,cod,SDB,0,0,11,17,4,4,10,12,11,19,11,11,5,19,0,15,0
20260126,cod,SDB,0,0,1,2,1,2,7,9,9,20,10,9,3,20,3,8,1
20260121,cod,SDB,0,0,8,9,9,14,13,18,14,20,18,18,3,20,0,12,0
20260131,cod,SDB,0,0,3,3,8,10,11,17,12,20,20,15,1,20,3,20,3
20260118,prepaid,SDL,48,5987,7612,7693,6438,6706,7159,7694,7534,8290,14963,6507,297,8290,679,9408,300
20260101,prepaid,SDL,30,7040,8027,8103,7547,7836,7220,7762,7559,8340,15088,6703,309,8340,605,8941,252
20260128,prepaid,SDL,86,10156,10993,11092,11182,11612,7628,8090,8155,8858,16536,6781,236,8858,515,8051,246
20260106,prepaid,SDL,60,8504,9418,9501,9513,9901,7868,8300,8285,8964,17297,6969,241,8964,392,9005,209
20260108,prepaid,SDL,90,11018,12198,12304,11663,12113,7948,8357,8319,8981,17162,7246,234,8981,408,8560,214
20260117,prepaid,SDL,93,10701,11576,11725,11404,11862,8077,8552,8569,9272,16747,7032,244,9272,565,8149,319
20260129,prepaid,SDL,78,9603,10462,10554,10075,10523,8175,8639,8627,9299,17168,7591,237,9299,400,8018,201
20260107,prepaid,SDL,66,8819,9914,10022,9363,9728,8386,8884,8763,9493,17350,7677,266,9493,384,8795,221
20260127,prepaid,SDL,112,13759,15219,15364,15732,16328,8091,8645,8753,9573,17105,7042,294,9573,526,8543,226
20260115,prepaid,SDL,70,7942,9441,9543,8868,9253,8347,8918,8780,9576,17058,7338,302,9576,604,8751,298
20260104,prepaid,SDL,20,4722,6007,6083,5025,5210,8329,8927,8735,9609,17780,7604,366,9609,481,9120,229
20260105,prepaid,SDL,47,11101,12462,12591,12223,12667,8462,8938,9036,9756,17696,7330,257,9756,420,9296,223
20260116,prepaid,SDL,72,8477,9584,9736,9587,10000,8508,9090,8956,9776,16957,7413,299,9776,666,10094,342
20260208,prepaid,SDL,28,3399,4196,4251,3630,3768,8590,9259,8978,9876,15694,8078,375,9876,692,10046,328
20260126,prepaid,SDL,43,6405,8636,8702,6858,7138,8494,9163,9011,9971,17569,7646,413,9971,641,9351,318
20260109,prepaid,SDL,76,10132,11224,11381,10891,11303,8991,9440,9354,9999,17724,8175,236,9999,544,9723,275
20260111,prepaid,SDL,53,5403,6506,6591,5626,5870,8991,9569,9354,10125,17770,8345,318,10125,773,10392,332
20260205,prepaid,SDL,55,9284,10185,10303,9629,10092,9010,9470,9467,10141,17761,8280,213,10141,425,9385,215
20260130,prepaid,SDL,46,9635,10510,10629,10068,10408,8983,9558,9379,10161,17627,8379,235,10161,468,10127,268
20260119,prepaid,SDL,100,14218,15583,15747,15366,15925,8915,9461,9429,10209,16998,7981,307,10209,581,9741,290
20260120,prepaid,SDL,82,10613,11473,11626,11512,11956,9058,9570,9498,10250,18175,8164,260,10250,605,9788,285
20260114,prepaid,SDL,30,5298,6514,6599,5937,6174,9078,9629,9505,10270,18024,8240,268,10270,678,10255,349
20260110,prepaid,SDL,86,9946,10869,10994,10623,11058,9251,9788,9623,10357,18037,8435,247,10357,549,9968,328
20260102,prepaid,SDL,30,8288,9216,9335,8971,9292,9100,9686,9582,10408,17510,8051,279,10408,619,9769,263
20260103,prepaid,SDL,41,8815,9620,9730,9447,9790,9115,9665,9587,10428,18477,8240,316,10428,514,9292,270
20260204,prepaid,SDL,67,9275,10092,10200,9838,10271,9379,9885,9806,10556,18728,8523,271,10556,541,10296,284
20260207,prepaid,SDL,55,7498,8017,8117,8014,8371,9488,10037,9878,10647,17224,8758,275,10647,591,10664,320
20260125,prepaid,SDL,36,4968,5991,6080,5192,5416,9339,10069,9732,10670,19003,8651,370,10670,755,10900,421
20260203,prepaid,SDL,50,8752,9745,9866,10096,10473,9406,9922,9896,10693,19248,8554,284,10693,621,10492,313
20260206,prepaid,SDL,54,8913,9794,9931,9374,9814,9848,10424,10225,11003,16810,9099,279,11003,479,10562,237
20260122,prepaid,SDL,64,8303,8984,9064,8742,9077,10011,10556,10441,11202,19591,9214,295,11202,517,10053,280
20260201,prepaid,SDL,27,5520,6753,6824,5898,6107,10029,10741,10453,11387,18623,9318,367,11387,780,11667,363
20260121,prepaid,SDL,85,10210,10968,11071,10815,11192,10164,10734,10594,11392,18924,9321,273,11392,567,11011,267
20260113,prepaid,SDL,64,7850,8860,8960,8518,8880,10155,10721,10652,11419,20050,9239,273,11419,616,10912,329
20260123,prepaid,SDL,46,7175,8041,8126,7520,7791,10174,10866,10577,11488,19458,9565,308,11488,1050,12065,391
20260202,prepaid,SDL,59,12198,13936,14085,13106,13559,10060,10645,10677,11527,19377,9020,302,11527,682,11093,344
20260112,prepaid,SDL,122,10794,11882,12055,11808,12329,10584,11181,11118,11911,19411,9413,305,11911,631,11172,320
20260131,prepaid,SDL,63,9760,10461,10571,10319,10702,10801,11428,11240,12093,19537,10077,312,12093,648,12034,358
20260124,prepaid,SDL,61,8027,8586,8707,8569,8930,11259,11733,11884,12543,20318,9774,253,12543,731,11662,399
20260118,cod,SDL,572,37831,47169,48108,30548,42285,30335,49338,35351,72076,52683,37252,10008,72076,6713,59803,3995
20260101,cod,SDL,395,48909,55192,56290,38220,53937,31488,51521,36349,74470,61407,41164,10429,74470,7480,62453,4303
20260115,cod,SDL,860,52971,61874,63217,42868,60708,34857,54580,39939,77492,57325,40139,9749,77492,5802,53399,3563
20260117,cod,SDL,1020,67172,72583,74140,53356,74299,35141,55192,40901,79572,55964,41124,9784,79572,5545,51611,3677
20260114,cod,SDL,594,34804,42251,43288,27929,39400,37278,57162,42867,80824,60210,43683,9576,80824,6538,61133,4084
20260116,cod,SDL,914,56489,63198,64986,46401,65552,35956,57299,41605,81596,58477,42047,10379,81596,6711,60974,4032
20260108,cod,SDL,641,63386,70274,71727,50371,69200,36737,57568,42529,83206,59828,44497,10035,83206,4781,58304,3090
20260111,cod,SDL,501,33295,39889,40893,25841,35758,37444,59339,42864,83487,65450,47112,10883,83487,7192,65848,4153
20260128,cod,SDL,1148,71672,77714,79323,58163,80830,35767,56555,42566,84624,55732,43186,10314,84624,5419,55879,3314
20260129,cod,SDL,1050,67068,72855,74391,53144,73576,37531,58838,43684,85277,60928,46562,9992,85277,4858,53614,2992
20260119,cod,SDL,1319,83921,92266,94195,67527,93772,38737,61138,44920,86232,62239,46652,10778,86232,6277,63290,3917
20260120,cod,SDL,989,67956,73591,75295,54261,76133,39510,61752,45434,86237,63507,48365,10279,86237,6090,63200,3742
20260109,cod,SDL,843,59490,65110,66595,48163,66190,39934,62829,45239,86989,65808,49536,10325,86989,5644,64854,3607
20260208,cod,SDL,529,33947,41904,42967,26549,36946,38872,62373,44544,87370,67423,50472,11556,87370,7493,68405,4517
20260110,cod,SDL,882,60134,64576,66115,47934,65916,40278,62894,45995,87599,65290,49272,10481,87599,5944,65781,4015
20260106,cod,SDL,528,58555,64477,65933,47257,66622,37537,59715,44021,88076,60743,45073,10926,88076,5109,62648,3234
20260107,cod,SDL,518,57661,63241,64624,45570,63660,38964,61421,45187,88443,62223,47545,10445,88443,4843,61051,3158
20260123,cod,SDL,769,50516,55809,56859,38740,54496,41728,65662,46969,89658,72260,52872,11095,89658,9414,73125,5011
20260126,cod,SDL,654,45495,60065,61350,36546,50762,37418,60422,44406,89851,63048,46263,12320,89851,6931,61941,4178
20260122,cod,SDL,766,53702,58046,59133,42015,59043,42329,64848,48251,90393,67869,51818,11054,90393,5669,62942,3829
20260113,cod,SDL,821,50291,55577,56918,40189,56382,42122,64253,48517,90478,66542,50243,10329,90478,6237,65643,4023
20260104,cod,SDL,253,33146,41190,42212,25841,36120,38694,62806,44757,90552,68925,49009,12130,90552,6392,65941,3894
20260121,cod,SDL,949,66882,71970,73325,52328,73114,42508,66134,48364,90994,67437,52580,10730,90994,6185,67918,3960
20260130,cod,SDL,916,69662,75718,77302,54656,75263,42102,65701,48014,91997,68253,52405,10700,91997,5842,70055,3787
20260127,cod,SDL,1367,90477,99812,101935,77709,107577,38271,60958,45894,92059,58218,44613,11810,92059,5838,59434,3506
20260205,cod,SDL,964,62114,68286,69716,48641,68081,41070,63563,47828,92369,65067,50338,10773,92369,5504,63637,3501
20260207,cod,SDL,982,57724,62009,63333,45371,63741,42324,66239,48756,93606,67868,52738,11072,93606,6360,69589,4314
20260125,cod,SDL,512,36123,43579,44639,28262,39242,40364,65482,46954,93869,68427,51609,12458,93869,7629,69769,4983
20260105,cod,SDL,744,74492,82496,84455,60019,83896,40034,63745,47706,94632,63051,46595,12059,94632,5456,64537,3523
20260112,cod,SDL,1117,65027,71336,72928,52451,73365,43860,67789,50655,94773,67698,51569,11304,94773,6423,68212,4000
20260206,cod,SDL,1035,61480,67442,69028,47795,67543,44786,69789,50610,95904,72173,56496,11186,95904,6170,71766,3916
20260204,cod,SDL,917,62942,68916,70249,49699,69349,44465,68630,51272,96296,68793,54188,11323,96296,6353,70983,4149
20260102,cod,SDL,532,58182,63748,65266,45403,64598,43206,68914,49824,96369,70605,51616,12187,96369,7058,68909,4113
20260201,cod,SDL,510,34476,42879,43861,28168,38893,45065,71940,51254,98358,77669,58200,12945,98358,8513,79970,5044
20260103,cod,SDL,552,60548,65268,66768,47225,66449,44089,69465,51099,98607,71537,53470,12138,98607,6163,66968,4026
20260124,cod,SDL,797,57023,60835,61988,44483,62640,47436,74130,54280,101877,73971,57215,12255,101877,7501,74278,4943
20260203,cod,SDL,927,60363,66800,68473,47621,67037,45974,71281,53516,101886,71909,56175,11858,101886,6808,74389,4310
20260131,cod,SDL,934,68014,73173,74794,53625,74254,50022,76837,56216,102592,80386,62717,11578,102592,7123,80912,4783
20260202,cod,SDL,1228,81684,88335,90114,64926,90783,48169,74448,56714,105938,73934,57248,12423,105938,7600,76957,4622
20260107,cod,SHC,0,4,16,20,12,15,7,11,7,14,9,8,2,14,0,9,0
20260111,cod,SHC,0,0,4,4,0,2,7,12,7,14,16,10,0,14,3,15,2
20260101,cod,SHC,1,1,3,12,4,8,4,8,4,15,12,6,3,15,3,13,2
20260114,cod,SHC,1,2,22,24,17,45,4,10,4,15,15,9,7,15,3,14,3
20260110,cod,SHC,1,6,28,32,9,18,7,11,9,16,14,8,3,16,2,14,1
20260112,cod,SHC,2,15,56,67,19,38,8,16,8,16,12,10,4,16,0,11,0
20260108,cod,SHC,0,2,9,11,3,9,6,11,7,16,12,8,5,16,0,12,0
20260106,cod,SHC,0,10,21,24,14,19,11,16,13,21,15,11,4,21,0,20,0
20260115,cod,SHC,1,6,20,21,11,22,5,13,7,21,15,8,4,21,2,9,2
20260113,cod,SHC,0,25,68,72,32,59,8,14,11,21,13,9,2,21,1,14,1
20260103,cod,SHC,0,4,9,11,17,21,7,16,8,23,19,11,8,23,2,19,2
20260109,cod,SHC,0,6,23,29,7,14,9,18,10,23,19,14,3,23,1,18,1
20260102,cod,SHC,0,4,21,24,10,13,12,21,13,26,21,16,4,26,1,13,1
20260105,cod,SHC,0,8,16,22,5,14,15,22,16,28,15,13,5,28,4,14,3
20260201,cod,SHC,0,2,2,2,3,4,11,22,13,29,25,18,3,29,4,28,2
20260129,prepaid,SHC,1,14,59,69,45,46,22,23,26,34,16,15,6,34,2,21,1
20260108,prepaid,SHC,1,6,120,129,15,16,31,32,34,35,24,21,1,35,3,37,1
20260130,cod,SHC,3,2,34,39,12,34,5,19,7,36,22,15,6,36,4,33,3
20260131,cod,SHC,1,8,28,37,25,42,5,22,8,37,18,16,6,37,4,25,4
20260208,cod,SHC,0,0,2,2,0,3,8,21,12,38,29,20,9,38,7,29,5
20260130,prepaid,SHC,1,4,61,80,94,95,25,30,30,38,28,27,2,38,1,26,0
20260128,cod,SHC,2,4,32,37,17,35,6,14,9,39,21,13,9,39,0,10,0
20260206,cod,SHC,1,6,29,30,25,45,5,20,9,40,18,12,11,40,4,20,3
20260131,prepaid,SHC,0,13,48,66,33,33,35,36,40,41,41,34,1,41,3,32,3
20260207,cod,SHC,0,2,25,34,19,31,13,24,15,41,19,15,7,41,5,30,4
20260110,prepaid,SHC,1,65,95,112,69,70,34,41,35,43,43,32,4,43,2,45,1
20260129,cod,SHC,1,7,38,47,12,37,9,25,12,43,28,21,9,43,2,11,1
20260123,cod,SHC,1,3,31,33,12,18,18,30,22,43,32,23,7,43,5,31,3
20260205,cod,SHC,0,6,43,49,10,18,7,24,9,43,28,17,13,43,0,24,0
20260126,cod,SHC,0,3,10,10,3,8,10,27,12,44,29,17,14,44,5,22,3
20260203,cod,SHC,0,2,29,33,20,37,11,29,13,44,34,20,9,44,4,30,3
20260115,prepaid,SHC,0,7,59,66,26,27,36,38,40,44,52,32,2,44,8,44,3
20260206,prepaid,SHC,0,1,59,76,50,51,41,42,43,45,35,26,0,45,3,44,2
20260207,prepaid,SHC,2,8,41,53,68,70,41,43,42,45,50,41,1,45,4,38,2
20260124,cod,SHC,1,5,25,31,24,49,16,34,17,46,37,28,9,46,6,37,4
20260203,prepaid,SHC,1,16,67,81,37,39,42,44,43,46,50,39,1,46,4,57,3
20260202,cod,SHC,0,9,50,54,5,13,14,32,16,47,35,25,11,47,7,42,3
20260101,prepaid,SHC,0,25,58,61,30,30,41,44,42,47,52,40,4,47,2,40,2
20260122,prepaid,SHC,0,0,56,101,11,11,38,39,43,47,42,34,2,47,1,34,0
20260121,prepaid,SHC,0,49,63,73,118,119,37,44,39,48,41,34,4,48,3,38,1
20260118,cod,SHC,0,0,4,4,7,9,11,32,13,48,36,27,13,48,3,40,2
20260116,cod,SHC,2,33,68,75,27,50,12,33,15,48,42,26,8,48,7,38,5
20260204,cod,SHC,0,12,30,34,12,34,11,34,12,48,30,23,15,48,4,33,3
20260109,prepaid,SHC,0,46,56,68,159,162,45,47,46,48,53,43,0,48,2,42,1
20260122,cod,SHC,0,5,35,40,17,24,15,29,19,49,26,24,7,49,3,24,1
20260107,prepaid,SHC,0,35,47,62,98,98,43,44,49,50,48,34,1,50,1,40,1
20260119,cod,SHC,1,7,38,50,13,32,9,29,13,51,33,21,11,51,4,27,3
20260118,prepaid,SHC,0,6,7,7,9,9,43,47,44,51,47,38,3,51,7,83,3
20260201,prepaid,SHC,0,31,32,32,94,95,47,49,49,51,58,46,0,51,3,45,1
20260125,cod,SHC,0,1,2,2,1,3,13,37,13,52,39,31,15,52,2,42,0
20260126,prepaid,SHC,0,6,18,18,16,16,47,51,48,53,48,38,4,53,4,50,1
20260114,prepaid,SHC,1,11,33,38,46,47,43,48,46,54,47,39,4,54,5,61,4
20260104,prepaid,SHC,0,1,9,9,2,2,41,50,42,54,44,38,8,54,5,49,2
20260123,prepaid,SHC,0,6,46,53,18,18,47,49,49,54,46,37,3,54,5,53,4
20260127,cod,SHC,1,11,45,50,16,32,18,34,21,54,22,21,11,54,1,30,1
20260102,prepaid,SHC,1,41,50,52,59,60,44,50,46,54,57,39,5,54,1,52,0
20260120,prepaid,SHC,1,12,73,83,52,54,48,49,51,55,50,36,1,55,6,66,3
20260106,prepaid,SHC,0,12,73,75,28,31,45,48,50,56,50,41,5,56,2,50,1
20260121,cod,SHC,0,4,24,27,14,37,20,39,23,57,41,31,12,57,7,45,5
20260205,prepaid,SHC,0,5,60,73,16,16,52,55,53,57,51,38,2,57,2,64,0
20260120,cod,SHC,1,10,42,50,20,46,18,37,21,57,38,27,13,57,9,51,8
20260105,prepaid,SHC,1,35,51,56,48,49,48,51,55,62,49,42,5,62,3,50,1
20260124,prepaid,SHC,1,56,69,77,139,144,53,58,54,62,60,52,4,62,6,60,4
20260119,prepaid,SHC,1,22,74,85,52,55,53,59,56,64,60,47,4,64,1,55,0
20260117,cod,SHC,2,5,35,41,27,46,22,46,26,64,42,32,11,64,0,40,0
20260204,prepaid,SHC,1,40,53,54,91,92,60,62,62,66,68,51,2,66,0,53,0
20260127,prepaid,SHC,0,18,40,46,43,44,59,64,62,68,72,51,4,68,6,56,2
20260202,prepaid,SHC,0,13,40,44,23,25,64,66,65,68,59,52,1,68,3,64,3
20260116,prepaid,SHC,0,34,53,56,86,88,57,61,60,68,55,40,3,68,4,47,3
20260125,prepaid,SHC,0,0,16,16,1,1,59,61,64,69,70,56,3,69,8,70,4
20260111,prepaid,SHC,0,0,24,24,20,20,56,63,58,70,74,54,8,70,7,67,3
20260103,prepaid,SHC,1,41,49,54,67,68,65,67,71,75,68,52,2,75,7,78,4
20260128,prepaid,SHC,1,8,82,91,25,27,63,71,67,79,58,50,11,79,2,80,1
20260117,prepaid,SHC,0,23,53,57,51,51,68,71,72,79,69,60,2,79,2,44,2
20260112,prepaid,SHC,1,20,59,74,53,56,77,82,82,92,85,69,7,92,2,70,1
20260113,prepaid,SHC,1,63,99,106,87,90,107,112,113,120,106,94,2,120,8,109,4
20260101,prepaid,SHO,0,9,389,399,69,73,55,61,61,71,69,54,3,71,3,53,2
20260101,cod,SHO,2,0,646,681,50,92,32,57,36,83,76,47,14,83,15,71,4
20260102,prepaid,SHO,0,28,131,133,133,137,77,82,84,91,89,71,3,91,10,82,7
20260130,prepaid,SHO,3,13,147,149,171,175,76,82,81,95,93,71,4,95,12,150,6
20260205,prepaid,SHO,1,20,191,191,205,209,78,82,87,96,88,68,2,96,10,91,4
20260206,prepaid,SHO,0,52,208,212,242,243,94,104,97,110,102,82,5,110,7,91,3
20260129,prepaid,SHO,2,22,158,160,239,243,90,94,102,114,87,75,3,114,7,96,3
20260103,prepaid,SHO,2,34,42,43,241,243,123,133,127,141,152,121,5,141,9,116,5
20260102,cod,SHO,6,27,298,307,110,184,66,128,73,157,138,101,36,157,19,121,12
20260126,prepaid,SHO,2,11,274,276,9,11,128,141,140,158,147,110,5,158,80,176,14
20260207,prepaid,SHO,1,31,48,48,192,197,139,150,146,160,156,131,6,160,11,153,7
20260204,prepaid,SHO,0,21,61,70,235,238,147,159,153,166,152,138,8,166,15,173,9
20260106,prepaid,SHO,2,27,151,157,282,286,142,148,149,166,167,136,5,166,11,153,6
20260131,prepaid,SHO,1,17,47,49,205,208,141,157,147,167,165,137,8,167,13,118,9
20260201,prepaid,SHO,0,4,176,179,8,8,141,157,148,171,160,134,10,171,17,205,14
20260105,prepaid,SHO,0,23,183,187,124,127,134,146,149,173,132,117,13,173,9,135,4
20260208,prepaid,SHO,1,5,245,246,9,11,150,165,159,178,174,148,12,178,23,186,8
20260112,prepaid,SHO,0,41,365,556,123,124,152,162,169,185,150,130,9,185,10,167,7
20260104,prepaid,SHO,0,4,417,428,259,262,154,177,159,185,178,145,17,185,11,181,6
20260111,prepaid,SHO,2,0,251,252,153,155,160,178,166,187,198,167,12,187,15,216,8
20260116,prepaid,SHO,4,25,186,188,373,380,159,172,176,192,174,135,11,192,11,186,5
20260125,prepaid,SHO,1,8,9,9,7,8,156,173,169,192,185,152,13,192,20,175,12
20260123,prepaid,SHO,2,12,173,173,253,258,163,178,174,193,182,149,8,193,28,200,12
20260203,prepaid,SHO,3,10,135,154,128,133,171,178,185,196,176,151,5,196,8,174,5
20260109,prepaid,SHO,1,20,187,189,243,249,163,176,179,199,197,158,9,199,11,174,8
20260128,prepaid,SHO,4,32,165,165,207,213,164,174,176,199,158,146,13,199,7,114,3
20260115,prepaid,SHO,3,14,259,262,209,216,178,193,187,210,201,164,13,210,18,224,6
20260114,prepaid,SHO,3,11,215,215,236,240,184,195,195,210,200,168,11,210,16,202,12
20260103,cod,SHO,3,32,33,36,246,384,84,166,94,214,180,138,38,214,11,138,9
20260202,prepaid,SHO,1,8,270,277,83,84,186,199,205,223,205,180,10,223,20,204,7
20260121,prepaid,SHO,5,20,273,276,210,218,184,196,205,224,194,167,10,224,10,194,4
20260122,prepaid,SHO,0,14,102,103,159,160,200,212,208,226,222,184,11,226,25,207,13
20260117,prepaid,SHO,0,16,109,110,128,129,200,212,210,227,214,176,9,227,24,203,10
20260107,prepaid,SHO,5,28,137,140,192,201,207,216,214,231,211,182,7,231,6,182,2
20260124,prepaid,SHO,2,67,139,141,226,232,202,214,218,232,207,186,9,232,24,219,18
20260113,prepaid,SHO,1,35,185,196,251,254,205,220,213,232,231,198,9,232,8,169,2
20260110,prepaid,SHO,0,25,55,55,261,264,214,223,220,233,207,188,4,233,15,256,10
20260104,cod,SHO,9,8,749,771,351,552,97,196,107,249,214,159,51,249,23,215,12
20260108,prepaid,SHO,0,12,272,282,95,97,228,245,238,260,238,218,9,260,10,241,4
20260127,prepaid,SHO,1,12,159,161,126,134,236,254,246,270,242,209,15,270,29,206,14
20260119,prepaid,SHO,3,33,212,214,156,162,226,243,247,270,245,205,15,270,25,258,8
20260130,cod,SHO,6,0,301,310,233,361,77,147,96,277,145,104,68,277,21,223,12
20260118,prepaid,SHO,2,12,294,297,209,212,231,259,243,278,262,224,23,278,20,272,10
20260105,cod,SHO,4,21,367,379,100,146,117,199,133,287,202,148,48,287,19,191,12
20260205,cod,SHO,10,10,180,183,223,367,88,160,103,288,175,130,65,288,26,189,12
20260120,prepaid,SHO,2,17,161,163,253,262,241,265,258,289,261,226,11,289,26,276,13
20260129,cod,SHO,9,23,351,371,295,480,65,137,93,289,128,92,71,289,15,119,10
20260206,cod,SHO,3,35,164,167,163,197,111,219,121,327,225,171,61,327,22,191,14
20260131,cod,SHO,8,28,68,73,295,491,120,243,133,331,283,204,64,331,22,240,12
20260207,cod,SHO,4,10,50,50,122,149,127,240,149,356,270,196,68,356,34,250,24
20260106,cod,SHO,8,30,289,300,371,567,151,276,166,360,321,239,63,360,32,266,22
20260208,cod,SHO,2,22,163,164,25,63,154,270,172,361,275,221,74,361,34,310,23
20260201,cod,SHO,0,1,380,405,1,1,157,300,173,398,313,231,89,398,41,351,23
20260126,cod,SHO,0,4,534,557,2,4,148,254,191,416,270,181,76,416,73,240,17
20260107,cod,SHO,6,26,290,302,264,384,177,323,192,421,345,259,77,421,20,314,16
20260123,cod,SHO,13,20,295,302,296,501,149,276,185,433,301,218,80,433,41,283,15
20260128,cod,SHO,5,29,320,331,201,328,156,267,188,451,251,207,95,451,22,199,9
20260204,cod,SHO,7,2,52,73,238,382,179,313,209,460,290,242,70,460,38,342,25
20260115,cod,SHO,10,23,445,469,208,347,162,311,186,461,346,257,97,461,44,330,27
20260116,cod,SHO,9,36,320,330,374,605,161,311,195,474,314,219,106,474,36,335,18
20260203,cod,SHO,3,3,210,253,153,232,190,328,221,483,331,261,93,483,32,322,18
20260124,cod,SHO,6,81,174,181,240,382,162,324,196,484,309,241,100,484,62,356,30
20260109,cod,SHO,9,17,335,354,325,499,196,313,230,485,344,250,98,485,40,365,30
20260111,cod,SHO,7,0,450,467,188,329,197,348,239,499,407,309,95,499,49,400,22
20260117,cod,SHO,7,25,153,166,128,205,184,334,211,502,333,245,98,502,44,343,27
20260114,cod,SHO,10,3,375,399,260,434,191,356,222,507,373,287,103,507,52,370,32
20260121,cod,SHO,11,7,423,447,255,415,159,308,208,511,302,233,111,511,27,293,19
20260112,cod,SHO,2,29,537,562,100,157,185,340,232,516,310,248,113,516,30,363,17
20260127,cod,SHO,5,7,273,287,105,205,183,363,220,520,349,283,115,520,56,322,27
20260110,cod,SHO,7,16,33,35,292,479,203,377,232,522,344,293,123,522,25,401,14
20260122,cod,SHO,5,2,180,182,133,221,213,368,243,539,371,301,110,539,38,369,28
20260118,cod,SHO,9,2,549,570,268,416,221,382,251,543,417,305,111,543,56,405,29
20260202,cod,SHO,9,32,452,470,100,177,229,402,260,553,418,334,92,553,48,419,29
20260119,cod,SHO,2,29,304,313,132,194,184,363,221,556,361,270,111,556,50,367,28
20260113,cod,SHO,5,29,239,260,212,345,229,389,259,560,422,331,105,560,39,382,24
20260108,cod,SHO,2,8,526,546,104,174,261,452,282,576,449,371,118,576,22,407,13
20260120,cod,SHO,8,14,282,297,242,400,235,436,263,621,440,352,127,621,55,483,30
20260111,cod,SNI,0,53,115,115,78,87,42,65,48,79,71,58,7,79,9,71,4
20260104,cod,SNI,1,60,108,108,78,98,46,78,50,94,90,69,18,94,8,78,2
20260120,cod,SNI,1,43,90,91,83,105,52,65,63,97,61,51,13,97,6,70,2
20260110,cod,SNI,1,52,86,87,65,89,52,77,57,98,76,65,14,98,7,89,4
20260113,cod,SNI,0,34,69,70,71,96,57,82,60,98,86,68,12,98,9,81,5
20260112,cod,SNI,0,38,100,101,80,100,62,79,69,99,80,66,10,99,4,72,1
20260121,cod,SNI,2,54,112,112,70,101,54,76,59,99,84,68,13,99,6,73,3
20260124,cod,SNI,1,60,99,99,103,129,48,72,54,99,80,61,12,99,4,67,2
20260118,cod,SNI,1,49,78,79,61,79,45,62,53,102,59,46,15,102,11,75,5
20260103,cod,SNI,1,54,92,92,66,87,48,72,60,105,64,54,12,105,7,67,5
20260128,cod,SNI,0,28,83,83,81,107,55,70,65,106,67,55,13,106,4,71,4
20260114,cod,SNI,0,34,56,56,56,69,62,87,68,108,89,74,13,108,8,85,4
20260115,cod,SNI,1,50,87,88,59,72,52,79,58,109,81,63,18,109,9,91,2
20260117,cod,SNI,0,41,71,73,57,71,51,79,58,110,92,73,22,110,6,94,4
20260208,cod,SNI,0,34,97,97,48,66,54,86,57,110,94,80,23,110,8,114,5
20260123,cod,SNI,1,55,124,124,88,117,55,89,61,111,90,79,16,111,4,97,2
20260109,cod,SNI,0,54,91,94,63,72,57,84,65,112,84,68,9,112,5,85,4
20260119,cod,SNI,1,46,108,109,56,75,54,75,62,113,78,66,18,113,4,69,2
20260129,cod,SNI,2,56,110,110,91,111,69,85,76,115,99,72,10,115,6,92,6
20260118,prepaid,SNI,0,61,150,181,127,128,96,116,99,120,155,94,6,120,8,104,3
20260105,cod,SNI,0,46,89,90,70,94,58,91,70,122,95,73,20,122,8,93,2
20260107,cod,SNI,1,46,68,68,59,82,70,98,77,125,117,91,10,125,10,105,6
20260122,cod,SNI,2,40,77,78,59,73,78,103,84,126,104,87,13,126,7,93,4
20260204,cod,SNI,0,59,113,113,74,95,78,98,86,126,96,81,15,126,5,89,3
20260125,cod,SNI,0,44,79,81,74,83,70,103,74,126,104,86,21,126,10,96,7
20260106,cod,SNI,0,38,74,74,58,81,65,97,74,127,90,80,12,127,8,92,3
20260201,cod,SNI,0,46,93,93,80,96,65,93,74,129,115,85,20,129,6,117,2
20260108,cod,SNI,0,43,61,62,51,65,68,102,75,130,97,83,17,130,1,96,1
20260130,cod,SNI,1,64,102,102,99,118,77,106,82,131,100,88,18,131,3,127,1
20260127,cod,SNI,3,104,183,183,141,181,68,100,76,131,105,92,27,131,5,89,3
20260106,prepaid,SNI,1,109,169,175,192,207,124,132,129,139,474,121,6,139,5,131,1
20260203,cod,SNI,1,54,90,90,80,101,75,104,88,140,108,88,16,140,6,115,5
20260206,cod,SNI,1,66,114,114,96,114,73,111,83,142,106,94,23,142,4,110,2
20260205,cod,SNI,0,64,112,112,89,118,81,111,92,142,110,93,23,142,7,113,2
20260120,prepaid,SNI,1,111,203,203,223,228,109,122,115,142,192,103,7,142,9,128,5
20260207,cod,SNI,1,54,86,86,70,102,79,112,90,143,107,96,16,143,3,106,2
20260119,prepaid,SNI,1,95,212,225,179,184,122,136,126,144,188,122,9,144,9,125,3
20260116,cod,SNI,0,30,60,61,50,67,82,112,94,144,102,96,16,144,4,93,2
20260101,cod,SNI,0,47,92,95,72,91,63,100,69,145,109,87,32,145,14,127,7
20260101,prepaid,SNI,0,62,141,160,131,134,126,137,135,146,387,120,6,146,16,157,5
20260131,cod,SNI,0,60,110,110,79,98,83,120,94,149,108,100,21,149,8,130,7
20260110,prepaid,SNI,2,98,153,162,144,164,125,145,129,151,392,136,9,151,35,180,30
20260115,prepaid,SNI,0,94,156,183,110,114,110,138,122,153,205,125,15,153,26,166,22
20260102,cod,SNI,1,58,91,92,68,103,71,102,90,153,106,86,21,153,9,105,4
20260128,prepaid,SNI,3,57,161,161,242,253,125,133,140,155,170,107,6,155,3,148,1
20260124,prepaid,SNI,2,86,150,153,232,239,128,134,146,157,164,115,3,157,11,153,9
20260117,prepaid,SNI,0,55,122,141,100,105,102,136,111,158,153,97,4,158,3,117,2
20260105,prepaid,SNI,1,80,178,186,155,165,137,147,146,160,476,133,6,160,5,158,4
20260111,prepaid,SNI,0,93,195,220,137,148,133,148,141,161,359,130,6,161,18,164,12
20260116,prepaid,SNI,0,80,130,163,139,142,132,147,143,162,207,135,7,162,15,135,4
20260104,prepaid,SNI,2,105,191,198,177,184,142,154,151,164,408,145,6,164,6,162,2
20260114,prepaid,SNI,0,53,73,92,104,115,135,157,141,164,249,135,9,164,22,171,14
20260102,prepaid,SNI,1,67,143,152,144,146,146,155,155,170,479,132,6,170,11,170,3
20260109,prepaid,SNI,2,90,156,165,137,164,151,162,160,171,428,148,3,171,13,168,10
20260202,cod,SNI,1,75,122,122,94,122,93,136,105,173,129,110,17,173,8,126,3
20260103,prepaid,SNI,0,81,160,171,153,157,150,163,160,177,499,147,9,177,4,133,3
20260129,prepaid,SNI,1,114,184,184,213,218,163,171,167,181,234,157,4,181,6,161,5
20260121,prepaid,SNI,2,95,221,221,183,187,153,168,162,182,228,135,6,182,6,138,2
20260113,prepaid,SNI,0,52,114,119,110,128,146,168,155,183,307,142,3,183,19,174,15
20260125,prepaid,SNI,2,114,197,197,173,178,161,179,168,187,224,165,9,187,17,171,7
20260203,prepaid,SNI,3,124,199,199,232,237,166,176,175,190,243,162,6,190,5,175,2
20260108,prepaid,SNI,4,119,193,195,180,213,170,184,175,190,512,164,8,190,4,184,1
20260122,prepaid,SNI,0,60,138,138,125,126,175,185,180,193,246,168,7,193,7,185,3
20260208,prepaid,SNI,1,93,225,229,170,174,174,193,178,199,223,162,8,199,10,210,5
20260107,prepaid,SNI,1,80,174,180,127,141,184,192,192,202,522,177,4,202,5,182,2
20260112,prepaid,SNI,1,68,144,145,160,170,169,193,177,204,432,167,11,204,29,187,13
20260202,prepaid,SNI,1,112,225,225,238,242,179,189,188,204,225,159,6,204,4,199,3
20260205,prepaid,SNI,3,118,201,201,233,239,193,199,202,210,279,179,2,210,10,219,4
20260207,prepaid,SNI,3,147,228,228,232,238,195,202,202,211,272,181,5,211,11,223,8
20260204,prepaid,SNI,2,109,230,230,179,183,193,200,202,214,243,174,4,214,8,189,3
20260201,prepaid,SNI,0,106,236,236,199,200,185,198,201,217,244,178,9,217,8,203,3
20260131,prepaid,SNI,1,97,191,192,162,163,187,207,199,222,238,173,10,222,11,265,9
20260123,prepaid,SNI,1,71,224,226,201,209,199,218,204,229,264,194,13,229,10,218,5
20260206,prepaid,SNI,1,89,180,180,169,172,219,227,226,235,281,200,1,235,11,208,8
20260130,prepaid,SNI,0,92,158,158,160,162,212,224,220,237,287,203,9,237,11,251,8
20260127,prepaid,SNI,2,163,359,360,302,307,198,216,213,240,265,189,13,240,5,162,2
20260203,prepaid,SRS,61,3809,7233,7603,7397,7661,4040,4351,4337,4922,6857,3700,262,4922,336,4559,190
20260128,prepaid,SRS,63,2249,4771,4969,6701,6891,4066,4393,4412,4997,6369,3597,260,4997,349,4435,166
20260129,prepaid,SRS,44,2231,4383,4544,4955,5099,4158,4473,4477,5016,6500,3765,230,5016,317,4350,167
20260204,prepaid,SRS,50,4059,6897,7107,7288,7484,4240,4528,4538,5058,7097,3924,225,5058,402,4494,204
20260130,prepaid,SRS,41,2173,4242,4431,4381,4506,4354,4689,4631,5187,6972,4091,222,5187,304,4943,166
20260205,prepaid,SRS,52,3712,6593,6904,6441,6620,4526,4866,4761,5308,7645,4249,255,5308,369,4773,165
20260131,prepaid,SRS,29,1604,2692,2832,3527,3626,4670,5013,4918,5505,7461,4366,248,5505,408,5189,235
20260201,prepaid,SRS,8,571,1826,1891,1041,1063,4760,5199,4961,5638,7434,4520,337,5638,503,5613,277
20260202,prepaid,SRS,64,4645,8829,9111,6324,6522,4692,5079,5088,5736,7264,4151,291,5736,330,5099,198
20260127,prepaid,SRS,79,3917,8512,8930,7912,8194,4624,5023,5064,5739,6596,3948,304,5739,350,4797,185
20260115,prepaid,SRS,44,2409,5442,5637,5174,5356,4941,5385,5223,5951,7636,4423,311,5951,541,5337,235
20260123,prepaid,SRS,37,2516,4924,5133,4942,5103,4972,5409,5252,5980,8013,4683,316,5980,601,5856,260
20260126,prepaid,SRS,17,799,3806,3962,1548,1600,4865,5328,5305,6070,7093,4420,366,6070,469,5122,239
20260125,prepaid,SRS,24,1453,2863,2963,2554,2630,5056,5606,5296,6094,7537,4846,388,6094,550,5828,299
20260118,prepaid,SRS,22,868,2970,3071,1864,1922,5014,5533,5333,6120,7810,4614,388,6120,575,6204,277
20260121,prepaid,SRS,51,2869,5356,5600,5638,5815,5135,5538,5527,6263,8302,4693,330,6263,394,5718,217
20260122,prepaid,SRS,45,3102,5951,6188,5737,5881,5215,5637,5538,6263,8475,4869,335,6263,443,5389,232
20260120,prepaid,SRS,67,3526,6444,6672,7067,7295,5183,5582,5562,6264,8437,4676,306,6264,460,5695,228
20260101,prepaid,SRS,24,2088,4988,5170,4592,4703,5081,5683,5361,6278,8212,4998,443,6278,831,6610,362
20260114,prepaid,SRS,43,2257,5103,5273,4881,5033,5313,5748,5678,6432,8172,4795,321,6432,554,6072,279
20260119,prepaid,SRS,72,3646,7367,7694,6661,6847,5307,5757,5720,6447,8101,4701,287,6447,461,5570,232
20260206,prepaid,SRS,49,2962,6428,6968,5686,5823,5634,6011,5883,6465,8544,5275,247,6465,427,6001,218
20260207,prepaid,SRS,53,2872,5337,5557,6053,6223,5547,5999,5813,6488,8490,5236,310,6488,455,6278,263
20260208,prepaid,SRS,23,1025,3578,3743,2492,2573,5467,6062,5724,6549,8349,5272,389,6549,611,6316,291
20260124,prepaid,SRS,39,2696,4937,5138,5022,5174,5654,6049,6103,6749,8040,5075,314,6749,488,5995,265
20260117,prepaid,SRS,55,2873,5053,5236,5935,6138,5585,6096,5983,6819,8646,5090,411,6819,486,6071,271
20260116,prepaid,SRS,64,3036,6339,6540,6294,6472,5554,6072,5955,6819,8462,4961,387,6819,534,6096,263
20260106,prepaid,SRS,49,3422,8432,8940,8374,9180,5755,6214,6166,6948,8966,5235,340,6948,470,6488,216
20260113,prepaid,SRS,72,3582,6827,7034,7572,7800,5822,6274,6246,7046,8742,5308,358,7046,504,6504,258
20260108,prepaid,SRS,46,2871,6588,6782,6381,6554,6071,6506,6459,7196,9338,5634,310,7196,444,6415,202
20260107,prepaid,SRS,46,3320,6955,7181,8012,8247,6227,6715,6624,7415,9541,5776,348,7415,466,6856,238
20260104,prepaid,SRS,15,1154,4328,4549,2870,3117,6290,6964,6654,7660,9597,6031,516,7660,679,7244,318
20260105,prepaid,SRS,63,4669,10489,10906,8729,9172,6202,6703,6812,7708,8940,5388,412,7708,497,6557,235
20260109,prepaid,SRS,55,3772,7062,7234,7616,7822,6638,7089,6982,7757,9660,6150,315,7757,539,7169,257
20260111,prepaid,SRS,14,897,3442,3603,1956,2027,6620,7277,6919,7900,9819,6371,483,7900,755,8386,341
20260110,prepaid,SRS,60,3199,5445,5644,6480,6676,6773,7361,7125,8035,9842,6444,400,8035,554,7471,286
20260103,prepaid,SRS,37,3211,6605,6928,6929,7206,6666,7285,7152,8117,10286,6139,463,8117,628,7098,322
20260102,prepaid,SRS,45,3874,8081,8411,7265,7572,6804,7408,7279,8238,10060,6158,440,8238,675,7119,298
20260112,prepaid,SRS,70,3888,8315,8589,7218,7479,6975,7536,7581,8520,9626,6235,418,8520,540,7551,276
20260204,cod,SRS,254,8079,14093,15310,7456,14646,4189,8518,4842,13113,8585,6606,2270,13113,965,8641,595
20260115,cod,SRS,209,6208,9651,10239,4539,9937,3857,8083,4560,13138,8882,6034,2578,13138,1051,7911,612
20260205,cod,SRS,193,6888,10301,10747,6046,11164,4392,8580,5065,13293,8981,6789,2191,13293,901,8590,566
20260203,cod,SRS,248,7457,13357,15571,6778,12197,3938,8484,4696,13635,8670,6553,2386,13635,1003,9015,598
20260122,cod,SRS,188,6820,11138,11449,5605,10994,4110,8716,4812,13938,9235,6764,2764,13938,1224,9220,839
20260118,cod,SRS,120,1310,3807,3919,1565,3209,3769,9058,4348,14013,9798,6834,2824,14013,1431,10617,872
20260123,cod,SRS,168,7112,13123,13597,5482,11272,4118,9492,4772,14242,10869,7710,2835,14242,1738,10521,977
20260114,cod,SRS,188,5996,10101,10671,4482,9249,4337,8855,5079,14254,9297,6687,2666,14254,1103,9466,680
20260201,cod,SRS,32,713,2486,2572,1150,1973,4260,9542,4825,14303,10379,7538,2705,14303,1316,10808,809
20260121,cod,SRS,211,7998,11810,12283,5841,11450,4280,9174,5094,14768,9569,7098,2763,14768,1152,10100,735
20260117,cod,SRS,193,6716,9519,9763,5203,10243,4325,9793,5070,15016,10392,7507,2831,15016,1110,9309,744
20260206,cod,SRS,233,6787,12118,13092,5635,12076,5309,10947,5983,15128,11645,9014,2420,15128,1048,10886,654
20260120,cod,SRS,273,9087,12953,14342,6459,13320,4228,9579,5032,15218,9758,7357,2803,15218,1128,10225,668
20260119,cod,SRS,306,9436,13496,14056,6533,13320,4485,10156,5286,15239,10160,7557,2705,15239,1142,10256,669
20260130,cod,SRS,124,5672,8738,9189,4760,8641,4530,9650,5284,15299,9723,7465,2574,15299,973,10405,605
20260129,cod,SRS,201,6063,9013,9345,5459,10137,4227,9490,4995,15456,9573,7241,2666,15456,990,9247,652
20260208,cod,SRS,73,1620,4808,5068,2108,3586,4811,10992,5451,15484,12245,8925,2955,15484,1603,12271,991
20260131,cod,SRS,147,4764,7176,7398,4373,8303,4774,10345,5462,15558,10889,8288,2629,15558,1088,10765,743
20260116,cod,SRS,168,6260,10121,10643,5348,10291,4471,10032,5207,15559,10666,7692,2985,15559,1317,10427,826
20260202,cod,SRS,234,11396,17794,18740,7609,14458,4716,9831,5675,15630,9513,7298,2697,15630,1147,10159,742
20260207,cod,SRS,222,6573,9941,10348,5777,11317,5338,11126,6084,15747,11728,8899,2617,15747,1198,11697,831
20260128,cod,SRS,211,6345,9649,10013,6467,12202,4129,9729,4992,15920,9571,7238,2845,15920,1104,9701,733
20260113,cod,SRS,199,6979,10562,11844,5820,11182,4978,9759,5941,16028,10236,7500,2936,16028,1243,10292,800
20260125,cod,SRS,103,4254,6183,6321,3113,7026,4564,10745,5260,16143,11433,8400,3227,16143,1519,11406,996
20260101,cod,SRS,142,5646,9293,10064,4239,8999,4287,10367,4991,16320,12469,8223,3412,16320,1908,12602,1076
20260126,cod,SRS,84,2271,7758,8010,2140,5057,4424,10136,5329,16353,10806,7758,3341,16353,1373,10282,883
20260124,cod,SRS,186,7256,10224,10598,5510,10718,4874,11303,5610,16544,11704,8715,3119,16544,1558,11508,1022
20260111,cod,SRS,71,1295,4656,5161,1747,3084,5101,11134,5793,16591,12919,8782,3263,16591,1747,13848,1069
20260108,cod,SRS,220,6729,10617,11247,5757,10676,5170,11058,6002,17041,12435,8650,3182,17041,1071,12414,645
20260106,cod,SRS,313,9459,13622,14673,6961,14752,4726,10777,5714,17152,12745,8159,3145,17152,1124,12776,690
20260127,cod,SRS,240,8582,14548,16062,8038,15268,4392,10560,5449,17276,10476,7752,3283,17276,1133,9914,722
20260109,cod,SRS,185,6991,10308,10730,6289,10975,5558,11717,6383,17364,13418,9304,3188,17364,1321,13803,855
20260110,cod,SRS,150,6233,8839,9096,5572,9510,5673,11768,6529,17455,13547,9406,3115,17455,1469,13739,1048
20260107,cod,SRS,209,8541,12898,13470,7049,12940,5376,11931,6197,17812,13879,9463,3273,17812,1246,13583,797
20260112,cod,SRS,263,9786,13987,15136,6856,14029,5697,11535,6789,18085,11620,8717,3410,18085,1475,12062,965
20260104,cod,SRS,55,3646,7235,7384,2238,6168,5423,12426,6214,19297,13479,9654,3781,19297,1778,13584,1091
20260102,cod,SRS,213,8594,14659,16177,6436,14341,6027,13599,7021,20672,14358,10078,3889,20672,1859,13712,1068
20260105,cod,SRS,267,13086,18428,19633,8713,18225,5537,12510,6814,20805,12416,9143,4041,20805,1269,12580,695
20260103,cod,SRS,233,10532,14128,14902,7124,16420,5863,13758,6933,21155,14322,10356,3974,21155,1767,13573,1180
20260128,prepaid,SSR,2,477,836,848,551,569,353,372,381,427,346,302,23,427,25,420,14
20260129,prepaid,SSR,9,483,639,695,812,844,404,430,433,477,442,380,19,477,20,363,15
20260130,prepaid,SSR,5,524,634,647,641,652,428,449,448,488,445,391,13,488,20,410,13
20260127,prepaid,SSR,4,597,692,709,651,671,402,428,450,501,398,343,25,501,12,400,9
20260125,prepaid,SSR,2,272,350,351,317,324,417,459,448,522,474,386,34,522,41,486,21
20260201,prepaid,SSR,4,509,605,608,567,585,433,478,458,522,533,420,29,522,62,528,19
20260126,prepaid,SSR,1,126,189,192,207,211,423,467,458,530,461,385,40,530,30,440,14
20260115,prepaid,SSR,2,279,412,413,462,476,452,498,489,580,531,390,31,580,52,550,23
20260131,prepaid,SSR,4,547,634,648,669,686,500,546,522,584,557,493,27,584,45,593,28
20260119,prepaid,SSR,12,837,957,971,968,995,495,528,552,633,572,438,34,633,37,555,20
20260101,prepaid,SSR,2,395,542,542,427,440,471,520,531,638,540,418,42,638,58,647,24
20260206,prepaid,SSR,4,661,1035,1047,763,783,571,612,608,669,617,518,27,669,35,600,21
20260118,prepaid,SSR,5,507,587,602,594,605,549,605,572,673,603,507,38,673,52,634,28
20260117,prepaid,SSR,5,513,681,684,749,773,525,576,574,679,573,457,41,679,42,548,26
20260208,prepaid,SSR,8,448,628,649,608,635,619,680,640,716,720,596,42,716,67,810,39
20260102,prepaid,SSR,8,365,622,624,722,745,557,615,619,728,622,500,54,728,65,587,32
20260116,prepaid,SSR,5,1215,1469,1509,1250,1305,570,642,610,729,646,520,48,729,79,677,36
20260207,prepaid,SSR,6,604,812,875,931,958,638,683,670,736,704,596,20,736,45,674,25
20260104,prepaid,SSR,2,162,290,291,226,231,569,632,626,739,641,528,53,739,43,687,19
20260106,prepaid,SSR,8,564,718,726,1001,1093,596,652,641,748,647,536,43,748,36,646,23
20260205,prepaid,SSR,5,543,654,673,650,672,671,713,698,762,718,614,28,762,35,708,24
20260203,prepaid,SSR,8,666,825,848,833,854,679,721,709,770,737,631,21,770,43,738,27
20260105,prepaid,SSR,11,997,2955,3169,1305,1380,596,643,666,770,657,542,50,770,52,645,25
20260124,prepaid,SSR,5,313,371,374,402,417,649,690,699,780,653,569,38,780,60,717,40
20260204,prepaid,SSR,4,502,619,630,659,675,693,732,735,790,746,637,27,790,35,781,17
20260113,prepaid,SSR,6,287,539,542,479,501,643,705,703,806,709,592,53,806,41,681,22
20260202,prepaid,SSR,12,753,977,987,829,853,727,769,761,827,766,663,31,827,43,662,23
20260123,prepaid,SSR,4,327,453,480,411,421,711,754,748,838,776,650,42,838,55,759,28
20260122,prepaid,SSR,9,362,438,449,482,498,680,721,752,867,721,614,49,867,45,682,27
20260114,prepaid,SSR,3,214,338,375,478,491,715,786,767,880,803,686,38,880,64,749,40
20260121,prepaid,SSR,4,446,585,587,535,542,704,784,779,939,803,684,61,939,80,786,41
20260112,prepaid,SSR,7,671,885,1214,1098,1170,734,797,828,942,741,624,52,942,52,789,28
20260103,prepaid,SSR,3,423,611,618,847,870,765,853,816,954,843,731,55,954,64,771,29
20260110,prepaid,SSR,6,367,431,434,762,793,795,855,851,964,891,741,46,964,60,882,44
20260109,prepaid,SSR,4,596,971,975,699,723,847,916,903,1035,862,725,44,1035,84,985,51
20260107,prepaid,SSR,22,490,706,714,1617,1671,864,960,918,1047,1037,849,41,1047,65,834,38
20260111,prepaid,SSR,2,159,546,550,171,177,941,1047,974,1121,1145,936,64,1121,152,1213,83
20260108,prepaid,SSR,6,245,478,847,740,754,962,1061,1028,1177,1122,901,57,1177,96,1162,40
20260120,prepaid,SSR,11,522,591,654,608,630,1188,1349,1225,1436,1362,1223,78,1436,99,1411,56
20260101,cod,SSR,35,1514,1653,1667,806,1585,784,1882,940,3276,2497,1437,618,3276,396,2341,229
20260104,cod,SSR,33,1213,1355,1362,571,1282,1123,2557,1301,4008,2879,1962,835,4008,370,2875,231
20260102,cod,SSR,63,3015,3382,3420,1540,3288,1126,2610,1298,4116,2781,1918,776,4116,358,2467,206
20260110,cod,SSR,105,4153,4350,4681,1897,4335,1178,2595,1349,4138,2826,2045,816,4138,389,2683,263
20260109,cod,SSR,112,3393,3557,3591,1620,3588,1103,2493,1315,4150,2534,1886,756,4150,326,2879,221
20260111,cod,SSR,40,1571,1689,1709,790,1642,1117,2642,1303,4171,3027,2113,847,4171,442,2951,249
20260106,cod,SSR,65,2737,2978,3016,1478,2899,1055,2562,1283,4207,2716,1864,823,4207,307,2661,196
20260108,cod,SSR,44,2461,2740,2830,1369,2745,1166,2734,1359,4338,2916,2100,844,4338,339,2823,250
20260107,cod,SSR,61,2687,2845,2887,1559,2996,1186,2666,1394,4369,2887,2050,830,4369,321,2440,208
20260105,cod,SSR,49,2750,3055,3183,1580,3032,1151,2611,1457,4428,2738,1907,894,4428,346,2669,218
20260103,cod,SSR,78,3555,3765,3800,1951,4009,1289,2933,1494,4499,3233,2327,803,4499,397,2804,251
20260112,cod,SSR,159,5551,5747,5830,2586,5840,1316,3132,1578,4878,3243,2366,929,4878,401,3154,272
20260114,cod,SSR,77,2709,2814,2867,1357,3062,1338,3327,1573,5059,3704,2578,976,5059,544,3428,396
20260113,cod,SSR,101,3255,3632,3690,1554,3451,1368,3239,1609,5092,3583,2572,962,5092,545,3555,344
20260122,cod,SSR,108,4201,5039,5066,1777,4529,1151,3064,1398,5093,3251,2312,1051,5093,472,3180,296
20260120,cod,SSR,97,3451,3756,3887,1535,3586,1128,2866,1384,5142,2923,2089,1078,5142,465,3183,310
20260121,cod,SSR,109,4396,4638,4663,1915,4667,1153,2988,1416,5143,3137,2262,1082,5143,486,3347,323
20260118,cod,SSR,26,1037,1136,1145,509,1253,1133,2946,1381,5208,3207,2139,1120,5208,526,3398,338
20260115,cod,SSR,78,2892,3076,3101,1408,3067,1320,3238,1556,5256,3617,2468,1089,5256,534,3372,345
20260123,cod,SSR,96,3726,4247,4365,1720,4376,1315,3454,1529,5392,3948,2756,1097,5392,671,3870,417
20260119,cod,SSR,138,5837,6015,6251,2568,6101,1260,3174,1576,5680,3124,2261,1207,5680,378,3152,256
20260117,cod,SSR,80,3110,3468,3538,1473,3274,1459,3616,1746,5954,3696,2648,1200,5954,495,3834,360
20260116,cod,SSR,61,2757,2890,2909,1309,2891,1483,3805,1765,6076,4034,2829,1315,6076,510,3882,362
20260124,cod,SSR,93,3763,3871,3904,1635,4509,1491,4147,1746,6430,4437,3228,1280,6430,641,4185,468
20260208,cod,SSR,12,716,789,798,443,771,1328,4037,1520,6449,4400,3099,1350,6449,707,4732,479
20260125,cod,SSR,70,3001,3663,3723,1056,3074,1414,4157,1666,6493,4708,3299,1407,6493,678,4344,466
20260129,cod,SSR,133,4974,5146,5185,1928,5271,1319,3822,1649,6829,3882,2810,1387,6829,479,3730,321
20260128,cod,SSR,134,5381,5658,5732,2179,5641,1289,3871,1599,7085,3847,2825,1447,7085,627,4289,357
20260126,cod,SSR,12,885,2313,2324,565,958,1418,4137,1773,7111,4567,3082,1596,7111,702,4390,474
20260206,cod,SSR,92,3042,3189,3212,1422,3303,1497,4417,1778,7265,4802,3463,1478,7265,540,4451,368
20260205,cod,SSR,110,3829,4092,4135,1537,3984,1421,4082,1692,7415,4171,3008,1573,7415,492,4128,345
20260130,cod,SSR,113,4484,4644,4680,1786,4652,1465,4528,1721,7433,4970,3594,1534,7433,605,4567,401
20260207,cod,SSR,86,2791,2920,3096,1296,2919,1478,4443,1760,7467,4656,3328,1499,7467,693,4861,538
20260204,cod,SSR,107,4082,4253,4278,1704,4451,1399,4143,1731,7498,4137,2974,1577,7498,563,4264,404
20260127,cod,SSR,297,9682,9955,10490,4152,11694,1465,4388,1854,7634,4309,3113,1594,7634,537,4242,378
20260203,cod,SSR,128,4606,4949,5188,2091,5171,1493,4486,1876,8436,4641,3320,1741,8436,631,4788,407
20260201,cod,SSR,39,1470,1560,1582,604,1510,1658,5543,1940,8607,6234,4336,1859,8607,1116,6246,662
20260131,cod,SSR,104,4081,4288,4309,1669,4252,1816,5603,2116,8623,6264,4469,1722,8623,836,5644,619
20260202,cod,SSR,184,6579,7123,7179,2579,6820,1779,5526,2207,9358,5301,3959,1884,9358,742,5895,513
20260130,prepaid,TEE,13,672,1343,1343,1385,1408,714,765,756,846,800,660,35,846,48,788,28
20260129,prepaid,TEE,4,450,1161,1161,834,849,747,801,799,888,807,706,33,888,33,835,14
20260128,prepaid,TEE,11,460,887,887,787,807,743,789,806,896,740,667,39,896,41,742,23
20260131,prepaid,TEE,9,669,1157,1160,1316,1348,794,857,840,939,844,726,50,939,50,907,27
20260130,cod,TEE,23,832,1582,1582,1348,1765,492,705,567,1056,708,556,160,1056,43,722,27
20260127,prepaid,TEE,7,362,710,710,794,808,875,930,967,1065,885,757,40,1065,48,521,26
20260129,cod,TEE,8,483,1386,1386,805,1029,486,727,568,1072,730,581,157,1072,45,749,33
20260126,prepaid,TEE,5,303,756,756,726,745,883,971,943,1083,966,809,75,1083,78,886,34
20260123,prepaid,TEE,3,322,765,769,995,1013,923,996,991,1103,998,853,52,1103,103,1570,44
20260128,cod,TEE,6,411,988,988,552,706,483,712,575,1108,670,554,191,1108,57,756,32
20260118,prepaid,TEE,3,548,1225,1225,1045,1062,953,1032,993,1113,1100,868,68,1113,83,1270,34
20260101,prepaid,TEE,2,806,1748,1752,869,886,952,1049,1001,1146,1110,924,69,1146,133,1209,42
20260125,prepaid,TEE,6,347,788,788,779,795,959,1064,1014,1154,1102,923,66,1154,119,1109,45
20260131,cod,TEE,23,749,1193,1194,1166,1500,631,902,709,1159,941,758,156,1159,76,949,38
20260204,prepaid,TEE,14,530,673,673,1373,1406,994,1066,1056,1176,1098,924,48,1176,95,1241,33
20260201,prepaid,TEE,5,449,1464,1464,916,932,1016,1096,1069,1191,1217,992,63,1191,110,1260,51
20260114,prepaid,TEE,1,930,1421,1421,1225,1239,1042,1108,1104,1220,1185,947,53,1220,41,1205,24
20260117,prepaid,TEE,2,635,1248,1251,1100,1114,1050,1115,1125,1231,1078,903,51,1231,51,1181,27
20260103,prepaid,TEE,8,895,1398,1398,1566,1591,1037,1111,1112,1240,1093,943,62,1240,92,1144,47
20260121,prepaid,TEE,4,436,1116,1117,874,885,1076,1160,1133,1251,1192,1023,70,1251,61,1227,26
20260124,prepaid,TEE,1,544,991,991,975,990,1110,1177,1180,1275,1196,1036,45,1275,135,1202,43
20260115,prepaid,TEE,0,444,1167,1172,894,899,1113,1190,1163,1287,1282,997,49,1287,66,1293,35
20260203,prepaid,TEE,4,385,1258,1258,1421,1445,1107,1189,1159,1293,1127,1008,58,1293,65,1213,31
20260120,prepaid,TEE,9,537,1117,1117,1221,1240,1153,1218,1211,1311,1138,1023,46,1311,60,1204,30
20260122,prepaid,TEE,6,532,1172,1172,1283,1299,1129,1205,1201,1312,1181,1041,65,1312,116,1349,35
20260112,prepaid,TEE,3,920,1417,1428,1220,1235,1133,1212,1223,1339,1184,964,56,1339,58,1202,25
20260111,prepaid,TEE,5,865,1257,1257,1299,1323,1145,1242,1199,1340,1332,1102,71,1340,50,722,17
20260108,prepaid,TEE,2,967,1224,1228,1446,1462,1207,1256,1269,1354,1298,1119,44,1354,138,1299,40
20260119,prepaid,TEE,4,669,1187,1190,1228,1246,1164,1230,1245,1355,1207,1018,55,1355,50,1066,28
20260114,cod,TEE,12,1005,1467,1467,1001,1309,675,996,759,1368,1107,820,207,1368,67,1165,37
20260110,prepaid,TEE,2,910,1376,1390,1173,1189,1205,1283,1260,1382,1329,1150,59,1382,69,1072,36
20260205,prepaid,TEE,16,1116,2146,2146,1366,1402,1191,1270,1260,1386,1245,1087,52,1386,98,1201,27
20260107,prepaid,TEE,1,909,1413,1417,1263,1280,1231,1295,1287,1392,1295,1152,50,1392,98,1393,27
20260123,cod,TEE,5,316,720,720,731,963,628,961,740,1393,1006,799,235,1393,120,1485,60
20260109,prepaid,TEE,4,947,1221,1240,1179,1205,1258,1341,1305,1409,1304,1171,55,1409,129,1368,52
20260101,cod,TEE,5,618,1534,1536,486,639,715,1086,803,1417,1182,915,231,1417,135,1225,59
20260102,prepaid,TEE,4,960,1647,1648,1877,1902,1189,1284,1272,1418,1264,1089,68,1418,117,1202,30
20260127,cod,TEE,5,286,580,580,537,687,619,919,757,1418,801,673,215,1418,42,535,23
20260118,cod,TEE,4,544,1157,1157,788,1042,631,995,740,1422,1099,785,240,1422,96,1289,54
20260103,cod,TEE,11,782,1282,1283,1018,1317,682,991,814,1423,932,766,209,1423,86,1097,46
20260204,cod,TEE,15,510,693,693,1038,1381,723,1032,849,1442,1077,830,198,1442,110,1281,45
20260202,prepaid,TEE,4,497,1419,1419,1216,1235,1277,1349,1349,1461,1353,1148,48,1461,86,1168,46
20260207,prepaid,TEE,6,758,1294,1294,1492,1516,1271,1364,1329,1469,1424,1209,67,1469,104,1438,58
20260126,cod,TEE,8,305,711,711,556,727,652,1010,762,1482,1080,827,268,1482,83,973,42
20260116,prepaid,TEE,7,595,1041,1042,1300,1325,1297,1377,1370,1491,1275,1078,55,1491,57,1200,29
20260201,cod,TEE,13,511,1565,1565,727,952,805,1212,874,1496,1379,1048,229,1496,129,1265,77
20260110,cod,TEE,7,936,1419,1424,936,1186,792,1154,887,1513,1226,977,220,1513,102,1084,53
20260124,cod,TEE,15,678,1074,1074,788,1089,716,1107,827,1515,1109,894,228,1515,139,1209,58
20260125,cod,TEE,5,275,697,697,521,675,708,1113,797,1518,1130,919,265,1518,125,1123,55
20260115,cod,TEE,3,494,1158,1180,727,958,771,1166,868,1533,1267,900,228,1533,90,1091,56
20260208,prepaid,TEE,4,664,1223,1223,1133,1148,1315,1437,1376,1549,1543,1274,94,1549,203,1621,52
20260113,prepaid,TEE,1,823,1126,1126,1384,1398,1351,1449,1418,1560,1408,1228,58,1560,43,1218,22
20260108,cod,TEE,3,982,1213,1220,1066,1419,829,1197,932,1566,1190,994,217,1566,133,1289,47
20260206,prepaid,TEE,9,827,1436,1436,1684,1707,1384,1466,1449,1569,1474,1303,56,1569,110,1363,47
20260106,prepaid,TEE,3,857,1223,1223,1386,1401,1351,1417,1458,1572,1378,1237,51,1572,99,1413,36
20260107,cod,TEE,3,805,1253,1255,895,1166,818,1183,929,1576,1198,981,201,1576,112,1201,50
20260109,cod,TEE,2,946,1189,1208,929,1172,873,1210,981,1587,1218,1024,188,1587,137,1235,54
20260120,cod,TEE,7,478,1113,1113,806,1059,797,1182,924,1606,1193,960,210,1606,74,1166,43
20260121,cod,TEE,8,396,1066,1066,698,919,808,1194,918,1615,1202,953,216,1615,98,1283,55
20260117,cod,TEE,6,676,1244,1244,921,1196,777,1178,896,1624,1119,885,248,1624,64,1197,37
20260122,cod,TEE,8,589,1184,1184,981,1325,847,1204,941,1629,1118,952,228,1629,111,1287,50
20260104,cod,TEE,7,694,1191,1192,927,1190,861,1285,936,1630,1378,1101,280,1630,134,1166,44
20260205,cod,TEE,10,1116,2085,2085,1092,1413,871,1246,975,1633,1235,1001,213,1633,118,1222,49
20260104,prepaid,TEE,3,822,1357,1360,1304,1324,1419,1555,1479,1656,1644,1418,101,1656,153,1498,48
20260111,cod,TEE,5,714,1139,1143,934,1196,854,1294,946,1659,1407,1088,263,1659,76,794,35
20260112,cod,TEE,3,884,1322,1335,961,1259,792,1166,935,1662,1103,859,237,1662,86,1112,51
20260206,cod,TEE,19,908,1489,1489,1354,1806,904,1333,990,1672,1406,1122,254,1672,139,1324,58
20260203,cod,TEE,12,385,1268,1268,1047,1344,870,1278,1017,1685,1124,964,219,1685,105,1337,57
20260106,cod,TEE,8,816,1169,1170,1045,1334,895,1258,1047,1714,1224,1027,217,1714,103,1286,44
20260119,cod,TEE,9,739,1209,1209,1005,1302,854,1255,991,1720,1186,975,228,1720,78,1141,49
20260116,cod,TEE,4,622,1119,1119,910,1258,934,1350,1044,1766,1294,1003,247,1766,84,1170,53
20260102,cod,TEE,9,846,1377,1377,1375,1758,913,1319,1048,1775,1319,1046,265,1775,135,1295,70
20260113,cod,TEE,4,781,1083,1087,985,1273,990,1377,1121,1800,1338,1115,215,1800,56,1185,31
20260105,prepaid,TEE,4,757,1309,1310,1279,1294,1588,1699,1706,1886,1661,1480,85,1886,99,1643,36
20260207,cod,TEE,16,677,1185,1185,1009,1333,983,1461,1106,1897,1458,1208,265,1897,115,1382,62
20260105,cod,TEE,2,680,1198,1199,912,1174,974,1411,1141,1928,1424,1162,268,1928,114,1386,58
20260202,cod,TEE,14,491,1317,1317,984,1308,1081,1541,1228,1938,1648,1248,227,1938,101,1288,58
20260208,cod,TEE,14,637,1093,1093,841,1118,970,1510,1079,1943,1652,1305,324,1943,200,1602,84
20260205,cod,TMG,15,1830,2535,2551,2363,2660,1423,1674,1578,2151,1637,1448,203,2151,51,1725,28
20260205,prepaid,TMG,8,2949,3788,3803,3800,3876,1949,2035,2051,2232,2057,1844,75,2232,48,2240,22
20260206,cod,TMG,14,1655,2475,2489,2081,2363,1629,1949,1745,2329,2048,1768,219,2329,64,2035,31
20260121,cod,TMG,7,2003,2647,2663,2537,2912,1888,2295,1950,2488,2336,2053,176,2488,91,2396,39
20260207,cod,TMG,11,1907,2578,2604,2387,2725,1894,2271,2016,2569,2351,2050,191,2569,69,2332,33
20260129,cod,TMG,22,2103,3005,3034,2512,2844,1889,2227,2057,2683,2294,2007,197,2683,98,2536,51
20260204,cod,TMG,8,1786,2619,2637,2210,2506,1857,2218,2018,2685,2235,1979,225,2685,72,2229,38
20260104,cod,TMG,13,2000,2806,2830,2567,2897,1825,2285,2035,2721,2363,1979,290,2721,111,2409,55
20260208,cod,TMG,12,1691,2331,2350,2066,2360,1982,2397,2112,2763,2473,2133,267,2763,107,2520,56
20260128,cod,TMG,23,2237,2981,3006,2612,2978,1910,2351,2109,2804,2344,2080,242,2804,75,2494,44
20260118,cod,TMG,9,1532,2294,2304,2171,2468,1870,2356,2020,2818,2381,2053,285,2818,159,2589,67
20260130,cod,TMG,24,1938,2662,2682,2492,2850,2069,2505,2202,2854,2542,2267,197,2854,80,2772,49
20260125,cod,TMG,9,1641,2350,2365,2067,2326,1925,2378,2109,2867,2459,2105,268,2867,106,2318,54
20260120,cod,TMG,12,2086,2993,3017,2548,2934,2077,2486,2232,2910,2512,2221,242,2910,102,2518,53
20260101,cod,TMG,6,1599,2334,2361,2085,2370,2002,2501,2150,2922,2698,2241,322,2922,149,2730,66
20260106,cod,TMG,18,2322,3299,3325,2946,3376,2039,2442,2249,2929,2545,2177,243,2929,183,2633,59
20260127,cod,TMG,18,1586,2331,2360,2170,2470,1927,2358,2173,2942,2315,2035,272,2942,64,2128,35
20260114,cod,TMG,19,1748,2676,2702,2337,2697,2113,2548,2274,2975,2633,2276,254,2975,139,2637,79
20260203,cod,TMG,3,634,1353,1386,712,792,2024,2443,2237,3012,2477,2153,263,3012,102,2561,61
20260105,cod,TMG,8,1733,2786,2807,2253,2540,2088,2540,2306,3016,2486,2182,270,3016,94,2525,56
20260206,prepaid,TMG,19,2478,3581,3592,3244,3318,2745,2867,2834,3026,2931,2686,80,3026,68,2776,28
20260119,cod,TMG,9,1577,2426,2447,2057,2342,2033,2452,2254,3030,2482,2168,278,3030,116,2588,47
20260107,cod,TMG,13,2148,3278,3295,2788,3126,2201,2636,2382,3034,2664,2324,219,3034,243,2746,57
20260103,cod,TMG,10,1912,2811,2825,2462,2747,2114,2568,2320,3036,2549,2189,281,3036,111,2548,63
20260123,cod,TMG,13,1701,2460,2483,2109,2379,2151,2666,2296,3058,2900,2433,278,3058,179,2787,69
20260131,cod,TMG,9,1894,2611,2642,2313,2616,2197,2593,2386,3060,2716,2366,230,3060,93,2676,62
20260122,cod,TMG,7,1959,2638,2666,2299,2603,2083,2496,2332,3065,2565,2275,253,3065,88,2492,52
20260126,cod,TMG,7,1505,2391,2410,1927,2217,2101,2573,2318,3094,2626,2279,319,3094,77,2267,39
20260117,cod,TMG,9,1614,2552,2573,2146,2436,2174,2639,2374,3134,2728,2363,240,3134,109,2590,59
20260115,cod,TMG,14,1515,2299,2326,2104,2434,2239,2682,2442,3155,2761,2368,258,3155,145,2723,77
20260201,cod,TMG,5,1507,2312,2326,1941,2215,2192,2728,2337,3159,2815,2452,309,3159,118,2797,57
20260204,prepaid,TMG,5,2640,3567,3583,3546,3627,2867,2994,2984,3205,2995,2755,96,3205,69,3009,32
20260108,cod,TMG,20,1930,2818,2839,2727,3059,2355,2810,2546,3220,2878,2513,251,3220,201,2769,53
20260116,cod,TMG,15,1747,2570,2600,2192,2541,2297,2769,2496,3245,2798,2445,257,3245,110,2839,58
20260102,cod,TMG,18,1344,2180,2200,1809,2079,2233,2681,2502,3275,2722,2278,303,3275,137,2738,62
20260113,cod,TMG,16,2031,2980,2995,2572,2921,2330,2785,2552,3281,2854,2509,256,3281,148,2782,75
20260111,cod,TMG,36,1869,2850,2865,2375,2721,2331,2878,2522,3349,2972,2590,330,3349,145,3003,73
20260202,cod,TMG,9,1495,1652,1676,2064,2309,2327,2803,2547,3386,2827,2487,300,3386,99,2894,54
20260203,prepaid,TMG,1,890,1878,1892,1059,1075,3009,3157,3144,3405,3172,2924,98,3405,66,3180,30
20260110,cod,TMG,20,1931,2783,2804,2482,2796,2447,2915,2659,3424,2929,2563,280,3424,137,3131,77
20260207,prepaid,TMG,14,2666,3464,3473,3684,3768,3167,3287,3262,3448,3337,3072,76,3448,75,3386,34
20260124,cod,TMG,8,1644,2332,2344,2119,2404,2449,2952,2646,3461,2892,2558,280,3461,122,2898,69
20260208,prepaid,TMG,10,2626,3473,3478,3344,3422,3165,3357,3247,3513,3466,3147,122,3513,151,3538,71
20260112,cod,TMG,15,1579,2467,2497,2266,2556,2434,2937,2712,3549,2951,2615,305,3549,117,2961,63
20260128,prepaid,TMG,34,3208,4038,4054,3927,4048,3188,3341,3312,3564,3320,3086,102,3564,74,3501,37
20260109,cod,TMG,20,2007,2872,2898,2550,2895,2639,3171,2806,3582,3294,2880,275,3582,137,3007,65
20260104,prepaid,TMG,11,3343,4525,4542,4387,4474,3157,3365,3299,3607,3388,3060,149,3607,118,3511,54
20260131,prepaid,TMG,4,2327,3205,3219,3065,3133,3312,3441,3445,3665,3491,3192,85,3665,107,3612,59
20260130,prepaid,TMG,13,2543,3350,3362,3479,3543,3346,3495,3445,3674,3511,3250,91,3674,81,3836,56
20260129,prepaid,TMG,23,2843,3832,3857,3586,3672,3329,3481,3461,3709,3548,3248,110,3709,147,3688,76
20260127,prepaid,TMG,23,2567,3418,3443,3598,3691,3271,3428,3456,3723,3363,3102,98,3723,84,3003,42
20260101,prepaid,TMG,10,2380,3308,3318,3217,3285,3342,3563,3463,3787,3734,3327,144,3787,150,3670,67
20260118,prepaid,TMG,13,2610,3732,3745,3923,3999,3287,3497,3451,3790,3560,3184,156,3790,173,3773,67
20260202,prepaid,TMG,11,1970,2154,2167,2941,3004,3362,3549,3525,3806,3535,3269,110,3806,115,3647,50
20260201,prepaid,TMG,6,2188,3217,3225,3004,3062,3429,3617,3532,3807,3708,3385,111,3807,129,3729,68
20260125,prepaid,TMG,7,2390,3324,3335,3216,3284,3382,3617,3489,3825,3674,3328,147,3825,138,3523,55
20260119,prepaid,TMG,10,2693,3761,3775,3752,3817,3375,3573,3566,3881,3570,3225,142,3881,142,3864,69
20260121,prepaid,TMG,13,2823,3713,3730,3806,3894,3604,3806,3676,3930,3795,3471,109,3930,115,3794,46
20260126,prepaid,TMG,20,2267,3392,3406,3124,3202,3449,3653,3644,3953,3699,3343,129,3953,108,3321,50
20260105,prepaid,TMG,5,2765,4089,4102,3874,3946,3535,3714,3722,4005,3744,3426,113,4005,139,3733,62
20260103,prepaid,TMG,2,2932,4061,4077,3958,4024,3551,3733,3720,4010,3731,3407,125,4010,129,3760,50
20260115,prepaid,TMG,17,2416,3534,3555,3532,3612,3619,3866,3754,4135,3938,3562,163,4135,139,3653,58
20260106,prepaid,TMG,9,3535,4867,4884,4759,4858,3731,3932,3877,4171,4010,3652,103,4171,181,4000,59
20260122,prepaid,TMG,7,2954,3813,3828,3788,3842,3660,3832,3857,4171,3849,3544,138,4171,100,3927,53
20260123,prepaid,TMG,15,2600,3567,3581,3376,3458,3695,3929,3838,4208,4037,3659,141,4208,191,4137,67
20260120,prepaid,TMG,22,3354,4425,4442,4334,4420,3766,3935,3931,4227,3985,3615,129,4227,132,3911,70
20260107,prepaid,TMG,8,3201,4740,4760,4429,4535,3805,3983,3966,4229,3984,3644,122,4229,254,4129,65
20260102,prepaid,TMG,22,2277,3371,3383,3136,3206,3752,3955,3941,4250,3959,3589,127,4250,145,3900,63
20260114,prepaid,TMG,10,2718,3941,3956,3849,3929,3771,3985,3926,4267,4028,3698,131,4267,157,4054,72
20260111,prepaid,TMG,27,3033,4275,4283,3900,4001,3755,4019,3897,4269,4084,3718,172,4269,181,4134,67
20260117,prepaid,TMG,13,2440,3831,3845,3410,3496,3749,3949,3940,4277,4002,3622,136,4277,135,3683,63
20260116,prepaid,TMG,11,2628,3674,3691,3693,3766,3770,3986,3951,4317,4034,3656,160,4317,165,4299,86
20260124,prepaid,TMG,14,2483,3378,3383,3385,3455,3875,4024,4085,4347,4004,3681,107,4347,128,3934,61
20260113,prepaid,TMG,13,3053,4263,4278,3992,4070,3862,4064,4049,4374,4142,3795,158,4374,149,3961,63
20260108,prepaid,TMG,16,2836,3965,3976,4272,4375,4018,4187,4152,4420,4231,3886,105,4420,234,4110,58
20260110,prepaid,TMG,16,3005,3974,3994,3826,3931,4098,4313,4254,4559,4368,3988,127,4559,148,4500,61
20260112,prepaid,TMG,11,2706,3724,3742,3855,3946,4051,4292,4263,4622,4298,3962,163,4622,180,4329,75
20260109,prepaid,TMG,13,3045,3971,3988,4092,4174,4473,4673,4610,4907,4729,4357,113,4907,172,4546,73
20260101,prepaid,VEL,0,25,161,164,107,107,147,169,161,194,185,137,15,194,56,315,18
20260106,prepaid,VEL,8,345,459,504,527,549,247,266,273,306,263,219,15,306,17,293,7
20260103,prepaid,VEL,6,279,355,363,498,525,242,265,271,306,220,174,15,306,58,397,29
20260203,prepaid,VEL,1,174,270,280,349,358,253,267,277,310,301,219,12,310,27,260,11
20260208,prepaid,VEL,1,18,152,155,29,34,255,279,270,314,312,237,22,314,34,274,14
20260120,prepaid,VEL,2,238,413,425,393,406,235,266,257,316,275,221,22,316,23,262,16
20260107,prepaid,VEL,3,136,310,323,227,235,259,286,278,316,283,242,18,316,31,329,14
20260104,prepaid,VEL,0,5,258,262,38,40,251,288,268,317,319,254,21,317,50,321,23
20260207,prepaid,VEL,2,189,279,284,309,319,255,277,279,319,264,217,13,319,30,321,14
20260113,prepaid,VEL,7,182,376,385,380,422,217,251,245,324,242,188,24,324,52,354,34
20260117,prepaid,VEL,3,210,355,373,291,312,208,239,239,326,243,174,24,326,31,286,14
20260125,prepaid,VEL,5,15,704,707,103,111,258,285,281,328,290,240,26,328,28,292,18
20260201,prepaid,VEL,3,12,197,202,124,134,251,292,270,331,313,253,27,331,32,333,15
20260202,prepaid,VEL,9,116,342,358,446,474,258,289,290,343,291,232,19,343,30,272,16
20260114,prepaid,VEL,5,145,211,219,295,329,238,280,269,349,304,233,29,349,53,333,32
20260105,prepaid,VEL,4,316,546,563,602,616,275,306,300,351,314,255,22,351,31,276,19
20260118,prepaid,VEL,1,21,305,307,49,56,256,293,274,351,292,239,33,351,50,366,28
20260204,prepaid,VEL,5,242,357,363,364,379,294,319,308,351,339,265,19,351,44,284,24
20260119,prepaid,VEL,8,168,297,312,522,559,264,287,298,358,299,235,22,358,40,268,26
20260108,prepaid,VEL,2,123,229,235,239,246,320,345,337,375,379,313,15,375,38,334,24
20260128,prepaid,VEL,4,146,265,274,333,353,301,330,323,377,343,282,27,377,29,339,16
20260124,prepaid,VEL,5,181,398,403,384,404,315,342,336,384,346,287,24,384,37,398,21
20260127,prepaid,VEL,17,175,349,362,700,736,299,331,328,386,328,266,25,386,35,331,26
20260111,prepaid,VEL,0,8,160,162,22,23,322,361,340,393,393,311,27,393,59,375,34
20260126,prepaid,VEL,4,17,493,499,466,479,315,351,341,393,377,310,25,393,31,309,13
20260123,prepaid,VEL,3,238,477,584,257,272,329,357,344,395,352,287,23,395,44,354,14
20260206,prepaid,VEL,2,176,248,258,246,255,322,349,344,395,346,282,20,395,28,367,19
20260122,prepaid,VEL,5,206,261,309,284,303,322,347,344,397,375,295,18,397,44,356,21
20260115,prepaid,VEL,3,137,211,217,258,278,280,346,296,406,411,287,37,406,57,318,28
20260121,prepaid,VEL,8,233,304,311,360,379,329,364,353,420,381,315,27,420,36,352,25
20260205,prepaid,VEL,5,231,344,351,342,357,358,391,374,423,405,328,21,423,51,426,25
20260131,prepaid,VEL,4,221,311,425,312,326,331,357,371,425,364,310,21,425,42,375,23
20260109,prepaid,VEL,2,101,371,375,258,273,376,404,405,445,431,350,15,445,51,398,18
20260110,prepaid,VEL,12,130,204,213,349,443,385,418,407,451,416,349,19,451,36,419,23
20260112,prepaid,VEL,4,170,629,647,344,362,340,403,369,454,435,341,33,454,29,323,13
20260102,prepaid,VEL,5,215,400,410,392,405,404,443,424,475,503,388,23,475,43,298,18
20260116,prepaid,VEL,5,259,352,371,438,454,340,391,368,476,366,287,40,476,33,367,19
20260130,prepaid,VEL,3,197,291,297,321,338,402,452,434,512,417,361,32,512,36,527,21
20260129,prepaid,VEL,6,218,376,381,340,369,465,505,495,560,567,444,26,560,43,487,23
20260107,cod,VEL,9,400,503,539,230,573,174,421,227,784,430,326,163,784,47,455,31
20260101,cod,VEL,4,76,317,328,59,158,168,454,213,798,511,351,181,798,129,594,72
20260109,cod,VEL,15,602,859,1069,305,693,227,554,265,882,596,458,178,882,75,600,41
20260103,cod,VEL,12,498,580,607,318,630,164,489,218,883,502,348,204,883,98,516,63
20260106,cod,VEL,16,493,668,898,386,786,176,486,234,906,436,334,188,906,53,580,33
20260108,cod,VEL,12,432,511,526,216,511,264,578,300,912,602,481,169,912,72,516,41
20260111,cod,VEL,12,329,614,629,205,545,213,573,261,946,639,442,185,946,93,622,55
20260102,cod,VEL,20,515,614,666,354,772,261,563,312,955,587,422,192,955,103,585,60
20260110,cod,VEL,9,456,736,805,290,597,241,635,283,988,687,511,193,988,93,669,52
20260104,cod,VEL,3,119,392,397,67,149,271,659,324,1033,719,530,195,1033,89,573,49
20260105,cod,VEL,6,307,532,621,310,578,257,643,312,1040,644,480,212,1040,68,605,37
20260114,cod,VEL,16,534,760,769,334,799,250,645,289,1067,706,490,254,1067,100,630,62
20260112,cod,VEL,21,448,864,936,374,802,272,659,326,1079,706,502,206,1079,128,708,69
20260113,cod,VEL,31,620,814,891,392,902,235,654,287,1082,676,488,212,1082,97,704,62
20260118,cod,VEL,7,392,772,785,208,494,250,641,304,1105,707,487,223,1105,104,697,70
20260117,cod,VEL,25,513,700,708,406,962,255,670,312,1151,694,480,233,1151,101,744,73
20260115,cod,VEL,15,519,788,800,339,728,271,756,319,1187,846,591,257,1187,125,791,79
20260116,cod,VEL,24,431,871,919,364,754,297,755,358,1231,767,558,237,1231,106,795,68
20260120,cod,VEL,29,989,1272,1363,572,1360,296,753,351,1245,766,575,261,1245,96,798,59
20260119,cod,VEL,29,602,956,1002,503,1189,289,762,340,1289,794,569,243,1289,128,796,81
20260128,cod,VEL,78,1128,1453,1480,779,2183,225,607,315,1524,498,348,336,1524,151,1017,89
20260121,cod,VEL,38,1099,1235,1274,556,1351,401,1053,455,1584,1141,889,318,1584,131,1014,88
20260123,cod,VEL,38,1079,1380,1401,466,1189,361,1007,417,1592,1316,827,340,1592,272,1259,129
20260122,cod,VEL,35,971,1089,1097,424,1109,406,1105,457,1713,1187,888,346,1713,160,1170,116
20260125,cod,VEL,32,908,1106,1114,375,1121,382,1162,459,1954,1298,880,422,1954,208,1194,144
20260124,cod,VEL,44,1057,1386,1409,566,1363,421,1237,522,1971,1210,847,386,1971,239,1193,158
20260201,cod,VEL,10,565,1118,1165,200,615,341,1033,438,1982,1130,790,436,1982,221,1234,136
20260203,cod,VEL,60,1197,1440,1479,690,1780,362,1058,437,1992,1145,785,428,1992,228,1202,139
20260129,cod,VEL,50,1006,1281,1302,589,1496,453,1297,528,2056,1445,1084,415,2056,248,1367,101
20260202,cod,VEL,69,1498,2074,2118,832,2110,351,1114,456,2130,1151,832,443,2130,196,1084,124
20260127,cod,VEL,42,915,2032,2078,707,1555,417,1178,525,2141,1003,732,468,2141,130,1165,91
20260126,cod,VEL,3,91,653,678,90,202,464,1316,551,2152,1478,1004,429,2152,165,1044,108
20260204,cod,VEL,44,987,1561,1628,486,1222,482,1377,568,2184,1461,1064,460,2184,219,1287,125
20260208,cod,VEL,34,938,1450,1507,443,1122,464,1433,551,2316,1671,1118,542,2316,364,1734,210
20260205,cod,VEL,48,1141,1436,1493,673,1695,486,1407,578,2346,1524,1086,478,2346,235,1407,139
20260131,cod,VEL,36,792,999,1025,435,1150,486,1449,577,2369,1462,1115,489,2369,227,1620,153
20260206,cod,VEL,52,1101,1296,1316,564,1491,476,1452,579,2413,1535,1114,500,2413,237,1580,149
20260130,cod,VEL,30,873,1192,1226,491,1140,543,1612,627,2498,1780,1356,478,2498,284,1612,171
20260207,cod,VEL,60,1521,1773,1820,693,1725,531,1537,645,2564,1670,1216,524,2564,329,1717,209
20260101,prepaid,VEN,2,0,115,115,181,185,52,56,54,66,67,51,8,66,7,88,2
20260108,prepaid,VEN,3,0,290,295,292,296,56,64,64,84,63,53,9,84,1,90,1
20260115,prepaid,VEN,1,0,469,482,117,119,79,85,87,100,100,67,5,100,7,129,3
20260102,prepaid,VEN,1,24,214,222,129,134,103,114,109,129,121,98,7,129,12,115,2
20260103,prepaid,VEN,0,0,188,191,177,180,111,123,116,136,123,103,7,136,21,100,6
20260130,prepaid,VEN,0,1,235,235,222,225,115,123,129,154,114,97,5,154,29,195,19
20260131,prepaid,VEN,0,0,279,281,314,319,120,132,126,154,136,115,13,154,67,171,35
20260109,prepaid,VEN,4,1,203,208,312,319,133,140,141,157,147,126,9,157,32,156,6
20260107,prepaid,VEN,2,1,226,228,135,139,130,146,138,160,128,121,13,160,10,158,7
20260123,prepaid,VEN,0,0,244,249,128,134,142,153,152,172,168,131,8,172,33,188,16
20260206,prepaid,VEN,1,0,246,252,114,118,145,154,153,176,159,125,5,176,30,233,11
20260118,prepaid,VEN,3,0,3,4,146,153,140,148,157,178,169,120,10,178,23,231,10
20260116,prepaid,VEN,2,0,174,176,367,373,142,159,151,180,204,136,10,180,7,101,5
20260124,prepaid,VEN,2,5,193,200,321,331,152,164,163,185,166,131,9,185,26,170,12
20260106,prepaid,VEN,2,0,208,214,402,408,165,174,181,198,178,150,5,198,14,176,4
20260122,prepaid,VEN,1,0,178,188,175,179,152,160,172,199,152,129,8,199,31,271,14
20260129,prepaid,VEN,1,0,259,263,364,368,171,193,188,223,189,160,18,223,16,173,8
20260127,prepaid,VEN,2,1,213,218,173,176,160,177,188,224,186,139,19,224,51,214,19
20260126,prepaid,VEN,1,0,463,473,154,158,161,189,180,227,187,152,24,227,13,189,7
20260105,prepaid,VEN,0,0,465,470,121,124,196,218,205,234,220,188,13,234,18,167,5
20260119,prepaid,VEN,1,0,392,397,132,134,185,207,200,235,202,161,17,235,43,217,14
20260208,prepaid,VEN,1,0,12,12,103,108,200,220,221,255,233,187,16,255,25,246,16
20260205,prepaid,VEN,6,0,276,277,295,308,217,231,234,261,229,196,17,261,20,202,12
20260125,prepaid,VEN,0,0,18,18,61,63,217,248,224,265,249,209,18,265,40,218,21
20260201,prepaid,VEN,0,0,46,46,81,82,226,248,236,265,271,226,17,265,50,233,17
20260110,prepaid,VEN,1,2,257,259,149,154,240,255,248,269,280,237,9,269,27,161,10
20260128,prepaid,VEN,1,0,227,228,238,243,225,239,245,271,222,193,12,271,27,194,10
20260204,prepaid,VEN,2,2,261,262,225,231,235,257,247,282,259,221,15,282,24,279,8
20260120,prepaid,VEN,2,7,225,228,172,178,244,265,256,293,268,220,16,293,27,308,11
20260117,prepaid,VEN,1,0,241,242,253,259,262,284,273,306,263,216,12,306,13,97,9
20260202,prepaid,VEN,0,0,547,550,202,206,253,272,276,308,262,226,12,308,63,252,13
20260113,prepaid,VEN,5,1,187,194,550,569,262,279,288,312,266,233,13,312,15,257,8
20260121,prepaid,VEN,5,2,131,132,290,298,260,289,272,319,264,235,20,319,23,275,9
20260112,prepaid,VEN,0,2,470,475,133,136,291,319,304,334,323,264,13,334,31,285,20
20260207,prepaid,VEN,3,0,231,232,438,451,295,324,304,350,334,293,17,350,14,218,8
20260203,prepaid,VEN,4,1,263,269,356,368,324,348,342,381,350,310,18,381,23,238,5
20260101,cod,VEN,13,0,598,606,609,920,242,418,300,724,442,305,160,724,73,584,28
20260108,cod,VEN,40,0,1264,1283,1098,1640,259,423,313,728,424,313,125,728,37,483,19
20260109,cod,VEN,25,0,1142,1173,855,1226,336,539,378,784,610,401,150,784,103,708,33
20260115,cod,VEN,15,0,2018,2082,504,745,247,461,318,861,510,274,201,861,49,662,30
20260102,cod,VEN,11,37,983,1001,382,551,353,611,411,908,670,466,182,908,70,640,31
20260107,cod,VEN,19,0,1201,1209,455,656,384,665,467,1016,611,475,163,1016,49,776,34
20260116,cod,VEN,44,0,904,922,873,1324,409,708,482,1042,871,492,205,1042,77,621,59
20260103,cod,VEN,15,20,848,856,602,907,471,761,530,1064,791,583,195,1064,111,585,62
20260118,cod,VEN,11,0,9,9,439,667,388,707,449,1091,790,476,227,1091,165,955,97
20260131,cod,VEN,29,0,1349,1373,1025,1600,391,682,464,1142,685,519,248,1142,253,838,126
20260106,cod,VEN,30,0,1231,1237,1295,1893,517,858,598,1219,884,682,218,1219,92,869,46
20260123,cod,VEN,10,0,1120,1174,463,734,431,755,516,1249,789,553,286,1249,146,938,85
20260110,cod,VEN,22,0,1249,1264,429,648,651,1012,696,1262,1151,849,205,1262,135,687,63
20260130,cod,VEN,22,0,1107,1120,787,1186,388,724,487,1273,639,487,281,1273,116,961,60
20260124,cod,VEN,42,1,825,841,991,1624,443,816,517,1274,878,609,276,1274,213,905,115
20260105,cod,VEN,5,0,1907,1930,360,505,608,1005,714,1355,1004,802,206,1355,85,925,50
20260122,cod,VEN,20,0,1001,1021,532,842,433,818,546,1383,785,579,300,1383,136,1073,82
20260119,cod,VEN,27,0,1861,1893,421,719,566,951,675,1384,927,643,261,1384,163,960,89
20260201,cod,VEN,9,0,79,80,315,493,583,1017,638,1415,1263,881,325,1415,195,1022,95
20260206,cod,VEN,11,0,1018,1025,397,597,529,952,626,1415,933,659,260,1415,106,1117,52
20260125,cod,VEN,8,0,35,35,258,398,522,1026,597,1456,1173,809,292,1456,205,1009,123
20260117,cod,VEN,27,0,1108,1117,802,1273,685,1133,761,1485,1192,840,257,1485,42,418,31
20260129,cod,VEN,47,0,1395,1401,1098,1671,561,988,690,1563,993,770,309,1563,105,854,71
20260128,cod,VEN,24,0,1154,1175,760,1125,527,999,655,1571,925,695,325,1571,163,1011,76
20260126,cod,VEN,10,0,2164,2192,473,767,547,1070,655,1573,1096,779,323,1573,151,1007,95
20260208,cod,VEN,7,0,13,13,156,243,589,1110,688,1598,1208,849,316,1598,126,1116,82
20260120,cod,VEN,24,1,1038,1057,576,943,663,1158,754,1610,1193,843,297,1610,189,1346,122
20260127,cod,VEN,23,0,1007,1023,537,804,517,1000,672,1626,994,677,345,1626,160,1011,80
20260121,cod,VEN,42,1,690,705,917,1462,606,1111,726,1650,1016,780,347,1650,123,1268,77
20260205,cod,VEN,41,0,1123,1153,1011,1587,648,1099,768,1652,1137,825,282,1652,104,1006,54
20260113,cod,VEN,45,0,977,1028,1642,2493,741,1210,841,1673,1237,935,281,1673,138,1157,90
20260202,cod,VEN,20,0,2471,2489,615,985,689,1200,812,1681,1226,904,333,1681,360,1216,99
20260112,cod,VEN,9,0,2051,2070,475,774,854,1379,963,1795,1416,1067,272,1795,173,1406,104
20260204,cod,VEN,29,0,1339,1356,722,1102,725,1266,864,1813,1224,933,313,1813,166,1393,94
20260207,cod,VEN,70,0,937,945,1200,1947,817,1379,900,1845,1519,1140,336,1845,113,1167,75
20260203,cod,VEN,35,0,1162,1171,1267,1907,951,1593,1084,2134,1698,1300,328,2134,170,1169,92
20260101,prepaid,WML,0,25,104,128,68,70,77,84,77,87,100,68,5,87,4,95,2
20260106,prepaid,WML,0,45,113,136,106,108,92,98,102,113,87,69,6,113,4,90,1
20260111,prepaid,WML,0,26,117,151,61,61,102,108,107,118,119,89,8,118,15,118,10
20260108,prepaid,WML,1,44,124,161,115,120,103,109,107,119,124,91,3,119,8,108,4
20260107,prepaid,WML,0,60,143,175,126,127,96,109,103,120,117,90,9,120,9,104,5
20260103,prepaid,WML,0,39,125,153,117,121,100,111,108,124,115,83,9,124,7,125,6
20260105,prepaid,WML,1,60,111,136,169,179,101,109,111,125,123,87,7,125,10,105,6
20260110,prepaid,WML,2,74,135,184,175,181,111,120,112,126,103,80,6,126,9,129,4
20260115,prepaid,WML,1,45,121,153,113,118,108,115,118,128,120,84,3,128,13,98,7
20260112,prepaid,WML,1,89,160,198,183,190,106,117,113,128,128,93,7,128,5,123,1
20260122,prepaid,WML,3,52,148,204,138,144,105,112,111,129,126,100,9,129,17,124,11
20260116,prepaid,WML,1,64,136,168,130,134,112,124,118,131,131,90,6,131,22,157,14
20260123,prepaid,WML,1,49,149,185,120,124,112,120,119,131,129,99,4,131,16,123,9
20260104,prepaid,WML,0,34,114,153,74,75,110,125,118,136,131,108,8,136,13,139,4
20260126,prepaid,WML,1,38,151,177,82,83,113,126,120,137,132,94,8,137,16,118,7
20260124,prepaid,WML,3,84,159,214,210,214,122,129,132,141,138,101,5,141,17,117,9
20260120,prepaid,WML,2,55,114,159,138,142,117,128,124,142,120,98,6,142,13,149,7
20260109,prepaid,WML,1,52,143,192,116,123,130,137,137,144,148,101,4,144,15,132,7
20260114,prepaid,WML,0,61,131,158,111,111,117,134,123,145,143,103,7,145,15,139,12
20260113,prepaid,WML,2,56,114,145,138,143,131,138,139,148,145,105,2,148,16,138,12
20260121,prepaid,WML,1,71,165,215,118,123,126,132,134,151,122,104,4,151,6,124,5
20260102,prepaid,WML,2,58,124,147,135,141,129,141,138,153,136,108,5,153,1,132,0
20260118,prepaid,WML,0,29,117,145,58,59,125,137,136,154,156,110,5,154,12,128,4
20260201,prepaid,WML,1,44,140,155,86,87,133,147,138,156,160,120,5,156,19,181,10
20260125,prepaid,WML,0,63,158,184,115,116,129,145,138,156,151,115,7,156,16,160,11
20260119,prepaid,WML,4,90,166,210,188,196,134,144,147,165,134,104,3,165,11,157,5
20260117,prepaid,WML,2,56,114,158,142,145,137,157,144,165,137,116,9,165,11,132,7
20260128,prepaid,WML,3,63,150,182,172,180,132,139,151,166,122,97,6,166,12,140,8
20260129,prepaid,WML,1,74,197,234,169,174,147,159,155,173,164,130,10,173,15,146,10
20260205,prepaid,WML,0,68,171,204,159,161,143,157,160,177,140,110,5,177,10,156,2
20260127,prepaid,WML,1,96,208,249,252,259,136,159,150,180,166,123,17,180,10,141,2
20260130,prepaid,WML,1,71,160,184,184,187,159,168,164,181,162,140,5,181,9,152,4
20260131,prepaid,WML,0,93,181,222,182,190,154,160,168,181,179,137,6,181,11,195,9
20260206,prepaid,WML,2,81,166,206,177,181,144,157,152,184,170,130,10,184,22,179,15
20260207,prepaid,WML,3,93,184,236,177,180,154,166,167,186,180,134,8,186,24,176,11
20260208,prepaid,WML,1,82,247,290,140,142,151,172,166,192,181,136,13,192,12,167,4
20260204,prepaid,WML,1,82,173,206,183,194,154,176,164,193,182,136,9,193,13,184,6
20260203,prepaid,WML,1,90,189,223,166,169,179,188,188,204,175,135,4,204,13,164,8
20260202,prepaid,WML,4,103,198,236,233,243,180,193,188,211,202,148,14,211,22,182,11
20260101,cod,WML,42,926,3635,5251,1770,3152,1004,2137,1139,3186,2831,1724,572,3186,366,2601,211
20260102,cod,WML,67,1140,3958,6054,2280,4033,1794,3526,1997,4819,3684,2664,791,4819,397,3377,238
20260108,cod,WML,75,1416,5698,8656,2765,4742,1749,3337,2018,5114,3548,2625,886,5114,267,3243,170
20260104,cod,WML,21,350,3963,6130,1045,1652,1840,3678,2115,5319,4130,2890,903,5319,463,4073,278
20260106,cod,WML,53,991,3962,5946,2419,4196,1818,3533,2114,5349,3690,2724,879,5349,344,3643,222
20260107,cod,WML,81,1254,4546,6670,2386,4244,1851,3567,2156,5387,3630,2772,878,5387,317,3718,197
20260103,cod,WML,67,1032,3791,5808,2275,3897,1950,3812,2229,5388,4128,2990,841,5388,336,3533,217
20260109,cod,WML,111,1767,6208,9473,3413,5770,2147,3971,2417,5555,4205,3176,880,5555,445,4250,266
20260105,cod,WML,83,1124,4058,6012,3503,5933,1954,3753,2303,5669,3666,2725,914,5669,354,3815,238
20260111,cod,WML,46,462,6074,9542,1104,1899,2065,4018,2328,5795,4486,3244,1016,5795,595,4808,339
20260110,cod,WML,120,1759,5690,8959,3705,6297,2303,4369,2603,6074,4643,3557,936,6074,430,4131,301
20260208,cod,WML,43,775,5671,7518,1474,2409,2174,4285,2460,6179,4831,3446,1078,6179,546,4609,334
20260205,cod,WML,72,1137,4488,6165,2434,4224,2195,4079,2568,6479,4001,3048,1049,6479,394,4248,250
20260206,cod,WML,89,1133,4395,6219,2608,4406,2416,4531,2738,6566,4799,3663,1029,6566,464,4672,297
20260129,cod,WML,121,1438,5346,7547,3428,5907,2115,4151,2522,6752,4210,3097,1140,6752,375,4066,240
20260207,cod,WML,83,1084,3927,5762,2634,4412,2458,4735,2797,6781,4881,3737,1003,6781,417,4642,286
20260115,cod,WML,111,1198,5911,8961,3570,6168,2530,4784,2889,6876,5406,3720,1143,6876,513,4292,309
20260112,cod,WML,187,1445,5589,9150,5081,8652,2598,4872,3020,6946,4997,3803,1119,6946,498,4856,280
20260114,cod,WML,61,754,5538,8291,1768,2967,2596,4945,2948,7003,5347,3991,1089,7003,674,5317,444
20260113,cod,WML,132,1620,5382,8605,4052,6687,2609,4996,2983,7100,5295,4005,1067,7100,589,4943,357
20260118,cod,WML,41,751,6132,9306,1688,2762,2347,4712,2715,7103,5110,3613,1278,7103,597,5353,363
20260204,cod,WML,72,1084,4233,5999,2703,4694,2432,4670,2859,7104,4586,3468,1193,7104,503,5136,339
20260201,cod,WML,41,379,4664,6532,1270,2140,2492,4917,2829,7193,5489,3875,1307,7193,670,5707,426
20260130,cod,WML,110,1287,4972,7093,3028,5132,2385,4707,2738,7199,4862,3641,1216,7199,442,4874,284
20260128,cod,WML,96,1266,5483,7478,3498,5958,2303,4555,2741,7407,4418,3387,1257,7407,426,4570,236
20260131,cod,WML,87,1246,4475,6180,2898,4979,2896,5374,3261,7783,5623,4295,1252,7783,484,5275,346
20260203,cod,WML,102,1147,4651,6296,2948,5073,2786,5269,3237,7957,5366,4045,1260,7957,524,5282,343
20260123,cod,WML,60,1020,4515,6542,2412,4295,2967,5598,3349,7989,6036,4455,1268,7989,806,6184,431
20260117,cod,WML,123,1396,5195,8351,3468,5998,2988,5497,3446,8007,5532,4165,1236,8007,449,4834,309
20260122,cod,WML,88,1085,4525,6270,3147,5466,2849,5395,3293,8009,5759,4324,1230,8009,543,5464,379
20260116,cod,WML,117,1614,5786,8753,4118,7254,3001,5777,3405,8051,5959,4312,1349,8051,706,5887,410
20260126,cod,WML,74,748,5177,7393,2174,3945,2681,5353,3172,8249,5696,4098,1533,8249,673,5353,352
20260127,cod,WML,153,1264,5483,7746,4222,7106,2561,5043,3150,8321,4615,3449,1393,8321,534,5103,301
20260202,cod,WML,116,1223,4767,6479,3843,6465,2973,5634,3475,8370,5601,4253,1405,8370,594,5624,359
20260125,cod,WML,37,619,4886,7052,1464,2550,2825,5801,3273,8532,6153,4606,1536,8532,715,6115,458
20260121,cod,WML,111,1591,5484,7892,3721,6517,3055,5790,3542,8645,5752,4530,1288,8645,595,6280,391
20260120,cod,WML,103,1600,6392,9532,4187,7201,3052,5917,3539,8662,5842,4434,1370,8662,696,6603,444
20260119,cod,WML,149,1347,6667,10247,4478,7809,3166,6031,3705,8688,6231,4608,1403,8688,625,6158,395
20260124,cod,WML,77,1320,4443,6574,2978,5075,3290,6349,3754,9070,6444,4954,1466,9070,700,6107,439
20260206,cod,ZOM,0,1,1,1,1,2,,,,,,,,,,,
20260205,cod,ZOM,1,0,1,1,4,10,,,,,3,0,,,1,1,1
20260203,cod,ZOM,0,1,2,2,0,2,1,1,1,1,1,0,0,1,0,1,0
20260117,cod,ZOM,0,1,1,1,1,1,0,0,0,1,1,0,1,1,0,1,0
20260131,cod,ZOM,0,1,1,1,0,1,1,1,1,2,1,1,1,2,,,
20260112,cod,ZOM,0,2,2,2,4,7,1,2,1,2,2,2,0,2,0,1,0
20260129,cod,ZOM,0,2,2,2,2,2,1,1,2,3,1,1,0,3,1,1,0
20260121,cod,ZOM,0,4,4,4,3,4,1,2,1,3,2,2,1,3,0,1,0
20260105,cod,ZOM,0,6,6,6,5,8,1,2,2,4,1,0,1,4,0,1,0
20260119,cod,ZOM,0,1,1,1,3,4,0,3,0,4,3,2,1,4,2,6,2
20260106,cod,ZOM,0,2,4,4,1,2,1,3,1,4,2,1,2,4,1,2,1
20260104,cod,ZOM,0,4,6,6,1,4,0,1,1,4,3,0,1,4,,,
20260107,cod,ZOM,0,5,7,7,6,7,2,4,3,5,3,2,2,5,0,5,0
20260122,cod,ZOM,0,3,3,3,1,3,2,2,4,5,2,2,0,5,0,1,0
20260125,cod,ZOM,0,1,1,1,1,1,2,2,2,5,2,2,1,5,1,4,1
20260124,cod,ZOM,0,2,2,2,0,2,2,3,2,5,3,2,2,5,1,3,1
20260108,cod,ZOM,0,2,6,7,2,4,2,3,3,6,4,2,2,6,0,1,0
20260114,cod,ZOM,0,5,13,13,2,5,3,6,3,7,6,3,2,7,0,3,0
20260115,cod,ZOM,1,4,4,4,8,12,2,4,2,7,3,2,3,7,1,7,1
20260116,cod,ZOM,0,1,1,1,1,2,1,3,2,7,2,2,1,7,1,3,1
20260109,cod,ZOM,1,8,8,8,6,11,2,4,2,7,4,3,1,7,0,3,0
20260120,cod,ZOM,0,1,1,1,1,1,6,7,6,10,8,6,1,10,3,9,1
20260103,cod,ZOM,0,1,1,1,3,3,3,5,5,11,4,4,0,11,2,6,2
20260101,prepaid,ZOM,22,655,664,664,584,697,664,913,747,1179,1084,732,165,1179,256,1010,147
20260204,prepaid,ZOM,43,846,882,882,764,1005,509,734,674,1191,788,509,181,1191,226,768,132
20260206,prepaid,ZOM,47,995,1000,1000,787,1017,539,822,667,1225,918,633,214,1225,234,929,139
20260208,prepaid,ZOM,43,927,1026,1027,732,944,596,887,696,1228,1048,685,198,1228,313,1010,190
20260207,prepaid,ZOM,44,1066,1083,1083,859,1077,553,843,689,1265,980,629,217,1265,283,994,190
20260201,prepaid,ZOM,34,908,1001,1009,727,940,580,852,735,1300,946,637,232,1300,281,1034,160
20260205,prepaid,ZOM,52,1008,1030,1031,824,1044,571,880,715,1316,902,643,199,1316,225,900,151
20260102,prepaid,ZOM,58,1810,1902,1902,1530,1836,730,963,877,1360,989,706,183,1360,194,959,124
20260126,prepaid,ZOM,17,355,378,378,337,418,622,909,807,1397,971,650,276,1397,228,914,152
20260203,prepaid,ZOM,53,845,1004,1004,650,868,592,919,757,1411,899,662,236,1411,183,906,114
20260127,prepaid,ZOM,58,1431,1460,1460,1177,1462,577,863,779,1441,749,537,241,1441,139,748,103
20260131,prepaid,ZOM,50,926,960,961,783,975,654,970,818,1443,1032,720,259,1443,203,980,139
20260202,prepaid,ZOM,28,584,606,610,536,679,641,943,818,1443,995,685,246,1443,274,1007,168
20260125,prepaid,ZOM,29,906,987,987,769,968,745,1072,895,1485,1190,830,221,1485,268,1138,199
20260128,prepaid,ZOM,49,1097,1181,1182,917,1133,648,1004,803,1502,996,729,246,1502,230,1120,138
20260103,prepaid,ZOM,52,1560,1673,1673,1418,1653,898,1183,1005,1509,1412,971,195,1509,377,1396,226
20260123,prepaid,ZOM,49,887,957,957,734,923,788,1130,962,1675,1173,816,267,1675,304,1277,194
20260104,prepaid,ZOM,41,1537,1631,1631,1383,1648,969,1345,1102,1711,1578,1076,226,1711,375,1453,208
20260124,prepaid,ZOM,32,948,1011,1011,830,1018,881,1158,1094,1713,1181,883,253,1713,245,1157,160
20260129,prepaid,ZOM,42,999,1071,1071,875,1084,737,1119,938,1736,1100,810,237,1736,209,1079,129
20260130,prepaid,ZOM,58,832,884,889,691,905,759,1068,973,1748,1139,820,252,1748,269,1171,168
20260122,prepaid,ZOM,47,869,906,906,866,1057,876,1215,1083,1768,1228,886,271,1768,255,1155,162
20260121,prepaid,ZOM,61,986,1173,1173,910,1145,818,1142,1070,1826,1167,814,299,1826,256,1111,159
20260120,prepaid,ZOM,44,1192,1352,1353,1033,1195,820,1190,1073,1852,1150,831,318,1852,256,1191,152
20260110,prepaid,ZOM,61,1719,1729,1732,1506,1750,1058,1449,1251,1977,1584,1174,271,1977,363,1673,233
20260109,prepaid,ZOM,51,1713,1740,1740,1658,1932,1121,1497,1322,2004,1581,1185,242,2004,316,1534,210
20260111,prepaid,ZOM,28,1118,1196,1196,973,1128,1106,1499,1281,2007,1677,1216,287,2007,394,1642,236
20260108,prepaid,ZOM,44,1194,1415,1415,1159,1376,1147,1478,1346,2054,1599,1197,258,2054,315,1629,199
20260106,prepaid,ZOM,48,1747,1788,1788,1494,1751,1091,1490,1318,2069,1509,1160,244,2069,264,1489,169
20260107,prepaid,ZOM,55,1704,1883,1883,1474,1738,1160,1525,1380,2102,1553,1198,256,2102,288,1588,189
20260112,prepaid,ZOM,80,2049,2174,2174,1790,2130,1122,1491,1355,2136,1482,1107,290,2136,281,1468,170
20260105,prepaid,ZOM,38,1424,1425,1429,1296,1518,1216,1676,1428,2187,1706,1308,280,2187,331,1727,206
20260119,prepaid,ZOM,39,1315,1318,1318,1206,1392,939,1363,1233,2204,1259,908,393,2204,294,1355,198
20260118,prepaid,ZOM,32,961,1038,1040,846,1023,1071,1489,1296,2214,1598,1131,356,2214,434,1910,275
20260113,prepaid,ZOM,122,2437,2533,2534,2028,2564,1271,1665,1482,2251,1882,1330,274,2251,395,1684,258
20260114,prepaid,ZOM,133,2924,2937,2938,2481,3017,1385,1931,1595,2515,2216,1563,327,2515,542,2203,362
20260115,prepaid,ZOM,52,1572,1802,1802,1332,1585,1482,2062,1710,2665,2439,1602,380,2665,629,2391,375
20260117,prepaid,ZOM,42,1044,1106,1107,877,1055,1274,1753,1623,2698,1731,1254,436,2698,415,1921,290
20260116,prepaid,ZOM,50,1305,1315,1316,1289,1536,1650,2344,1956,3170,2308,1681,458,3170,360,2073,253
