reporting_date,payment_type,seller_type,zero_attempt_num,fm_d0_picked,fm_picked,fm_created,conv_num,PHin,First_attempt_delivered,fac_deno,total_delivered_attempts,total_attempts,DHin,D0_OFD,rfr_num,rfr_deno,Breach_Num,Breach_Den,breach_plus1_num
20260317,cod,CUL,0,9,11,11,7,9,,,,,1,0,,,,,
20260111,cod,MWP,0,3,3,3,4,5,,,,,2,0,,,0,1,0
20260327,cod,SCR,0,1,2,2,1,3,,,,,,,,,,,
20260226,cod,CQN,0,0,0,1,0,1,,,,,,,,,,,
20260321,cod,CLS,0,1,1,1,0,1,,,,,,,,,,,
20260203,cod,BBW,0,16,18,18,9,16,,,,,,,,,,,
20260131,cod,NMA,0,1,1,1,2,2,,,,,,,,,,,
20260306,cod,CQN,0,,,,2,2,,,,,,,,,,,
20260318,cod,GKA,2,15,15,15,10,15,,,,,,,,,,,
20260113,cod,VEB,0,1,1,1,1,1,,,,,,,,,,,
20260310,cod,GKA,0,2,2,4,2,2,,,,,,,,,,,
20260108,cod,NMA,0,1,1,1,0,1,,,,,2,0,,,0,1,0
20260130,cod,SCR,0,2,2,2,4,5,,,,,,,,,,,
20260306,cod,SCR,0,,,,1,1,,,,,1,0,,,1,1,0
20260402,cod,SCR,0,2,2,2,0,3,,,,,,,,,,,
20260210,cod,CLS,0,,,,1,1,,,,,,,,,,,
20260212,cod,SCR,0,2,5,5,3,3,,,,,,,,,,,
20260113,cod,NMA,0,,,,1,1,,,,,,,,,,,
20260326,cod,NMA,0,1,2,2,1,1,,,,,,,,,,,
20260324,cod,GKM,0,,,,0,1,,,,,,,,,,,
20260211,cod,EMC,1,4,4,4,3,4,,,,,,,,,,,
20260307,cod,FLN,0,,,,1,1,,,,,,,,,,,
20260214,cod,MJH,7,570,571,571,247,594,,,,,,,,,,,
20260225,cod,SDI,0,,,,0,1,,,,,1,0,,,,,
20260327,cod,CLS,0,1,1,1,1,1,,,,,,,,,,,
20260223,cod,ROM,6,0,4,68,39,211,,,,,,,,,,,
20260123,cod,FLN,0,,,,2,4,,,,,,,,,,,
20260228,cod,NMA,0,1,1,1,1,1,,,,,,,,,,,
20260214,cod,AVH,0,,,,4,11,,,,,,,,,,,
20260221,cod,KTH,1,97,114,114,62,99,,,,,,,,,,,
20260210,cod,MYR,0,,,,1,1,,,,,,,,,,,
20260219,cod,BBW,0,0,1,1,2,2,,,,,,,,,0,2,0
20260226,cod,CLS,0,1,1,1,1,1,,,,,2,0,,,,,
20260130,cod,MYR,0,6,6,6,5,6,,,,,1,0,,,,,
20260325,cod,FLN,0,1,1,1,0,1,,,,,,,,,,,
20260308,cod,GKP,0,,,,1,1,,,,,,,,,,,
20260316,cod,VEB,1,2,2,3,1,2,,,,,,,,,,,
20260207,cod,FRD,1,,,,3,6,,,,,,,,,,,
20260310,cod,MYR,0,0,1,1,1,1,,,,,,,,,,,
20260317,cod,NMA,0,1,1,1,0,1,,,,,,,,,,,
20260316,cod,CUL,0,1,1,1,0,1,,,,,,,,,,,
20260123,cod,AGI,0,1,5,17,6,7,,,,,1,0,,,,,
20260130,cod,CMA,0,1,1,1,1,1,,,,,,,,,,,
20260218,cod,CLS,0,1,1,3,0,1,,,,,,,,,,,
20260228,cod,SCR,0,0,0,1,1,1,,,,,,,,,,,
20260106,cod,FBD,0,35,56,56,24,35,,,,,,,,,,,
20260128,cod,NMA,0,1,1,1,0,1,,,,,,,,,,,
20260228,cod,MWP,0,5,5,5,5,7,,,,,1,0,,,0,1,0
20260214,cod,MYR,0,2,2,2,2,3,,,,,,,,,,,
20260219,cod,ABE,73,3038,6384,6408,434,3038,,,,,,,,,,,
20260217,cod,FLS,0,,,,2,2,,,,,,,,,,,
20260220,cod,SCR,0,1,2,3,4,5,,,,,,,,,,,
20260111,cod,CMA,1,2,2,2,0,2,,,,,2,0,,,,,
20260219,cod,CLS,0,1,1,3,1,1,,,,,,,,,,,
20260204,cod,MYR,0,1,1,1,0,1,,,,,,,,,,,
20260220,cod,KTH,0,56,57,57,32,56,,,,,,,,,,,
20260108,cod,SCR,0,0,3,4,1,1,,,,,,,,,,,
20260314,cod,NMA,0,2,2,2,1,2,,,,,,,,,,,
20260106,cod,SSI,8,374,760,798,134,374,,,,,,,,,,,
20260228,cod,CLS,0,1,1,1,1,1,,,,,,,,,,,
20260325,cod,CLS,0,2,2,2,1,2,,,,,,,,,,,
20260316,cod,NMA,0,1,1,1,1,1,,,,,,,,,,,
20260304,cod,MNM,0,4,9,9,1,5,,,,,,,,,1,4,1
20260303,cod,SCR,0,1,1,1,1,1,,,,,,,,,0,1,0
20260321,cod,CQN,0,3,5,5,3,7,,,,,,,,,,,
20260110,cod,NMA,0,,,,1,1,,,,,,,,,,,
20260131,cod,SCR,0,1,1,1,0,1,,,,,,,,,,,
20260313,cod,VEB,0,1,1,1,3,4,,,,,,,,,,,
20260217,cod,CLS,0,1,1,1,1,1,,,,,,,,,,,
20260328,cod,CLS,0,8,13,13,7,8,,,,,,,,,1,1,1
20260321,cod,GKM,0,,,,0,1,,,,,,,,,,,
20260124,cod,NMA,0,,,,1,1,,,,,,,,,,,
20260223,cod,VEB,0,1,1,1,1,1,,,,,,,,,,,
20260106,cod,SCR,0,1,5,5,1,1,,,,,,,,,,,
20260304,cod,BBW,0,2,4,4,1,3,,,,,2,0,,,1,4,1
20260126,cod,VEB,0,,,,3,4,,,,,,,,,,,
20260223,cod,CDM,4,314,3700,3710,44,314,,,,,,,,,,,
20260223,cod,SDI,0,1,2,2,0,3,,,,,,,,,,,
20260121,cod,MYR,0,,,,1,1,,,,,,,,,,,
20260111,cod,AGI,0,,,,4,4,,,,,,,,,,,
20260312,cod,CLS,0,1,1,1,1,1,,,,,,,,,,,
20260314,cod,CQN,0,2,2,2,3,3,,,,,,,,,,,
20260106,cod,CMA,0,1,1,1,0,1,,,,,,,,,,,
20260305,cod,GKP,0,,,,1,1,,,,,,,,,,,
20260325,cod,GKP,0,,,,0,1,,,,,,,,,,,
20260312,cod,SCR,0,2,2,2,2,3,,,,,1,0,,,,,
20260210,cod,NMA,0,2,3,3,1,2,,,,,,,,,0,1,0
20260224,cod,SDI,0,2,2,2,0,4,,,,,,,,,,,
20260226,cod,NMA,0,3,3,3,1,3,,,,,,,,,,,
20260119,cod,CLS,0,,,,1,2,,,,,,,,,,,
20260331,cod,GKP,0,2,3,3,3,3,,,,,,,,,,,
20260123,cod,CLS,0,0,0,1,1,1,,,,,,,,,1,1,0
20260204,cod,BBW,0,,,,1,2,,,,,,,,,,,
20260207,cod,NMA,1,1,1,1,0,1,,,,,,,,,1,1,1
20260313,cod,FLN,0,,,,1,1,,,,,,,,,,,
20260212,cod,SSI,0,,,,0,1,,,,,5,0,,,,,
20260312,cod,MYR,0,,,,2,4,,,,,,,,,,,
20260211,cod,CLS,0,1,1,1,1,1,,,,,,,,,,,
20260402,cod,SDB,0,,,,0,1,,,,,,,,,,,
20260220,cod,GKA,0,,,,2,3,,,,,,,,,,,
20260204,cod,MNM,0,,,,22,30,,,,,,,,,,,
20260122,cod,NMA,0,,,,2,2,,,,,,,,,,,
20260122,cod,SCR,0,,,,0,1,,,,,,,,,,,
20260401,cod,SDB,0,,,,0,1,,,,,,,,,,,
20260114,cod,AGI,0,2,7,9,4,4,,,,,1,0,,,,,
20260129,cod,MYR,0,,,,1,1,,,,,,,,,,,
20260213,cod,SME,30,912,2105,2213,264,1058,,,,,,,,,,,
20260219,cod,NYK,2,328,393,393,428,474,,,,,,,,,,,
20260327,cod,NMA,0,2,2,2,2,3,,,,,,,,,,,
20260106,cod,NMA,0,1,1,1,1,1,,,,,,,,,,,
20260214,cod,GKS,0,1,1,1,1,2,,,,,,,,,,,
20260208,cod,BBW,1,2,3,3,2,3,,,,,,,,,,,
20260127,cod,MYR,0,,,,1,1,,,,,,,,,,,
20260211,cod,FLN,0,,,,3,4,,,,,,,,,,,
20260214,cod,EMC,0,1,1,1,1,1,,,,,2,0,,,0,2,0
20260314,cod,MYR,0,,,,1,3,,,,,,,,,,,
20260122,cod,CLS,1,1,1,1,0,1,,,,,1,0,,,,,
20260209,cod,CMA,1,2,2,3,3,4,,,,,1,0,,,,,
20260309,cod,GKP,0,,,,0,1,,,,,,,,,,,
20260221,cod,SDI,0,1,4,4,0,1,,,,,,,,,,,
20260329,cod,SCR,0,,,,1,1,,,,,,,,,,,
20260404,cod,NMB,0,1,1,10,0,2,,,,,1,0,,,1,1,1
20260303,cod,CLS,0,3,3,3,2,3,,,,,,,,,,,
20260212,cod,FRD,27,139,371,371,254,379,,,,,,,,,1,4,1
20260317,cod,MYR,0,1,2,2,2,3,,,,,1,0,,,0,2,0
20260206,cod,FRD,0,2,11,11,2,2,,,,,,,,,,,
20260323,cod,CLS,0,1,1,1,1,1,,,,,,,,,1,1,0
20260313,cod,MYR,0,0,3,3,1,1,,,,,,,,,,,
20260325,cod,NMA,0,2,2,2,1,2,,,,,,,,,,,
20260404,cod,GKP,0,1,1,1,0,2,,,,,,,,,,,
20260222,cod,SDI,0,0,3,3,0,2,,,,,,,,,,,
20260121,cod,NMA,0,1,3,3,0,1,,,,,,,,,,,
20260317,cod,GKM,0,,,,0,1,,,,,,,,,,,
20260206,cod,NMA,0,2,2,2,1,2,,,,,,,,,,,
20260404,cod,MYR,0,,,,0,2,0,0,0,0,,,0,0,,,
20260309,cod,SCR,0,,,,1,1,0,0,0,0,,,0,0,2,2,0
20260330,cod,ROM,0,0,2,2,0,1,0,0,0,0,2,0,0,0,,,
20260309,cod,HSW,0,7,8,8,7,8,0,0,0,0,,,0,0,,,
20260320,cod,SCR,0,,,,0,1,0,0,1,1,,,0,1,,,
20260305,cod,NMA,0,1,1,1,1,1,0,0,0,1,,,0,1,,,
20260316,cod,CQN,0,2,2,2,1,2,1,1,1,1,1,1,0,1,0,2,0
20260125,cod,CLS,0,0,1,1,1,1,0,0,0,1,,,0,1,,,
20260113,cod,CMA,1,78,97,99,34,78,0,1,0,1,,,1,1,0,2,0
20260117,cod,AGI,0,,,,2,2,1,1,1,1,2,1,0,1,0,1,0
20260323,cod,BBW,0,0,3,3,2,3,0,1,0,1,3,1,0,1,,,
20260318,cod,VEB,0,2,2,2,2,2,0,1,0,1,1,1,0,1,0,1,0
20260323,cod,MYR,0,,,,4,9,0,0,0,1,,,0,1,0,1,0
20260110,cod,SCR,0,0,1,1,1,1,0,1,0,1,3,1,0,1,0,2,0
20260219,cod,NMB,0,2,5,6,0,2,0,0,1,1,,,0,1,1,3,1
20260318,cod,CQN,0,1,1,1,0,1,0,1,0,1,1,1,0,1,0,1,0
20260210,cod,BBW,0,7,11,11,5,7,0,0,0,1,1,0,0,1,,,
20260329,cod,CLS,0,13,17,17,15,18,1,1,1,1,3,1,0,1,,,
20260223,cod,BBW,0,3,5,5,3,5,1,1,1,1,1,0,0,1,0,4,0
20260304,cod,GKS,0,14,14,14,12,14,0,1,0,1,4,1,0,1,1,2,1
20260114,cod,CLS,2,2,2,2,1,3,1,1,1,1,1,1,0,1,,,
20260220,cod,BBW,0,0,2,2,1,1,1,1,1,1,3,1,0,1,0,2,0
20260216,cod,NMA,0,2,2,2,2,2,0,1,0,1,1,1,0,1,0,1,0
20260403,cod,GKP,0,1,2,2,1,1,1,1,1,1,1,1,0,1,0,1,0
20260113,cod,MWP,0,1,2,2,1,2,0,0,0,1,1,0,1,1,0,5,0
20260311,cod,SCR,0,1,2,2,2,2,0,0,0,1,,,0,1,,,
20260218,cod,GKS,0,,,,16,24,0,0,1,1,,,0,1,1,2,0
20260217,cod,BBW,0,2,3,3,2,3,1,1,1,1,1,1,0,1,0,1,0
20260208,cod,NMB,0,,,,2,2,0,1,0,1,2,1,1,1,2,3,2
20260116,cod,NMA,0,,,,0,1,1,1,1,1,1,1,0,1,0,1,0
20260311,cod,BBW,0,0,4,4,2,2,0,0,0,1,1,0,0,1,2,3,1
20260110,cod,CMA,0,1,2,2,1,1,1,1,1,1,1,0,0,1,0,1,0
20260131,cod,CMA,0,1,1,1,1,1,0,0,0,1,,,0,1,1,1,1
20260213,cod,SCR,0,1,3,3,3,3,0,0,1,1,1,0,0,1,,,
20260128,cod,SCR,0,1,1,1,2,2,0,0,1,1,,,0,1,,,
20260319,cod,BBW,0,1,3,4,0,1,0,0,0,1,,,0,1,0,2,0
20260124,cod,SCR,0,1,1,1,1,1,0,1,0,1,1,1,0,1,0,2,0
20260302,cod,GKS,0,4,7,7,5,5,1,1,1,1,1,1,0,1,1,5,1
20260107,cod,SCR,0,1,1,1,1,2,1,1,1,1,1,0,0,1,0,1,0
20260318,cod,HSW,0,0,1,1,1,1,0,1,0,1,,,0,1,0,1,0
20260114,cod,NMA,0,1,1,1,1,1,1,1,1,1,2,1,0,1,1,2,1
20260109,cod,NMA,0,1,2,2,0,1,1,1,1,1,2,1,0,1,0,1,0
20260325,cod,MNM,0,2,3,3,2,4,0,1,0,1,4,1,0,1,0,2,0
20260327,cod,MNM,0,6,7,7,3,6,0,0,0,1,1,0,0,1,0,3,0
20260207,cod,CMA,0,1,3,3,1,1,0,1,0,1,,,1,1,,,
20260305,cod,SCR,0,0,1,1,1,2,1,1,1,1,,,0,1,0,1,0
20260225,cod,CLS,0,0,1,1,1,1,1,1,1,1,1,1,0,1,0,1,0
20260303,cod,GKS,0,8,10,10,8,11,1,1,1,1,1,1,0,1,0,1,0
20260214,cod,NMA,0,2,2,2,1,2,0,0,0,1,,,0,1,,,
20260223,cod,CLS,0,1,1,1,1,1,0,1,0,1,1,1,0,1,0,2,0
20260321,cod,MWP,0,1,2,2,4,4,0,0,0,1,3,0,1,1,1,7,1
20260106,cod,CLS,0,3,3,3,3,3,0,1,0,1,,,0,1,4,4,4
20260208,cod,CLS,0,1,1,2,1,1,1,1,1,1,1,1,0,1,,,
20260401,cod,GKP,0,,,,1,1,0,0,0,1,,,0,1,,,
20260130,cod,NMA,0,1,2,2,0,1,0,0,1,1,,,0,1,,,
20260109,cod,SCR,0,0,1,1,4,5,1,1,1,1,2,1,0,1,,,
20260209,cod,CLS,0,2,3,3,2,2,1,1,1,1,1,1,0,1,0,1,0
20260309,cod,CLS,0,1,1,1,1,1,1,1,1,1,,,0,1,,,
20260330,cod,NMA,0,2,2,2,2,2,1,1,1,1,,,0,1,0,1,0
20260310,cod,ROM,0,3,20,26,4,5,1,1,1,1,3,0,0,1,1,4,0
20260329,cod,CQN,0,0,1,1,1,1,1,1,1,1,2,1,0,1,3,4,0
20260323,cod,HSW,0,0,13,13,1,1,0,1,0,1,,,1,1,0,1,0
20260130,cod,CLS,0,,,,1,1,0,0,0,1,,,1,1,0,1,0
20260319,cod,VEB,0,4,4,4,3,4,0,0,0,1,,,0,1,0,1,0
20260227,cod,CLS,0,,,,1,1,1,1,1,1,1,0,0,1,0,1,0
20260209,cod,BBW,0,1,1,1,1,2,0,1,0,1,,,1,1,0,1,0
20260328,cod,GKP,0,1,1,1,0,1,0,0,0,1,,,0,1,,,
20260109,cod,CMA,0,1,1,1,0,1,0,1,0,1,2,0,0,1,0,1,0
20260311,cod,GKP,0,1,1,1,1,1,1,1,1,1,1,1,0,1,0,1,0
20260127,cod,CLS,0,2,3,3,1,3,1,1,1,1,1,1,0,1,0,1,0
20260324,cod,ILM,0,2,2,2,0,2,0,0,0,1,,,0,1,,,
20260219,cod,SCR,0,0,5,5,2,2,0,0,1,1,,,0,1,,,
20260127,cod,NMA,0,1,1,1,1,1,1,1,1,1,1,1,0,1,0,1,0
20260120,cod,CLS,0,1,1,1,1,2,1,1,1,1,1,1,0,1,,,
20260227,cod,NMB,0,3,3,11,4,8,0,1,0,1,4,1,0,1,0,1,0
20260107,cod,CLS,0,1,2,2,0,1,0,1,0,2,2,1,0,2,0,1,0
20260211,cod,BBW,0,,,,4,4,2,2,2,2,2,1,0,2,1,1,1
20260331,cod,MYR,0,0,1,1,1,1,0,0,0,2,,,1,2,0,1,0
20260223,cod,HSW,0,7,7,7,5,7,0,1,1,2,2,0,0,2,,,
20260224,cod,ROM,0,0,4,5,0,2,0,2,0,2,8,2,0,2,2,4,1
20260124,cod,AGI,0,0,2,5,4,5,1,2,1,2,1,1,1,2,1,4,1
20260205,cod,SCR,1,0,1,1,2,3,0,1,0,2,2,1,1,2,0,3,0
20260327,cod,BBW,0,3,4,4,3,4,2,2,2,2,4,1,0,2,0,5,0
20260310,cod,MWP,0,5,5,5,5,6,1,1,1,2,2,1,1,2,0,1,0
20260404,cod,MNM,0,6,8,8,0,10,1,2,1,2,7,1,0,2,2,12,1
20260124,cod,CLS,0,1,1,1,1,1,1,2,1,2,1,1,1,2,0,1,0
20260311,cod,MWP,0,3,4,4,1,3,0,1,0,2,5,0,2,2,1,2,0
20260203,cod,SCR,0,,,,2,2,0,1,1,2,1,1,1,2,0,2,0
20260210,cod,SCR,0,1,2,2,2,2,1,2,1,2,2,2,1,2,0,3,0
20260307,cod,NMA,0,3,3,3,2,3,0,0,0,2,,,1,2,,,
20260106,cod,NMB,0,3,6,12,1,3,0,2,0,2,,,1,2,1,1,0
20260402,cod,ILM,0,1,1,1,1,1,0,0,0,2,1,0,0,2,,,
20260130,cod,NMB,0,1,1,4,1,1,0,2,0,2,3,0,2,2,0,1,0
20260219,cod,FLS,0,,,,12,14,0,2,0,2,2,2,0,2,0,2,0
20260402,cod,MYR,0,,,,0,2,0,0,0,2,,,2,2,,,
20260107,cod,FBD,1,51,53,53,50,72,2,2,2,2,3,2,0,2,0,1,0
20260324,cod,HSW,1,4,4,4,13,22,1,1,1,2,,,0,2,,,
20260114,cod,SCR,0,0,1,1,1,1,1,2,1,2,2,2,0,2,2,6,2
20260211,cod,NMA,0,,,,0,1,1,2,1,2,2,2,0,2,0,2,0
20260303,cod,MWP,0,2,2,2,4,4,1,2,1,2,3,2,1,2,0,4,0
20260331,cod,NMA,0,3,3,3,2,3,1,2,1,2,2,2,1,2,0,1,0
20260325,cod,CQN,0,4,5,5,2,4,0,1,1,2,1,1,0,2,0,3,0
20260119,cod,SCR,0,,,,1,2,0,1,0,2,,,1,2,,,
20260218,cod,EMC,0,2,2,2,1,2,0,0,1,2,1,0,1,2,0,2,0
20260315,cod,SDB,0,0,1,2,2,3,0,1,0,2,1,0,0,2,0,1,0
20260131,cod,CLS,0,,,,1,1,1,1,1,2,1,1,1,2,0,1,0
20260215,cod,CMA,0,2,2,2,2,2,1,2,1,2,10,2,0,2,2,5,2
20260315,cod,CQN,0,1,1,1,1,1,2,2,2,2,2,2,0,2,0,1,0
20260114,cod,MWP,0,2,2,2,0,3,0,1,0,2,1,0,1,2,,,
20260403,cod,NMB,0,2,2,2,0,2,0,2,0,2,2,2,0,2,0,2,0
20260117,cod,SCR,0,1,1,1,1,1,1,2,1,2,1,1,1,2,0,1,0
20260204,cod,CMA,0,,,,1,1,1,1,1,2,2,1,0,2,0,2,0
20260306,cod,CLS,0,,,,1,1,1,2,1,2,1,1,1,2,,,
20260405,cod,POP,0,4,4,5,0,4,1,2,1,2,4,2,1,2,1,4,0
20260129,cod,CMA,2,1,1,1,0,3,0,0,1,2,,,0,2,0,1,0
20260403,cod,ILM,0,1,1,1,0,1,0,0,0,2,,,0,2,,,
20260324,cod,MNM,0,1,3,3,0,1,2,2,2,2,2,1,0,2,0,2,0
20260221,cod,EMC,0,1,2,2,1,1,0,1,0,2,,,2,2,0,1,0
20260213,cod,EMC,0,1,1,1,0,1,2,2,2,2,2,2,0,2,,,
20260310,cod,SCR,0,1,3,3,1,1,1,2,1,2,1,1,1,2,,,
20260321,cod,VEB,0,2,2,2,1,2,0,2,0,2,1,1,0,2,0,3,0
20260403,cod,CQN,0,2,2,2,2,4,0,2,0,2,2,2,2,2,1,4,0
20260319,cod,HSW,0,,,,0,1,2,2,2,2,2,1,0,2,0,1,0
20260306,cod,SDB,0,0,1,2,2,3,1,1,1,2,1,1,1,2,1,2,1
20260317,cod,CQN,0,1,1,1,1,1,2,2,2,2,2,2,0,2,0,1,0
20260305,cod,HSW,0,0,3,3,2,2,0,1,1,2,,,1,2,,,
20260213,cod,CMA,1,61,63,63,40,62,2,2,2,2,2,2,0,2,0,4,0
20260221,cod,BBW,0,0,2,2,2,2,1,2,1,2,2,0,0,2,0,1,0
20260213,cod,NMB,0,0,0,1,1,1,1,1,1,2,,,1,2,0,1,0
20260310,cod,HSW,0,4,4,4,3,5,1,2,1,2,2,2,1,2,0,2,0
20260302,cod,NMA,0,1,1,1,1,1,1,2,1,2,2,2,1,2,,,
20260221,cod,MYR,0,21,34,40,12,22,1,1,2,2,1,1,0,2,,,
20260227,cod,MWP,1,3,5,5,4,5,1,1,2,2,1,0,0,2,1,2,1
20260311,cod,SDB,0,0,2,5,3,4,0,1,0,2,1,1,2,2,0,2,0
20260216,cod,EMC,2,3,3,3,1,5,0,1,1,2,2,1,1,2,,,
20260330,cod,NMB,0,3,3,3,0,3,0,0,1,2,1,0,1,2,1,2,1
20260321,cod,HSW,0,,,,1,1,1,1,2,2,2,1,0,2,0,1,0
20260330,cod,MWP,0,3,3,4,2,3,2,2,2,2,4,2,0,2,0,4,0
20260309,cod,NMA,0,1,1,2,1,1,1,1,2,2,1,1,0,2,,,
20260224,cod,BBW,0,3,3,3,2,5,2,2,2,2,3,2,0,2,0,2,0
20260324,cod,VEB,0,9,9,9,8,10,1,2,1,2,1,0,0,2,0,2,0
20260318,cod,CLS,0,,,,0,1,0,1,1,2,,,0,2,0,2,0
20260221,cod,SCR,0,1,2,2,1,3,1,2,1,2,3,2,0,2,0,2,0
20260304,cod,MWP,0,2,4,4,4,4,1,2,1,2,2,0,0,2,2,4,0
20260303,cod,NMA,0,1,1,1,1,1,0,1,0,2,1,1,0,2,0,1,0
20260307,cod,SDB,0,0,1,3,0,1,0,1,0,2,1,1,1,2,0,1,0
20260313,cod,SDB,0,0,1,3,2,6,0,0,0,2,,,2,2,0,1,0
20260320,cod,BBW,0,,,,1,2,1,1,1,2,2,0,0,2,,,
20260311,cod,LFS,0,7,304,340,9,18,1,1,1,2,3,1,0,2,,,
20260323,cod,MWP,0,2,3,3,3,3,1,1,1,2,2,1,1,2,1,3,0
20260214,cod,SCR,0,0,3,3,1,1,2,2,2,2,1,1,0,2,0,1,0
20260307,cod,BBW,0,1,4,4,2,3,0,1,1,2,2,1,0,2,1,5,0
20260122,cod,AGI,0,2,9,18,7,9,0,0,2,2,,,0,2,0,1,0
20260207,cod,NMB,1,4,6,7,2,4,0,1,1,2,1,1,0,2,2,4,2
20260403,cod,POP,0,2,4,4,0,3,0,1,0,2,2,1,2,2,1,2,1
20260327,cod,ILM,0,1,2,2,0,1,0,0,0,2,,,0,2,,,
20260325,cod,HSW,0,2,2,2,2,2,1,1,1,2,2,1,0,2,0,1,0
20260211,cod,MNM,0,0,1,3,4,7,1,1,1,2,1,0,1,2,1,1,1
20260221,cod,NMB,0,4,4,6,0,4,1,3,1,3,2,2,0,3,0,2,0
20260304,cod,EMC,0,10,12,12,6,10,1,1,1,3,1,1,0,3,0,4,0
20260402,cod,NMB,0,1,2,6,0,2,0,1,0,3,,,0,3,,,
20260217,cod,NMB,0,2,3,4,1,4,0,2,0,3,2,2,0,3,0,1,0
20260223,cod,SCR,0,0,1,1,0,2,1,2,1,3,2,2,2,3,0,2,0
20260314,cod,POP,1,9,13,13,12,15,0,1,0,3,2,1,1,3,0,1,0
20260318,cod,NMB,1,5,5,42,2,6,1,1,1,3,1,1,1,3,0,1,0
20260128,cod,MWP,0,0,1,2,2,4,2,2,2,3,3,1,1,3,1,3,0
20260106,cod,MWP,0,7,7,7,6,7,0,3,0,3,,,2,3,1,1,0
20260322,cod,MWP,0,2,3,3,3,3,2,3,2,3,1,1,0,3,0,1,0
20260116,cod,AGI,0,1,3,6,8,9,0,1,2,3,,,0,3,,,
20260220,cod,NMB,0,6,7,7,4,9,0,3,0,3,5,3,1,3,0,4,0
20260224,cod,EMC,0,3,3,3,0,3,0,0,0,3,,,2,3,0,1,0
20260309,cod,POP,1,10,10,10,7,11,1,3,1,3,4,3,1,3,1,6,1
20260210,cod,MNM,0,6,13,13,5,8,0,0,1,3,3,0,1,3,2,2,2
20260331,cod,ROM,0,0,2,2,0,2,1,3,1,3,3,2,1,3,1,1,0
20260404,cod,SHO,0,1,1,1,0,4,1,2,2,3,2,1,1,3,1,2,0
20260403,cod,HSW,0,6,7,7,0,9,2,3,2,3,3,1,0,3,2,3,0
20260114,cod,NMB,0,0,2,2,4,5,0,2,0,3,3,2,2,3,0,3,0
20260216,cod,SCR,0,1,1,1,2,5,2,2,2,3,3,2,0,3,0,2,0
20260319,cod,NMB,0,4,5,6,2,5,1,2,1,3,5,2,1,3,1,1,1
20260228,cod,AGI,1,6,9,10,9,11,0,2,0,3,4,2,1,3,1,7,0
20260115,cod,MWP,0,3,5,5,3,3,1,2,2,3,7,2,1,3,1,2,1
20260214,cod,CMA,2,82,82,82,56,84,1,3,1,3,4,3,0,3,,,
20260115,cod,AGI,1,2,7,10,3,4,2,3,2,3,3,2,1,3,0,3,0
20260223,cod,EMC,0,1,1,1,2,7,1,1,1,3,1,1,1,3,0,1,0
20260309,cod,BBW,0,4,6,6,3,6,1,2,2,3,,,1,3,1,5,0
20260326,cod,SIS,0,1,2,2,2,4,1,2,1,3,3,2,1,3,1,4,1
20260217,cod,SCR,0,0,0,1,1,1,2,3,2,3,3,2,1,3,0,3,0
20260212,cod,CMA,1,1,2,2,0,1,2,3,2,3,3,3,0,3,,,
20260317,cod,VEB,0,4,4,4,3,4,3,3,3,3,4,3,0,3,1,3,1
20260326,cod,VEB,0,3,3,3,2,3,1,2,1,3,1,1,1,3,0,2,0
20260214,cod,NMB,0,1,1,1,1,1,1,3,1,3,4,3,1,3,0,2,0
20260209,cod,FRD,1,,,,1,3,1,2,2,3,2,2,0,3,0,2,0
20260330,cod,CLS,0,32,38,38,27,36,2,3,2,3,4,1,0,3,0,2,0
20260326,cod,CQN,0,3,3,3,4,4,1,2,1,3,5,2,1,3,3,5,2
20260321,cod,SIS,0,,,,0,3,0,1,0,3,1,1,1,3,0,1,0
20260306,cod,SIS,0,2,5,6,2,6,0,0,0,3,1,0,2,3,1,1,1
20260221,cod,HSW,0,8,8,8,5,8,2,2,2,3,4,2,0,3,1,3,1
20260328,cod,ILM,0,,,,0,2,0,1,1,3,1,1,1,3,0,1,0
20260227,cod,BBW,0,2,4,4,0,2,0,2,1,3,6,1,0,3,0,6,0
20260323,cod,NMB,1,1,3,11,0,2,0,2,0,3,3,1,1,3,1,2,1
20260129,cod,AGI,0,4,7,10,4,9,2,2,2,3,2,1,1,3,1,5,1
20260124,cod,MWP,0,4,5,5,3,5,1,2,1,3,2,0,1,3,1,1,1
20260316,cod,MYR,0,1,2,2,1,1,2,3,2,3,3,3,0,3,0,2,0
20260121,cod,AGI,0,2,7,9,4,6,1,3,1,3,,,2,3,0,5,0
20260114,cod,CMA,0,,,,0,1,2,2,2,3,3,2,1,3,,,
20260128,cod,CMA,2,2,3,3,1,3,0,0,0,3,,,2,3,1,3,1
20260322,cod,MNM,0,2,2,2,0,2,2,3,2,3,1,1,0,3,0,4,0
20260209,cod,MNM,2,4,6,6,3,8,0,0,0,3,,,1,3,,,
20260322,cod,CQN,0,2,2,2,4,4,1,3,1,3,4,3,0,3,1,4,0
20260327,cod,AGI,0,4,8,8,6,7,2,2,2,3,5,2,1,3,,,
20260217,cod,MYR,0,6,6,6,3,7,1,3,1,3,2,2,2,3,0,3,0
20260310,cod,SDB,0,0,2,3,2,3,1,2,1,3,2,2,1,3,0,1,0
20260308,cod,BBW,0,1,3,3,2,4,2,3,2,3,5,2,1,3,0,2,0
20260224,cod,CDM,0,0,0,1,5,20,0,3,0,3,4,3,0,3,0,3,0
20260310,cod,POP,0,5,8,8,4,5,2,2,3,3,7,2,0,3,3,5,3
20260203,cod,NMB,0,2,2,2,1,3,1,1,1,3,2,1,2,3,0,1,0
20260220,cod,MWP,0,0,1,1,1,2,1,2,1,3,3,2,1,3,,,
20260331,cod,HSW,0,0,3,3,9,16,1,1,2,3,,,0,3,0,1,0
20260216,cod,NMB,0,1,3,3,1,1,1,1,1,3,1,1,0,3,,,
20260309,cod,SDB,0,0,5,7,2,2,1,2,2,3,2,2,1,3,0,2,0
20260110,cod,MWP,0,0,2,2,1,1,2,2,3,3,5,1,0,3,0,1,0
20260323,cod,VEB,0,4,4,4,2,4,3,3,3,3,4,2,0,3,0,3,0
20260215,cod,BBW,0,1,1,1,2,2,1,3,1,3,2,2,0,3,0,3,0
20260305,cod,EMC,0,17,17,17,13,20,1,2,1,3,3,2,2,3,,,
20260322,cod,BBW,0,3,6,6,2,3,2,3,2,3,1,1,1,3,0,3,0
20260109,cod,CLS,0,2,2,2,2,2,0,1,0,3,4,1,2,3,1,2,0
20260318,cod,MNM,0,1,1,1,2,2,0,1,0,3,1,1,1,3,0,3,0
20260211,cod,FRD,5,46,608,614,31,46,2,3,2,3,4,3,0,3,0,1,0
20260112,cod,CMA,1,19,19,19,10,20,0,1,0,3,,,0,3,0,1,0
20260228,cod,HSW,0,0,1,1,2,2,0,0,2,3,1,0,0,3,1,2,1
20260402,cod,MNM,0,1,5,5,1,4,0,0,2,3,5,0,0,3,0,2,0
20260310,cod,BBW,0,1,3,3,2,3,1,2,2,3,2,2,0,3,0,2,0
20260222,cod,EMC,0,0,6,6,1,1,0,1,0,3,1,1,2,3,,,
20260201,cod,CMA,0,1,1,1,1,1,1,2,1,3,2,2,0,3,2,2,2
20260220,cod,NMA,0,3,3,3,2,3,2,3,2,3,1,1,1,3,,,
20260217,cod,EMC,0,1,1,1,0,1,1,2,1,3,1,1,2,3,,,
20260324,cod,MWP,0,2,2,2,3,3,1,1,3,3,2,0,0,3,1,2,0
20260316,cod,SCR,0,,,,2,2,0,0,3,3,,,0,3,,,
20260212,cod,BBW,0,2,2,2,1,2,2,3,2,3,3,3,0,3,0,3,0
20260324,cod,BBW,0,2,3,3,4,5,2,2,2,3,1,0,0,3,0,3,0
20260227,cod,SCR,0,0,1,1,0,1,1,2,1,3,2,2,0,3,0,2,0
20260112,cod,CLS,0,2,2,2,2,2,1,2,1,3,3,2,0,3,0,4,0
20260405,cod,CQN,0,3,3,7,0,3,3,3,3,3,5,3,0,3,1,3,0
20260325,cod,VEB,0,7,7,7,4,7,1,2,1,3,2,1,1,3,0,2,0
20260127,cod,CMA,0,1,1,1,1,1,0,1,0,3,1,1,1,3,0,5,0
20260228,cod,MNM,0,3,3,3,2,3,0,1,1,3,4,1,0,3,,,
20260402,cod,CQN,0,6,8,8,5,6,2,2,2,4,2,2,0,4,0,1,0
20260306,cod,HSW,0,3,3,3,5,6,2,3,3,4,6,3,0,4,1,4,1
20260314,cod,ROM,0,1,11,12,4,7,2,4,2,4,3,2,1,4,0,4,0
20260127,cod,MWP,0,0,4,5,1,1,0,1,1,4,2,1,1,4,0,1,0
20260309,cod,MWP,0,3,4,4,5,5,3,3,4,4,2,2,0,4,2,3,2
20260401,cod,MWP,0,3,4,5,2,6,4,4,4,4,3,3,0,4,0,4,0
20260318,cod,BBW,0,2,2,2,2,2,2,2,2,4,2,2,1,4,0,2,0
20260330,cod,FKA,0,0,6,6,1,3,0,1,0,4,5,0,2,4,,,
20260116,cod,MWP,0,1,2,2,2,2,2,3,2,4,2,1,0,4,1,2,0
20260225,cod,BBW,0,2,4,4,1,2,3,4,3,4,6,2,1,4,0,2,0
20260312,cod,HSW,0,2,2,2,3,4,2,3,3,4,3,2,1,4,0,3,0
20260402,cod,ROM,0,,,,0,2,1,2,1,4,3,1,0,4,0,2,0
20260115,cod,NMB,0,1,2,3,1,2,0,1,0,4,1,1,1,4,,,
20260328,cod,ROM,0,1,1,1,2,4,0,1,0,4,,,0,4,1,7,1
20260307,cod,SIS,0,1,11,17,2,4,1,3,1,4,5,3,1,4,0,1,0
20260212,cod,MNM,1,3,3,3,2,4,1,4,1,4,5,4,1,4,0,2,0
20260328,cod,BBW,0,2,3,3,0,3,1,4,1,4,3,2,2,4,1,1,1
20260404,cod,POP,0,1,1,1,0,3,1,2,2,4,2,2,0,4,0,1,0
20260301,cod,BBW,0,3,5,5,3,3,2,2,2,4,4,2,1,4,1,5,0
20260312,cod,BBW,0,2,2,2,4,6,1,3,1,4,5,2,0,4,0,2,0
20260211,cod,AGI,0,1,3,3,2,3,1,2,3,4,3,2,1,4,2,5,1
20260219,cod,GKP,0,3,6,6,8,8,3,3,3,4,4,3,1,4,1,4,1
20260324,cod,CQN,0,1,1,1,2,3,2,2,3,4,1,1,0,4,0,1,0
20260404,cod,ROM,0,1,1,3,0,1,1,2,2,4,2,2,2,4,0,4,0
20260316,cod,NMB,0,2,3,49,2,3,2,3,2,4,,,0,4,2,5,2
20260403,cod,MWP,0,7,8,9,2,12,2,3,2,4,3,2,0,4,0,3,0
20260401,cod,BFK,0,3,4,4,2,6,1,2,1,4,11,1,1,4,1,1,0
20260106,cod,RPS,0,14,16,17,10,14,0,3,1,4,,,0,4,2,2,1
20260223,cod,NMB,0,3,7,10,3,3,0,2,1,4,2,2,3,4,0,2,0
20260201,cod,MWP,0,2,4,4,2,2,1,1,1,4,1,1,2,4,0,4,0
20260402,cod,MWP,0,3,8,8,1,4,2,4,2,4,5,4,0,4,0,3,0
20260220,cod,GKP,0,3,3,3,5,6,4,4,4,4,5,4,0,4,1,5,0
20260224,cod,GKP,0,9,12,12,12,14,2,4,2,4,3,3,0,4,0,4,0
20260329,cod,BBW,0,3,3,4,3,4,2,2,3,4,4,2,0,4,1,5,0
20260401,cod,NMB,0,0,0,2,0,1,0,4,0,4,1,1,0,4,0,7,0
20260210,cod,AGI,0,4,7,7,5,6,2,3,2,4,2,2,1,4,,,
20260326,cod,AGI,0,2,6,6,5,5,1,1,2,4,1,1,1,4,1,2,1
20260305,cod,SDB,0,0,4,4,1,2,1,2,2,4,2,2,1,4,0,2,0
20260222,cod,BBW,0,2,4,4,3,4,3,4,3,4,3,2,1,4,0,1,0
20260206,cod,NMB,1,5,5,5,2,5,0,1,0,4,1,1,1,4,0,1,0
20260313,cod,SIS,1,,,,0,2,0,4,0,4,6,3,3,4,0,4,0
20260403,cod,ROM,0,2,2,2,0,5,0,4,0,4,4,3,1,4,0,7,0
20260225,cod,EMC,0,6,6,6,4,6,1,2,1,4,3,2,0,4,,,
20260323,cod,MNM,0,5,5,5,4,5,2,3,2,4,6,4,0,4,1,3,1
20260125,cod,MWP,0,1,1,1,2,3,2,3,2,4,2,2,2,4,0,3,0
20260324,cod,MYR,0,0,1,1,2,5,2,3,2,4,3,3,0,4,,,
20260206,cod,SCR,0,,,,1,1,2,3,3,4,2,2,1,4,0,3,0
20260228,cod,GKS,0,2,3,3,2,2,1,2,1,4,5,1,1,4,2,5,2
20260304,cod,POP,0,0,1,1,1,1,0,1,1,4,2,1,0,4,1,4,1
20260301,cod,MWP,0,4,6,6,2,4,4,4,4,4,4,3,0,4,0,1,0
20260326,cod,BBW,0,7,8,8,4,7,2,4,2,4,3,3,0,4,0,3,0
20260207,cod,AGI,0,2,4,4,3,4,0,1,0,4,3,1,3,4,1,3,1
20260302,cod,HSW,0,0,5,5,1,1,2,3,2,4,5,0,0,4,4,6,1
20260305,cod,BBW,0,2,2,2,4,4,2,4,2,4,4,2,0,4,0,1,0
20260330,cod,MNM,0,3,6,6,1,8,2,3,2,4,6,3,0,4,0,1,0
20260313,cod,ROM,0,0,4,4,2,4,3,3,3,4,4,3,0,4,1,6,1
20260224,cod,AGI,0,6,16,19,8,9,2,2,2,4,3,2,2,4,2,3,0
20260224,cod,SCR,0,0,1,1,0,1,2,2,2,4,3,2,1,4,0,2,0
20260315,cod,BBW,0,2,2,2,4,4,3,3,4,4,4,1,0,4,1,1,1
20260311,cod,SIS,0,1,2,2,0,4,1,3,1,4,5,4,3,4,1,5,1
20260401,cod,BBW,0,2,2,2,1,5,3,3,3,4,4,2,1,4,1,5,1
20260401,cod,MNM,0,3,6,6,2,5,1,3,1,4,1,1,2,4,0,4,0
20260209,cod,NMB,0,2,3,4,1,2,1,4,1,4,6,4,1,4,0,4,0
20260215,cod,MNM,0,5,10,10,5,7,2,2,2,4,4,2,1,4,1,7,1
20260217,cod,MWP,0,2,4,4,2,3,1,2,1,4,4,1,1,4,1,8,1
20260129,cod,MWP,0,3,4,4,2,3,1,3,1,4,5,0,0,4,2,3,1
20260210,cod,MWP,2,12,21,22,8,13,2,2,2,4,2,2,1,4,1,2,1
20260202,cod,NMB,0,0,3,3,0,1,0,1,0,4,1,1,3,4,0,2,0
20260131,cod,POP,0,3,3,3,2,7,2,4,2,4,5,2,0,4,1,4,1
20260327,cod,MWP,0,5,6,6,6,7,1,2,2,4,2,1,0,4,0,3,0
20260222,cod,MWP,0,2,2,2,3,3,2,4,2,4,4,1,0,4,0,5,0
20260208,cod,MWP,0,2,3,3,2,3,1,3,1,4,4,3,1,4,1,3,1
20260226,cod,ILM,0,10,20,20,6,16,1,1,1,4,1,1,0,4,1,2,0
20260304,cod,AGI,0,0,3,3,1,1,3,3,4,4,8,3,0,4,9,13,4
20260219,cod,GKS,0,0,30,31,0,2,3,4,3,4,7,4,0,4,4,7,0
20260305,cod,GKS,0,91,94,94,70,91,4,4,4,4,2,2,0,4,0,2,0
20260308,cod,MWP,0,4,6,6,3,4,0,0,0,4,2,0,3,4,1,2,0
20260305,cod,POP,1,3,5,5,5,6,0,3,0,4,3,1,2,4,3,6,0
20260308,cod,POP,0,1,2,2,3,5,3,4,3,4,4,4,0,4,0,2,0
20260325,cod,SIS,0,42,48,73,5,71,0,2,0,5,3,2,0,5,0,1,0
20260402,cod,BBW,0,4,5,5,3,4,0,4,0,5,4,2,3,5,0,4,0
20260123,cod,MWP,0,5,7,7,5,5,2,3,3,5,3,2,1,5,1,3,0
20260223,cod,MNM,0,3,5,5,1,3,1,2,2,5,5,1,1,5,1,5,1
20260312,cod,SDB,0,0,10,15,0,1,3,3,3,5,4,3,2,5,1,3,1
20260401,cod,POP,0,1,2,2,1,1,1,2,1,5,2,1,0,5,0,2,0
20260330,cod,CQN,0,3,5,5,4,4,3,4,3,5,3,3,0,5,1,2,0
20260312,cod,POP,0,3,6,6,0,5,3,3,3,5,5,3,1,5,1,7,0
20260202,cod,CMA,0,1,1,1,0,1,1,2,2,5,3,2,1,5,0,2,0
20260218,cod,POP,0,2,2,2,2,8,2,2,2,5,5,2,2,5,1,6,1
20260204,cod,SCR,0,1,4,4,1,1,2,3,3,5,3,3,1,5,0,1,0
20260223,cod,MYR,0,23,33,35,15,26,2,5,2,5,6,5,1,5,0,4,0
20260327,cod,CQN,0,1,2,2,1,1,3,4,4,5,3,3,1,5,0,3,0
20260130,cod,AGI,0,0,2,6,2,4,3,4,4,5,5,4,1,5,0,5,0
20260317,cod,NMB,0,0,2,18,0,2,2,2,2,5,2,2,1,5,1,4,1
20260108,cod,CLS,0,,,,1,1,2,3,2,5,4,3,1,5,0,2,0
20260317,cod,MWP,0,2,3,4,1,3,1,4,1,5,4,2,1,5,0,4,0
20260320,cod,MNM,0,1,2,2,4,4,1,2,2,5,4,1,1,5,0,2,0
20260325,cod,NMB,0,4,4,7,0,4,1,2,1,5,2,2,2,5,0,3,0
20260117,cod,NMB,1,5,5,5,6,9,2,3,2,5,5,3,2,5,0,2,0
20260226,cod,MNM,0,1,4,4,1,1,2,3,3,5,3,2,0,5,0,1,0
20260218,cod,BBW,0,2,4,4,2,3,4,5,4,5,2,2,0,5,0,2,0
20260403,cod,SHO,0,1,3,3,1,3,3,3,3,5,1,1,0,5,0,3,0
20260228,cod,BBW,0,1,1,1,1,3,2,4,2,5,2,1,1,5,1,1,0
20260221,cod,MWP,0,1,2,2,2,2,3,4,3,5,7,3,0,5,0,4,0
20260219,cod,AGI,0,2,2,2,12,13,3,3,3,5,3,2,2,5,0,3,0
20260316,cod,SDB,0,0,1,1,2,4,0,3,0,5,2,2,0,5,0,2,0
20260203,cod,POP,0,1,6,6,2,2,1,4,1,5,4,2,2,5,0,2,0
20260328,cod,MNM,0,4,5,5,2,5,2,5,2,5,4,3,2,5,0,1,0
20260321,cod,MNM,0,4,4,4,2,5,4,5,4,5,2,1,0,5,1,5,0
20260204,cod,AGI,0,1,2,5,3,4,3,5,3,5,3,2,2,5,1,4,1
20260404,cod,BFK,0,2,2,2,0,4,2,3,2,5,5,3,1,5,0,3,0
20260305,cod,MWP,1,2,3,3,2,4,3,5,3,5,7,3,0,5,1,4,0
20260208,cod,AGI,0,3,8,8,3,3,0,1,2,5,2,1,2,5,0,2,0
20260318,cod,MWP,0,2,2,2,3,3,3,3,4,5,3,2,1,5,0,3,0
20260319,cod,GKA,2,44,58,58,31,44,3,5,3,5,8,5,1,5,10,15,3
20260328,cod,MWP,1,7,8,9,7,8,4,5,4,5,5,3,1,5,0,4,0
20260320,cod,NMB,0,5,6,6,3,6,0,4,0,5,4,3,2,5,1,6,1
20260404,cod,HSW,0,0,0,2,0,1,2,5,2,5,3,3,1,5,1,4,0
20260303,cod,EMC,0,4,5,5,4,4,2,2,2,5,3,2,3,5,0,5,0
20260305,cod,MNM,0,4,4,4,4,6,1,2,2,5,7,1,0,5,1,4,1
20260316,cod,HSW,0,3,3,3,6,7,3,3,3,5,2,2,0,5,0,1,0
20260314,cod,NMB,0,2,2,25,2,2,1,3,2,5,5,2,1,5,1,3,1
20260228,cod,POP,0,5,9,9,5,6,2,5,2,5,6,5,1,5,2,7,1
20260226,cod,BBW,0,2,2,2,2,4,2,4,3,5,1,1,1,5,0,3,0
20260328,cod,CQN,0,5,6,6,4,6,3,4,3,5,3,3,0,5,0,3,0
20260227,cod,MNM,0,5,6,6,4,8,2,4,2,5,2,2,2,5,0,5,0
20260226,cod,EMC,0,2,2,2,2,2,1,4,1,5,5,3,1,5,,,
20260301,cod,MNM,0,3,5,5,2,4,1,4,1,5,2,2,1,5,0,6,0
20260315,cod,MWP,0,3,3,3,2,3,1,4,1,5,4,3,1,5,1,4,1
20260209,cod,MWP,0,4,5,5,1,5,1,1,2,5,2,1,3,5,0,3,0
20260125,cod,KAL,2,281,685,686,363,416,0,2,0,5,1,1,4,5,0,1,0
20260227,cod,ILM,0,3,8,8,7,15,2,5,2,5,7,5,1,5,0,4,0
20260314,cod,BBW,0,2,4,4,1,3,0,1,1,5,3,0,0,5,1,4,0
20260117,cod,MWP,0,3,4,4,4,5,1,3,1,5,1,1,2,5,0,2,0
20260221,cod,POP,0,8,9,9,4,10,2,4,2,5,5,3,1,5,1,5,1
20260112,cod,MWP,0,1,2,2,1,1,3,5,3,5,5,5,1,5,,,
20260119,cod,MWP,0,1,2,2,2,2,1,4,1,5,2,2,3,5,1,4,0
20260302,cod,MWP,0,3,7,7,5,5,5,5,5,5,5,4,0,5,1,5,1
20260331,cod,CQN,0,3,4,4,2,5,2,4,2,5,6,4,2,5,1,4,0
20260107,cod,MWP,0,3,3,3,1,3,0,3,1,5,6,3,2,5,1,2,1
20260303,cod,NMB,0,1,2,47,1,1,1,4,1,5,3,2,1,5,0,3,0
20260225,cod,GKP,0,1,1,1,4,5,5,5,6,6,6,5,0,6,1,6,0
20260405,cod,BFK,0,1,1,1,0,1,4,5,4,6,4,3,0,6,0,1,0
20260211,cod,MWP,0,1,11,11,7,10,2,5,2,6,8,5,3,6,0,4,0
20260303,cod,BBW,0,4,5,5,4,4,0,3,0,6,3,2,2,6,0,3,0
20260219,cod,MWP,0,6,8,8,4,6,3,4,3,6,2,2,2,6,0,3,0
20260228,cod,GKP,0,,,,1,1,3,4,3,6,4,4,1,6,0,4,0
20260314,cod,MWP,0,4,4,4,4,5,4,5,4,6,4,1,2,6,0,4,0
20260128,cod,AGI,0,1,7,8,2,2,3,6,3,6,3,3,1,6,0,4,0
20260118,cod,MWP,0,2,3,3,1,3,1,3,2,6,6,3,3,6,2,5,1
20260312,cod,SIS,1,0,2,5,0,2,1,2,1,6,6,2,0,6,0,3,0
20260228,cod,NMB,0,5,5,6,2,5,2,5,2,6,3,2,1,6,3,5,2
20260328,cod,NMB,1,1,1,1,0,1,1,4,1,6,4,3,2,6,1,4,1
20260227,cod,HSW,0,1,3,3,4,6,1,5,2,6,6,4,0,6,0,6,0
20260223,cod,MWP,0,3,4,4,3,3,3,4,3,6,1,0,0,6,0,4,0
20260106,cod,POP,0,3,11,11,2,3,0,6,0,6,,,2,6,5,5,5
20260122,cod,MWP,0,2,2,2,1,2,1,3,2,6,3,1,1,6,2,3,1
20260211,cod,POP,2,7,8,8,3,10,3,5,4,6,6,4,1,6,1,6,0
20260218,cod,NMB,0,,,,1,1,2,4,2,6,4,4,2,6,0,2,0
20260120,cod,NMB,0,1,1,7,3,6,2,4,3,6,5,3,0,6,1,5,0
20260404,cod,MWP,0,5,8,8,0,6,2,4,2,6,8,3,0,6,1,6,0
20260110,cod,NMB,0,5,6,11,2,5,0,3,0,6,6,3,1,6,0,3,0
20260227,cod,AGI,0,3,8,9,4,4,3,5,4,6,5,4,0,6,1,3,0
20260131,cod,NMB,0,3,4,4,1,5,1,4,1,6,2,2,2,6,0,1,0
20260329,cod,MNM,0,3,7,7,3,4,4,5,4,6,3,2,1,6,2,9,2
20260330,cod,AGI,0,1,2,3,6,7,1,4,1,6,2,2,4,6,1,6,0
20260127,cod,NMB,0,6,8,8,4,7,2,3,2,6,3,3,3,6,4,6,2
20260212,cod,AGI,0,2,6,6,6,6,4,5,4,6,7,5,2,6,0,4,0
20260301,cod,GKS,0,1,1,1,1,1,3,5,3,6,3,3,1,6,0,1,0
20260220,cod,MYR,0,1,1,2,0,1,1,6,1,6,6,6,2,6,0,6,0
20260223,cod,ILM,0,1,7,7,2,3,2,3,2,6,6,3,1,6,3,6,0
20260404,cod,SIS,0,0,0,2,0,8,1,2,1,6,2,2,2,6,1,4,1
20260324,cod,SIS,0,2,31,31,2,2,0,1,0,6,1,0,2,6,0,2,0
20260331,cod,MWP,0,4,7,7,1,5,6,6,6,6,5,5,0,6,2,7,1
20260331,cod,CLS,0,35,35,36,30,41,4,6,4,6,5,3,2,6,0,3,0
20260225,cod,HSW,0,6,6,6,3,6,3,6,3,6,8,5,0,6,0,7,0
20260204,cod,NMB,0,3,3,4,3,3,1,3,1,6,4,2,3,6,0,1,0
20260213,cod,AGI,0,0,3,3,1,3,3,4,4,6,4,2,0,6,5,7,0
20260316,cod,MWP,0,1,2,2,1,1,4,4,4,6,4,3,1,6,1,6,1
20260314,cod,SDB,0,,,,3,4,3,5,4,6,6,4,0,6,1,5,1
20260320,cod,MWP,0,3,5,5,2,4,4,5,4,6,4,4,1,6,0,2,0
20260404,cod,BBW,0,2,4,5,0,7,2,3,3,6,5,3,0,6,0,5,0
20260127,cod,AGI,0,8,9,13,12,14,5,5,6,6,9,5,0,6,1,7,0
20260404,cod,CQN,0,4,4,4,2,4,4,4,6,6,5,4,0,6,2,5,1
20260305,cod,SIS,0,0,4,5,1,4,1,3,1,6,4,1,1,6,1,2,1
20260204,cod,MWP,0,,,,2,4,1,2,2,6,1,1,2,6,0,3,0
20260319,cod,SIS,0,,,,0,1,1,2,1,6,2,2,2,6,0,5,0
20260405,cod,AGI,0,0,0,3,0,1,3,4,5,6,6,3,1,6,0,2,0
20260309,cod,ROM,0,0,12,12,3,6,6,6,6,6,3,3,0,6,,,
20260202,cod,MWP,0,1,1,2,3,3,1,2,1,6,4,2,2,6,0,2,0
20260227,cod,EMC,0,3,3,3,2,3,2,5,2,6,5,4,2,6,0,3,0
20260225,cod,ILM,0,5,14,15,2,7,1,3,2,6,3,3,3,6,0,3,0
20260312,cod,LFS,5,85,608,669,191,310,2,3,2,6,3,2,0,6,0,2,0
20260321,cod,NMB,0,2,3,4,1,3,1,4,3,6,5,3,1,6,3,5,1
20260325,cod,BBW,0,1,1,1,0,2,1,1,1,6,2,0,0,6,,,
20260226,cod,AGI,1,7,8,8,12,13,1,3,3,6,3,2,1,6,1,4,1
20260125,cod,CMA,0,1,1,1,1,1,1,3,1,6,2,1,3,6,0,2,0
20260126,cod,AGI,0,1,6,10,4,4,4,5,4,6,6,4,1,6,1,6,1
20260315,cod,NMB,0,0,1,8,1,1,3,4,4,6,4,3,0,6,0,3,0
20260220,cod,MNM,0,3,4,4,1,3,1,4,2,6,2,1,0,6,0,5,0
20260330,cod,BBW,0,4,8,8,1,4,3,6,3,6,5,3,2,6,1,4,0
20260312,cod,MWP,0,1,1,1,1,2,2,5,2,6,2,0,2,6,1,5,0
20260121,cod,MWP,0,2,2,2,1,2,1,2,2,6,3,1,1,6,0,2,0
20260402,cod,FKA,0,1114,1635,2251,70,1435,0,1,0,6,1,1,1,6,0,1,0
20260326,cod,NMB,0,5,6,8,1,5,0,3,0,6,3,2,4,6,1,3,1
20260119,cod,NMB,2,6,12,14,2,6,2,4,2,6,1,0,3,6,1,4,1
20260122,cod,NMB,1,4,5,7,2,4,0,2,0,6,2,1,5,6,2,4,1
20260226,cod,MWP,0,1,2,2,2,2,3,3,4,6,2,1,1,6,0,5,0
20260226,cod,POP,0,5,5,5,3,6,1,4,2,7,6,3,1,7,0,5,0
20260121,cod,NMB,0,2,2,2,1,3,2,5,3,7,5,3,1,7,1,4,1
20260326,cod,MYR,0,,,,1,1,3,6,4,7,6,5,0,7,1,8,1
20260306,cod,EMC,1,11,11,11,7,11,5,6,5,7,5,5,1,7,0,4,0
20260305,cod,NMB,0,4,12,112,0,5,1,3,2,7,3,3,1,7,1,4,0
20260313,cod,POP,0,3,9,9,7,8,4,5,4,7,6,5,1,7,0,3,0
20260211,cod,NMB,0,3,5,5,1,3,3,6,3,7,2,2,0,7,1,4,1
20260331,cod,BBW,0,2,3,3,3,4,1,4,2,7,5,3,1,7,2,6,1
20260405,cod,BBW,0,5,5,9,0,7,2,5,2,7,4,3,0,7,0,2,0
20260318,cod,SIS,0,2,3,3,2,4,0,3,1,7,5,3,2,7,1,4,1
20260325,cod,AGI,0,2,5,5,5,5,3,3,4,7,4,2,2,7,1,2,1
20260307,cod,MNM,0,2,2,2,1,6,2,5,2,7,4,3,1,7,0,2,0
20260213,cod,BBW,0,5,5,5,3,5,2,7,2,7,9,7,2,7,1,8,1
20260118,cod,SDB,0,0,6,10,7,7,2,2,2,7,3,2,1,7,1,4,1
20260209,cod,AGI,0,0,2,4,5,6,2,3,3,7,2,1,3,7,2,5,0
20260116,cod,NMB,0,1,5,7,1,3,1,3,3,7,3,3,1,7,0,3,0
20260326,cod,MWP,0,0,2,2,4,5,5,6,5,7,6,4,1,7,0,4,0
20260324,cod,NMB,0,2,2,2,2,5,2,5,2,7,5,4,2,7,2,5,2
20260312,cod,MNM,0,3,6,6,4,6,1,3,1,7,5,3,2,7,0,3,0
20260225,cod,MNM,0,2,2,2,1,5,2,5,4,7,6,4,2,7,0,4,0
20260323,cod,SIS,1,2,6,7,0,2,0,3,0,7,3,2,1,7,0,2,0
20260218,cod,AGI,1,4,12,14,5,6,2,5,4,7,3,2,1,7,0,5,0
20260403,cod,BFK,0,4,6,6,0,4,2,4,2,7,4,3,1,7,1,7,1
20260319,cod,SDB,1,21,27,32,17,26,3,5,4,7,7,5,0,7,3,8,3
20260310,cod,SIS,1,0,3,5,0,2,1,2,1,7,2,2,1,7,0,2,0
20260225,cod,MWP,0,1,3,3,2,3,2,4,3,7,5,3,1,7,0,2,0
20260402,cod,POP,0,1,2,2,0,2,2,4,2,7,2,2,1,7,0,6,0
20260124,cod,KAL,0,1,136,136,1,1,1,1,2,7,,,1,7,,,
20260109,cod,NMB,0,3,3,4,1,3,2,5,2,7,5,4,4,7,0,7,0
20260120,cod,POP,0,9,10,10,3,9,3,4,3,7,10,3,1,7,0,6,0
20260206,cod,MWP,2,3,3,3,3,6,3,5,3,7,7,5,3,7,0,4,0
20260313,cod,AGI,0,4,5,8,7,8,2,4,3,7,8,4,2,7,5,8,2
20260317,cod,EMC,0,16,16,16,14,16,1,3,2,7,2,2,2,7,1,6,0
20260401,cod,FKA,0,0,422,558,38,246,0,2,0,7,2,1,2,7,0,2,0
20260227,cod,POP,0,5,6,6,4,5,3,5,4,7,3,2,0,7,1,5,0
20260327,cod,NMB,0,2,2,4,1,3,0,1,1,7,2,1,1,7,1,2,1
20260221,cod,MNM,1,2,5,5,1,3,1,3,2,7,7,1,1,7,0,3,0
20260118,cod,POP,0,3,5,5,6,10,1,6,1,7,8,5,2,7,1,10,1
20260224,cod,MWP,0,1,2,2,1,1,3,4,4,7,4,3,1,7,0,5,0
20260314,cod,SIS,0,1,4,5,0,1,0,4,0,7,7,2,3,7,2,4,2
20260208,cod,MNM,0,0,4,4,1,3,0,0,3,7,1,1,1,7,0,2,0
20260120,cod,MWP,0,1,1,1,0,2,1,2,3,7,5,2,2,7,1,4,1
20260327,cod,ROM,0,0,5,5,1,2,2,2,3,7,3,1,2,7,0,10,0
20260302,cod,EMC,0,2,2,2,2,2,3,5,3,7,5,5,3,7,0,2,0
20260120,cod,AGI,0,1,7,10,1,1,6,6,7,7,8,3,0,7,1,6,1
20260318,cod,SDB,0,15,21,31,21,25,1,2,3,7,4,2,0,7,2,4,2
20260331,cod,MNM,0,6,8,8,6,9,2,6,3,7,6,3,0,7,2,7,2
20260311,cod,MNM,0,3,6,6,1,4,1,2,3,7,1,1,3,7,0,2,0
20260129,cod,POP,1,7,8,8,7,10,3,3,3,7,3,2,0,7,1,3,1
20260228,cod,SDB,0,0,3,4,3,3,2,2,3,7,3,2,3,7,0,4,0
20260106,cod,SHC,0,10,21,21,6,10,0,7,0,7,,,3,7,6,6,4
20260129,cod,NMB,0,1,3,4,2,3,3,3,4,7,4,3,2,7,1,2,0
20260216,cod,MNM,0,4,6,7,7,8,1,4,1,7,4,2,1,7,0,1,0
20260220,cod,POP,0,2,4,4,3,3,2,3,4,7,4,3,0,7,0,4,0
20260303,cod,SDB,1,,,,1,2,2,3,2,7,4,3,3,7,0,2,0
20260403,cod,AGI,0,1,10,12,0,3,1,3,2,7,3,2,5,7,1,7,0
20260222,cod,MNM,0,4,4,4,7,7,2,6,2,7,1,0,1,7,0,7,0
20260225,cod,AGI,1,1,8,9,6,12,3,6,4,7,7,5,3,7,1,5,1
20260224,cod,ILM,0,11,12,13,7,16,2,6,2,7,3,3,2,7,0,4,0
20260307,cod,MWP,0,2,2,2,1,3,4,5,4,7,5,4,1,7,1,10,1
20260128,cod,NMB,0,2,4,6,1,4,2,5,2,7,7,5,2,7,1,7,0
20260131,cod,MWP,0,1,1,1,1,2,3,4,4,7,3,3,2,7,0,5,0
20260108,cod,SDB,0,0,8,12,9,12,2,2,3,7,7,2,1,7,0,2,0
20260108,cod,NMB,0,3,3,5,1,3,3,5,4,7,7,4,0,7,0,4,0
20260115,cod,CMA,0,1,1,1,0,4,4,6,4,7,9,6,1,7,1,8,0
20260205,cod,NMB,0,,,,3,3,1,4,1,7,1,1,4,7,0,4,0
20260109,cod,MWP,0,1,2,2,1,1,3,4,4,7,8,4,0,7,2,7,2
20260302,cod,BBW,0,3,3,3,2,4,0,5,1,7,2,1,3,7,0,3,0
20260319,cod,ILM,0,,,,0,1,1,5,2,8,2,2,3,8,1,4,0
20260205,cod,AGI,0,0,4,6,1,1,3,5,5,8,3,2,3,8,0,5,0
20260308,cod,MNM,0,2,4,4,1,2,2,5,2,8,7,3,1,8,0,4,0
20260302,cod,SDB,0,0,3,4,2,3,3,3,3,8,3,3,3,8,0,4,0
20260314,cod,MNM,1,0,3,3,0,2,1,3,1,8,3,1,2,8,0,5,0
20260403,cod,BBW,0,3,8,8,0,4,3,6,4,8,4,4,2,8,0,3,0
20260401,cod,CQN,0,,,,1,1,3,5,4,8,3,3,3,8,1,4,1
20260329,cod,MWP,0,2,3,3,3,3,4,6,6,8,5,4,0,8,1,6,0
20260313,cod,NMB,2,1,3,18,3,6,3,7,3,8,8,6,0,8,1,9,0
20260405,cod,MNM,0,8,8,10,0,10,5,8,5,8,7,3,1,8,3,7,0
20260216,cod,AGI,0,3,10,14,6,6,2,5,3,8,6,3,4,8,1,3,0
20260326,cod,MNM,0,5,5,5,5,6,3,4,3,8,3,2,1,8,2,4,2
20260401,cod,AGI,0,1,7,9,2,4,1,3,5,8,5,2,2,8,2,5,1
20260205,cod,POP,0,8,10,10,8,13,1,5,2,8,9,5,1,8,3,6,2
20260222,cod,POP,0,1,3,3,2,2,4,7,4,8,9,5,1,8,3,8,0
20260128,cod,SDB,0,0,11,13,18,25,2,4,4,8,4,2,0,8,1,5,0
20260313,cod,BBW,0,1,2,2,1,1,4,7,4,8,7,5,2,8,1,5,1
20260320,cod,SIS,0,1,4,4,0,1,1,2,1,8,2,1,1,8,3,4,3
20260307,cod,NMB,0,4,4,46,5,10,0,2,2,8,,,3,8,,,
20260131,cod,AGI,0,4,6,9,6,6,5,7,5,8,9,5,2,8,0,6,0
20260331,cod,FKA,0,0,308,446,2,4,1,7,1,8,3,3,3,8,0,5,0
20260308,cod,AGI,0,1,5,5,2,2,2,4,3,8,3,2,4,8,1,5,1
20260212,cod,NMB,0,1,2,4,1,3,2,3,3,8,6,3,2,8,1,7,1
20260313,cod,MWP,0,7,8,8,5,7,5,5,7,8,9,3,1,8,1,4,0
20260303,cod,HSW,0,2,3,3,6,7,3,8,3,8,5,4,2,8,0,4,0
20260218,cod,MWP,0,2,2,2,3,4,7,7,7,8,2,0,1,8,1,7,0
20260310,cod,MNM,0,2,3,3,2,4,1,6,1,8,6,5,3,8,0,10,0
20260205,cod,SDB,0,0,1,3,4,8,2,3,4,8,4,3,2,8,1,6,1
20260220,cod,HSW,0,5,5,5,4,5,5,7,5,8,7,6,0,8,1,8,1
20260219,cod,POP,1,6,7,7,4,6,2,5,2,8,4,3,2,8,0,4,0
20260209,cod,GKP,0,11,12,12,12,12,2,4,3,8,5,4,2,8,0,5,0
20260319,cod,MNM,0,1,4,4,1,1,4,5,4,8,7,5,1,8,0,5,0
20260306,cod,NMB,1,0,4,81,4,6,2,4,2,8,3,1,2,8,1,3,0
20260301,cod,AGI,0,0,5,6,0,1,3,5,5,8,5,4,1,8,3,5,1
20260401,cod,ROM,0,0,3,4,0,3,6,7,6,8,6,5,1,8,0,2,0
20260217,cod,MNM,0,2,3,3,2,4,2,5,2,8,4,2,1,8,0,3,0
20260307,cod,ROM,0,1,2,2,4,4,2,3,2,8,2,2,2,8,0,4,0
20260311,cod,ROM,0,1,7,9,14,23,4,6,4,8,8,5,1,8,0,4,0
20260112,cod,NMB,0,5,5,14,2,6,3,7,3,8,6,3,2,8,0,2,0
20260302,cod,ILM,6,9,18,18,10,23,1,6,1,8,11,6,1,8,4,9,2
20260225,cod,NMB,0,1,1,3,4,7,1,3,4,8,3,3,1,8,0,2,0
20260221,cod,AGI,0,0,0,1,3,3,6,6,6,8,6,4,2,8,1,7,0
20260129,cod,SDB,0,0,9,12,5,13,5,7,5,8,9,6,1,8,2,11,1
20260317,cod,SIS,0,3,5,8,0,3,0,2,1,8,2,2,2,8,0,2,0
20260210,cod,NMB,0,2,2,3,1,3,4,6,6,8,9,4,1,8,1,5,0
20260220,cod,ILM,0,2,4,4,1,2,2,6,2,8,10,6,0,8,0,3,0
20260121,cod,POP,0,8,9,9,7,11,3,6,3,8,10,5,1,8,1,7,1
20260316,cod,MNM,0,2,4,4,4,5,3,5,3,8,5,2,3,8,1,3,1
20260130,cod,POP,0,6,10,10,4,7,3,5,3,8,8,4,2,8,2,9,1
20260117,cod,POP,1,3,10,10,4,8,3,6,3,8,8,4,3,8,0,5,0
20260306,cod,MNM,0,3,3,3,2,3,4,6,4,8,3,1,1,8,0,5,0
20260302,cod,AGI,1,5,8,10,8,12,4,8,5,9,11,6,3,9,2,7,1
20260203,cod,AGI,0,0,2,4,6,7,3,6,6,9,9,5,1,9,1,6,0
20260116,cod,POP,0,5,10,10,1,5,4,7,4,9,8,6,1,9,2,9,1
20260217,cod,ILM,0,4,10,10,1,5,0,6,0,9,4,4,0,9,1,7,0
20260309,cod,AGI,0,3,9,10,9,10,1,3,3,9,11,3,2,9,0,4,0
20260124,cod,NMB,0,5,6,7,1,6,1,5,1,9,4,4,6,9,0,4,0
20260125,cod,NMB,0,0,0,1,2,3,1,4,1,9,5,4,6,9,0,2,0
20260107,cod,NMB,0,4,4,7,5,7,3,7,3,9,9,7,2,9,0,4,0
20260307,cod,POP,1,1,5,5,1,4,6,7,8,9,4,4,0,9,0,5,0
20260126,cod,KAL,7,361,606,606,668,755,1,2,4,9,3,0,1,9,,,
20260224,cod,MNM,0,0,3,3,2,2,5,7,5,9,4,3,2,9,0,5,0
20260327,cod,SIS,0,3,13,18,1,11,2,8,2,9,18,6,2,9,9,15,4
20260318,cod,CUL,1,17,17,17,12,19,6,9,6,9,9,9,3,9,0,10,0
20260221,cod,ILM,0,1,1,1,2,3,1,7,1,9,7,5,3,9,1,11,1
20260219,cod,MNM,0,1,1,1,4,4,7,8,8,9,10,6,1,9,0,7,0
20260308,cod,SIS,0,0,6,11,4,7,0,4,0,9,4,3,3,9,0,5,0
20260402,cod,BFK,0,5,5,6,1,6,3,8,3,9,3,3,1,9,1,4,0
20260312,cod,NMB,1,2,5,26,1,2,0,3,1,9,5,2,2,9,1,4,1
20260226,cod,SDB,0,0,3,4,2,7,1,2,1,9,1,1,1,9,0,1,0
20260123,cod,CMA,0,,,,0,1,2,3,2,9,1,0,3,9,0,3,0
20260310,cod,AGI,0,2,4,8,7,7,4,7,4,9,3,3,4,9,4,9,3
20260218,cod,ILM,0,5,8,8,2,11,2,7,2,9,6,6,2,9,1,5,1
20260220,cod,AGI,0,4,7,8,4,5,4,6,4,9,6,4,4,9,0,3,0
20260212,cod,MWP,0,5,5,5,12,15,1,4,1,9,4,3,4,9,3,7,2
20260317,cod,BBW,0,2,2,2,1,3,4,8,4,9,5,5,1,9,1,6,0
20260122,cod,CMA,0,2,2,2,1,2,1,4,1,9,3,2,4,9,0,1,0
20260228,cod,EMC,0,7,7,7,5,7,4,6,4,9,4,4,3,9,0,9,0
20260204,cod,POP,0,7,12,12,10,12,3,7,4,9,5,5,2,9,0,5,0
20260122,cod,POP,0,5,6,6,3,6,5,7,6,9,9,5,0,9,1,6,1
20260306,cod,ROM,0,2,2,2,5,5,4,4,4,9,5,4,4,9,0,4,0
20260212,cod,POP,0,7,8,8,4,8,3,7,5,9,7,5,2,9,0,5,0
20260219,cod,ILM,0,3,3,4,4,6,1,5,2,9,6,4,1,9,0,4,0
20260123,cod,NMB,0,0,3,5,0,1,2,4,3,9,6,3,2,9,2,6,2
20260223,cod,POP,2,11,13,13,6,13,4,7,4,9,4,2,1,9,0,4,0
20260208,cod,POP,0,1,2,2,2,2,3,6,3,9,6,5,3,9,0,8,0
20260403,cod,FKA,0,884,1858,2203,2,1085,2,4,2,9,4,4,2,9,1,5,0
20260404,cod,AGI,0,4,5,5,0,15,2,4,3,9,4,3,3,9,3,5,2
20260224,cod,NMB,1,2,7,9,0,3,2,5,2,9,4,4,3,9,0,4,0
20260317,cod,SDB,0,0,14,19,1,1,2,6,3,9,6,6,0,9,0,4,0
20260216,cod,CMA,8,175,177,177,89,175,6,9,6,9,17,7,1,9,2,5,1
20260203,cod,MWP,0,9,13,14,8,9,4,5,4,9,5,4,3,9,1,3,0
20260323,cod,AGI,0,1,7,7,1,2,5,7,5,9,9,6,3,9,2,5,1
20260317,cod,ILM,0,,,,1,1,3,5,3,9,5,4,3,9,2,7,1
20260306,cod,MWP,0,1,1,1,1,1,6,8,7,9,5,3,1,9,0,3,0
20260321,cod,EMC,0,17,17,18,10,19,5,6,6,9,7,6,0,9,1,9,1
20260312,cod,ROM,0,0,1,1,8,15,7,7,7,9,6,5,0,9,2,4,2
20260316,cod,POP,1,23,26,29,22,33,2,5,2,9,7,5,1,9,0,7,0
20260317,cod,MNM,0,1,2,2,1,3,3,6,3,9,3,3,3,9,0,6,0
20260119,cod,SDB,1,2,29,32,6,11,5,6,6,10,8,6,1,10,0,5,0
20260331,cod,BFK,0,3,6,6,3,3,1,2,4,10,2,1,1,10,1,2,0
20260220,cod,GKS,1,0,6,7,10,23,4,9,4,10,9,6,3,10,4,7,2
20260218,cod,MNM,0,4,7,7,2,5,4,7,5,10,8,6,2,10,0,8,0
20260319,cod,AGI,0,0,0,1,2,2,7,7,9,10,9,3,0,10,1,7,1
20260311,cod,ILM,1,6,8,8,15,21,4,8,4,10,10,7,2,10,1,7,0
20260317,cod,ROM,0,0,3,3,4,7,5,8,6,10,8,3,1,10,1,10,0
20260214,cod,AGI,0,2,2,2,6,6,6,9,7,10,10,7,3,10,2,6,2
20260209,cod,POP,0,16,17,17,12,17,2,6,3,10,7,4,2,10,1,5,1
20260313,cod,MNM,0,2,4,4,3,5,1,3,1,10,4,3,2,10,0,2,0
20260107,cod,SSI,12,,,,103,386,2,10,2,10,20,10,1,10,6,13,2
20260314,cod,AGI,1,6,10,15,7,9,5,7,7,10,10,5,2,10,2,7,1
20260215,cod,MWP,0,3,3,3,4,4,4,4,6,10,12,2,2,10,0,10,0
20260214,cod,MNM,0,2,4,4,4,7,1,4,2,10,,,4,10,0,7,0
20260325,cod,GKA,0,,,,1,2,3,7,4,10,4,4,1,10,0,1,0
20260302,cod,POP,0,4,7,7,4,6,0,4,2,10,7,3,3,10,0,5,0
20260129,cod,AIL,1,3,14,16,4,10,2,3,3,10,2,1,2,10,3,7,1
20260303,cod,MNM,0,3,4,4,2,4,4,5,4,10,5,3,3,10,0,4,0
20260130,cod,MWP,0,1,2,2,2,3,3,8,3,10,4,4,6,10,0,3,0
20260124,cod,POP,0,6,9,9,7,11,1,6,1,10,4,4,3,10,0,5,0
20260305,cod,ROM,0,5,6,6,7,9,2,4,3,10,1,1,5,10,0,4,0
20260309,cod,SIS,1,1,3,5,2,9,2,4,2,10,4,3,1,10,0,3,0
20260331,cod,POP,0,4,4,4,1,4,0,5,1,10,6,4,1,10,1,3,1
20260320,cod,AGI,0,3,7,7,5,5,6,8,8,10,6,3,1,10,2,4,1
20260228,cod,ILM,0,2,15,15,4,8,5,9,6,10,10,8,0,10,1,7,0
20260120,cod,SDB,0,0,17,21,20,26,6,8,7,10,6,6,1,10,3,12,3
20260127,cod,ILM,0,0,10,10,4,4,1,6,2,10,13,6,3,10,6,11,3
20260110,cod,SDB,0,0,13,16,6,10,4,6,4,10,9,5,2,10,0,7,0
20260115,cod,POP,0,4,4,4,7,8,5,6,5,10,10,5,3,10,0,5,0
20260220,cod,NYK,2,297,365,365,322,362,9,10,9,10,21,10,1,10,,,
20260123,cod,KAL,0,,,,1,1,0,1,3,10,4,0,3,10,0,1,0
20260302,cod,NMB,0,2,2,7,2,6,2,5,2,10,5,4,1,10,0,2,0
20260227,cod,SDB,0,0,2,2,1,1,3,6,3,10,6,6,2,10,0,6,0
20260320,cod,SDB,0,17,22,31,18,27,3,8,5,10,8,7,3,10,2,13,2
20260322,cod,CUL,0,14,14,14,11,14,4,5,5,10,7,5,4,10,2,7,2
20260317,cod,POP,1,16,17,19,15,18,2,7,2,10,7,6,2,10,1,7,1
20260316,cod,ROM,1,5,15,15,25,29,2,7,2,10,12,5,3,10,0,5,0
20260321,cod,POP,0,2,2,2,1,2,5,9,5,10,10,7,1,10,4,10,1
20260311,cod,AGI,0,6,11,13,9,10,4,7,6,10,8,6,4,10,4,10,2
20260402,cod,AGI,0,4,7,7,0,10,6,7,7,10,7,5,3,10,0,6,0
20260328,cod,VEB,0,7,7,7,4,7,6,8,6,10,6,5,0,10,1,10,0
20260321,cod,AGI,0,0,0,1,1,3,5,9,6,10,5,2,2,10,1,7,1
20260323,cod,EMC,0,10,10,11,16,19,4,9,4,11,13,6,3,11,4,20,1
20260130,cod,SDB,0,0,9,15,5,8,4,9,5,11,10,8,1,11,3,7,2
20260225,cod,GKS,0,4,4,4,1,4,3,5,4,11,6,5,1,11,1,6,1
20260226,cod,GKS,0,2,2,2,1,2,3,7,3,11,5,5,2,11,0,5,0
20260309,cod,NMB,0,3,6,32,3,3,1,5,1,11,6,5,3,11,0,4,0
20260303,cod,AGI,1,3,8,10,4,6,5,8,7,11,8,5,2,11,2,8,1
20260210,cod,GKP,0,7,8,8,7,8,4,8,6,11,9,8,3,11,2,9,1
20260119,cod,POP,0,9,11,11,6,11,4,7,5,11,7,4,2,11,0,6,0
20260311,cod,POP,0,2,4,4,2,3,8,11,8,11,9,9,1,11,0,9,0
20260208,cod,GKP,0,10,11,11,12,13,6,10,7,11,9,9,3,11,0,8,0
20260114,cod,POP,1,2,6,6,0,3,6,7,6,11,10,6,1,11,1,12,1
20260312,cod,AGI,0,5,11,14,9,10,7,8,8,11,6,6,2,11,2,10,2
20260221,cod,GKP,0,6,11,11,4,6,5,10,5,11,7,7,1,11,0,7,0
20260225,cod,POP,0,6,7,7,5,8,4,7,5,11,5,5,0,11,0,7,0
20260213,cod,POP,0,9,13,13,4,10,4,9,4,11,10,7,4,11,3,12,3
20260306,cod,AGI,2,6,12,13,12,20,7,9,8,11,9,6,3,11,1,8,1
20260330,cod,VEB,0,2,2,2,1,2,3,7,4,11,7,6,2,11,0,8,0
20260222,cod,AGI,0,2,3,4,1,2,7,10,8,11,12,8,2,11,1,9,0
20260113,cod,SDB,0,0,5,7,10,12,3,6,3,11,8,6,1,11,1,8,1
20260315,cod,MNM,0,2,5,5,3,4,3,5,3,11,6,3,1,11,0,4,0
20260218,cod,GKP,0,5,10,10,7,10,6,7,9,11,7,7,0,11,0,7,0
20260212,cod,GKP,0,76,77,77,72,89,5,6,6,11,7,6,3,11,2,9,0
20260217,cod,HSW,0,1,1,1,0,1,1,3,2,11,2,2,5,11,0,3,0
20260206,cod,AGI,0,2,4,6,5,6,4,6,7,11,5,5,3,11,0,5,0
20260320,cod,ROM,1,4,7,8,6,8,6,7,6,11,5,4,1,11,1,9,1
20260213,cod,MWP,0,2,6,7,2,2,3,6,3,11,7,5,4,11,0,6,0
20260206,cod,GKP,0,5,5,5,6,8,4,6,7,11,5,4,3,11,0,7,0
20260316,cod,ILM,0,0,1,1,2,4,3,6,6,11,6,4,2,11,2,7,1
20260202,cod,POP,0,7,8,8,5,10,4,9,5,11,5,4,2,11,0,9,0
20260315,cod,AGI,0,3,6,6,4,6,6,10,6,11,10,7,2,11,1,8,1
20260311,cod,NMB,0,5,6,10,6,12,3,5,3,11,7,5,2,11,3,8,2
20260307,cod,AGI,0,1,6,7,7,7,6,8,6,11,5,3,4,11,0,4,0
20260310,cod,ILM,0,2,12,13,6,9,4,9,5,12,10,8,2,12,1,10,1
20260217,cod,AGI,0,1,5,6,8,8,2,5,6,12,5,3,4,12,0,4,0
20260403,cod,MNM,0,3,6,6,1,6,7,11,8,12,11,6,1,12,0,1,0
20260302,cod,MNM,0,1,2,2,2,3,2,5,2,12,6,4,2,12,0,4,0
20260225,cod,MYR,0,6,8,9,2,8,6,7,6,12,8,6,0,12,2,8,1
20260109,cod,SDB,0,0,9,10,5,6,5,10,5,12,11,10,2,12,1,7,1
20260217,cod,POP,0,4,7,7,7,7,7,10,7,12,7,7,3,12,0,7,0
20260223,cod,AGI,0,2,5,6,1,2,8,8,11,12,5,5,1,12,2,11,1
20260221,cod,GKS,0,0,2,2,4,8,2,8,3,12,15,6,5,12,3,8,2
20260320,cod,EMC,0,18,20,20,12,18,6,9,6,12,8,6,1,12,0,10,0
20260318,cod,POP,0,14,17,17,9,15,5,8,7,12,12,8,0,12,2,9,2
20260309,cod,EMC,0,19,19,19,13,25,7,9,8,12,5,4,1,12,0,11,0
20260318,cod,AGI,1,3,7,7,10,12,5,7,7,12,10,5,4,12,6,11,5
20260331,cod,AGI,0,4,8,9,3,5,4,5,6,12,6,5,4,12,0,4,0
20260401,cod,SHO,0,1,2,2,4,4,3,5,4,12,6,4,5,12,1,7,1
20260210,cod,SDB,0,1,26,33,12,20,5,8,6,12,8,8,2,12,0,8,0
20260216,cod,ILM,0,3,3,3,3,8,3,4,6,12,5,4,1,12,2,11,1
20260208,cod,SDB,0,,,,6,10,6,8,6,12,8,6,1,12,2,9,2
20260301,cod,SDB,0,0,1,1,2,3,4,7,4,12,7,7,3,12,0,6,0
20260324,cod,AGI,0,3,5,7,8,9,5,8,8,12,9,4,3,12,1,13,1
20260325,cod,ROM,1,0,2,5,7,8,3,10,3,12,6,6,3,12,2,10,2
20260313,cod,ILM,0,0,2,2,1,4,4,10,4,12,10,9,2,12,4,16,0
20260312,cod,ILM,1,0,1,1,1,3,3,7,4,12,5,3,4,12,1,8,1
20260309,cod,MNM,0,2,4,4,2,4,2,8,2,12,4,3,2,12,0,6,0
20260310,cod,NMB,1,3,7,16,0,4,2,4,2,12,4,3,1,12,0,6,0
20260315,cod,POP,1,0,8,9,0,2,7,11,7,12,9,9,2,12,1,11,1
20260202,cod,AGI,0,3,10,15,4,5,2,7,4,12,8,5,3,12,3,10,2
20260331,cod,SHO,0,0,3,3,1,2,6,7,6,12,5,4,4,12,1,6,1
20260210,cod,POP,0,1,3,3,1,1,6,8,7,12,6,6,0,12,0,8,0
20260329,cod,POP,0,1,2,2,0,1,2,6,3,12,9,4,1,12,1,6,1
20260220,cod,SDB,0,1,7,9,4,7,3,7,6,12,8,6,1,12,0,8,0
20260224,cod,POP,1,2,3,3,1,3,4,7,4,12,8,6,2,12,1,7,1
20260202,cod,SDB,0,1,13,16,6,7,2,7,2,12,8,5,3,12,3,5,2
20260222,cod,SDB,0,,,,0,3,2,6,3,12,6,5,3,12,2,9,2
20260223,cod,GKP,0,3,9,9,3,3,4,5,8,12,6,5,1,12,1,5,0
20260327,cod,FKA,0,0,4,4,1,3,0,2,1,12,3,2,8,12,0,4,0
20260123,cod,POP,0,1,6,6,2,2,3,12,3,12,12,9,4,12,3,13,3
20260401,cod,EMC,0,14,14,15,6,14,7,8,8,13,2,1,1,13,1,9,1
20260126,cod,ILM,0,3,4,4,5,13,5,7,6,13,7,5,2,13,0,8,0
20260403,cod,SIS,0,1,9,15,3,20,3,6,3,13,9,6,2,13,2,8,2
20260209,cod,SDB,0,0,32,46,2,3,6,10,7,13,9,9,2,13,1,10,1
20260117,cod,SDB,0,0,15,15,5,6,3,8,5,13,7,7,0,13,0,12,0
20260316,cod,EMC,0,9,9,10,12,21,4,6,6,13,5,3,2,13,1,11,1
20260316,cod,AGI,1,4,7,13,7,8,3,6,7,13,10,3,3,13,1,7,1
20260325,cod,EMC,0,27,27,27,21,27,6,8,8,13,10,5,1,13,2,10,1
20260224,cod,GKS,1,1,1,1,6,11,3,6,3,13,5,5,2,13,1,3,0
20260205,cod,ILM,0,2,8,9,4,19,4,8,4,13,10,6,2,13,2,11,2
20260315,cod,SIS,0,1,3,3,1,4,0,5,1,13,6,4,6,13,2,8,1
20260303,cod,POP,1,5,7,7,6,7,6,8,8,13,6,4,4,13,1,8,1
20260107,cod,SHC,0,4,16,20,12,15,7,10,7,13,17,9,2,13,0,5,0
20260330,cod,POP,0,2,2,2,2,3,5,6,6,13,5,4,3,13,2,10,1
20260316,cod,SIS,0,2,2,3,1,4,2,5,3,13,3,2,3,13,0,2,0
20260304,cod,KTH,0,40,40,40,28,40,7,9,8,13,18,9,1,13,7,19,5
20260211,cod,SDB,0,0,9,11,18,27,6,10,6,13,12,10,2,13,2,10,0
20260224,cod,SDB,0,0,2,4,5,7,2,5,3,13,4,3,4,13,0,6,0
20260305,cod,AGI,1,2,13,15,4,7,9,12,10,13,9,6,3,13,2,6,0
20260107,cod,POP,0,6,10,10,10,14,4,8,6,13,13,5,1,13,2,8,2
20260329,cod,AGI,0,0,1,1,0,1,5,8,6,13,6,5,4,13,0,10,0
20260301,cod,POP,0,2,4,4,5,6,6,12,6,13,13,11,1,13,1,11,1
20260405,cod,MWP,0,7,7,8,0,10,3,10,4,13,11,6,0,13,1,6,0
20260207,cod,POP,1,3,4,4,4,7,7,9,9,13,7,6,2,13,0,8,0
20260319,cod,EMC,0,13,13,18,10,13,8,12,8,14,15,12,0,14,3,18,1
20260221,cod,SDB,0,0,0,1,4,7,4,11,5,14,10,10,3,14,3,13,2
20260313,cod,EMC,0,8,8,8,6,8,3,7,4,14,7,5,2,14,0,13,0
20260114,cod,SDB,0,0,1,1,3,5,5,10,6,14,10,10,1,14,0,11,0
20260216,cod,MWP,0,1,2,2,1,1,7,9,7,14,4,0,3,14,1,4,1
20260202,cod,ILM,0,5,17,17,6,11,4,11,4,14,11,8,3,14,2,10,2
20260314,cod,EMC,0,6,7,7,3,6,4,9,5,14,8,7,2,14,0,6,0
20260303,cod,ILM,0,6,17,17,6,16,4,11,5,14,12,8,2,14,1,10,0
20260222,cod,GKP,0,,,,5,6,6,11,7,14,11,11,5,14,0,11,0
20260111,cod,SHC,0,0,4,4,0,2,7,12,7,14,25,10,0,14,3,15,2
20260212,cod,ILM,0,6,8,9,3,7,1,3,3,14,7,3,5,14,1,3,1
20260112,cod,SDB,0,0,14,18,9,11,7,9,9,14,12,9,1,14,0,8,0
20260107,cod,RPS,0,13,20,22,11,14,6,13,6,14,17,10,3,14,0,5,0
20260204,cod,GKP,0,6,6,6,6,7,6,9,7,14,9,9,4,14,0,11,0
20260328,cod,AGI,0,3,7,8,3,6,6,13,6,14,9,8,6,14,0,5,0
20260201,cod,SDB,1,0,5,5,4,6,4,9,5,14,9,9,2,14,3,14,1
20260213,cod,SDB,0,2,10,16,8,11,4,8,5,14,9,7,0,14,2,10,1
20260129,cod,FBD,0,5,17,17,27,33,6,10,6,14,13,8,3,14,4,14,0
20260125,cod,POP,0,2,3,3,3,5,2,8,3,14,9,7,5,14,1,9,0
20260323,cod,GKA,0,13,15,15,6,13,7,9,10,14,1,0,3,14,1,1,1
20260219,cod,AIL,0,2,15,15,10,14,3,8,4,14,13,6,6,14,4,10,2
20260207,cod,GKP,0,4,7,7,1,4,7,11,8,14,11,11,1,14,1,14,0
20260131,cod,ILM,0,5,8,8,6,15,4,9,4,14,9,8,2,14,0,9,0
20260108,cod,RPS,1,124,130,134,78,130,6,12,7,14,16,9,3,14,1,14,0
20260307,cod,EMC,0,6,6,6,5,6,8,14,8,14,16,14,1,14,0,4,0
20260326,cod,ROM,0,1,1,1,0,3,6,9,9,14,8,7,1,14,0,3,0
20260215,cod,POP,0,1,4,4,1,1,2,3,4,14,8,3,6,14,3,6,1
20260310,cod,EMC,0,8,8,8,5,8,7,11,8,14,13,10,0,14,1,11,1
20260122,cod,SDB,0,0,8,9,9,10,7,11,8,14,14,11,1,14,1,13,1
20260205,cod,GKP,0,10,13,13,7,10,5,10,8,15,10,8,2,15,0,6,0
20260121,cod,FBD,1,14,18,18,34,57,4,9,4,15,6,5,2,15,0,14,0
20260401,cod,SIS,0,2,7,9,5,14,2,6,3,15,4,1,3,15,0,4,0
20260325,cod,POP,0,7,9,9,4,7,4,12,6,15,14,9,2,15,6,20,3
20260113,cod,POP,0,5,6,6,2,5,4,10,5,15,18,7,1,15,0,7,0
20260204,cod,SDB,0,0,9,9,15,18,5,12,5,15,10,10,3,15,1,8,1
20260216,cod,POP,1,3,8,8,3,5,3,8,5,15,7,4,0,15,2,6,1
20260207,cod,SDB,0,0,6,10,6,11,8,13,9,15,13,12,3,15,1,16,0
20260321,cod,CUL,0,6,6,6,5,7,8,12,8,15,13,11,2,15,1,12,1
20260116,cod,SDB,0,0,5,6,7,10,6,9,7,15,9,8,3,15,0,5,0
20260123,cod,ILM,0,0,19,19,3,4,3,7,4,15,16,3,3,15,0,5,0
20260306,cod,POP,0,5,8,8,3,7,8,12,9,15,12,10,2,15,1,9,0
20260328,cod,POP,0,1,1,1,1,1,5,8,6,15,8,7,3,15,0,6,0
20260111,cod,SDB,0,0,5,6,5,7,5,9,7,15,12,9,2,15,2,8,1
20260317,cod,AGI,0,2,9,10,3,3,8,11,9,15,9,6,6,15,3,14,1
20260108,cod,SHC,0,2,9,11,3,9,7,12,7,15,26,9,4,15,0,10,0
20260213,cod,MNM,0,2,7,7,1,2,7,12,7,15,16,11,4,15,1,9,1
20260114,cod,SHC,1,2,22,24,17,45,4,10,4,15,18,9,7,15,3,14,3
20260206,cod,SDB,0,0,14,20,2,3,9,11,11,15,12,11,1,15,3,13,2
20260130,cod,AIL,0,7,15,15,9,17,2,10,2,16,9,4,2,16,3,7,1
20260312,cod,EMC,0,8,8,8,6,8,4,10,5,16,10,8,3,16,2,15,1
20260306,cod,GKS,0,69,77,77,54,72,13,16,13,16,17,16,1,16,1,12,1
20260221,cod,AIL,0,3,22,25,8,12,4,6,6,16,9,5,4,16,2,7,0
20260110,cod,SHC,1,6,28,32,9,18,7,11,9,16,22,8,3,16,2,14,1
20260108,cod,FBD,0,36,46,46,21,38,11,16,11,16,18,15,3,16,3,20,0
20260217,cod,SDB,0,0,9,11,11,15,4,7,5,16,4,4,2,16,2,7,1
20260319,cod,ROM,0,0,3,3,5,8,4,12,5,16,11,5,4,16,0,15,0
20260331,cod,EMC,0,17,17,17,27,51,5,8,7,16,10,4,4,16,2,13,0
20260224,cod,MYR,0,13,15,18,15,29,9,15,9,16,16,14,1,16,2,17,2
20260319,cod,POP,0,12,12,12,14,16,9,11,9,16,14,9,0,16,1,12,1
20260214,cod,ILM,0,9,14,14,3,11,5,11,6,16,6,5,4,16,0,11,0
20260115,cod,SDB,0,0,11,14,0,1,6,7,8,16,7,6,2,16,1,6,1
20260214,cod,POP,0,2,2,2,6,6,4,9,5,16,9,8,7,16,0,9,0
20260318,cod,ROM,0,0,1,1,5,8,9,14,10,16,13,10,3,16,2,6,1
20260324,cod,ROM,0,0,10,10,1,3,12,16,12,16,9,5,3,16,2,20,1
20260204,cod,ILM,0,2,18,19,5,12,5,12,5,16,11,9,2,16,1,8,0
20260225,cod,AIL,0,20,29,31,17,38,5,10,6,16,14,6,4,16,7,14,1
20260112,cod,SHC,2,15,56,67,19,38,8,16,8,16,17,11,4,16,0,11,0
20260311,cod,EMC,0,8,8,8,4,8,9,14,9,16,15,12,1,16,0,7,0
20260216,cod,SDB,0,0,16,23,3,7,6,10,6,17,11,9,2,17,1,12,1
20260321,cod,GKA,0,1,1,1,1,3,10,13,11,17,22,8,1,17,23,29,10
20260322,cod,POP,0,14,15,16,11,14,10,13,12,17,17,12,1,17,3,18,1
20260112,cod,POP,0,7,7,7,8,12,9,10,12,17,13,8,2,17,0,8,0
20260106,cod,AVH,0,28,33,33,18,28,0,17,0,17,,,8,17,5,5,4
20260127,cod,POP,0,1,5,5,1,2,4,7,7,17,5,3,2,17,0,6,0
20260127,cod,SDB,0,0,26,29,3,4,6,8,9,17,5,5,0,17,2,7,1
20260212,cod,AIL,0,11,14,17,7,22,4,9,5,17,7,3,3,17,0,2,0
20260323,cod,SDB,0,,,,1,1,8,12,10,17,10,10,1,17,5,17,4
20260125,cod,SDB,0,0,7,7,6,9,3,11,3,17,12,11,8,17,1,11,1
20260225,cod,SDB,0,0,7,8,5,5,4,9,5,17,9,9,3,17,0,9,0
20260305,cod,ILM,0,4,14,15,8,11,5,17,5,18,11,8,6,18,4,11,3
20260223,cod,SDB,0,0,9,10,0,1,4,10,4,18,10,9,2,18,2,8,0
20260401,cod,CLS,0,41,42,44,31,41,13,16,14,18,20,14,2,18,1,15,1
20260214,cod,SDB,1,0,7,10,8,10,9,18,9,18,19,17,2,18,2,15,1
20260123,cod,SDB,0,0,0,2,6,8,6,14,7,18,14,13,3,18,2,14,2
20260128,cod,POP,0,3,6,6,4,7,6,9,8,18,9,7,3,18,0,8,0
20260128,cod,AIL,0,30,40,41,10,37,5,10,6,18,7,6,3,18,0,8,0
20260220,cod,AIL,0,6,16,19,11,19,6,10,8,18,7,4,3,18,1,6,1
20260214,cod,MWP,0,3,4,4,6,7,9,14,9,18,14,12,7,18,0,8,0
20260111,cod,POP,1,4,9,9,4,10,5,8,5,18,14,6,5,18,1,6,1
20260126,cod,POP,0,0,1,2,1,1,4,8,4,18,10,7,5,18,0,11,0
20260130,cod,ILM,0,0,11,11,5,8,5,10,6,18,9,6,1,18,2,9,2
20260323,cod,POP,0,8,8,25,5,8,6,15,7,18,14,8,5,18,4,13,3
20260211,cod,AIL,3,9,15,18,7,22,6,9,7,18,10,7,2,18,6,13,3
20260201,cod,AIL,0,3,25,27,2,3,5,7,5,18,13,5,3,18,24,28,9
20260218,cod,SDB,1,9,15,21,12,19,4,9,5,18,9,8,4,18,1,6,0
20260213,cod,GKP,0,28,32,33,23,28,14,15,16,18,19,14,1,18,1,14,1
20260203,cod,ILM,0,2,19,19,6,15,3,11,5,18,15,11,2,18,0,12,0
20260110,cod,POP,0,3,8,8,5,6,2,5,2,18,10,3,5,18,2,12,2
20260206,cod,ILM,1,8,11,11,11,21,8,14,8,18,15,10,4,18,0,11,0
20260314,cod,ILM,0,0,1,1,1,4,9,15,10,18,18,12,3,18,4,11,3
20260325,cod,CUL,0,22,22,22,20,22,10,12,12,19,12,12,3,19,0,12,0
20260120,cod,CMA,0,3,4,4,3,5,1,4,1,19,6,4,5,19,2,9,2
20260122,cod,FBD,0,3,9,9,6,7,8,14,9,19,19,12,4,19,4,17,2
20260320,cod,CUL,0,12,13,13,11,12,14,15,14,19,16,15,3,19,1,16,0
20260124,cod,SDB,0,0,11,17,4,4,10,12,11,19,12,11,5,19,0,15,0
20260129,cod,ILM,0,0,9,9,4,11,6,12,6,19,15,10,3,19,0,7,0
20260203,cod,SDB,0,0,20,23,8,10,9,9,11,19,7,7,2,19,0,9,0
20260326,cod,FKA,0,0,1,1,1,2,1,5,3,19,2,2,5,19,1,15,1
20260227,cod,AIL,0,12,25,37,10,22,5,14,6,19,24,14,8,19,1,10,0
20260217,cod,GKP,0,4,7,7,5,5,6,8,11,19,4,4,1,19,0,8,0
20260211,cod,GKP,0,8,20,20,8,8,12,15,13,19,16,15,2,19,0,13,0
20260326,cod,EMC,0,18,18,18,14,18,9,15,10,19,16,9,1,19,0,11,0
20260318,cod,EMC,0,6,6,7,3,6,8,15,8,19,15,14,1,19,0,1,0
20260307,cod,ILM,0,6,16,16,4,10,4,11,4,19,11,7,5,19,2,10,2
20260324,cod,POP,0,7,7,7,4,8,11,14,14,19,12,11,3,19,1,12,0
20260402,cod,EMC,0,11,11,12,9,12,11,14,11,19,21,14,2,19,0,1,0
20260213,cod,AIL,0,3,13,13,4,5,3,11,3,19,10,9,5,19,1,7,1
20260319,cod,CUL,0,16,16,16,15,16,11,16,12,19,18,16,2,19,2,19,2
20260212,cod,SDB,1,0,8,11,5,14,9,17,9,19,14,13,2,19,2,14,0
20260222,cod,KTH,1,72,82,82,53,89,13,20,13,20,22,20,2,20,0,18,0
20260228,cod,MYR,0,0,0,1,0,1,3,8,3,20,8,5,1,20,3,12,2
20260304,cod,AIL,0,0,4,6,11,17,2,10,2,20,11,8,5,20,6,20,2
20260225,cod,ROM,0,3,22,27,4,6,3,20,3,20,26,17,5,20,4,19,4
20260320,cod,POP,0,20,20,20,12,20,14,17,15,20,18,15,1,20,4,20,2
20260118,cod,FBD,0,0,11,11,1,2,5,11,7,20,14,8,4,20,2,10,1
20260127,cod,FBD,0,7,16,17,8,12,6,9,7,20,8,5,5,20,2,8,0
20260214,cod,AIL,0,2,5,6,6,12,5,12,7,20,19,10,2,20,6,16,2
20260306,cod,ILM,1,6,9,9,8,12,6,13,9,20,14,11,1,20,3,14,2
20260106,cod,HSW,0,2,33,33,0,2,0,20,0,20,,,3,20,9,9,3
20260117,cod,FBD,1,14,20,20,13,25,3,8,6,20,7,6,3,20,2,11,1
20260213,cod,FRD,40,494,579,579,698,1016,14,20,14,20,27,20,3,20,4,22,4
20260121,cod,CMA,1,1,2,3,2,3,3,7,6,20,8,6,2,20,0,6,0
20260121,cod,SDB,0,0,8,9,9,14,13,18,14,20,18,18,3,20,0,12,0
20260224,cod,AIL,1,4,18,23,12,21,6,13,7,20,13,8,2,20,1,7,1
20260218,cod,AIL,0,5,16,17,4,6,5,15,6,20,11,10,3,20,5,15,2
20260329,cod,CUL,0,16,16,16,15,16,7,11,9,20,10,10,8,20,5,16,1
20260126,cod,SDB,0,0,1,2,1,2,7,9,9,20,10,9,3,20,3,8,1
20260211,cod,ILM,0,4,5,5,4,8,3,9,4,20,9,6,9,20,3,13,3
20260324,cod,CUL,0,12,12,13,12,12,6,12,9,20,11,11,4,20,0,11,0
20260131,cod,SDB,0,0,3,3,8,10,11,17,12,20,20,15,1,20,3,20,3
20260114,cod,AIL,0,4,16,17,12,24,5,11,6,21,15,6,7,21,8,16,6
20260127,cod,AIL,1,6,13,15,11,21,4,11,6,21,18,7,6,21,6,13,4
20260303,cod,SIS,1,2,4,4,1,2,0,1,2,21,3,1,8,21,0,7,0
20260131,cod,AIL,2,22,35,36,11,32,5,15,5,21,17,13,3,21,6,19,5
20260113,cod,SHC,0,25,68,72,32,59,9,15,11,21,16,9,2,21,1,14,1
20260303,cod,ROM,0,1,3,4,4,4,4,10,5,21,6,4,5,21,0,5,0
20260115,cod,SHC,1,6,20,21,11,22,5,13,7,21,18,8,4,21,2,9,2
20260327,cod,EMC,0,11,11,11,4,11,10,19,12,21,16,14,4,21,2,18,1
20260109,cod,RPS,2,53,62,62,42,59,16,19,16,21,20,14,2,21,1,12,0
20260119,cod,ILM,0,2,2,2,7,13,5,11,6,21,25,7,5,21,7,19,3
20260330,cod,SHO,0,1,2,2,1,1,3,6,6,21,5,3,8,21,0,5,0
20260326,cod,POP,1,6,6,6,5,8,8,15,8,21,14,11,2,21,0,6,0
20260130,cod,FBD,1,13,22,22,26,36,10,18,10,21,17,16,4,21,2,19,1
20260404,cod,EMC,0,21,21,21,0,21,9,17,12,22,17,11,1,22,1,32,1
20260115,cod,AIL,0,1,9,9,2,6,5,11,8,22,30,11,8,22,4,10,0
20260120,cod,ILM,0,22,32,32,15,23,7,15,8,22,30,8,1,22,2,9,1
20260122,cod,ILM,1,0,5,5,9,16,7,11,7,22,24,9,4,22,3,13,3
20260309,cod,ILM,0,6,19,19,10,18,8,13,8,22,12,11,3,22,1,10,1
20260324,cod,EMC,0,10,10,11,3,10,13,18,13,22,17,11,0,22,1,17,1
20260213,cod,ILM,0,1,2,2,1,4,6,14,6,22,21,11,4,22,1,7,1
20260331,cod,SIS,0,7,16,16,4,11,0,9,0,22,4,3,4,22,0,8,0
20260116,cod,FBD,0,12,22,26,11,18,5,11,5,22,11,8,3,22,1,15,0
20260323,cod,CUL,0,11,11,11,8,11,9,15,10,22,14,14,4,22,0,14,0
20260108,cod,POP,2,6,8,8,8,10,12,18,12,22,20,13,4,22,2,11,2
20260131,cod,GKP,0,12,15,15,14,16,6,13,11,22,17,10,5,22,1,14,1
20260117,cod,EMS,0,0,45,50,54,69,10,15,14,22,17,11,5,22,3,20,3
20260109,cod,SHC,0,6,23,29,7,14,9,18,10,22,25,14,2,22,1,18,1
20260119,cod,FBD,0,2,40,55,2,3,11,17,12,22,17,13,4,22,3,18,0
20260322,cod,SDB,0,,,,1,1,14,19,14,22,28,18,3,22,4,17,3
20260226,cod,SHC,0,6,54,54,19,29,11,16,11,22,15,11,2,22,1,17,1
20260321,cod,SDB,0,0,0,1,1,4,13,17,16,22,17,15,1,22,2,15,1
20260128,cod,ILM,0,4,18,19,5,17,5,19,7,23,20,14,1,23,6,21,1
20260328,cod,SIS,0,1,3,3,1,4,1,19,1,23,21,14,2,23,2,14,2
20260226,cod,AIL,0,32,39,41,13,41,5,16,7,23,9,7,3,23,4,12,3
20260329,cod,BFK,0,,,,2,3,5,9,6,23,4,3,9,23,1,14,1
20260214,cod,SME,33,0,39,39,290,1193,7,22,8,23,35,22,3,23,6,22,1
20260118,cod,AIL,0,2,15,17,2,2,2,13,6,23,22,12,5,23,4,15,2
20260327,cod,POP,0,4,4,4,1,4,7,12,12,23,9,8,2,23,1,16,0
20260328,cod,SHO,0,1,1,2,8,8,9,12,13,23,14,9,5,23,3,12,2
20260327,cod,SHO,0,1,5,6,3,5,6,7,12,23,6,4,5,23,6,13,3
20260118,cod,EMS,1,,,,111,139,14,19,15,23,19,18,6,23,3,20,2
20260128,cod,FBD,0,15,55,65,15,23,8,15,10,23,12,12,6,23,0,4,0
20260215,cod,SDB,0,0,2,3,0,1,13,19,13,24,21,19,4,24,2,22,2
20260223,cod,GKS,1,1,7,7,2,4,8,13,10,24,8,8,2,24,1,11,0
20260330,cod,BFK,0,2,2,2,2,6,2,4,3,24,4,3,8,24,0,6,0
20260327,cod,KTH,0,61,89,89,58,77,11,16,13,24,17,14,4,24,1,15,1
20260308,cod,AIL,2,3,22,23,4,9,4,15,5,24,25,13,8,24,2,12,2
20260113,cod,AIL,1,4,25,25,11,19,10,15,10,24,37,12,5,24,5,19,3
20260206,cod,MNM,0,,,,0,1,12,24,12,24,29,25,2,24,1,24,0
20260217,cod,AIL,0,1,2,2,7,11,6,14,8,24,18,9,5,24,5,17,2
20260313,cod,LFS,12,121,438,482,444,644,7,24,7,24,36,24,3,24,11,32,3
20260326,cod,KTH,0,30,46,46,23,30,10,16,12,25,15,13,4,25,1,14,1
20260210,cod,ILM,1,6,12,12,6,11,7,13,8,25,13,9,8,25,0,11,0
20260304,cod,RAM,0,1,1,1,39,50,19,21,22,25,29,16,3,25,11,34,3
20260307,cod,GKS,0,48,51,51,39,54,16,21,16,25,30,20,3,25,3,16,1
20260120,cod,FBD,1,6,19,19,18,29,10,18,11,25,21,14,3,25,1,16,0
20260303,cod,KTH,0,42,42,42,33,42,14,19,14,25,16,13,6,25,1,26,1
20260223,cod,AIL,1,20,45,45,14,45,7,13,8,25,15,10,4,25,4,14,2
20260109,cod,POP,0,1,5,5,0,3,8,17,9,25,19,10,7,25,1,14,1
20260402,cod,SHC,0,11,24,27,3,18,6,18,8,25,19,13,6,25,7,24,4
20260210,cod,AIL,0,16,29,32,14,29,8,18,8,25,19,14,2,25,5,19,3
20260123,cod,AIL,0,2,9,9,7,9,9,13,10,25,16,12,5,25,8,18,6
20260302,cod,ROM,0,0,3,3,3,5,1,7,3,25,3,1,9,25,0,2,0
20260331,cod,CUL,0,25,28,28,25,34,10,16,12,25,16,16,7,25,0,16,0
20260114,cod,FBD,0,1,7,7,1,2,8,17,10,25,14,11,6,25,3,28,3
20260226,cod,FKA,1,50,57,57,20,59,2,14,4,25,15,10,8,25,4,24,2
20260216,cod,HSW,2,12,12,12,9,16,4,7,6,25,6,5,3,25,0,6,0
20260209,cod,AIL,0,1,12,13,5,6,3,18,4,25,18,13,3,25,6,16,4
20260326,cod,CUL,0,17,21,21,15,17,16,20,18,25,19,19,3,25,0,19,0
20260131,cod,FBD,6,136,146,147,79,145,8,20,10,26,28,17,5,26,5,24,1
20260219,cod,SDB,0,0,6,10,4,9,12,18,14,26,19,17,5,26,2,17,1
20260121,cod,AIL,0,9,20,22,9,21,4,15,5,26,16,8,5,26,5,17,2
20260328,cod,BFK,0,1,3,3,0,2,4,12,4,26,9,8,7,26,1,13,0
20260327,cod,CUL,0,18,18,18,19,22,14,17,18,26,17,17,4,26,0,17,0
20260404,cod,GSL,0,7,7,16,0,9,5,11,7,26,14,9,9,26,3,17,2
20260125,cod,FBD,1,3,4,4,18,26,5,18,6,26,19,14,6,26,3,13,0
20260207,cod,ILM,0,4,15,15,4,10,6,19,6,26,16,14,6,26,1,16,0
20260107,cod,HSW,0,5,40,40,20,32,11,17,12,26,91,17,2,26,17,30,2
20260119,cod,EMS,0,0,62,62,28,34,10,17,16,26,22,14,5,26,7,20,1
20260112,cod,AIL,1,15,31,34,26,40,6,13,7,26,22,9,4,26,3,15,3
20260108,cod,AIL,0,3,19,20,7,15,4,7,7,27,42,5,7,27,4,11,2
20260402,cod,CLS,0,27,37,37,5,28,14,23,15,27,22,17,6,27,0,20,0
20260325,cod,KTH,0,13,13,13,11,17,9,16,13,27,13,12,4,27,1,16,0
20260222,cod,SHC,0,4,8,10,9,17,4,12,4,27,18,12,9,27,2,17,2
20260316,cod,FKA,0,0,2,295,1,3,1,3,3,27,1,1,10,27,,,
20260328,cod,CUL,0,17,17,17,13,17,17,24,17,27,25,24,6,27,1,24,0
20260117,cod,ILM,0,5,5,5,25,44,5,13,9,28,36,11,8,28,1,11,1
20260318,cod,FKA,1,33,38,38,15,54,1,6,2,28,3,3,15,28,0,4,0
20260221,cod,RAM,0,0,45,52,28,33,20,24,21,28,26,20,1,28,3,28,3
20260119,cod,AIL,1,4,15,17,12,24,6,15,8,28,19,11,5,28,4,18,2
20260330,cod,CUL,0,18,27,34,14,18,14,18,18,28,21,18,5,28,2,16,2
20260322,cod,SHC,0,10,13,13,6,13,9,15,11,28,26,12,6,28,13,27,7
20260224,cod,FKA,0,26,33,33,7,26,3,12,5,28,23,8,7,28,1,10,1
20260227,cod,FKA,2,83,85,85,36,90,6,17,6,28,22,12,8,28,3,15,3
20260305,cod,KTH,0,78,78,78,59,78,12,21,12,28,20,15,7,28,6,22,2
20260124,cod,AIL,0,5,13,21,8,12,7,17,8,29,20,15,6,29,10,25,8
20260201,cod,SHC,0,2,2,2,3,4,11,22,13,29,26,18,3,29,4,28,2
20260124,cod,ILM,0,8,9,9,6,25,13,24,14,29,25,18,6,29,1,22,1
20260223,cod,KTH,0,72,85,85,52,82,14,26,15,29,27,24,6,29,2,28,0
20260324,cod,FKA,0,1,4,4,0,1,6,11,8,29,8,4,10,29,2,21,2
20260227,cod,MYR,0,,,,3,6,12,24,12,29,24,20,6,29,0,19,0
20260119,cod,CMA,0,2,5,5,1,3,4,12,7,30,12,8,8,30,6,30,5
20260106,cod,KTH,0,32,46,46,28,32,1,30,1,30,,,6,30,19,20,11
20260216,cod,GKP,0,3,6,6,2,3,10,15,16,30,11,10,5,30,1,20,0
20260117,cod,AIL,1,14,25,25,11,27,8,22,12,30,27,19,8,30,4,17,1
20260216,cod,AIL,1,4,16,18,7,11,5,16,8,30,11,7,2,30,3,15,1
20260209,cod,ILM,0,0,4,4,10,21,2,21,3,30,23,20,13,30,1,20,0
20260207,cod,AIL,0,4,7,8,3,6,7,18,9,30,18,11,3,30,5,22,2
20260203,cod,GKP,0,7,8,8,5,7,18,25,21,31,18,17,4,31,1,20,1
20260122,cod,AIL,1,7,15,15,8,19,7,21,10,31,15,14,7,31,5,20,0
20260327,cod,PIP,0,,,,1,1,1,6,3,31,1,1,9,31,0,1,0
20260319,cod,GKS,1,20,25,25,18,25,15,19,18,31,19,16,4,31,0,24,0
20260330,cod,SIS,0,2,6,6,2,2,1,14,2,31,17,11,4,31,0,8,0
20260214,cod,HSW,0,0,1,1,1,2,4,12,6,31,8,5,6,31,3,18,2
20260211,cod,RAM,1,1,32,41,86,93,19,25,22,31,26,22,4,31,1,27,0
20260204,cod,AIL,0,3,16,17,4,13,3,15,6,31,17,10,8,31,18,24,14
20260108,cod,AVH,0,20,22,23,21,28,18,23,19,31,31,21,3,31,1,20,1
20260123,cod,FBD,0,3,14,14,1,3,14,27,15,32,25,21,6,32,7,23,2
20260320,cod,GKA,2,14,16,16,22,28,18,31,19,32,45,29,6,32,19,43,12
20260329,cod,NMP,0,3,10,12,1,3,12,21,12,32,19,15,9,32,2,22,2
20260307,cod,AIL,2,13,35,42,19,36,8,15,11,32,11,8,6,32,7,17,3
20260306,cod,AIL,4,18,40,42,20,46,8,16,8,32,14,11,5,32,4,16,1
20260212,cod,RAM,0,0,38,41,27,31,19,27,21,32,26,19,4,32,1,25,0
20260225,cod,SHC,1,8,56,57,27,49,15,23,16,32,21,17,0,32,0,23,0
20260223,cod,POW,0,48,51,51,22,48,8,15,10,32,18,13,1,32,1,20,1
20260125,cod,AIL,0,1,3,4,4,8,7,19,8,32,22,16,7,32,7,21,3
20260403,cod,EMC,0,15,15,15,1,15,13,29,13,32,31,25,4,32,2,19,2
20260321,cod,GKS,0,7,17,17,5,12,15,24,19,32,29,21,5,32,3,28,1
20260111,cod,AIL,0,0,16,16,1,2,8,19,10,32,41,15,7,32,5,25,2
20260118,cod,CMA,0,2,3,3,2,2,4,14,7,33,3,2,4,33,3,36,2
20260328,cod,EMC,0,14,14,14,11,14,17,24,20,33,26,21,4,33,1,15,1
20260130,cod,GKP,1,14,14,14,45,53,19,24,23,33,25,22,6,33,2,32,1
20260402,cod,CUL,0,25,26,27,20,25,14,22,18,33,24,22,8,33,2,22,2
20260109,cod,AIL,1,4,11,12,8,18,11,21,11,33,31,13,7,33,5,15,3
20260224,cod,SHC,0,11,53,53,27,48,9,23,16,33,19,16,5,33,3,20,1
20260206,cod,AIL,0,2,5,6,10,25,8,24,8,34,24,16,4,34,20,35,12
20260403,cod,CUL,0,2,2,2,2,3,18,22,23,34,25,21,7,34,6,29,4
20260202,cod,GKP,0,9,9,9,8,9,21,27,24,34,27,25,5,34,1,32,0
20260310,cod,AIL,0,16,32,33,13,25,9,21,11,34,31,19,12,34,9,27,3
20260317,cod,FKA,8,139,160,166,60,143,0,4,0,34,7,4,12,34,3,7,3
20260115,cod,FBD,0,3,10,10,7,9,16,25,19,34,24,20,7,34,2,25,0
20260327,cod,NMP,0,35,35,35,17,35,12,24,13,34,32,20,9,34,3,24,3
20260404,cod,SHC,0,12,12,19,0,20,17,29,18,35,30,22,11,35,7,35,4
20260126,cod,AIL,0,2,13,13,0,2,12,19,16,35,26,15,5,35,1,11,1
20260324,cod,KTH,0,24,28,28,20,29,10,17,11,35,22,17,9,35,3,25,2
20260227,cod,RAM,0,0,43,48,37,40,23,26,26,35,28,19,5,35,16,47,5
20260124,cod,FBD,0,2,10,10,2,2,15,24,18,35,23,19,7,35,9,37,4
20260202,cod,AIL,3,5,13,19,16,41,6,27,6,35,27,21,9,35,8,16,6
20260203,cod,AIL,1,6,18,18,5,15,8,19,10,35,17,12,11,35,3,17,0
20260126,cod,GKP,0,3,49,49,3,4,14,17,20,36,16,15,5,36,0,13,0
20260110,cod,RPS,1,48,49,51,33,59,21,33,22,36,38,28,2,36,4,32,1
20260309,cod,AIL,5,52,61,68,38,97,12,26,15,36,20,15,7,36,3,23,3
20260305,cod,AIL,0,5,24,29,7,14,5,18,8,36,13,11,7,36,2,16,1
20260110,cod,AIL,0,6,17,19,10,11,16,29,16,36,44,19,6,36,5,26,1
20260130,cod,SHC,3,2,34,39,12,34,5,19,7,36,22,15,6,36,4,33,3
20260323,cod,GKS,1,28,69,72,29,41,14,24,18,36,29,18,7,36,3,23,2
20260328,cod,KTH,0,88,88,88,86,116,18,29,19,36,33,27,5,36,1,30,1
20260220,cod,RAM,2,0,32,35,55,70,25,31,27,37,31,24,2,37,3,26,1
20260131,cod,SHC,1,8,28,37,25,42,5,22,8,37,18,16,6,37,4,25,4
20260107,cod,AVH,0,22,30,30,17,27,17,31,17,37,36,27,4,37,5,25,3
20260308,cod,SHC,0,17,24,26,12,19,10,22,11,37,27,15,7,37,5,28,3
20260220,cod,ABE,186,2271,4646,4665,897,5521,11,37,11,37,58,34,9,37,14,45,5
20260224,cod,SIS,0,8,21,21,5,13,1,17,2,37,24,11,11,37,7,19,4
20260225,cod,POW,0,,,,1,1,11,24,15,37,25,19,9,37,0,17,0
20260223,cod,SIS,4,1,6,8,21,91,4,16,4,37,18,11,8,37,3,13,2
20260121,cod,ILM,0,0,11,11,2,4,12,26,13,37,34,21,4,37,1,21,1
20260205,cod,AIL,0,5,25,25,7,14,9,21,12,37,24,14,4,37,4,10,3
20260319,cod,GSL,1,23,33,33,34,58,14,24,16,37,27,13,7,37,8,40,4
20260322,cod,GKS,1,37,37,37,30,37,19,32,22,37,32,23,5,37,3,45,2
20260404,cod,FKA,0,718,882,1293,0,2101,5,37,5,38,55,37,11,38,6,31,6
20260114,cod,AVH,1,11,23,24,9,14,18,28,21,38,29,20,8,38,2,25,1
20260201,cod,GKP,0,5,5,5,10,12,23,29,26,38,31,28,4,38,7,27,7
20260309,cod,SHC,3,18,50,57,28,53,17,28,19,38,25,18,8,38,5,36,4
20260120,cod,AIL,1,4,17,18,13,22,12,22,14,38,26,16,10,38,2,16,0
20260223,cod,SHC,0,4,50,57,8,14,12,26,14,38,30,22,7,38,9,32,7
20260208,cod,SHC,0,0,2,2,0,3,8,21,12,38,29,20,9,38,7,29,5
20260403,cod,SHC,0,3,10,14,4,23,11,25,14,38,28,18,8,38,4,25,4
20260405,cod,SHC,0,9,9,22,0,9,12,24,16,38,29,18,6,38,8,33,0
20260219,cod,RAM,2,0,35,40,36,45,23,28,28,38,26,21,2,38,3,35,1
20260221,cod,SHC,0,0,25,27,12,15,15,28,16,39,28,21,6,39,7,32,7
20260106,cod,AIL,0,8,13,19,5,8,1,37,1,39,,,12,39,16,17,6
20260225,cod,SIS,1,,,,3,13,8,20,9,39,24,10,9,39,1,14,1
20260401,cod,SHC,0,10,18,18,15,31,9,20,13,39,21,14,1,39,5,35,3
20260116,cod,AIL,0,7,16,16,11,20,17,29,20,39,31,19,6,39,11,29,6
20260227,cod,SHC,3,22,55,64,62,109,15,33,15,39,35,29,9,39,2,28,2
20260401,cod,CUL,0,19,19,19,17,22,23,29,25,39,31,28,8,39,3,31,3
20260403,cod,GSL,0,13,15,27,1,31,11,22,14,39,14,12,10,39,6,27,4
20260224,cod,POW,0,4,5,5,2,7,11,26,13,39,24,19,4,39,9,35,0
20260326,cod,SHO,0,1,5,5,3,3,14,21,19,39,17,15,13,39,2,15,0
20260129,cod,GKP,0,2,17,17,16,22,15,21,25,39,21,18,4,39,0,20,0
20260128,cod,SHC,2,4,32,37,17,35,6,14,9,39,21,13,9,39,0,10,0
20260325,cod,FKA,0,1,4,4,0,3,8,20,12,39,15,14,10,39,1,3,1
20260206,cod,RAM,1,1,31,36,33,38,20,29,20,40,27,24,6,40,1,36,0
20260326,cod,SHC,2,14,29,30,21,41,11,18,13,40,29,10,12,40,1,20,0
20260220,cod,SHC,1,4,19,21,13,27,14,22,17,40,29,20,5,40,2,19,0
20260206,cod,SHC,1,6,29,30,25,45,5,20,9,40,18,12,11,40,4,20,3
20260402,cod,AIL,0,27,37,41,3,39,6,20,7,40,20,9,8,40,2,22,2
20260115,cod,ILM,0,0,6,6,6,14,6,18,11,40,55,12,12,40,1,12,1
20260317,cod,SHC,0,34,55,56,37,61,13,27,14,40,31,13,12,40,8,34,7
20260404,cod,CLS,0,46,48,53,0,51,23,32,27,40,31,28,4,40,3,40,2
20260111,cod,HSW,0,0,18,18,28,47,11,30,13,40,59,26,8,40,12,28,0
20260224,cod,RAM,0,1,45,48,56,66,22,27,26,40,25,22,5,40,2,34,1
20260122,cod,AVH,0,24,30,30,29,44,17,24,21,40,30,19,7,40,3,37,3
20260327,cod,BFK,0,0,3,3,2,3,9,14,14,40,12,8,9,40,1,16,1
20260304,cod,SHC,0,6,25,25,13,15,17,28,19,41,31,21,6,41,11,50,3
20260402,cod,GSL,0,1,11,19,1,18,9,15,14,41,19,12,9,41,3,32,3
20260320,cod,GKS,0,26,29,29,26,32,16,28,20,41,34,25,10,41,3,22,3
20260304,cod,RPS,0,9,12,13,21,26,15,26,19,41,36,18,11,41,36,62,13
20260207,cod,SHC,0,2,25,34,19,31,13,24,15,41,19,15,7,41,5,30,4
20260221,cod,FKA,1,54,57,58,21,56,12,23,14,41,29,17,7,41,4,32,3
20260405,cod,CLS,0,8,8,20,0,10,25,33,27,41,38,31,3,41,5,37,0
20260118,cod,AVH,2,32,37,37,25,34,23,31,24,41,39,27,5,41,4,37,2
20260117,cod,AVH,1,27,34,35,36,51,18,30,20,41,29,20,5,41,2,39,2
20260324,cod,GKS,1,74,90,90,88,113,12,31,17,41,27,18,7,41,8,39,3
20260212,cod,SHC,2,5,21,22,14,33,9,21,11,42,19,18,9,42,1,25,0
20260109,cod,HSW,0,6,37,37,29,40,22,30,24,42,64,23,5,42,5,29,4
20260303,cod,RAM,0,0,90,102,37,42,24,32,29,42,34,27,4,42,1,37,1
20260119,cod,AVH,3,34,46,46,24,39,21,34,23,42,38,27,7,42,1,34,0
20260325,cod,RPS,2,98,100,100,58,112,10,21,16,42,24,16,11,42,6,25,4
20260226,cod,ROM,0,0,3,3,3,4,5,35,5,42,45,30,10,42,4,30,4
20260107,cod,AIL,0,11,23,23,7,14,7,22,9,42,45,16,14,42,5,13,4
20260403,cod,CLS,0,26,31,32,5,36,31,36,33,42,37,32,3,42,2,36,1
20260221,cod,SIS,0,0,4,4,6,32,3,17,4,43,24,16,9,43,2,16,2
20260202,cod,RAM,1,32,73,88,26,33,17,27,23,43,27,22,9,43,2,35,2
20260222,cod,POW,0,18,18,18,12,18,13,25,16,43,24,20,6,43,3,30,3
20260123,cod,SHC,1,3,31,33,12,18,18,30,22,43,32,23,7,43,5,31,3
20260129,cod,SHC,1,7,38,47,12,37,9,25,12,43,28,21,9,43,2,11,1
20260203,cod,RAM,0,0,45,46,34,41,25,31,29,43,34,29,5,43,2,34,2
20260205,cod,SHC,0,6,43,49,10,18,7,24,9,43,28,17,13,43,0,24,0
20260117,cod,CMA,0,3,3,3,3,5,11,26,15,43,28,18,7,43,5,46,1
20260321,cod,RPS,1,3,4,7,8,19,17,29,21,43,34,19,11,43,11,42,4
20260110,cod,HSW,0,0,26,27,6,12,16,34,17,44,42,23,1,44,10,39,4
20260225,cod,RAM,1,0,31,38,39,44,27,37,29,44,41,32,4,44,2,27,0
20260125,cod,GKP,1,20,25,25,80,90,13,24,19,44,19,18,16,44,1,25,1
20260401,cod,NMP,0,34,38,39,9,34,10,32,11,44,34,21,10,44,10,37,6
20260317,cod,GKS,0,28,32,32,20,31,28,34,31,44,31,25,5,44,3,35,3
20260124,cod,AVH,0,14,17,17,14,16,21,32,24,44,41,24,8,44,4,31,2
20260315,cod,RAM,0,0,56,68,1,1,27,37,32,44,40,32,5,44,4,36,4
20260317,cod,RPS,3,46,60,61,35,50,16,28,21,44,27,22,7,44,8,32,1
20260201,cod,FBD,0,25,28,28,22,33,24,34,28,44,31,25,7,44,8,39,5
20260109,cod,FBD,1,28,31,31,30,38,24,41,25,44,48,40,7,44,3,35,0
20260126,cod,SHC,0,3,10,10,3,8,10,27,12,44,31,17,14,44,5,22,3
20260302,cod,SHC,0,27,49,70,23,42,15,26,21,44,37,20,6,44,6,33,5
20260116,cod,CMA,0,0,2,2,7,15,12,42,12,44,59,40,7,44,1,10,1
20260203,cod,SHC,0,2,29,33,20,37,11,29,13,44,34,20,9,44,4,30,3
20260211,cod,SHC,0,15,41,55,43,76,13,30,15,45,25,21,12,45,2,24,0
20260319,cod,RPS,2,30,37,39,33,48,19,30,23,45,35,26,10,45,4,34,3
20260224,cod,GSL,1,21,45,45,35,60,8,20,13,45,24,12,10,45,4,25,3
20260113,cod,AVH,1,31,38,38,29,41,23,36,26,45,38,25,10,45,3,39,1
20260208,cod,RAM,0,0,8,13,1,1,24,34,27,45,42,31,7,45,6,39,3
20260324,cod,GSL,0,22,62,65,16,33,18,25,23,45,31,18,8,45,4,31,0
20260319,cod,SHC,0,4,21,27,20,36,11,24,18,45,22,18,9,45,2,28,1
20260324,cod,SHC,2,4,17,20,18,33,18,30,21,45,20,11,7,45,3,25,3
20260318,cod,GKS,0,24,29,29,20,28,19,33,23,45,31,29,12,45,2,28,2
20260330,cod,AIL,0,50,59,67,19,59,4,28,7,45,25,17,12,45,4,27,3
20260209,cod,SHC,3,14,33,38,19,43,15,30,17,45,33,25,9,45,2,28,1
20260202,cod,FBD,4,229,263,285,138,235,25,35,28,45,51,32,9,45,3,30,2
20260215,cod,RAM,0,0,27,32,31,37,26,33,33,45,34,28,5,45,6,43,1
20260326,cod,NMP,0,12,12,13,14,28,8,23,10,45,23,19,11,45,4,25,3
20260302,cod,KTH,0,29,29,29,20,29,22,29,25,46,28,22,5,46,3,37,1
20260322,cod,GSL,1,22,44,44,16,31,11,30,16,46,44,24,13,46,12,45,8
20260323,cod,KTH,0,7,12,12,6,10,14,20,19,46,11,11,3,46,0,10,0
20260110,cod,AVH,0,37,43,44,27,40,20,34,23,46,50,26,6,46,1,40,0
20260316,cod,RPS,4,39,43,43,55,89,13,24,19,46,25,17,14,46,4,23,2
20260125,cod,EMS,0,,,,26,34,24,36,25,46,46,32,8,46,2,42,1
20260124,cod,SHC,1,5,25,31,24,49,16,34,17,46,37,28,9,46,6,37,4
20260225,cod,CDM,77,2290,2859,2936,708,2781,5,44,5,46,60,43,4,46,11,44,9
20260223,cod,FKA,0,1,3,3,1,1,7,23,9,46,27,17,9,46,3,27,2
20260303,cod,AIL,0,7,22,25,5,14,10,26,10,46,24,19,13,46,7,29,4
20260114,cod,EMS,0,0,50,61,25,28,23,28,28,46,38,18,8,46,4,34,2
20260120,cod,EMS,2,0,49,50,20,24,26,37,30,46,54,35,6,46,5,25,3
20260213,cod,RAM,1,0,35,43,32,38,33,40,37,46,40,36,5,46,1,41,1
20260329,cod,KTH,0,78,82,82,59,78,23,37,24,46,36,32,7,46,1,36,0
20260113,cod,FBD,0,9,10,10,10,21,14,25,24,46,30,21,3,46,2,27,2
20260321,cod,GSL,0,18,28,30,19,28,15,31,17,47,33,22,14,47,2,28,2
20260323,cod,SHC,0,9,52,57,16,29,15,32,18,47,38,18,8,47,3,23,2
20260202,cod,SHC,0,9,50,54,5,13,14,32,16,47,36,25,11,47,7,42,3
20260326,cod,AIL,0,24,34,35,7,27,6,22,8,47,24,12,14,47,2,14,1
20260320,cod,SHC,0,6,32,32,18,24,15,26,17,47,24,16,13,47,4,29,2
20260228,cod,SHC,0,7,43,55,23,39,22,39,24,47,43,34,6,47,2,46,1
20260315,cod,RPS,0,0,8,9,0,1,12,26,15,47,29,19,12,47,5,28,2
20260228,cod,FKA,3,56,62,62,21,58,8,30,13,47,53,28,7,47,7,37,5
20260402,cod,NMP,0,32,38,40,1,35,12,29,14,47,30,21,9,47,11,39,2
20260217,cod,RAM,0,0,45,52,39,47,28,37,31,47,35,29,4,47,1,39,1
20260210,cod,SHC,0,8,63,67,13,26,14,29,17,47,28,22,12,47,1,27,1
20260228,cod,SIS,0,1,1,1,0,1,2,22,4,47,23,16,12,47,2,28,1
20260228,cod,AIL,0,9,22,24,7,22,11,32,12,47,46,25,10,47,8,32,7
20260109,cod,AVH,0,31,38,38,26,33,27,41,28,47,62,37,8,47,3,36,2
20260327,cod,AIL,0,31,40,41,18,47,8,26,11,48,22,16,9,48,2,28,0
20260326,cod,RPS,3,95,106,106,46,96,19,34,22,48,37,31,14,48,6,37,2
20260213,cod,SHC,1,7,27,27,11,25,20,32,21,48,38,31,7,48,2,34,1
20260116,cod,SHC,2,33,68,75,27,50,12,33,15,48,42,26,8,48,7,38,5
20260116,cod,AVH,1,32,39,40,27,38,23,34,26,48,42,26,4,48,3,36,2
20260204,cod,SHC,0,12,30,34,12,34,11,34,12,48,30,23,15,48,4,33,3
20260118,cod,SHC,0,0,4,4,7,9,11,32,13,48,38,27,13,48,3,40,2
20260306,cod,KTH,0,71,71,71,50,71,26,36,29,49,46,29,4,49,5,33,2
20260122,cod,SHC,0,5,35,40,17,24,15,29,19,49,28,24,7,49,3,24,1
20260331,cod,SHC,0,7,28,30,9,28,15,29,18,49,28,17,5,49,6,34,6
20260316,cod,RAM,1,0,118,134,87,108,30,40,35,49,53,35,6,49,11,58,6
20260310,cod,GSL,1,33,60,62,56,87,9,23,15,49,16,9,13,49,2,22,1
20260318,cod,RPS,1,33,42,42,26,35,21,33,25,49,37,28,12,49,8,28,6
20260311,cod,AIL,4,18,46,55,14,33,16,33,19,49,33,22,10,49,7,30,4
20260308,cod,RAM,0,,,,2,2,31,37,35,50,41,32,8,50,2,26,2
20260115,cod,AVH,0,42,56,57,37,49,23,42,25,50,48,35,9,50,1,37,0
20260220,cod,SIS,0,0,30,31,4,15,3,14,3,50,5,5,15,50,4,16,2
20260214,cod,RAM,0,1,38,42,31,36,33,44,34,50,53,41,5,50,4,43,3
20260111,cod,AVH,0,7,32,32,6,7,22,40,26,50,53,30,11,50,3,38,2
20260325,cod,SHC,0,9,34,35,19,36,11,33,12,50,31,23,11,50,3,36,2
20260312,cod,GKS,0,40,46,47,36,44,21,31,25,50,34,23,10,50,6,50,2
20260201,cod,RAM,0,0,1,2,33,39,30,39,31,50,42,36,10,50,2,33,2
20260314,cod,AIL,2,24,46,46,13,38,16,32,18,50,39,24,12,50,10,34,5
20260313,cod,RAM,2,0,101,117,49,62,33,41,36,51,43,36,6,51,4,48,1
20260214,cod,SHC,1,83,91,93,62,99,20,36,20,51,43,30,11,51,6,38,5
20260321,cod,SHC,0,10,29,30,13,32,20,37,25,51,39,31,14,51,5,42,5
20260209,cod,RAM,0,0,80,87,32,37,28,38,32,51,39,31,10,51,5,40,3
20260306,cod,RAM,2,1,48,55,50,57,25,38,28,51,35,27,8,51,4,38,1
20260119,cod,SHC,1,7,38,50,13,32,9,29,13,51,38,21,11,51,4,27,3
20260225,cod,FKA,3,71,78,78,27,78,14,37,15,51,39,31,8,51,1,31,0
20260316,cod,GKS,3,22,31,31,17,26,21,33,30,51,35,24,8,51,1,45,1
20260312,cod,AIL,3,45,62,68,26,68,9,34,11,51,36,23,6,51,7,39,3
20260403,cod,AIL,0,13,27,30,0,22,13,36,14,51,43,26,8,51,5,34,3
20260112,cod,AVH,1,45,48,48,46,73,25,35,30,52,55,31,7,52,2,41,2
20260320,cod,GSL,1,40,52,55,35,61,20,32,23,52,32,22,10,52,11,29,9
20260125,cod,SHC,0,1,2,2,1,3,13,37,13,52,39,31,15,52,2,42,0
20260118,cod,RAM,1,0,46,52,5,9,13,20,16,52,24,16,17,52,3,32,2
20260317,cod,GSL,1,21,38,41,23,36,15,28,20,52,40,23,9,52,5,23,3
20260315,cod,AIL,0,2,16,19,2,4,17,35,21,52,39,27,9,52,16,50,4
20260325,cod,GKS,1,68,80,80,60,78,24,39,27,52,38,33,9,52,2,25,1
20260115,cod,RPS,1,39,42,42,24,45,14,34,18,52,40,24,11,52,7,39,3
20260330,cod,SHC,0,16,40,42,15,34,14,37,15,52,35,26,9,52,1,32,0
20260210,cod,RPS,2,46,81,81,49,65,20,36,23,52,45,35,12,52,4,31,3
20260110,cod,FBD,2,44,46,46,30,47,25,43,29,52,48,38,8,52,7,42,4
20260106,cod,SNI,0,38,74,74,29,38,1,48,2,52,,,12,52,32,32,19
20260311,cod,RAM,2,1,51,62,59,74,34,39,41,52,40,33,6,52,5,34,3
20260324,cod,AIL,0,18,22,24,10,26,8,28,11,52,29,19,12,52,7,39,3
20260310,cod,SHC,2,9,29,32,21,40,15,41,16,53,63,38,11,53,10,41,8
20260328,cod,NMP,0,33,39,39,10,33,14,37,18,53,38,30,12,53,5,37,4
20260307,cod,SHC,2,14,41,45,31,50,18,30,21,53,30,24,10,53,5,32,3
20260302,cod,AIL,0,2,21,22,9,11,12,33,16,53,31,21,10,53,3,30,1
20260114,cod,HSW,0,5,65,66,59,97,13,35,19,53,36,29,11,53,3,32,1
20260315,cod,SHC,0,10,17,19,8,12,16,34,19,53,42,23,17,53,9,52,6
20260210,cod,RAM,1,0,45,46,27,33,33,39,42,53,33,31,8,53,3,35,2
20260331,cod,AIL,0,33,65,75,12,42,7,34,9,53,42,26,11,53,4,29,1
20260207,cod,RAM,0,0,30,35,25,30,27,39,31,53,39,34,7,53,3,40,3
20260211,cod,RPS,0,23,31,32,40,59,17,32,20,53,38,26,11,53,7,52,4
20260221,cod,POW,0,29,29,29,15,29,12,34,15,53,39,31,6,53,2,36,2
20260328,cod,SHC,0,7,15,19,14,25,11,30,14,53,35,20,11,53,8,42,5
20260331,cod,GSL,0,11,21,23,12,21,15,25,18,53,28,15,13,53,3,24,1
20260204,cod,RAM,0,0,41,42,38,45,28,41,32,53,37,35,7,53,1,31,0
20260328,cod,AIL,0,24,26,28,8,32,8,30,11,53,33,22,13,53,4,26,2
20260401,cod,AIL,0,16,26,27,12,46,10,32,13,54,31,20,13,54,5,32,4
20260127,cod,SHC,1,11,45,50,16,32,18,34,21,54,22,21,11,54,1,30,1
20260124,cod,GKP,0,7,20,20,14,19,13,31,21,54,31,27,15,54,3,35,1
20260215,cod,GKP,0,2,2,2,6,8,28,45,32,54,54,45,12,54,3,48,2
20260205,cod,RAM,0,0,37,41,35,41,36,43,40,54,47,39,5,54,2,38,1
20260217,cod,CMA,1,88,92,92,44,90,25,51,25,54,72,43,4,54,5,9,2
20260121,cod,RAM,0,1,42,44,40,54,22,39,25,55,44,35,9,55,4,36,2
20260307,cod,RAM,3,0,60,65,75,89,23,39,31,55,40,32,10,55,6,40,5
20260112,cod,HSW,0,3,52,52,15,23,24,34,28,55,33,23,9,55,13,30,4
20260220,cod,POW,0,6,6,6,3,7,17,27,21,55,26,20,7,55,1,32,1
20260110,cod,RAM,0,0,77,83,64,94,36,48,39,55,52,44,6,55,1,44,0
20260301,cod,RAM,0,0,4,5,1,1,39,46,41,55,45,38,5,55,3,51,2
20260223,cod,RAM,1,1,51,61,65,70,33,44,35,55,42,36,9,55,5,42,2
20260323,cod,FKA,0,0,0,2,0,1,8,29,8,55,19,14,19,55,11,57,7
20260123,cod,AVH,0,4,8,10,6,6,21,41,22,55,42,31,8,55,4,38,2
20260316,cod,SHC,0,7,39,42,15,21,22,35,27,55,31,20,8,55,5,36,5
20260222,cod,GSL,0,12,13,13,7,14,19,36,22,56,39,31,8,56,7,42,6
20260131,cod,RAM,0,0,39,46,27,32,28,38,36,56,39,34,5,56,4,45,4
20260214,cod,GKP,0,3,8,8,6,6,39,54,40,56,52,50,7,56,3,49,2
20260331,cod,NMP,0,57,57,59,25,59,15,35,19,56,38,25,16,56,5,33,3
20260327,cod,SHC,1,16,38,43,11,31,22,41,23,56,34,23,12,56,4,33,4
20260120,cod,RAM,0,0,52,58,74,92,17,36,21,56,40,34,7,56,3,41,2
20260210,cod,SIS,17,636,651,1150,115,743,1,18,4,56,26,6,11,56,1,39,0
20260329,cod,SHC,0,4,7,7,1,5,20,38,20,56,47,30,7,56,3,31,0
20260325,cod,NMP,0,38,54,55,17,38,16,36,19,56,34,25,14,56,6,42,5
20260312,cod,RAM,1,0,64,71,42,50,37,46,39,56,50,38,7,56,7,51,6
20260329,cod,GSL,0,0,7,7,0,1,16,26,21,56,37,17,11,56,10,38,7
20260305,cod,SHC,0,23,59,75,33,46,17,39,21,56,35,23,8,56,8,39,3
20260226,cod,RAM,1,0,40,47,22,31,40,48,42,57,52,40,9,57,4,47,2
20260219,cod,SHC,1,4,25,26,9,17,19,34,25,57,30,27,8,57,2,46,2
20260120,cod,SHC,1,10,42,50,20,46,18,37,21,57,39,27,13,57,9,51,8
20260123,cod,EMS,1,0,51,52,43,57,27,41,32,57,51,38,11,57,4,48,2
20260115,cod,HSW,3,5,25,25,42,64,18,35,19,57,40,27,15,57,2,26,0
20260313,cod,SHC,2,22,48,52,24,44,21,40,27,57,42,25,8,57,8,45,7
20260212,cod,NMP,3,23,24,25,19,40,11,32,11,57,30,20,15,57,6,39,1
20260127,cod,GKP,0,8,27,27,35,40,29,42,33,57,42,40,7,57,0,21,0
20260302,cod,RAM,2,0,39,45,27,36,35,44,40,57,43,39,8,57,3,43,2
20260119,cod,RAM,0,94,188,209,98,140,15,28,19,57,29,22,15,57,4,29,3
20260305,cod,RAM,1,0,99,114,36,41,32,44,36,57,41,31,7,57,1,42,1
20260112,cod,FBD,0,9,21,22,18,25,23,44,27,57,41,36,8,57,1,34,0
20260121,cod,SHC,0,4,24,27,14,37,20,39,23,57,42,31,12,57,7,45,5
20260313,cod,GKS,3,44,46,46,38,50,27,41,32,58,43,31,6,58,6,45,2
20260213,cod,HSW,0,0,4,4,0,1,16,28,18,58,27,19,9,58,1,28,1
20260314,cod,SHC,1,9,17,19,16,36,26,45,27,58,48,30,12,58,9,42,7
20260221,cod,GSL,2,24,32,33,24,39,15,32,18,58,30,19,12,58,2,34,0
20260220,cod,NMP,0,12,75,75,7,12,14,33,18,58,43,26,15,58,2,35,1
20260107,cod,KTH,1,32,34,34,34,46,31,46,34,59,64,42,7,59,4,42,0
20260124,cod,EMS,1,0,58,60,63,84,27,38,39,59,30,26,7,59,1,33,1
20260117,cod,RPS,3,72,90,90,109,192,17,39,22,59,38,30,13,59,4,36,3
20260311,cod,GKS,1,26,30,30,49,59,29,44,33,59,48,38,8,59,3,36,3
20260303,cod,SHC,0,4,20,22,6,14,27,48,30,59,51,36,9,59,8,68,3
20260208,cod,RPS,0,0,8,9,2,2,23,35,30,59,34,22,11,59,6,41,2
20260314,cod,GKS,1,27,31,31,23,29,33,48,36,59,44,37,7,59,2,46,2
20260129,cod,RAM,1,0,34,37,27,32,32,45,38,59,46,39,8,59,6,45,5
20260121,cod,AVH,3,28,41,41,19,31,30,43,36,59,43,33,8,59,3,52,3
20260109,cod,KTH,0,,,,1,1,28,39,37,59,51,36,1,59,5,45,4
20260318,cod,SHC,1,4,34,36,14,25,16,42,19,59,35,26,12,59,5,33,4
20260326,cod,BFK,0,3,7,7,0,3,14,21,18,59,15,13,17,59,1,13,0
20260405,cod,AIL,0,1,1,4,0,1,16,41,20,59,39,28,11,59,8,45,0
20260128,cod,EMS,2,0,63,64,43,63,26,39,31,60,46,31,9,60,0,18,0
20260209,cod,RPS,1,55,78,82,54,72,25,37,31,60,27,23,12,60,2,33,2
20260323,cod,RPS,2,37,102,104,23,40,20,39,29,60,42,29,12,60,6,38,3
20260313,cod,AIL,2,48,60,64,22,68,21,46,23,60,45,36,12,60,7,44,4
20260117,cod,HSW,0,3,49,50,64,102,18,36,20,60,50,29,11,60,11,31,3
20260314,cod,RAM,2,0,1,1,44,51,41,51,44,60,45,40,8,60,2,47,1
20260113,cod,HSW,0,0,91,91,33,48,30,42,37,61,48,36,4,61,4,37,2
20260315,cod,GSL,1,21,29,29,25,37,18,33,20,61,50,19,12,61,12,55,8
20260330,cod,NMP,0,80,82,82,33,93,15,39,16,61,47,34,19,61,3,40,3
20260323,cod,GSL,4,48,65,69,39,75,23,40,28,61,33,22,9,61,2,33,2
20260325,cod,AIL,0,29,37,37,16,37,11,32,12,61,31,22,11,61,6,28,5
20260304,cod,GSL,0,6,26,27,13,20,21,36,25,61,41,27,15,61,11,49,7
20260310,cod,RAM,1,,,,28,35,35,44,39,61,43,35,7,61,4,50,1
20260325,cod,GSL,1,32,57,61,32,68,20,49,23,61,44,31,10,61,5,48,4
20260129,cod,EMS,2,0,36,36,59,75,29,47,34,62,59,40,14,62,2,30,0
20260315,cod,GKS,0,23,23,25,15,23,29,48,32,62,49,39,11,62,4,41,3
20260401,cod,GSL,0,5,15,19,2,16,18,42,23,62,26,22,11,62,5,34,5
20260121,cod,EMS,0,0,73,75,41,48,37,49,41,62,56,44,6,62,7,60,4
20260214,cod,FRD,15,386,569,570,337,503,43,58,44,62,91,54,11,62,3,39,2
20260309,cod,SHO,6,113,173,178,97,115,38,51,41,63,60,41,10,63,44,79,10
20260120,cod,AVH,1,29,41,41,32,46,36,53,39,63,53,41,10,63,3,37,2
20260403,cod,RAM,0,0,47,52,5,70,28,43,33,63,51,39,13,63,6,54,4
20260106,cod,RPG,1,99,114,114,75,99,0,62,0,63,,,18,63,32,32,18
20260405,cod,RAM,0,0,0,88,0,1,31,45,38,63,55,43,13,63,7,52,0
20260405,cod,NMP,0,12,12,23,0,12,13,37,16,63,50,32,15,63,5,42,0
20260316,cod,AIL,9,101,116,119,44,131,18,49,18,63,57,41,13,63,14,50,7
20260220,cod,GSL,0,36,47,53,27,39,24,42,27,63,39,27,13,63,4,36,2
20260217,cod,SHC,2,13,26,28,25,47,23,44,26,63,49,33,12,63,7,48,4
20260331,cod,RAM,0,,,,25,50,29,47,38,63,49,42,14,63,3,42,2
20260217,cod,NMP,1,25,35,35,12,30,19,39,20,64,43,30,14,64,4,33,4
20260322,cod,KTH,0,9,12,12,7,14,15,32,20,64,35,30,12,64,3,57,1
20260117,cod,SHC,2,5,35,41,27,46,22,46,26,64,46,32,11,64,0,40,0
20260111,cod,RAM,0,23,62,69,43,63,36,56,39,64,68,50,12,64,10,60,4
20260215,cod,SHC,0,10,13,13,10,15,20,46,21,64,50,36,12,64,8,54,5
20260308,cod,GSL,1,7,12,13,4,10,23,36,30,64,43,27,12,64,5,44,4
20260307,cod,SHO,4,50,53,53,72,91,29,38,42,64,28,22,9,64,14,50,4
20260314,cod,FKA,0,0,0,11,1,4,1,11,3,64,4,2,19,64,3,28,2
20260303,cod,GSL,0,36,61,64,35,45,11,31,19,64,30,14,17,64,7,42,6
20260116,cod,HSW,0,0,90,90,5,12,13,31,23,64,33,23,15,64,10,44,7
20260108,cod,HSW,1,0,25,27,15,26,37,56,40,65,60,46,6,65,1,34,1
20260318,cod,GSL,2,12,48,51,10,24,27,44,30,65,36,22,11,65,6,40,3
20260306,cod,SHC,2,16,49,55,28,68,16,40,21,65,29,22,15,65,3,29,1
20260326,cod,GSL,1,17,32,33,24,35,23,37,26,65,45,25,6,65,8,46,5
20260326,cod,RAM,2,0,108,120,44,58,43,47,48,65,52,39,7,65,3,55,2
20260329,cod,RAM,0,0,50,57,11,15,31,51,37,65,52,43,9,65,2,48,0
20260310,cod,GKS,0,33,60,61,23,33,35,47,37,65,44,38,9,65,3,47,0
20260311,cod,SHC,4,15,30,37,22,48,24,46,25,65,53,32,12,65,7,50,4
20260317,cod,RAM,0,,,,18,23,46,59,48,65,51,45,9,65,3,51,2
20260223,cod,GSL,0,113,153,155,85,120,27,37,32,65,36,30,14,65,3,43,3
20260316,cod,GSL,1,18,38,38,24,33,26,45,28,65,25,18,14,65,7,39,4
20260312,cod,SHC,2,9,32,34,16,24,22,42,29,66,46,26,14,66,6,35,6
20260301,cod,KTH,0,12,12,12,9,12,29,40,32,66,43,36,4,66,2,46,2
20260301,cod,SHC,0,6,9,9,7,10,24,50,24,66,49,39,10,66,4,43,3
20260316,cod,NMP,3,83,101,105,44,89,15,35,19,66,49,30,20,66,17,46,12
20260212,cod,RPS,0,31,48,49,35,43,28,44,35,66,47,31,9,66,9,49,2
20260109,cod,RAM,0,0,37,43,31,37,42,54,47,66,66,48,3,66,5,60,3
20260130,cod,EMS,2,3,59,59,47,58,31,44,35,66,48,32,11,66,5,84,2
20260114,cod,RPS,2,9,105,106,5,12,28,48,33,66,48,34,13,66,8,47,5
20260325,cod,BFK,0,3,5,5,5,5,12,24,19,66,20,11,14,66,2,13,2
20260122,cod,HSW,3,4,81,81,37,64,24,40,27,67,37,32,5,67,20,50,4
20260130,cod,RAM,1,0,32,38,26,34,37,49,42,67,49,45,14,67,2,48,0
20260328,cod,RAM,0,0,58,60,78,102,41,54,46,67,56,49,7,67,2,56,1
20260127,cod,RAM,0,2,46,58,42,44,30,38,36,67,35,26,8,67,6,42,1
20260324,cod,RPS,4,90,99,101,90,147,22,39,31,67,33,28,14,67,3,33,2
20260219,cod,GSL,1,14,18,34,11,17,25,38,28,67,43,26,13,67,4,37,3
20260307,cod,KTH,0,63,63,63,45,63,34,57,35,67,44,40,12,67,0,47,0
20260118,cod,RPS,1,9,20,21,15,21,20,38,24,67,42,31,11,67,6,42,3
20260202,cod,POW,0,88,88,88,46,98,17,41,26,67,45,34,9,67,2,52,2
20260313,cod,RPS,0,12,15,16,19,26,27,43,31,67,50,38,13,67,7,46,3
20260228,cod,RAM,0,0,35,39,38,42,49,60,51,67,64,53,5,67,5,48,5
20260216,cod,RAM,0,0,47,53,23,27,53,58,55,67,61,52,6,67,4,54,1
20260311,cod,GSL,0,28,35,39,38,58,21,42,27,68,50,33,18,68,12,52,7
20260327,cod,RPS,1,78,81,82,48,96,27,51,33,68,61,45,14,68,5,39,4
20260214,cod,RPS,0,26,55,57,28,34,36,54,41,68,57,47,8,68,5,54,2
20260120,cod,POW,0,34,34,35,16,34,25,44,30,68,77,38,9,68,5,51,2
20260308,cod,GKS,0,25,26,26,22,25,45,64,46,68,73,57,7,68,4,40,2
20260320,cod,RPS,3,31,49,49,23,41,28,50,35,68,61,42,14,68,13,52,10
20260327,cod,RAM,1,1,65,71,58,71,44,57,48,68,53,44,8,68,6,56,4
20260309,cod,RAM,0,0,107,124,55,58,43,56,46,69,58,48,10,69,5,63,1
20260325,cod,RAM,0,0,58,69,50,60,34,49,44,69,46,39,11,69,1,40,1
20260220,cod,FKA,0,9,11,11,6,10,11,38,16,69,45,29,16,69,2,56,2
20260119,cod,HSW,2,15,95,95,37,65,21,45,33,69,53,28,9,69,29,60,7
20260218,cod,RPS,6,50,102,104,142,265,35,44,41,69,45,29,10,69,7,41,3
20260108,cod,KTH,0,26,27,27,23,28,26,54,30,69,70,50,9,69,2,49,1
20260218,cod,NMP,0,30,72,73,12,30,16,48,21,70,57,37,20,70,12,52,8
20260221,cod,NMP,1,37,50,50,58,110,24,54,24,70,57,43,15,70,6,57,4
20260219,cod,NMP,1,41,54,55,60,130,20,42,23,70,46,35,12,70,4,42,2
20260327,cod,GSL,0,3,16,19,21,37,24,51,24,70,55,42,12,70,4,40,3
20260218,cod,FKA,2,37,37,37,19,43,9,31,10,70,35,21,20,70,3,29,1
20260123,cod,GKP,0,5,57,57,12,12,32,42,41,70,43,38,12,70,2,38,2
20260226,cod,SHO,2,53,99,104,83,100,45,55,52,70,66,46,7,70,4,59,2
20260106,cod,RDT,2,99,106,106,71,99,0,70,0,70,,,30,70,43,43,23
20260330,cod,KTH,0,120,127,127,88,124,43,61,47,71,61,56,8,71,4,59,2
20260222,cod,FKA,0,,,,1,3,9,32,13,71,37,28,15,71,5,35,4
20260313,cod,GSL,1,9,18,56,17,23,23,53,29,71,58,35,12,71,12,49,6
20260126,cod,RAM,0,0,32,35,40,46,33,50,42,71,54,42,12,71,5,61,2
20260116,cod,RPS,4,27,101,104,44,76,24,55,28,71,50,39,12,71,6,54,3
20260216,cod,SHC,0,6,39,44,13,20,22,49,26,71,52,39,9,71,7,49,5
20260204,cod,EMS,1,1,177,182,158,190,29,53,34,71,53,45,19,71,9,61,8
20260402,cod,RAM,0,0,70,76,14,52,39,53,46,71,55,45,11,71,5,56,4
20260308,cod,RPS,2,12,23,24,8,13,30,51,33,71,62,43,8,71,13,58,9
20260321,cod,FKA,1,6,6,7,7,21,21,56,24,72,92,49,14,72,8,39,7
20260404,cod,NMP,0,43,43,48,1,45,22,45,28,72,49,38,16,72,11,60,10
20260302,cod,FKA,2,45,46,46,15,45,16,50,20,72,52,35,15,72,9,58,7
20260326,cod,GKS,1,57,95,95,63,75,44,53,49,72,61,50,9,72,3,54,2
20260207,cod,HSW,0,1,2,2,29,56,25,48,31,72,42,38,9,72,3,46,3
20260205,cod,HSW,0,0,72,72,65,110,17,46,23,72,55,38,14,72,2,40,1
20260309,cod,GKS,1,29,35,37,27,37,43,58,49,72,52,41,11,72,4,68,3
20260111,cod,EMS,0,0,26,32,15,18,29,55,33,72,88,44,15,72,16,64,8
20260114,cod,RAM,3,0,51,54,59,91,34,55,35,73,65,43,11,73,6,51,6
20260219,cod,SHO,3,49,73,73,75,83,40,50,48,73,49,35,12,73,4,51,2
20260128,cod,GKP,0,3,15,15,7,8,46,59,52,73,61,58,7,73,1,76,1
20260308,cod,KTH,0,38,43,43,28,38,32,56,38,73,49,47,13,73,2,50,0
20260128,cod,RAM,1,0,32,35,34,44,42,56,46,73,54,47,11,73,2,49,0
20260404,cod,AIL,0,14,14,24,0,29,15,52,18,73,52,34,17,73,3,30,2
20260319,cod,RAM,0,19,79,86,98,114,39,57,46,73,62,52,17,73,3,58,1
20260317,cod,AIL,2,49,78,80,28,64,16,45,21,73,56,35,16,73,13,45,5
20260213,cod,RPS,3,110,116,123,76,122,34,54,41,73,49,41,7,73,6,54,4
20260119,cod,RPS,1,35,45,49,32,47,34,58,41,74,67,52,13,74,10,62,5
20260301,cod,FKA,1,74,74,74,27,79,16,64,18,74,73,52,15,74,11,71,9
20260210,cod,HSW,0,0,9,9,5,6,20,43,26,74,43,34,14,74,21,58,4
20260314,cod,RPS,2,15,43,45,16,23,23,44,31,74,44,33,19,74,9,49,7
20260109,cod,EMS,0,0,4,13,4,4,40,49,48,75,72,42,10,75,11,46,2
20260324,cod,NMP,3,27,27,27,10,31,16,46,21,75,47,35,18,75,7,48,5
20260123,cod,RPS,3,211,225,228,122,226,28,46,35,75,54,39,14,75,15,56,6
20260310,cod,KTH,1,71,71,71,65,87,39,58,44,76,59,48,9,76,5,60,2
20260228,cod,ROM,0,1,5,5,4,4,15,55,17,76,52,42,14,76,6,60,6
20260219,cod,CMA,0,,,,0,3,29,54,36,76,62,39,10,76,8,71,6
20260124,cod,HSW,1,0,67,68,33,48,42,64,46,76,75,51,9,76,22,81,9
20260404,cod,RAM,0,0,1,69,0,47,42,59,46,76,55,53,10,76,3,64,2
20260330,cod,RAM,0,0,79,86,35,44,42,59,50,76,60,54,15,76,6,64,4
20260219,cod,POW,0,28,29,31,21,29,25,49,28,76,46,40,10,76,0,42,0
20260224,cod,SHO,2,47,80,83,88,105,44,55,53,76,56,46,12,76,6,55,6
20260312,cod,GSL,3,17,35,36,33,72,26,43,37,76,57,35,10,76,12,39,7
20260108,cod,RAM,0,0,94,105,39,58,48,62,50,77,74,57,12,77,6,65,5
20260319,cod,NMP,3,48,57,58,14,48,18,47,24,77,51,31,19,77,11,56,7
20260308,cod,SME,16,0,482,486,72,364,6,24,11,78,24,6,21,78,5,10,4
20260224,cod,KTH,0,76,76,76,60,89,42,69,46,78,75,64,4,78,6,55,5
20260308,cod,FKA,4,89,91,93,24,92,22,46,22,78,63,37,23,78,4,40,2
20260305,cod,SHO,2,113,251,256,103,120,56,64,60,78,46,33,10,78,5,47,3
20260204,cod,HSW,3,0,89,89,29,53,29,56,31,78,58,46,8,78,5,61,2
20260319,cod,AIL,1,9,24,25,6,26,17,48,20,78,46,32,14,78,16,64,10
20260215,cod,SME,15,392,399,400,104,428,14,75,14,78,132,64,13,78,12,57,5
20260203,cod,POW,2,33,44,44,20,33,35,63,36,79,71,53,8,79,1,58,1
20260127,cod,EMS,1,0,91,93,86,113,41,58,50,79,57,46,12,79,2,39,1
20260201,cod,POW,0,39,49,49,18,39,26,50,31,79,49,40,11,79,4,56,3
20260224,cod,NMP,3,48,75,76,47,112,23,47,30,79,51,33,17,79,5,51,4
20260303,cod,FKA,1,65,67,67,33,65,22,56,26,79,70,45,7,79,15,63,11
20260118,cod,POW,0,127,127,127,80,127,18,40,22,79,77,33,19,79,7,44,3
20260107,cod,RAM,1,0,58,62,52,62,54,66,55,79,82,63,7,79,5,58,5
20260219,cod,RPS,2,52,102,104,51,64,41,60,44,79,62,47,12,79,2,49,2
20260111,cod,SNI,0,53,115,115,78,87,42,65,48,79,93,58,7,79,9,71,4
20260227,cod,ROM,0,1,1,2,3,4,9,66,9,80,77,58,13,80,12,77,12
20260328,cod,GSL,0,4,7,8,6,12,23,54,26,80,59,38,19,80,8,58,7
20260330,cod,GSL,0,6,23,30,7,14,17,45,24,80,43,26,15,80,7,41,7
20260321,cod,RAM,0,0,48,56,69,83,50,68,55,80,85,64,11,80,2,55,1
20260306,cod,GSL,3,39,75,76,39,56,25,45,32,80,39,30,19,80,6,42,3
20260318,cod,AIL,3,29,43,44,21,60,14,51,15,80,55,37,14,80,11,39,4
20260203,cod,FBD,7,111,130,145,78,132,44,71,48,80,77,55,12,80,2,40,2
20260113,cod,RAM,0,0,50,57,45,74,41,60,48,80,73,52,11,80,4,68,3
20260209,cod,SIS,23,783,890,1131,115,787,8,51,8,80,53,38,19,80,8,57,5
20260202,cod,EMS,0,0,281,313,60,82,42,59,45,80,63,50,13,80,9,69,2
20260312,cod,KTH,0,86,99,99,63,91,44,64,46,80,60,54,6,80,5,71,3
20260112,cod,EMS,1,1,59,61,42,47,37,61,43,80,69,49,11,80,12,70,11
20260312,cod,RPS,2,17,22,23,16,25,30,54,39,81,53,43,11,81,10,61,7
20260210,cod,NMP,1,33,51,75,19,33,16,42,20,81,44,28,19,81,9,47,4
20260401,cod,RAM,0,0,52,55,30,78,48,64,54,81,67,60,12,81,2,63,1
20260309,cod,KTH,0,80,96,96,64,85,40,60,44,81,69,58,11,81,2,60,1
20260120,cod,HSW,2,0,81,81,48,76,40,56,44,81,61,47,9,81,3,32,2
20260122,cod,RAM,0,0,52,56,29,41,38,69,41,82,78,66,11,82,4,70,3
20260113,cod,RPS,0,35,39,39,28,39,38,61,44,82,69,50,10,82,5,61,3
20260218,cod,POW,1,34,35,35,17,34,26,51,29,82,44,36,8,82,1,52,0
20260318,cod,RAM,2,0,96,105,84,95,50,69,57,82,73,65,10,82,7,66,4
20260311,cod,KTH,1,110,115,115,75,110,43,66,49,82,70,57,7,82,3,67,3
20260118,cod,HSW,0,0,76,78,25,44,39,62,42,82,69,57,11,82,9,69,4
20260112,cod,RPS,1,92,96,97,52,93,38,73,42,83,83,67,12,83,9,74,4
20260307,cod,GSL,2,55,83,87,60,89,28,52,34,83,54,42,25,83,9,60,4
20260320,cod,AIL,0,18,25,25,14,32,18,50,20,83,65,39,17,83,10,52,5
20260124,cod,RAM,0,0,53,55,13,19,49,67,50,83,78,59,11,83,7,58,5
20260113,cod,ILM,2,5,10,10,11,27,9,27,19,83,77,14,25,83,7,40,6
20260206,cod,SIS,0,3,3,3,1,4,4,31,6,83,41,23,18,83,0,15,0
20260320,cod,SHO,1,40,86,88,58,72,44,58,53,83,66,45,14,83,7,50,5
20260226,cod,NMP,2,116,130,131,55,127,26,55,30,83,59,40,17,83,8,59,6
20260304,cod,LIV,1,105,105,105,90,105,54,68,56,84,90,61,10,84,35,104,13
20260106,cod,KAL,0,69,173,173,61,69,2,83,2,84,,,40,84,54,56,28
20260325,cod,SHO,0,0,3,3,2,4,46,63,56,84,54,49,15,84,4,59,2
20260119,cod,POW,0,142,142,142,88,142,31,46,38,84,63,33,12,84,1,43,1
20260311,cod,RPS,3,21,57,59,23,35,24,51,32,85,46,34,17,85,4,52,2
20260322,cod,RAM,1,0,1,1,47,56,49,68,52,85,59,50,18,85,8,81,5
20260323,cod,NMP,1,39,43,43,22,48,19,53,20,85,51,36,21,85,13,53,11
20260216,cod,FKA,0,17,18,18,7,17,19,43,22,85,45,32,14,85,12,63,5
20260305,cod,RPS,5,97,150,153,58,103,36,62,44,85,53,40,12,85,8,47,4
20260313,cod,KTH,2,111,133,133,89,124,48,66,54,85,68,59,7,85,5,69,4
20260110,cod,EMS,0,0,59,72,2,3,47,64,53,85,80,56,9,85,8,63,2
20260317,cod,NMP,2,39,42,43,25,47,26,61,27,85,58,44,17,85,10,59,8
20260201,cod,EMS,4,0,89,121,75,110,41,58,51,85,60,48,12,85,6,71,2
20260207,cod,POW,1,81,85,86,55,108,22,45,30,85,47,34,13,85,3,51,3
20260112,cod,RAM,1,1,76,78,24,37,45,68,52,85,85,62,8,85,7,73,4
20260403,cod,NMP,0,57,59,61,2,64,15,63,18,85,65,48,18,85,8,55,7
20260203,cod,HSW,0,0,52,52,17,30,31,60,33,86,69,56,10,86,6,58,5
20260131,cod,HSW,0,0,78,78,33,64,31,53,37,86,61,45,5,86,20,65,5
20260304,cod,SNI,0,26,83,83,31,40,47,67,51,86,90,55,12,86,27,103,8
20260203,cod,EMS,1,2,267,271,53,65,49,67,59,86,64,55,12,86,5,59,4
20260307,cod,FKA,10,108,111,111,62,184,17,47,21,86,46,38,20,86,3,29,2
20260215,cod,POW,0,45,45,45,27,45,29,57,33,86,64,50,20,86,1,55,0
20260305,cod,GSL,0,23,41,44,32,49,32,60,38,86,58,41,20,86,9,52,5
20260323,cod,RAM,1,0,95,110,28,33,47,58,57,86,57,48,16,86,3,67,2
20260215,cod,FKA,0,91,91,91,43,92,19,54,22,87,62,39,25,87,12,75,10
20260216,cod,RPS,3,60,148,158,68,85,35,60,39,87,66,50,16,87,8,60,6
20260216,cod,NMP,1,64,94,95,40,74,20,52,27,87,47,37,22,87,9,51,6
20260303,cod,SHO,0,,,,0,1,57,69,64,87,78,53,10,87,16,79,10
20260218,cod,SHC,1,5,16,18,12,18,40,71,41,87,62,53,13,87,4,55,2
20260218,cod,CMA,0,,,,1,1,43,77,49,87,80,62,8,87,9,54,7
20260125,cod,RAM,0,1,57,64,46,54,51,74,53,87,74,62,12,87,7,82,4
20260219,cod,SIS,0,3,20,21,8,19,1,15,2,87,7,3,26,87,0,17,0
20260225,cod,NMP,3,74,92,92,45,93,30,69,35,87,74,57,16,87,4,62,2
20260227,cod,NMP,6,120,141,143,51,142,39,68,41,88,79,54,16,88,9,75,7
20260122,cod,RPS,1,193,207,220,137,238,30,53,34,88,56,34,15,88,14,71,8
20260218,cod,GSL,0,28,31,31,22,36,22,44,28,88,44,29,19,88,9,39,8
20260402,cod,FBD,0,79,97,103,26,87,26,52,30,88,58,34,19,88,8,66,4
20260106,cod,DSL,3,163,387,387,120,163,4,87,4,88,,,30,88,80,81,57
20260106,cod,GKP,0,143,181,181,129,143,1,89,1,89,,,39,89,56,57,19
20260225,cod,KTH,0,35,35,35,25,35,44,74,46,89,84,71,11,89,7,89,5
20260217,cod,FKA,0,23,28,28,4,23,14,47,15,89,46,32,15,89,5,47,4
20260123,cod,RAM,0,35,54,58,66,88,50,64,56,89,70,56,9,89,2,70,2
20260204,cod,POW,0,66,80,80,43,77,33,67,41,89,78,53,10,89,1,47,1
20260331,cod,KTH,0,82,123,123,57,89,44,77,49,89,91,72,12,89,3,70,1
20260130,cod,POW,0,46,50,50,22,46,34,58,37,90,59,52,9,90,1,55,1
20260324,cod,SHO,1,0,3,3,6,8,40,59,51,90,52,41,17,90,13,56,5
20260122,cod,GKP,0,8,28,31,10,11,44,55,54,91,54,52,15,91,0,49,0
20260313,cod,FKA,0,0,7,17,0,6,10,40,18,91,23,13,35,91,9,81,7
20260324,cod,RAM,1,0,0,1,31,38,56,73,63,91,74,65,14,91,1,76,0
20260207,cod,RPS,2,40,47,47,42,66,24,53,32,91,45,34,17,91,3,53,1
20260211,cod,NMP,5,33,47,67,43,111,16,42,23,92,39,27,20,92,7,38,5
20260226,cod,GSL,5,68,78,78,91,126,39,69,46,92,73,54,15,92,5,49,3
20260213,cod,FKA,0,31,38,38,12,31,18,47,26,92,56,35,19,92,4,45,3
20260205,cod,SIS,0,2,3,3,3,6,1,16,5,92,17,5,19,92,2,15,1
20260214,cod,FKA,2,14,15,15,7,21,20,52,23,92,61,43,21,92,4,35,4
20260324,cod,BFK,0,6,8,8,6,8,14,31,23,92,13,9,26,92,2,17,2
20260106,cod,GSL,2,43,88,92,22,43,2,90,2,92,,,30,92,51,51,33
20260319,cod,SHO,1,34,70,70,66,72,44,58,54,92,62,49,24,92,11,70,10
20260214,cod,POW,0,58,58,58,37,58,28,54,37,92,52,45,17,92,1,48,0
20260108,cod,EMS,0,1,3,19,2,4,43,65,50,93,68,50,18,93,14,72,6
20260125,cod,HSW,0,0,54,54,34,61,25,61,30,93,58,51,15,93,37,77,4
20260314,cod,LFS,7,174,264,296,391,542,55,88,56,94,107,79,9,94,40,107,23
20260307,cod,RPS,5,69,76,76,47,83,39,63,50,94,48,40,15,94,7,56,5
20260219,cod,FKA,0,20,21,21,7,20,22,59,25,94,53,43,23,94,4,44,3
20260211,cod,FBD,3,32,73,74,35,53,26,56,33,94,53,43,13,94,8,58,5
20260323,cod,AIL,0,27,40,43,20,37,16,50,21,94,39,29,12,94,12,67,9
20260121,cod,HSW,4,0,113,113,66,113,42,73,44,94,78,67,14,94,14,87,8
20260328,cod,GKS,0,92,355,355,97,111,46,72,57,95,78,61,15,95,7,85,7
20260129,cod,POW,1,43,43,43,25,43,39,59,44,95,56,48,9,95,1,58,1
20260208,cod,FBD,0,2,11,11,5,6,29,59,34,95,58,40,23,95,12,106,9
20260208,cod,HSW,0,,,,0,1,36,76,38,96,91,74,19,96,8,87,2
20260122,cod,EMS,0,0,87,90,19,32,60,87,63,96,89,76,11,96,12,82,7
20260322,cod,NMP,0,1,9,9,1,1,24,60,31,96,63,44,20,96,13,62,8
20260213,cod,POW,0,60,60,60,38,60,37,72,40,96,67,61,24,96,3,78,0
20260328,cod,RPS,0,84,108,109,49,87,40,76,46,96,109,65,10,96,15,75,11
20260211,cod,HSW,0,7,8,8,6,16,32,67,39,96,70,57,10,96,7,46,3
20260131,cod,EMS,0,1,100,198,10,12,51,84,54,96,80,69,13,96,7,98,6
20260303,cod,RPS,0,44,52,56,32,47,37,66,47,96,75,55,11,96,13,84,11
20260205,cod,EMS,3,2,101,105,173,225,50,71,60,97,83,64,15,97,9,82,6
20260131,cod,POW,0,91,91,109,53,95,34,68,37,97,77,62,8,97,1,72,1
20260123,cod,HSW,1,0,22,22,62,104,38,76,43,97,87,70,9,97,9,61,3
20260128,cod,POW,1,58,58,58,51,78,27,67,36,97,67,56,14,97,2,65,1
20260321,cod,NMP,3,34,34,36,17,41,31,60,34,97,74,49,17,97,15,68,10
20260120,cod,SNI,1,43,90,91,83,105,52,65,63,97,63,51,13,97,6,70,2
20260202,cod,HSW,1,5,43,43,93,180,38,64,41,97,56,49,13,97,8,61,5
20260110,cod,SNI,1,52,86,87,65,89,52,77,57,98,98,65,14,98,8,89,5
20260117,cod,RAM,1,0,9,10,29,51,36,66,44,98,65,55,18,98,4,64,4
20260113,cod,SNI,0,34,69,70,71,96,57,82,60,98,103,68,12,98,9,81,5
20260120,cod,KAL,0,2,4,4,2,2,48,63,63,98,58,49,19,98,3,71,3
20260217,cod,POW,0,32,32,32,14,32,42,70,47,98,75,59,14,98,2,76,1
20260124,cod,SNI,1,60,99,99,103,129,48,72,54,99,82,61,12,99,4,67,2
20260307,cod,SME,9,494,864,906,103,494,1,17,3,99,6,2,26,99,4,5,2
20260321,cod,AIL,1,23,26,27,11,32,19,68,21,99,88,56,23,99,20,59,16
20260208,cod,POW,0,59,67,67,38,63,31,68,35,99,71,55,13,99,6,73,1
20260112,cod,SNI,0,38,100,101,80,100,62,79,69,99,100,66,10,99,4,72,1
20260121,cod,SNI,2,54,112,112,70,101,54,76,59,99,85,68,13,99,6,73,3
20260217,cod,GSL,3,19,27,28,18,28,29,48,42,99,50,34,15,99,8,54,5
20260301,cod,LIV,0,98,98,98,84,98,51,79,58,99,76,64,10,99,4,79,2
20260227,cod,KTH,0,29,29,29,24,29,33,66,34,99,58,55,18,99,2,73,1
20260217,cod,RPS,4,141,274,296,98,157,44,73,55,100,75,61,16,100,7,75,3
20260306,cod,RPS,3,49,62,63,69,100,39,69,49,100,79,55,23,100,13,61,6
20260227,cod,SHO,9,51,89,93,79,98,62,78,66,100,95,64,16,100,11,83,7
20260228,cod,LIV,0,103,103,103,86,103,56,77,64,101,81,70,12,101,2,81,0
20260312,cod,LIV,0,173,173,174,149,173,63,78,74,101,75,69,10,101,5,77,2
20260225,cod,SHO,2,46,94,96,68,80,67,87,74,101,87,75,13,101,5,77,4
20260306,cod,SHO,7,58,94,95,168,198,64,82,72,101,84,68,18,101,11,78,7
20260107,cod,EMS,0,,,,3,7,41,70,54,101,125,50,24,101,13,49,7
20260226,cod,KTH,0,22,22,22,18,22,38,74,43,101,76,64,11,101,6,67,3
20260206,cod,POW,1,48,75,75,30,49,27,67,28,101,63,49,19,101,5,83,2
20260226,cod,CDM,120,,,,731,3415,15,87,15,101,155,79,19,101,36,113,14
20260211,cod,FKA,3,55,58,58,19,55,11,46,18,102,49,32,25,102,4,53,3
20260309,cod,GSL,4,43,130,132,36,61,42,72,49,102,73,56,19,102,10,70,6
20260115,cod,POW,1,40,40,40,22,42,10,32,15,102,53,27,23,102,10,43,5
20260118,cod,SNI,1,49,78,79,61,79,45,62,53,102,62,46,15,102,11,75,5
20260127,cod,HSW,0,0,57,57,40,77,39,66,46,102,59,53,16,102,31,69,4
20260205,cod,POW,1,66,67,67,49,80,35,84,37,102,82,66,13,102,3,80,0
20260304,cod,FBD,1,29,39,39,37,55,24,59,32,102,88,41,24,102,25,108,5
20260121,cod,GKP,0,3,6,6,28,38,31,45,47,103,39,35,20,103,0,40,0
20260129,cod,HSW,1,0,45,45,32,53,31,65,40,103,68,55,12,103,27,73,2
20260212,cod,FKA,0,26,26,26,8,29,14,38,20,103,40,23,31,103,7,43,6
20260311,cod,LIV,0,122,122,122,102,122,52,74,65,103,75,63,11,103,9,69,6
20260112,cod,ILM,0,14,33,34,18,27,21,42,33,103,135,15,25,103,3,37,3
20260223,cod,SHO,3,34,77,78,112,130,72,85,81,103,85,72,10,103,6,87,5
20260301,cod,RPS,1,18,34,34,10,18,42,67,52,104,81,54,20,104,8,75,6
20260226,cod,RPS,3,132,140,141,93,141,44,74,52,104,80,62,20,104,3,72,1
20260107,cod,RPG,0,91,104,104,85,106,62,74,69,104,122,70,9,104,14,67,9
20260214,cod,NMP,4,92,106,107,40,93,25,66,30,104,66,55,25,104,7,65,5
20260117,cod,POW,1,108,108,108,62,108,28,55,36,104,89,45,21,104,0,52,0
20260209,cod,POW,0,54,54,54,37,62,34,60,38,105,59,47,15,105,5,64,4
20260312,cod,SHO,4,43,92,93,65,84,49,67,64,105,61,50,23,105,10,62,8
20260106,cod,RPB,1,125,165,166,102,125,5,104,5,105,,,32,105,60,62,35
20260308,cod,LIV,0,87,87,87,71,87,58,74,67,105,83,66,11,105,11,81,5
20260314,cod,GSL,2,20,44,46,16,30,54,84,58,105,94,72,12,105,13,86,7
20260206,cod,HSW,0,0,27,27,29,44,37,86,44,106,83,74,9,106,5,90,3
20260128,cod,HSW,2,4,66,66,51,76,32,70,38,106,75,61,14,106,19,62,3
20260128,cod,SNI,0,28,83,83,81,107,55,70,65,106,68,55,13,106,4,71,4
20260125,cod,POW,0,68,68,69,43,72,44,64,49,106,71,55,11,106,4,61,0
20260305,cod,FKA,4,160,161,188,75,160,23,80,24,107,79,55,24,107,6,66,4
20260320,cod,NMP,0,38,46,46,24,47,28,72,31,107,66,48,25,107,12,65,6
20260216,cod,POW,0,46,46,46,29,46,48,69,58,107,70,56,15,107,6,75,2
20260228,cod,KTH,0,20,20,20,12,20,48,72,56,108,73,69,18,108,0,57,0
20260114,cod,SNI,0,34,56,56,56,69,62,87,68,108,99,74,13,108,8,85,4
20260302,cod,LIV,0,91,91,91,79,91,50,77,62,108,77,66,18,108,3,77,2
20260327,cod,GKS,0,31,50,52,63,71,66,93,72,108,99,88,14,108,3,87,2
20260114,cod,SSI,38,1496,1947,2026,393,1627,11,61,11,108,78,57,17,108,10,60,4
20260223,cod,NMP,1,81,121,121,63,104,27,76,36,108,82,65,20,108,6,79,4
20260314,cod,SHO,3,46,47,50,94,110,69,88,74,108,103,79,23,108,17,94,12
20260127,cod,POW,0,105,125,125,66,105,40,76,47,109,75,64,14,109,7,84,5
20260209,cod,FBD,1,164,193,199,86,189,36,60,41,109,75,49,18,109,7,60,6
20260115,cod,SNI,1,50,87,88,59,72,52,79,58,109,84,63,18,109,9,91,2
20260310,cod,LIV,0,82,82,82,70,82,61,84,69,109,91,77,18,109,7,95,1
20260321,cod,KTH,0,8,13,13,7,9,42,70,48,110,62,56,18,110,6,72,5
20260210,cod,POW,0,63,66,68,40,63,37,76,42,110,77,65,15,110,7,68,4
20260225,cod,GSL,6,78,140,144,68,101,57,91,62,110,93,78,18,110,17,100,3
20260117,cod,SNI,0,41,71,73,57,71,51,79,58,110,101,73,22,110,6,94,4
20260208,cod,SNI,0,34,97,97,48,66,54,86,57,110,94,80,23,110,8,114,5
20260303,cod,LIV,0,96,96,96,82,96,61,83,68,110,87,76,19,110,12,91,4
20260124,cod,RPS,0,58,73,90,41,73,45,83,49,111,80,64,24,111,12,74,8
20260318,cod,SHO,3,53,89,92,93,106,67,83,75,111,77,65,29,111,14,83,11
20260123,cod,SNI,1,55,124,124,88,117,55,89,61,111,93,79,16,111,4,97,2
20260221,cod,SHO,1,57,64,68,75,85,68,87,78,111,83,68,20,111,9,109,8
20260323,cod,SHO,1,8,8,8,10,19,59,77,73,111,69,55,23,111,11,75,6
20260206,cod,RPS,0,17,42,44,18,21,40,66,49,111,73,56,24,111,9,84,7
20260303,cod,NMP,10,89,115,115,68,152,18,72,28,111,108,55,20,111,13,89,8
20260212,cod,POW,0,57,57,57,45,63,37,73,50,111,79,63,12,111,5,76,5
20260212,cod,SNI,0,44,102,102,65,74,64,91,70,112,92,73,13,112,14,105,6
20260109,cod,SNI,0,54,91,94,63,72,57,85,65,112,119,69,9,112,5,85,4
20260329,cod,GKS,0,148,319,319,346,410,67,93,74,112,88,78,12,112,6,80,5
20260220,cod,SHO,2,28,57,58,40,50,79,96,83,112,114,84,12,112,8,88,6
20260313,cod,LIV,1,206,206,207,181,206,72,96,79,112,103,90,12,112,4,87,3
20260130,cod,HSW,0,0,77,77,31,54,44,81,50,113,73,67,17,113,12,59,3
20260120,cod,RPS,0,38,57,57,25,42,46,94,51,113,110,82,23,113,8,102,7
20260126,cod,HSW,1,0,95,95,37,54,48,84,54,113,101,78,14,113,35,87,6
20260213,cod,NMP,2,21,31,53,14,22,36,75,43,113,79,63,24,113,4,63,3
20260228,cod,SHO,4,30,79,85,54,67,74,98,80,113,90,70,16,113,11,106,5
20260119,cod,SNI,1,46,108,109,56,75,54,75,62,113,80,66,18,113,4,69,2
20260210,cod,SNI,1,65,116,116,85,107,56,81,62,114,91,74,20,114,6,95,4
20260322,cod,BFK,0,6,12,12,9,9,11,26,19,114,19,12,37,114,9,34,3
20260313,cod,SHO,3,52,115,116,83,101,66,83,76,114,96,75,20,114,15,87,12
20260402,cod,RPS,0,95,102,102,25,110,32,71,34,115,77,58,38,115,8,96,7
20260225,cod,RPS,2,18,25,28,25,29,46,71,50,115,71,60,22,115,9,87,6
20260106,cod,RAP,3,141,197,201,80,141,0,109,0,115,,,39,115,64,64,39
20260129,cod,SNI,2,56,110,110,91,111,69,85,76,115,99,72,10,115,6,92,6
20260314,cod,KTH,0,90,117,117,72,112,57,94,62,116,105,87,20,116,8,81,7
20260309,cod,RPS,2,38,90,92,44,55,56,92,58,116,101,79,17,116,14,96,8
20260221,cod,LIV,0,78,78,78,64,79,63,92,73,116,94,78,19,116,7,97,5
20260306,cod,FKA,2,110,185,217,54,114,20,59,30,116,53,41,20,116,8,59,4
20260318,cod,NMP,4,59,59,59,43,81,36,84,38,116,101,74,26,116,20,86,13
20260211,cod,POW,0,67,73,73,49,70,43,84,43,117,85,74,16,117,3,88,1
20260227,cod,GSL,2,61,72,75,53,75,46,85,52,117,87,71,26,117,8,98,7
20260210,cod,FBD,1,25,38,40,25,48,38,76,42,117,63,51,28,117,7,79,3
20260211,cod,SNI,1,70,100,100,95,121,65,89,74,117,102,74,13,117,11,81,9
20260112,cod,KAL,2,129,141,141,147,176,60,76,78,117,105,62,19,117,8,77,3
20260401,cod,KTH,0,110,110,110,82,151,61,91,71,118,89,73,14,118,6,91,1
20260302,cod,SHO,4,118,123,128,148,165,73,91,83,118,96,76,11,118,8,97,6
20260127,cod,NUA,1,408,423,424,391,488,39,57,56,119,48,37,23,119,1,80,0
20260313,cod,NMP,1,62,69,69,24,62,29,68,35,119,66,48,35,119,11,99,8
20260302,cod,GSL,2,69,79,83,51,76,34,78,46,119,71,56,26,119,7,73,5
20260222,cod,LIV,0,105,107,107,79,105,58,99,63,119,105,85,19,119,4,110,1
20260304,cod,VEL,3,24,53,57,65,124,33,73,36,119,133,53,23,119,84,169,27
20260129,cod,RPS,6,115,130,150,238,437,32,67,37,119,63,51,33,119,8,51,6
20260314,cod,NMP,6,62,72,72,45,141,32,75,40,119,69,58,21,119,10,96,7
20260215,cod,LIV,0,152,152,152,129,152,65,93,73,119,99,82,22,119,18,121,12
20260212,cod,LIV,0,108,108,109,89,108,66,89,74,120,101,82,12,120,9,101,3
20260321,cod,BFK,0,8,11,11,9,13,22,37,33,120,21,13,28,120,9,91,7
20260402,cod,KTH,0,61,64,64,15,61,64,96,71,120,89,81,17,120,9,102,3
20260214,cod,FBD,0,99,128,131,80,149,32,58,37,120,61,42,26,120,11,76,7
20260228,cod,NMP,5,129,152,153,60,152,41,97,45,121,111,78,20,121,10,83,9
20260404,cod,KTH,0,7,8,8,1,9,46,80,56,121,84,67,17,121,10,103,3
20260206,cod,EMS,4,0,207,214,91,124,67,99,76,121,89,82,12,121,8,86,4
20260317,cod,SHO,15,53,97,98,182,231,73,94,86,121,87,70,23,121,8,87,5
20260106,cod,LFS,0,80,275,286,72,80,6,120,6,122,,,36,122,102,106,51
20260227,cod,RPS,2,68,74,74,44,79,55,92,65,122,90,76,18,122,7,91,3
20260220,cod,RPS,2,56,73,75,93,150,63,101,70,122,115,86,17,122,15,99,6
20260111,cod,KAL,0,81,123,124,136,148,58,79,74,122,85,65,29,122,4,91,2
20260114,cod,POW,0,38,40,40,27,38,10,24,22,122,85,9,27,122,1,40,0
20260106,cod,NUA,3,365,365,365,295,365,4,117,4,122,,,41,122,92,95,35
20260228,cod,RPS,3,68,81,85,47,75,48,93,51,122,103,82,28,122,9,101,5
20260401,cod,FBD,0,68,77,94,68,118,37,71,49,122,76,55,23,122,5,68,3
20260226,cod,LIV,0,71,71,71,59,74,58,81,73,122,79,66,18,122,14,95,10
20260121,cod,POW,0,52,52,52,32,52,44,99,48,123,116,79,23,123,5,84,3
20260228,cod,GSL,3,55,63,63,35,68,57,86,65,123,105,81,28,123,12,98,10
20260109,cod,RPG,2,172,190,192,168,237,78,106,83,123,150,92,13,123,6,113,4
20260217,cod,SNI,0,45,124,127,102,127,62,89,74,123,87,73,8,123,0,77,0
20260130,cod,RPS,5,159,182,183,97,172,47,80,50,123,83,69,25,123,5,65,3
20260107,cod,SNI,1,46,68,68,59,82,71,101,77,124,167,93,10,124,14,87,10
20260207,cod,EMS,1,0,300,314,109,132,66,104,70,125,127,95,24,125,3,95,2
20260227,cod,LIV,1,85,85,85,63,85,72,92,79,125,89,82,14,125,3,80,2
20260213,cod,LIV,0,104,104,104,79,104,65,98,75,125,109,78,16,125,6,97,4
20260204,cod,SNI,0,59,113,113,74,95,78,98,86,126,96,81,15,126,5,89,3
20260309,cod,LIV,1,79,79,79,67,79,56,86,76,126,75,68,14,126,6,89,5
20260122,cod,SNI,2,40,77,78,59,73,78,103,84,126,104,87,13,126,7,93,4
20260125,cod,SNI,0,44,79,81,74,83,70,103,74,126,105,86,21,126,10,96,7
20260215,cod,FBD,1,108,164,164,84,114,38,85,43,127,117,74,26,127,19,95,10
20260124,cod,POW,1,58,62,62,30,62,32,73,41,127,73,61,17,127,1,77,1
20260301,cod,GSL,0,6,7,7,2,8,57,86,67,127,96,73,20,127,7,86,5
20260219,cod,SNI,0,40,136,136,78,105,76,105,82,127,120,94,15,127,3,99,2
20260217,cod,SHO,3,48,88,90,74,82,68,88,78,127,96,71,18,127,5,76,4
20260218,cod,SHO,1,53,86,86,89,96,74,95,87,128,90,77,19,128,9,97,5
20260218,cod,SNI,0,60,126,128,99,140,70,99,74,128,105,88,18,128,7,95,7
20260116,cod,POW,0,31,31,31,22,31,29,59,37,128,99,55,20,128,2,53,1
20260308,cod,SNI,2,76,158,159,137,176,60,96,68,129,98,78,18,129,4,91,0
20260115,cod,KAL,0,100,106,106,109,117,64,94,72,129,91,72,24,129,9,144,5
20260201,cod,SNI,0,46,93,93,80,96,65,93,74,129,116,85,20,129,6,117,2
20260108,cod,SNI,0,43,61,62,51,65,68,103,75,130,126,85,17,130,2,95,2
20260405,cod,FBD,0,14,14,29,0,24,52,81,60,130,74,63,26,130,16,75,0
20260405,cod,KTH,0,7,7,9,0,8,72,104,74,130,103,89,15,130,7,91,0
20260127,cod,SNI,3,104,183,183,141,181,68,100,76,131,106,92,27,131,5,89,3
20260118,cod,LIV,4,185,185,185,146,188,65,102,74,131,124,96,27,131,7,107,3
20260204,cod,FBD,1,46,66,69,35,65,60,115,62,131,115,92,18,131,8,86,3
20260130,cod,SNI,1,64,102,102,99,118,77,106,82,131,100,88,18,131,3,127,1
20260310,cod,RPS,2,17,32,36,42,67,56,96,60,132,98,80,22,132,14,99,5
20260128,cod,RPS,1,79,397,427,64,91,39,61,49,132,46,35,31,132,7,68,3
20260321,cod,SHO,0,36,46,46,65,77,88,113,92,132,137,99,32,132,22,133,15
20260214,cod,SNI,0,42,112,112,59,80,83,99,93,132,106,88,10,132,3,101,1
20260306,cod,NMP,6,96,159,159,94,167,30,73,37,133,71,44,32,133,20,119,13
20260331,cod,RPS,0,107,109,111,64,114,44,91,51,133,94,68,23,133,11,93,4
20260302,cod,NMP,4,150,211,211,69,150,43,97,44,134,92,75,32,134,16,85,14
20260220,cod,LIV,2,131,132,132,108,132,77,101,88,134,110,95,16,134,4,105,3
20260119,cod,LIV,0,103,103,103,87,106,58,85,72,134,87,71,21,134,11,95,6
20260330,cod,GKS,0,164,346,350,288,334,71,105,87,134,123,98,21,134,4,120,3
20260330,cod,RPS,1,196,201,202,119,231,46,102,56,135,99,74,30,135,13,91,10
20260315,cod,KTH,2,93,93,93,71,120,70,108,77,135,107,92,18,135,12,123,5
20260106,cod,PSP,0,258,324,332,213,258,6,134,6,135,,,37,135,98,100,54
20260222,cod,SNI,0,91,183,183,113,145,69,108,74,135,122,98,18,135,6,136,5
20260118,cod,RPG,1,133,153,154,113,145,67,95,80,136,113,85,29,136,13,108,9
20260311,cod,SHO,4,47,88,89,81,92,89,114,95,136,128,105,15,136,30,144,18
20260117,cod,LIV,2,159,165,165,122,161,64,89,76,136,92,73,19,136,2,81,2
20260213,cod,SNI,1,54,92,92,85,112,69,112,77,137,105,90,19,137,6,95,5
20260110,cod,RPG,1,167,189,189,150,185,73,111,83,138,152,101,18,138,14,125,12
20260224,cod,LIV,0,68,68,68,55,68,85,108,92,138,111,97,23,138,5,116,2
20260215,cod,SNI,0,31,97,99,79,101,65,108,73,138,116,91,23,138,6,109,1
20260323,cod,BFK,1,8,10,48,9,17,18,34,33,139,25,16,30,139,4,23,1
20260107,cod,GSL,1,67,164,173,60,107,48,95,60,139,229,77,31,139,23,91,16
20260216,cod,SNI,1,34,117,118,73,100,71,97,90,139,84,74,16,139,6,102,3
20260211,cod,LIV,1,135,135,135,93,136,59,96,70,139,90,78,19,139,7,101,5
20260312,cod,NMP,0,43,59,59,27,43,24,78,32,140,75,51,32,140,9,76,5
20260203,cod,SNI,1,54,90,90,80,101,75,104,88,140,108,88,16,140,6,115,5
20260205,cod,RPS,0,2,10,10,14,18,50,87,57,140,79,68,26,140,4,79,3
20260329,cod,FBD,0,38,44,50,26,48,40,83,49,140,88,62,37,140,13,94,11
20260320,cod,KTH,0,27,28,28,22,27,59,94,71,140,98,86,20,140,6,111,1
20260302,cod,RPS,4,81,88,90,76,103,56,106,63,140,97,84,19,140,13,102,8
20260211,cod,SIS,0,2,318,500,2,17,12,118,13,140,177,113,30,140,20,107,12
20260401,cod,RPS,0,85,99,109,32,87,48,93,55,140,77,66,31,140,9,96,5
20260205,cod,FBD,0,34,40,40,37,62,53,101,61,141,129,82,27,141,10,96,7
20260206,cod,SNI,1,66,114,114,96,114,73,111,83,142,106,94,23,142,4,110,2
20260207,cod,FBD,4,81,104,104,50,100,42,96,61,142,76,63,26,142,13,117,11
20260215,cod,GSL,0,7,20,21,10,19,54,81,67,142,99,67,34,142,16,94,5
20260208,cod,LIV,2,107,107,107,73,107,67,110,79,142,110,95,24,142,12,112,3
20260205,cod,SNI,0,64,112,112,89,118,81,111,92,142,110,93,23,142,7,113,2
20260404,cod,LIV,0,111,111,111,2,111,58,86,76,142,90,70,27,142,8,95,5
20260219,cod,LIV,0,96,97,98,83,96,85,112,90,142,109,99,15,142,2,102,1
20260125,cod,LIV,2,252,252,252,204,252,81,109,87,142,119,102,19,142,4,101,1
20260308,cod,RPG,6,244,315,315,213,263,61,104,67,143,101,83,20,143,18,143,13
20260108,cod,RPG,1,39,108,108,41,52,93,127,99,143,168,110,9,143,4,118,1
20260213,cod,FBD,1,86,133,141,84,146,40,95,49,143,90,73,24,143,9,95,4
20260114,cod,RAP,3,83,139,144,78,136,40,89,45,143,138,67,30,143,14,112,6
20260113,cod,SSI,45,1775,1913,1919,456,1775,24,60,34,143,48,39,18,143,6,66,6
20260207,cod,SNI,1,54,86,86,70,102,79,112,90,143,107,96,16,143,3,106,2
20260121,cod,RPS,1,61,87,94,47,70,57,102,68,143,109,85,22,143,12,108,7
20260216,cod,GSL,3,19,30,31,29,48,64,93,77,144,84,64,27,144,14,87,9
20260315,cod,RPG,4,209,239,239,151,209,75,121,87,144,143,103,20,144,30,141,14
20260307,cod,FBD,9,230,299,302,160,310,37,92,49,144,106,72,24,144,18,97,12
20260116,cod,SNI,0,30,60,61,50,67,82,114,94,144,103,96,16,144,4,93,2
20260111,cod,RPG,0,133,165,165,126,154,83,120,94,145,174,113,12,145,16,128,3
20260120,cod,GKP,0,72,73,74,66,72,48,63,88,145,54,49,29,145,0,87,0
20260127,cod,KAL,1,1,2,2,215,244,113,143,114,145,174,140,13,145,1,25,1
20260207,cod,LIV,2,90,90,90,74,90,76,102,91,146,109,92,18,146,5,101,3
20260403,cod,KTH,0,10,12,12,3,13,75,115,85,146,124,107,21,146,7,103,3
20260314,cod,RPG,4,159,168,169,117,164,86,109,97,146,115,86,16,146,24,122,15
20260107,cod,RDT,2,106,279,298,88,113,65,105,72,147,249,83,26,147,17,85,9
20260125,cod,RPS,1,15,28,36,14,22,60,114,68,147,129,102,26,147,15,111,7
20260331,cod,FBD,0,87,124,125,65,123,41,80,50,147,75,58,24,147,10,96,4
20260116,cod,KAL,1,80,117,117,80,87,80,108,91,147,132,87,28,147,9,94,6
20260111,cod,GSL,2,50,65,66,45,84,40,94,43,148,157,67,30,148,24,122,18
20260314,cod,LIV,0,177,177,177,142,177,102,128,116,148,129,115,12,148,5,115,3
20260223,cod,SNI,1,69,124,124,125,160,78,113,89,148,113,87,10,148,5,107,4
20260209,cod,LIV,0,89,89,89,64,89,78,104,94,148,107,90,19,148,4,103,1
20260306,cod,FBD,8,176,284,292,138,245,44,87,58,149,73,53,30,149,17,109,12
20260311,cod,NMP,4,37,37,37,24,39,37,90,47,149,92,67,40,149,12,92,6
20260405,cod,LIV,0,114,114,114,0,114,68,102,72,149,98,85,36,149,10,104,0
20260304,cod,PRO,6,63,83,85,61,110,52,107,62,149,170,71,27,149,101,260,34
20260131,cod,SNI,0,60,110,110,79,98,83,120,94,149,108,100,21,149,8,130,7
20260131,cod,RPS,3,132,135,140,96,155,61,108,67,149,120,95,33,149,11,117,6
20260212,cod,FBD,1,39,85,88,42,65,39,114,44,149,133,105,33,149,7,114,3
20260119,cod,RPG,3,185,235,235,164,205,72,106,86,149,102,77,24,149,11,105,5
20260216,cod,SHO,7,142,176,178,123,146,78,96,93,149,106,85,29,149,11,116,10
20260115,cod,RAP,4,118,148,152,84,151,51,99,57,150,130,66,28,150,17,121,10
20260228,cod,SNI,0,42,92,92,102,136,74,116,84,150,122,99,14,150,4,127,3
20260220,cod,SNI,0,45,104,105,105,142,79,121,90,151,115,98,18,151,5,113,2
20260214,cod,LIV,0,122,122,122,101,122,86,126,94,151,129,108,23,151,9,116,6
20260403,cod,FBD,0,87,103,130,14,106,65,114,70,152,130,93,28,152,17,98,6
20260222,cod,RPG,4,192,223,224,179,217,85,119,90,152,145,106,25,152,10,131,4
20260210,cod,LIV,1,101,102,102,77,101,78,113,88,152,117,95,27,152,7,112,3
20260224,cod,SNI,0,58,154,155,85,113,84,125,93,153,126,103,24,153,4,127,4
20260223,cod,LIV,0,118,118,119,107,120,82,110,97,153,98,85,15,153,1,108,1
20260109,cod,GSL,3,121,152,152,126,233,52,102,62,153,201,74,28,153,18,116,12
20260209,cod,SNI,1,44,86,86,83,107,78,112,90,153,107,97,21,153,4,112,3
20260221,cod,SNI,1,25,79,80,62,84,89,123,103,153,123,108,10,153,3,121,3
20260123,cod,POW,0,47,51,51,35,49,46,91,59,154,94,81,22,154,8,95,4
20260305,cod,LIV,0,124,124,126,100,124,95,128,103,154,121,102,22,154,10,105,3
20260115,cod,SSI,31,974,979,1690,389,1422,31,108,36,154,145,92,20,154,18,79,6
20260304,cod,PSP,1,82,144,144,96,113,98,119,108,154,206,112,18,154,73,208,13
20260209,cod,KAL,1,130,196,196,153,171,74,103,92,155,103,90,29,155,4,49,1
20260306,cod,LIV,0,78,78,78,62,78,87,117,99,155,114,100,19,155,7,103,7
20260218,cod,LIV,0,89,89,89,68,89,90,122,97,155,116,98,13,155,5,112,2
20260204,cod,SIS,5,0,4,5,22,141,5,53,12,156,38,20,33,156,4,54,4
20260318,cod,KTH,0,15,15,15,11,19,73,120,77,156,116,107,29,156,3,110,2
20260317,cod,KTH,2,110,114,115,87,129,73,115,78,156,126,105,20,156,10,103,7
20260316,cod,KTH,1,112,131,131,79,112,67,115,81,156,113,103,18,156,7,117,5
20260307,cod,LIV,0,53,53,53,48,53,89,119,99,157,116,107,17,157,5,120,1
20260122,cod,RAP,1,77,96,99,86,147,48,94,54,157,101,72,44,157,8,87,6
20260328,cod,NUA,2,218,235,243,170,229,68,109,90,158,120,97,23,158,16,116,8
20260225,cod,LIV,1,82,85,85,65,82,91,124,98,158,134,113,23,158,6,129,3
20260216,cod,MJH,26,698,722,724,354,825,43,136,48,159,167,121,40,159,21,122,15
20260123,cod,LIV,0,115,117,120,98,115,88,119,98,159,131,102,21,159,13,124,4
20260217,cod,LIV,1,80,80,80,61,80,91,121,98,159,124,110,15,159,5,117,2
20260106,cod,GOK,0,78,127,134,56,78,3,152,3,159,,,58,159,109,110,66
20260303,cod,SNI,2,57,126,126,93,126,79,117,85,159,111,97,20,159,2,118,1
20260314,cod,KAL,7,352,727,727,514,598,70,95,94,159,91,81,41,159,7,90,5
20260323,cod,LIV,0,130,130,130,105,130,82,107,99,159,107,87,28,159,2,110,1
20260221,cod,RPS,3,48,54,55,44,64,82,134,95,160,152,112,16,160,27,154,18
20260317,cod,RAP,9,129,162,172,107,176,50,97,65,160,118,75,35,160,41,134,20
20260214,cod,SHO,4,38,39,42,80,90,87,113,101,160,113,97,29,160,7,121,3
20260322,cod,LIV,0,146,146,146,125,150,90,130,100,160,134,113,25,160,11,130,6
20260223,cod,RPS,6,143,175,178,114,168,66,120,79,161,112,78,27,161,12,108,3
20260329,cod,NUA,0,117,154,154,93,117,83,126,96,161,143,110,26,161,24,142,9
20260124,cod,LIV,0,167,167,168,138,169,91,115,110,162,102,90,14,162,6,105,2
20260224,cod,RPS,3,72,84,84,68,107,66,116,80,164,100,87,30,164,5,99,3
20260226,cod,SNI,0,75,122,122,106,145,90,119,99,164,125,98,16,164,7,125,6
20260123,cod,RAP,1,94,231,233,75,123,62,115,71,165,140,98,34,165,15,110,7
20260309,cod,SNI,3,56,151,151,110,138,76,120,88,165,109,92,22,165,4,139,3
20260321,cod,DSP,4,66,66,383,34,133,28,95,33,165,115,71,41,165,29,105,22
20260321,cod,LIV,0,112,116,116,91,113,78,113,94,165,108,92,19,165,14,137,8
20260328,cod,LIV,0,134,134,134,112,134,88,118,101,165,120,101,17,165,11,128,8
20260116,cod,GKP,0,191,248,248,324,361,66,91,91,166,78,59,33,166,4,97,2
20260309,cod,SME,65,811,814,814,292,1305,20,114,22,166,133,93,36,166,16,76,11
20260326,cod,LIV,0,144,144,144,106,144,85,116,104,166,125,100,21,166,11,146,6
20260306,cod,SNI,0,51,133,134,79,100,70,109,88,167,104,84,27,167,7,114,4
20260310,cod,SHO,6,61,105,109,97,118,117,151,122,167,165,136,22,167,23,122,11
20260214,cod,GSL,4,16,43,44,25,41,63,114,73,167,109,90,30,167,11,112,8
20260405,cod,GKS,0,121,121,168,0,227,85,123,96,167,124,102,34,167,6,110,0
20260314,cod,CDM,1,8,20,386,3,17,6,90,9,167,185,65,50,167,70,124,64
20260329,cod,LIV,0,171,171,171,122,171,85,132,95,168,134,117,26,168,8,132,2
20260108,cod,RDT,19,900,1001,1035,791,1072,75,130,88,168,253,98,20,168,16,110,10
20260315,cod,LIV,0,253,253,253,210,253,107,146,114,169,152,134,26,169,17,165,6
20260311,cod,SNI,1,41,189,189,75,87,89,125,99,170,140,113,23,170,16,165,12
20260320,cod,DSP,4,55,122,142,25,71,27,88,36,170,96,56,41,170,38,139,25
20260121,cod,RAP,2,69,153,196,95,185,41,88,57,170,92,69,35,170,14,109,10
20260211,cod,EMS,0,0,498,524,129,180,86,124,105,171,121,110,23,171,8,123,5
20260108,cod,RAP,7,109,148,170,68,136,63,112,71,171,220,95,39,171,17,90,12
20260325,cod,DSP,9,138,164,164,62,153,32,99,37,171,118,72,46,171,19,110,8
20260116,cod,RAP,1,84,149,151,82,128,59,113,69,171,157,85,36,171,19,119,9
20260216,cod,LIV,1,121,121,121,93,121,78,125,99,171,119,104,22,171,3,111,1
20260106,cod,LIV,0,160,160,161,136,160,8,168,8,172,,,65,172,104,108,48
20260324,cod,LIV,0,146,146,146,117,146,93,130,108,172,133,108,25,172,7,115,4
20260110,cod,GSL,3,106,153,154,88,158,54,117,68,172,190,81,25,172,12,105,11
20260404,cod,FBD,0,73,83,87,2,90,68,124,76,172,123,93,39,172,8,115,8
20260213,cod,GSL,3,10,36,38,64,83,80,118,95,173,126,97,33,173,18,119,7
20260330,cod,FBD,0,81,126,128,49,88,53,96,67,173,88,67,30,173,16,98,10
20260202,cod,SNI,1,75,122,122,94,122,93,136,105,173,130,110,17,173,8,126,3
20260109,cod,RDT,18,962,1104,1154,789,1062,98,130,106,173,224,106,19,173,18,138,9
20260118,cod,KAL,0,,,,15,18,90,123,111,174,109,93,37,174,7,123,3
20260403,cod,LIV,0,208,208,209,26,208,77,113,89,174,118,100,35,174,4,117,4
20260117,cod,KAL,1,36,56,56,65,73,93,122,109,174,126,91,30,174,11,141,6
20260122,cod,POW,2,91,93,93,58,91,60,122,74,174,120,101,26,174,4,120,2
20260218,cod,SIS,2,0,16,16,4,23,7,46,14,175,17,11,39,175,3,58,2
20260324,cod,DSP,5,82,93,94,39,121,26,90,36,175,93,59,46,175,14,90,11
20260128,cod,LIV,0,92,94,94,77,92,88,128,108,175,118,108,21,175,4,127,2
20260114,cod,RPB,0,161,179,179,187,259,87,125,99,175,165,100,21,175,14,135,7
20260404,cod,RPS,0,124,124,127,0,127,63,111,78,175,114,85,34,175,13,117,7
20260106,cod,ILM,0,7,21,22,2,7,0,175,0,176,,,60,176,109,109,61
20260227,cod,SNI,0,64,158,158,90,117,100,147,110,176,143,125,17,176,2,143,2
20260403,cod,NUA,0,253,298,302,129,279,86,113,104,177,132,104,32,177,14,113,5
20260302,cod,SNI,0,42,111,111,105,130,81,117,106,177,119,97,22,177,5,123,4
20260327,cod,NUA,0,149,160,160,120,156,75,109,94,177,112,97,19,177,10,116,6
20260116,cod,LIV,1,215,217,218,185,215,92,131,106,177,152,114,27,177,9,123,2
20260326,cod,RAP,1,133,205,214,111,171,53,96,66,177,122,81,40,177,15,135,11
20260405,cod,KAL,0,143,143,208,0,211,59,91,83,177,96,72,55,177,14,95,0
20260120,cod,LIV,0,99,99,99,90,99,110,146,129,177,155,132,15,177,13,139,7
20260331,cod,LIV,0,131,137,137,86,131,95,134,108,177,136,114,25,177,10,148,4
20260308,cod,FBD,4,249,259,261,192,311,73,131,81,178,150,97,31,178,24,133,10
20260128,cod,NUA,4,332,334,342,288,346,102,147,112,178,157,130,21,178,22,169,7
20260213,cod,SHO,2,47,97,98,68,89,90,122,107,178,122,102,32,178,9,102,6
20260330,cod,LIV,0,134,134,134,106,134,86,124,107,178,127,106,17,178,14,119,7
20260115,cod,LIV,0,18,18,18,14,18,98,132,114,178,174,113,24,178,16,152,5
20260301,cod,SNI,0,54,142,142,72,104,87,146,92,178,150,128,30,178,13,151,9
20260206,cod,LIV,0,116,116,116,95,116,95,132,110,178,124,110,27,178,9,140,4
20260323,cod,DSP,7,201,240,251,108,280,36,111,47,179,108,75,55,179,23,119,19
20260209,cod,NMP,0,83,115,125,51,102,37,88,42,179,83,68,42,179,10,99,8
20260307,cod,RPG,5,249,273,273,207,261,76,111,97,179,109,83,22,179,15,122,8
20260313,cod,CDM,1,4,13,14,7,20,17,62,23,180,83,40,53,180,32,48,20
20260305,cod,NMP,11,144,196,196,104,219,44,132,50,180,138,86,39,180,21,134,19
20260305,cod,FBD,3,66,132,136,49,88,59,111,72,180,93,61,30,180,9,80,6
20260216,cod,FBD,4,226,272,275,173,307,64,136,71,180,148,99,32,180,26,127,13
20260211,cod,GSL,1,50,169,171,66,88,64,113,79,180,117,82,35,180,18,112,11
20260313,cod,RPG,5,126,131,131,93,129,95,131,115,180,118,94,17,180,21,138,13
20260307,cod,SNI,0,45,146,146,91,127,106,143,119,181,154,129,20,181,4,114,4
20260315,cod,RAP,0,1,16,16,4,4,67,119,78,181,151,97,30,181,25,128,15
20260112,cod,GSL,6,235,270,280,120,258,61,117,76,182,172,91,27,182,15,106,5
20260226,cod,DSP,9,192,223,225,74,197,36,97,45,182,126,79,41,182,5,65,3
20260401,cod,LIV,0,32,32,32,26,38,97,137,114,182,139,113,27,182,6,122,2
20260307,cod,NMP,4,47,58,60,40,80,49,119,59,182,122,83,33,182,10,107,7
20260111,cod,RAP,1,5,29,30,4,6,62,112,80,183,197,86,35,183,22,134,11
20260122,cod,LIV,1,91,91,91,70,91,101,147,112,183,149,130,20,183,13,163,4
20260213,cod,KAL,2,100,271,271,167,193,102,137,124,184,124,114,28,184,5,162,4
20260329,cod,DSL,0,131,201,201,143,177,84,121,96,184,136,97,28,184,20,165,10
20260110,cod,ILM,0,7,16,16,11,21,56,103,70,185,161,55,30,185,13,106,10
20260210,cod,FKA,0,38,38,38,16,44,18,66,23,185,61,39,49,185,13,66,11
20260310,cod,SNI,1,92,174,174,143,188,100,142,114,185,145,125,19,185,6,131,5
20260218,cod,FBD,2,69,99,101,54,97,77,127,95,186,127,101,27,186,9,113,6
20260212,cod,GSL,0,43,99,99,107,145,81,117,102,186,112,90,32,186,16,124,9
20260206,cod,FBD,0,47,67,69,34,54,85,150,90,186,159,113,25,186,12,136,10
20260212,cod,EMS,6,0,219,228,348,447,96,140,108,186,148,128,33,186,19,157,10
20260112,cod,LIV,0,123,123,124,104,123,102,132,113,187,211,114,30,187,10,146,3
20260212,cod,SHO,5,30,72,74,116,130,75,108,99,187,97,80,32,187,10,123,5
20260316,cod,RPG,3,272,477,477,227,296,108,151,115,187,148,111,24,187,29,150,15
20260107,cod,RAP,4,61,88,104,64,93,63,129,71,187,232,101,36,187,24,120,20
20260319,cod,DSP,1,61,77,83,37,87,29,100,39,187,120,73,58,187,22,124,17
20260304,cod,PIP,10,62,181,181,161,207,87,126,100,188,205,96,37,188,94,244,23
20260304,cod,NUA,5,163,170,171,192,235,98,142,119,189,171,128,28,189,80,234,21
20260327,cod,LIV,0,118,118,118,99,118,103,149,117,189,148,130,22,189,8,142,3
20260203,cod,LIV,0,105,110,110,85,110,92,142,105,189,148,124,39,189,6,138,5
20260125,cod,NUA,0,32,112,112,23,32,78,129,98,189,137,109,28,189,9,107,4
20260328,cod,FBD,0,42,54,58,27,48,54,102,67,189,97,67,41,189,13,88,10
20260108,cod,GSL,5,58,196,197,81,156,79,137,96,190,252,119,27,190,9,115,9
20260304,cod,ILS,2,38,110,118,47,72,53,122,62,190,196,86,44,190,77,203,29
20260313,cod,SNI,1,102,190,190,153,191,104,153,119,190,148,132,21,190,22,173,8
20260125,cod,RAP,2,13,34,37,55,116,64,132,76,190,153,103,38,190,21,141,11
20260112,cod,RAP,3,104,158,165,79,137,61,127,71,191,170,82,47,191,16,116,10
20260303,cod,FBD,0,23,59,62,29,48,54,103,66,191,100,62,36,191,16,117,10
20260201,cod,RPS,0,1,6,6,1,1,80,148,86,192,187,132,33,192,29,156,13
20260106,cod,PIP,3,232,338,338,161,232,2,192,2,192,,,62,192,130,130,84
20260222,cod,RPS,0,0,27,27,2,3,87,166,93,192,183,137,24,192,41,205,22
20260113,cod,GSL,0,110,144,145,89,150,76,144,90,192,203,112,27,192,16,123,11
20260305,cod,SNI,2,87,134,134,161,197,104,156,115,192,142,121,27,192,11,123,4
20260316,cod,LIV,0,225,227,228,186,225,125,152,134,192,162,138,18,192,9,142,1
20260110,cod,RAP,3,93,119,124,67,136,68,134,77,193,179,97,47,193,16,174,13
20260401,cod,SNI,0,61,190,190,77,134,82,122,99,193,132,110,41,193,10,130,6
20260114,cod,LIV,1,83,83,88,69,85,113,150,127,194,201,133,32,194,11,169,5
20260315,cod,KAL,16,604,666,666,1031,1201,106,145,122,194,166,137,34,194,11,160,6
20260212,cod,RDD,20,90,1884,1891,113,879,47,113,56,194,127,74,42,194,17,126,10
20260121,cod,LIV,0,97,97,97,82,97,125,164,136,195,174,147,15,195,10,154,5
20260403,cod,RPS,0,161,164,164,11,169,70,142,79,195,167,128,48,195,29,162,15
20260113,cod,RAP,5,142,200,209,139,208,62,123,80,195,160,100,30,195,16,110,7
20260225,cod,SNI,2,52,129,129,113,148,114,158,124,195,156,134,18,195,4,161,3
20260205,cod,LIV,0,84,84,84,71,84,99,154,114,195,159,129,20,195,11,166,2
20260310,cod,NMP,1,46,63,66,30,65,55,117,67,196,115,92,40,196,14,138,8
20260221,cod,FBD,6,217,247,252,131,251,64,128,77,196,120,91,37,196,13,157,7
20260208,cod,EMS,2,0,160,164,105,133,113,165,124,197,178,139,33,197,18,184,5
20260106,cod,SHO,1,30,289,299,17,30,3,193,3,197,,,63,197,127,130,77
20260120,cod,RPG,2,166,190,191,186,216,112,153,127,198,153,129,23,198,13,155,7
20260204,cod,LIV,0,107,107,107,86,112,104,152,120,198,154,130,24,198,10,165,4
20260207,cod,FKA,3,43,44,44,22,52,25,84,43,198,92,50,43,198,13,131,9
20260225,cod,DSP,6,163,163,196,82,185,43,92,53,198,95,63,43,198,8,84,7
20260204,cod,RPS,1,39,55,57,38,52,59,107,79,199,100,80,32,199,4,110,3
20260308,cod,DSP,0,0,87,89,13,35,37,109,47,199,143,80,35,199,37,131,23
20260111,cod,LIV,0,199,199,199,164,199,117,151,132,199,244,140,26,199,13,164,6
20260130,cod,LIV,0,139,142,142,113,139,105,147,124,199,151,131,23,199,8,179,4
20260213,cod,RDD,30,168,314,319,73,942,40,129,44,199,135,82,43,199,16,156,9
20260313,cod,RAP,9,133,181,185,112,185,62,125,78,200,122,95,51,200,36,158,22
20260402,cod,SNI,0,75,156,158,87,204,105,138,120,200,143,121,28,200,4,130,2
20260118,cod,RAP,0,5,29,49,6,12,83,141,93,201,169,118,43,201,19,154,8
20260117,cod,RPG,0,104,116,116,103,119,123,162,130,201,179,146,16,201,19,170,15
20260325,cod,NUA,0,108,108,118,80,108,76,131,93,201,108,90,39,201,14,107,6
20260128,cod,DSL,11,201,425,425,306,390,117,157,135,203,190,130,23,203,7,108,6
20260402,cod,LIV,0,35,35,35,21,35,108,154,122,203,143,126,28,203,7,149,4
20260327,cod,DSP,2,163,191,192,112,237,42,129,49,204,144,105,51,204,26,138,20
20260124,cod,RAP,7,94,208,219,147,240,71,145,85,204,156,117,44,204,21,156,15
20260116,cod,RPG,0,75,90,91,83,104,117,157,138,204,148,135,18,204,8,170,3
20260312,cod,SNI,0,105,194,194,212,288,125,159,141,204,163,137,19,204,13,170,11
20260109,cod,RAP,1,86,125,137,86,140,94,159,104,205,242,126,33,205,19,142,16
20260119,cod,RAP,5,75,196,205,53,110,56,124,80,205,123,83,36,205,21,144,11
20260213,cod,EMS,0,0,332,342,440,557,102,154,118,205,169,137,34,205,16,154,9
20260201,cod,LIV,1,164,167,170,127,167,116,170,130,205,193,152,37,205,17,187,9
20260311,cod,DSP,9,132,153,161,67,171,35,117,45,205,127,87,53,205,33,121,15
20260305,cod,SME,1,16,16,91,1,16,4,46,10,206,6,5,52,206,1,23,1
20260113,cod,RPG,1,171,226,226,176,214,122,165,132,206,202,146,26,206,24,167,10
20260403,cod,SNI,0,66,166,167,30,148,89,143,100,206,150,121,30,206,9,146,8
20260405,cod,LFS,0,79,79,180,0,218,101,158,110,206,158,137,36,206,16,164,0
20260316,cod,RAP,5,175,222,236,154,241,78,145,90,207,135,101,40,207,27,142,22
20260319,cod,RAP,7,101,134,140,88,133,78,146,91,207,150,108,32,207,24,130,11
20260227,cod,DSP,2,171,171,171,94,202,48,139,56,208,164,97,46,208,28,166,21
20260318,cod,RAP,4,113,147,151,88,143,79,150,90,208,166,118,47,208,51,160,26
20260304,cod,DSL,0,6,104,104,4,6,107,162,121,208,253,138,31,208,93,306,37
20260211,cod,RDD,1,37,891,1575,50,96,46,128,54,208,148,96,43,208,12,129,6
20260131,cod,LIV,3,145,150,150,104,159,128,173,139,208,177,157,27,208,6,164,5
20260324,cod,RAP,3,107,175,185,107,159,76,128,90,209,125,95,57,209,22,132,13
20260329,cod,SNI,1,51,134,134,93,131,79,144,103,209,157,123,50,209,9,191,5
20260129,cod,RAP,1,103,301,304,109,195,78,137,94,209,157,102,37,209,29,124,13
20260219,cod,FBD,5,106,136,136,67,134,82,160,94,209,191,133,31,209,29,158,13
20260314,cod,RAP,10,157,183,184,104,186,80,131,96,209,131,100,40,209,24,129,15
20260317,cod,RPG,10,134,200,201,241,341,106,161,118,209,170,136,35,209,20,139,11
20260325,cod,LIV,0,129,129,129,102,129,123,166,136,210,159,137,22,210,10,151,5
20260404,cod,GKS,0,226,332,339,1,363,115,147,145,210,149,129,34,210,4,127,1
20260224,cod,NUA,7,209,209,209,160,209,97,149,117,210,159,136,32,210,7,148,2
20260403,cod,LFS,0,54,105,118,52,129,111,148,119,210,152,123,21,210,16,138,14
20260217,cod,FBD,3,100,130,132,81,143,89,147,104,210,141,110,34,210,21,141,9
20260212,cod,KAL,4,222,314,315,369,441,123,155,148,210,154,136,25,210,6,173,3
20260309,cod,DSP,18,131,167,176,107,303,40,136,50,210,119,90,44,210,22,147,11
20260403,cod,RPG,0,266,408,415,105,271,100,143,120,211,160,122,25,211,32,147,15
20260401,cod,KAL,0,476,476,476,358,476,78,115,92,211,112,97,64,211,9,117,6
20260320,cod,LIV,0,209,210,210,171,209,111,151,133,211,155,122,34,211,23,201,11
20260312,cod,RAP,8,129,178,184,107,193,58,121,66,211,114,75,50,211,31,141,12
20260121,cod,RPG,2,122,143,143,115,147,127,162,137,211,164,144,24,211,12,168,7
20260210,cod,GSL,3,76,113,113,133,185,79,133,103,211,123,98,40,211,15,131,9
20260110,cod,KAL,2,139,207,207,155,181,137,163,161,211,188,151,23,211,15,164,12
20260402,cod,KAL,0,28,135,135,9,28,92,129,114,211,118,106,49,211,9,136,6
20260221,cod,RPG,2,181,206,206,172,208,130,162,143,212,158,133,15,212,8,151,5
20260326,cod,DSP,4,103,176,267,54,132,36,122,48,212,120,80,51,212,20,128,16
20260214,cod,RDD,40,65,692,695,143,1408,38,128,45,212,146,89,46,212,21,142,16
20260308,cod,EMS,3,1,44,139,245,302,105,151,119,212,174,127,41,212,11,125,5
20260122,cod,GSL,5,181,228,231,165,246,64,122,76,212,134,95,42,212,4,138,3
20260106,cod,NYK,3,356,460,460,320,356,8,200,8,212,,,85,212,244,249,49
20260328,cod,DSP,2,146,198,203,65,169,38,132,53,213,144,103,45,213,20,128,18
20260210,cod,EMS,1,0,252,260,114,149,103,147,127,213,142,124,30,213,7,154,4
20260220,cod,RPG,2,136,163,164,115,148,117,155,138,213,157,124,29,213,19,181,11
20260208,cod,RPG,4,181,235,236,186,239,88,126,101,213,162,102,33,213,11,180,8
20260127,cod,DSL,15,217,405,405,396,489,123,158,140,214,139,113,21,214,3,73,0
20260120,cod,RAP,2,116,232,235,147,239,76,149,89,214,151,117,36,214,7,125,5
20260328,cod,RAP,1,162,182,191,136,234,88,144,97,214,159,115,43,214,32,178,16
20260119,cod,GSL,3,173,218,244,154,257,55,139,71,215,152,105,47,215,12,138,10
20260220,cod,FBD,8,292,320,409,142,326,76,154,90,215,149,107,39,215,15,153,9
20260222,cod,FBD,1,13,25,25,11,20,64,152,73,215,198,129,40,215,44,201,16
20260302,cod,KAL,4,92,180,180,200,225,115,146,144,216,153,130,29,216,3,127,1
20260208,cod,KAL,0,169,213,213,296,327,127,162,145,216,165,148,32,216,11,236,8
20260326,cod,DSL,3,123,166,166,128,181,102,150,120,216,159,122,25,216,10,135,8
20260110,cod,GKP,2,233,560,560,340,387,121,162,153,216,190,150,34,216,8,170,3
20260323,cod,RAP,4,202,255,268,166,272,73,135,86,216,131,96,50,216,21,126,14
20260114,cod,RPG,5,124,124,124,134,167,120,170,132,216,186,140,27,216,15,169,11
20260113,cod,LIV,0,87,89,90,72,87,131,180,141,216,225,157,28,216,11,155,3
20260225,cod,NUA,1,234,234,235,182,235,118,160,135,216,163,138,30,216,17,140,6
20260326,cod,NUA,1,108,115,118,79,108,91,142,112,216,134,115,39,216,11,139,7
20260127,cod,LIV,4,396,406,407,315,396,125,172,143,217,170,153,30,217,6,146,1
20260321,cod,RAP,7,96,113,117,59,122,72,142,93,217,153,104,43,217,30,159,19
20260114,cod,KAL,0,122,140,140,140,155,131,179,147,217,192,166,31,217,8,166,8
20260311,cod,RAP,3,49,123,127,67,102,67,121,79,217,163,95,60,217,30,148,18
20260120,cod,GSL,6,83,126,134,64,113,68,129,87,218,139,98,40,218,11,146,7
20260322,cod,RAP,1,3,56,56,9,12,91,148,102,218,155,114,52,218,30,166,21
20260402,cod,LFS,0,28,102,120,76,132,94,144,112,218,154,124,29,218,11,149,8
20260126,cod,RPS,0,10,37,38,14,17,77,166,89,219,194,141,43,219,20,165,12
20260322,cod,RPG,2,328,365,367,278,340,102,162,116,219,200,127,40,219,82,245,37
20260131,cod,KAL,4,257,334,334,412,462,109,146,139,219,157,130,21,219,3,30,2
20260111,cod,GOK,6,193,213,216,191,274,81,148,90,219,258,129,61,219,23,162,11
20260305,cod,KAL,3,226,383,383,280,314,145,171,161,219,171,152,31,219,10,182,7
20260318,cod,DSP,2,57,83,84,30,91,48,117,56,219,98,77,53,219,13,103,7
20260405,cod,SNI,0,86,86,181,0,168,109,167,121,220,162,138,36,220,13,172,0
20260327,cod,FBD,1,68,75,82,51,83,43,89,59,220,94,61,61,220,19,124,13
20260304,cod,KAL,4,199,280,280,411,462,131,167,153,220,191,155,30,220,30,193,17
20260225,cod,FBD,4,49,79,85,46,98,49,125,70,220,120,86,45,220,18,187,12
20260402,cod,NUA,0,197,223,226,156,228,116,159,137,221,156,136,29,221,10,167,8
20260128,cod,RAP,12,112,194,202,150,286,73,134,88,222,143,96,47,222,29,142,15
20260325,cod,SNI,0,92,167,167,167,223,99,140,120,222,153,122,29,222,15,151,5
20260403,cod,KAL,0,29,92,92,27,136,123,152,139,222,182,142,45,222,14,135,7
20260309,cod,NMP,5,60,103,103,47,109,65,149,84,223,135,91,50,223,24,165,19
20260126,cod,RAP,0,40,115,117,55,71,72,150,79,223,159,113,54,223,23,145,11
20260321,cod,SNI,0,84,175,176,112,142,92,147,108,223,154,120,41,223,23,165,11
20260327,cod,SNI,2,93,146,146,92,131,92,156,107,223,170,129,47,223,24,156,9
20260117,cod,RAP,3,85,103,111,82,154,75,157,93,223,170,121,56,223,28,150,19
20260118,cod,GSL,1,11,82,100,16,26,63,152,70,223,157,106,46,223,16,178,12
20260208,cod,GSL,0,26,68,69,36,44,76,124,99,223,154,106,51,223,33,157,11
20260129,cod,LIV,2,149,149,149,120,150,129,183,143,223,196,175,33,223,13,202,6
20260224,cod,DSP,2,140,176,176,61,143,38,85,52,224,75,45,68,224,20,140,9
20260301,cod,FBD,2,38,53,54,30,51,48,128,59,224,149,85,51,224,20,130,15
20260325,cod,DSL,2,105,163,163,125,164,128,178,144,224,168,140,27,224,14,160,5
20260304,cod,RDT,1,29,40,45,43,59,118,174,134,224,364,127,34,224,160,501,69
20260319,cod,CDM,17,252,765,798,200,542,27,89,35,224,133,77,56,224,47,119,34
20260309,cod,FBD,4,126,226,231,82,143,85,172,97,224,169,125,45,224,18,183,11
20260315,cod,SNI,0,72,191,191,152,200,121,173,133,225,169,143,45,225,15,198,11
20260404,cod,LFS,0,74,203,237,2,118,100,150,119,225,155,129,38,225,17,141,13
20260321,cod,RPG,1,104,118,118,91,114,87,153,101,225,183,109,32,225,31,167,22
20260322,cod,DSL,3,97,215,215,120,160,117,171,132,225,186,135,37,225,20,181,17
20260317,cod,LIV,0,147,147,147,116,149,148,189,160,226,190,164,29,226,4,165,2
20260310,cod,DSP,8,81,120,121,49,120,43,129,50,226,148,102,49,226,32,138,17
20260329,cod,DSP,0,33,52,52,25,58,40,123,45,226,146,95,54,226,25,151,16
20260404,cod,SNI,0,56,131,132,0,149,105,165,119,226,178,145,35,226,17,177,12
20260217,cod,NUA,1,198,200,205,227,297,111,169,128,227,169,147,32,227,20,178,12
20260129,cod,GSL,8,83,292,294,220,307,84,146,99,227,162,122,43,227,20,163,8
20260109,cod,RPB,0,195,268,268,195,279,121,167,139,227,236,131,20,227,8,158,7
20260404,cod,NUA,0,283,308,310,67,328,125,180,141,227,187,161,30,227,23,192,11
20260312,cod,RPG,5,104,106,106,83,116,140,179,154,228,195,153,26,228,23,212,6
20260308,cod,DSL,12,188,277,277,185,263,110,155,138,228,178,126,32,228,16,139,12
20260207,cod,NMP,1,32,62,73,18,33,34,99,43,228,85,60,66,228,5,91,5
20260127,cod,RAP,4,133,308,322,144,208,78,145,95,228,147,108,48,228,20,130,11
20260317,cod,DSP,7,79,113,226,61,171,38,110,45,228,110,68,66,228,23,143,16
20260404,cod,RPG,0,315,413,420,35,457,102,157,120,229,178,127,32,229,37,187,21
20260405,cod,EMS,0,3,3,156,0,197,91,149,107,229,165,133,52,229,14,168,0
20260210,cod,RDD,1,190,246,457,54,201,60,136,68,230,142,97,40,230,21,159,17
20260223,cod,KAL,1,156,231,232,196,221,120,154,151,231,158,129,51,231,12,158,7
20260301,cod,KAL,5,180,334,334,161,186,120,170,141,231,173,149,43,231,20,223,11
20260314,cod,SNI,0,98,227,228,140,186,130,192,141,231,211,177,29,231,13,151,7
20260323,cod,DSL,0,143,198,214,209,261,126,166,146,231,180,129,26,231,28,176,16
20260202,cod,LIV,2,160,160,160,129,160,107,163,141,232,151,130,28,232,10,158,6
20260127,cod,RPS,4,68,84,89,77,109,72,158,91,232,138,116,49,232,15,170,7
20260301,cod,DSP,0,2,29,29,0,2,54,157,60,232,201,120,61,232,31,167,16
20260309,cod,RPG,6,221,256,256,243,297,132,186,143,232,192,165,20,232,19,187,8
20260120,cod,NUA,7,232,232,234,168,232,111,154,139,232,156,125,26,232,28,142,9
20260121,cod,GSL,4,234,308,311,166,282,90,156,105,232,154,122,42,232,16,136,13
20260314,cod,DSP,8,129,175,185,66,151,43,134,48,232,163,102,63,232,33,159,23
20260110,cod,GOK,3,257,380,388,215,333,76,146,94,234,247,118,43,234,19,162,13
20260214,cod,EMS,4,0,362,375,325,410,143,190,158,234,197,161,25,234,17,179,10
20260307,cod,DSP,6,161,284,430,56,170,52,132,67,234,140,101,47,234,17,105,12
20260112,cod,RPG,0,147,192,207,148,182,144,201,151,234,230,167,16,234,15,193,9
20260210,cod,RPG,9,225,314,316,257,338,119,171,138,234,180,147,32,234,18,198,10
20260312,cod,DSP,6,106,116,122,53,127,47,142,57,234,165,107,45,234,31,147,20
20260316,cod,SNI,1,182,257,257,229,300,124,169,147,234,186,152,27,234,18,170,9
20260228,cod,DSP,9,223,241,247,95,224,69,166,79,234,214,137,47,234,34,206,23
20260222,cod,KAL,0,114,181,181,327,355,119,162,144,234,161,143,55,234,9,178,3
20260328,cod,DSL,2,139,185,185,133,187,118,176,132,235,169,134,33,235,15,151,14
20260128,cod,GSL,7,176,396,409,256,380,70,136,89,235,138,109,48,235,11,122,10
20260321,cod,DSL,0,33,53,53,21,34,119,167,137,235,172,132,29,235,23,179,16
20260115,cod,RPG,5,100,129,129,89,115,138,184,153,236,192,160,28,236,15,182,10
20260130,cod,GSL,6,106,223,224,256,326,110,160,126,236,150,121,41,236,12,160,7
20260127,cod,GSL,7,154,388,407,151,286,56,126,80,237,109,80,52,237,13,135,8
20260318,cod,CDM,28,0,306,386,302,855,23,99,38,237,103,73,65,237,16,73,13
20260212,cod,GOK,5,160,254,261,178,254,104,172,115,237,173,131,37,237,12,191,4
20260313,cod,DSP,5,165,187,192,72,178,53,151,62,237,162,109,55,237,28,145,22
20260330,cod,SNI,0,71,159,160,106,153,106,156,130,237,151,122,49,237,17,162,7
20260116,cod,GSL,5,125,165,176,89,163,75,143,87,237,189,95,43,237,27,208,16
20260331,cod,DSL,0,229,318,318,251,355,121,168,135,237,176,143,33,237,9,173,7
20260324,cod,NUA,2,85,85,89,98,133,95,140,127,238,124,101,30,238,17,150,8
20260223,cod,RPG,3,230,358,358,226,261,133,179,148,238,163,135,29,238,12,173,6
20260122,cod,RPG,3,262,537,537,230,283,140,187,155,238,188,167,24,238,12,171,7
20260108,cod,KAL,0,64,64,64,81,88,123,175,148,238,213,162,42,238,16,152,6
20260106,cod,BFK,4,273,408,408,192,273,6,230,6,238,,,50,238,128,131,80
20260216,cod,NUA,3,272,371,372,211,272,107,158,131,239,141,128,39,239,8,155,3
20260123,cod,GSL,3,104,143,159,104,159,84,171,92,240,192,135,36,240,22,203,11
20260106,cod,POW,0,327,327,329,201,327,2,235,2,240,,,60,240,127,128,85
20260206,cod,KAL,0,0,209,210,9,11,148,177,180,240,178,162,28,240,8,216,5
20260210,cod,GOK,1,196,261,267,184,275,88,156,111,240,147,116,37,240,13,188,11
20260324,cod,DSL,1,89,148,149,103,144,132,184,144,240,170,134,29,240,19,199,11
20260110,cod,RPB,2,158,192,192,168,231,126,193,134,241,273,165,22,241,11,196,5
20260123,cod,RPG,6,367,586,587,545,633,146,202,158,242,217,182,28,242,24,220,9
20260115,cod,RPB,1,217,278,279,203,257,134,191,148,243,247,166,27,243,20,163,13
20260215,cod,FRD,3,118,501,504,80,124,138,236,141,244,273,214,47,244,39,242,23
20260327,cod,DSL,0,121,169,169,126,164,123,190,140,244,198,152,27,244,18,196,11
20260215,cod,RDD,0,0,33,33,22,52,42,163,46,244,191,115,63,244,25,160,19
20260211,cod,RPG,6,230,304,306,244,320,152,201,167,244,200,170,23,244,14,191,8
20260330,cod,NUA,1,374,446,448,347,428,125,192,140,244,189,162,38,244,22,197,10
20260305,cod,DSP,16,247,247,247,84,278,48,159,63,244,134,97,47,244,26,126,14
20260322,cod,EMS,1,0,203,236,164,243,109,178,125,245,186,150,62,245,28,202,11
20260118,cod,NUA,3,185,189,189,149,185,91,142,120,245,128,102,42,245,19,157,7
20260325,cod,RAP,4,148,191,203,141,223,95,166,110,245,164,136,51,245,30,157,21
20260208,cod,GOK,3,127,132,134,95,146,93,151,113,246,197,118,39,246,23,204,13
20260219,cod,PSP,3,198,255,257,219,262,143,184,161,246,198,156,31,246,15,202,8
20260130,cod,RAP,8,142,225,236,184,337,92,171,104,246,181,131,43,246,20,135,7
20260322,cod,SNI,0,82,156,156,122,173,102,173,127,246,170,137,52,246,12,166,9
20260109,cod,KAL,1,63,108,108,58,63,146,183,164,246,204,167,48,246,16,219,12
20260330,cod,DSL,1,214,340,340,205,284,134,195,149,247,190,155,33,247,16,181,11
20260320,cod,RAP,3,126,150,156,98,151,104,181,114,247,207,149,49,247,34,183,26
20260310,cod,SME,24,791,793,810,181,794,27,173,34,247,227,138,41,247,19,158,13
20260115,cod,GSL,2,96,123,126,64,123,94,181,104,247,194,129,33,247,21,185,10
20260107,cod,KAL,1,69,94,94,157,173,142,188,168,247,226,168,39,247,13,174,9
20260208,cod,RAP,14,375,605,608,217,439,89,159,111,247,173,115,32,247,21,212,14
20260117,cod,GSL,2,68,96,96,60,114,81,173,88,248,205,139,30,248,13,127,7
20260124,cod,NUA,0,136,136,141,105,136,109,168,133,248,151,115,36,248,16,138,14
20260331,cod,SNI,0,80,153,153,115,168,107,173,128,248,154,137,41,248,8,154,5
20260315,cod,LFS,3,42,328,375,88,137,146,233,153,249,319,218,36,249,50,177,22
20260209,cod,EMS,2,0,406,416,122,168,126,192,143,250,181,159,37,250,11,184,6
20260331,cod,KAL,0,41,41,41,83,95,95,130,123,250,114,97,53,250,13,144,10
20260109,cod,GOK,1,134,205,207,129,185,95,153,109,251,280,120,46,251,13,153,8
20260329,cod,RAP,0,14,40,41,8,16,117,189,126,251,215,161,54,251,40,172,17
20260318,cod,DSL,1,94,133,133,105,145,123,179,139,251,188,148,37,251,14,178,9
20260327,cod,RAP,1,185,258,260,171,262,107,178,115,251,185,147,59,251,25,160,12
20260111,cod,GKP,3,175,243,244,421,486,144,217,155,252,245,195,59,252,16,218,11
20260113,cod,RPB,5,200,273,274,200,278,126,188,136,252,221,153,32,252,13,200,8
20260221,cod,ABE,148,1574,1951,1971,675,3941,55,234,56,252,343,219,42,252,52,238,37
20260210,cod,PSP,1,240,309,313,259,303,154,195,173,252,201,163,29,252,16,232,11
20260306,cod,RPG,0,84,96,97,68,87,121,155,159,252,145,118,27,252,9,124,8
20260303,cod,KAL,1,24,192,192,27,30,164,204,182,252,205,188,36,252,13,234,11
20260223,cod,NUA,4,147,147,149,171,217,119,168,151,253,154,139,34,253,10,154,6
20260324,cod,SNI,0,67,199,199,124,162,97,167,118,253,165,142,48,253,15,172,10
20260331,cod,DSP,0,300,336,588,113,336,54,148,68,253,160,118,57,253,20,146,14
20260201,cod,RAP,2,73,114,125,42,87,90,176,106,253,223,144,44,253,27,197,10
20260328,cod,SNI,0,74,154,157,100,127,125,184,144,253,176,147,42,253,12,161,7
20260201,cod,NUA,0,7,8,10,7,7,128,191,150,254,211,171,36,254,26,221,6
20260202,cod,NUA,2,353,507,508,279,354,130,172,162,255,166,134,25,255,15,166,8
20260116,cod,RPB,4,203,264,264,209,281,130,207,142,255,213,166,30,255,10,233,6
20260319,cod,LIV,0,25,25,25,20,26,141,200,161,255,212,178,41,255,12,192,3
20260129,cod,PSP,4,245,316,318,273,322,151,195,167,255,226,176,36,255,18,221,11
20260113,cod,KAL,0,71,104,104,70,83,186,228,201,255,244,207,26,255,11,174,7
20260320,cod,DSL,0,147,191,191,221,285,116,193,135,255,207,165,37,255,17,218,7
20260401,cod,LFS,0,48,153,172,109,153,111,172,133,256,160,137,32,256,25,196,20
20260402,cod,RAP,0,142,228,235,46,239,83,156,103,256,149,116,63,256,27,165,17
20260404,cod,EMS,0,6,151,309,0,264,97,170,120,257,164,142,59,257,6,168,5
20260305,cod,NYK,8,417,462,463,402,451,102,143,178,257,39,32,28,257,13,379,10
20260306,cod,DSP,3,59,62,62,39,92,44,132,65,257,128,98,66,257,21,126,10
20260403,cod,RAP,0,161,189,207,12,248,100,167,114,257,164,137,58,257,36,206,22
20260402,cod,DSP,0,160,179,185,25,186,50,160,69,257,172,120,55,257,21,163,17
20260326,cod,SNI,0,99,136,136,136,176,139,197,152,258,191,161,36,258,11,178,6
20260321,cod,VEL,2,105,151,157,91,176,55,159,68,258,184,121,57,258,34,175,24
20260203,cod,RPS,1,25,35,35,20,30,95,191,107,259,182,152,57,259,12,200,10
20260404,cod,RAP,0,169,192,204,5,201,80,167,93,259,196,145,64,259,28,180,15
20260211,cod,GOK,1,94,189,192,115,165,113,189,136,259,201,160,34,259,9,159,7
20260217,cod,MJH,142,5468,6880,7241,2036,5469,61,193,72,260,270,159,56,260,39,192,21
20260304,cod,RAP,1,33,77,78,61,78,81,174,97,260,240,135,54,260,114,354,40
20260314,cod,EMS,1,0,180,222,173,224,131,203,146,261,206,168,44,261,27,186,14
20260320,cod,SNI,1,109,167,167,155,205,121,199,137,261,206,173,39,261,18,215,11
20260108,cod,RPB,2,205,271,271,169,237,140,203,153,262,306,167,25,262,15,192,10
20260203,cod,NUA,2,308,317,319,364,461,143,207,160,262,209,191,31,262,15,224,5
20260109,cod,GKP,1,267,460,460,242,273,152,196,180,262,215,170,28,262,7,193,5
20260313,cod,KAL,1,48,510,511,247,288,143,189,169,262,200,181,50,262,16,197,10
20260401,cod,RPG,0,127,128,129,88,136,122,198,142,262,206,165,32,262,31,218,8
20260326,cod,FBD,0,86,96,125,62,90,49,124,62,262,108,80,78,262,13,136,10
20260313,cod,EMS,3,0,195,232,169,215,134,187,156,263,194,156,39,263,38,198,15
20260317,cod,DSL,1,109,160,160,113,158,124,184,145,263,175,149,53,263,10,182,8
20260315,cod,DSP,1,3,45,52,7,10,57,161,63,264,180,118,87,264,35,187,27
20260227,cod,NUA,3,353,359,359,301,357,148,215,169,265,222,195,29,265,21,238,11
20260117,cod,NMP,5,181,203,203,84,252,44,155,56,265,350,120,58,265,11,129,7
20260401,cod,DSL,0,164,204,204,137,253,129,201,142,265,221,175,42,265,12,180,9
20260307,cod,EMS,7,0,328,358,270,335,132,186,152,265,177,157,41,265,24,142,4
20260119,cod,GKP,0,38,40,40,30,38,123,177,172,266,159,145,60,266,9,175,9
20260214,cod,GOK,0,94,164,186,126,191,116,189,128,266,195,159,42,266,9,193,6
20260207,cod,RAP,8,162,229,265,118,230,74,165,94,267,170,114,52,267,26,226,19
20260227,cod,FBD,2,83,118,119,80,153,70,167,86,267,175,131,62,267,25,169,13
20260226,cod,FBD,1,85,150,152,68,116,76,170,94,267,176,134,58,267,18,146,10
20260321,cod,EMS,0,0,222,262,163,235,116,197,138,268,206,168,50,268,23,194,14
20260316,cod,DSP,12,34,122,122,31,110,53,141,66,268,160,99,79,268,30,152,22
20260401,cod,NUA,0,116,147,147,86,116,126,185,158,268,170,154,40,268,15,165,8
20260403,cod,EMS,0,0,181,214,24,205,111,174,125,268,168,143,59,268,13,173,6
20260130,cod,KAL,1,278,499,500,365,437,126,156,186,268,135,125,36,268,7,253,4
20260131,cod,GSL,4,48,132,132,126,163,131,203,151,268,233,175,35,268,25,215,17
20260303,cod,DSP,7,121,128,128,41,129,60,164,73,268,179,126,55,268,35,201,26
20260209,cod,RPG,1,180,290,290,174,230,118,180,141,268,128,103,47,268,21,181,12
20260111,cod,RPB,0,0,16,16,11,13,143,219,150,269,308,186,23,269,13,219,5
20260318,cod,RPG,4,165,170,170,159,241,155,225,170,269,255,200,31,269,38,241,26
20260129,cod,DSL,15,299,568,568,406,523,171,220,187,269,214,173,28,269,7,129,4
20260330,cod,DSP,0,281,318,330,127,331,59,160,75,270,173,117,63,270,32,171,27
20260114,cod,GSL,1,123,172,175,81,153,100,216,109,270,270,176,31,270,21,171,15
20260306,cod,NUA,8,240,255,256,255,332,154,209,172,270,205,183,36,270,23,208,12
20260220,cod,GOK,0,314,491,496,360,516,124,197,137,270,225,166,35,270,15,246,7
20260401,cod,DSP,0,106,122,138,20,133,83,183,91,271,196,153,57,271,19,169,11
20260119,cod,NUA,5,270,270,270,215,274,116,168,155,271,167,137,39,271,49,201,18
20260320,cod,CDM,1,12,148,173,59,123,51,176,56,271,214,135,62,271,33,151,24
20260331,cod,GKS,0,227,350,352,348,409,176,235,188,271,244,214,40,271,16,180,8
20260309,cod,DSL,3,167,251,251,199,256,156,211,178,271,187,161,33,271,14,229,12
20260110,cod,LIV,1,164,164,164,139,164,150,205,167,271,242,165,37,271,11,209,7
20260207,cod,KAL,2,9,165,165,190,217,183,225,198,271,229,209,31,271,6,209,5
20260405,cod,DSL,0,105,105,173,0,153,155,217,162,271,236,190,45,271,35,241,0
20260401,cod,RAP,0,167,262,266,63,202,89,166,104,271,179,129,63,271,27,169,15
20260302,cod,FBD,2,119,162,165,77,149,75,165,94,272,157,114,62,272,18,176,11
20260402,cod,RPG,0,169,174,176,80,170,129,201,150,272,188,153,32,272,30,212,15
20260317,cod,SNI,0,64,180,180,109,139,158,217,171,272,215,182,40,272,11,209,7
20260310,cod,DSL,7,161,266,266,174,245,151,211,169,272,249,189,40,272,21,215,11
20260128,cod,PSP,3,229,298,305,399,476,157,204,185,272,200,160,27,272,11,214,7
20260228,cod,KAL,2,74,80,80,193,219,156,210,183,272,203,184,42,272,8,207,5
20260311,cod,RPG,2,97,110,110,74,98,163,215,179,273,232,191,20,273,20,209,14
20260227,cod,KAL,1,107,255,255,124,140,170,206,192,273,221,194,40,273,8,225,6
20260318,cod,LIV,0,109,110,110,91,109,167,226,184,274,226,206,34,274,16,213,4
20260206,cod,FKA,4,33,41,41,15,46,44,121,57,274,109,77,67,274,24,131,19
20260310,cod,PSP,5,229,306,309,273,332,174,231,193,274,233,196,26,274,19,250,9
20260308,cod,GOK,7,440,602,630,479,745,99,177,113,274,199,147,42,274,12,223,7
20260131,cod,RAP,8,131,162,170,130,215,111,195,122,274,197,147,44,274,25,195,20
20260215,cod,GOK,1,47,176,184,53,68,125,203,138,274,230,179,35,274,14,187,11
20260106,cod,PRO,3,262,463,468,176,262,2,272,2,275,,,87,275,167,168,115
20260323,cod,SNI,0,80,173,187,115,154,114,174,148,275,160,138,48,275,12,169,7
20260209,cod,RDD,2,117,242,245,70,194,54,150,65,276,137,86,67,276,19,156,13
20260310,cod,NUA,6,294,381,386,298,362,152,209,176,276,219,186,41,276,28,211,13
20260209,cod,FKA,2,82,88,88,38,83,29,83,44,276,83,52,78,276,14,104,13
20260216,cod,SME,69,1854,2483,2490,409,1864,47,244,51,276,298,197,42,276,29,190,18
20260211,cod,SHO,3,2,102,102,91,102,114,167,136,276,159,127,53,276,18,159,11
20260320,cod,RPG,4,287,296,296,202,290,137,203,156,276,193,143,34,276,28,235,21
20260130,cod,SHO,6,0,301,310,233,361,77,147,96,277,145,104,68,277,21,223,12
20260308,cod,PSP,0,38,94,95,38,50,170,209,192,277,235,186,29,277,21,238,10
20260217,cod,SIS,0,4,27,167,2,5,18,111,25,277,86,64,66,277,10,102,7
20260115,cod,GKP,0,276,422,422,367,405,137,183,177,277,184,154,47,277,9,220,5
20260318,cod,SNI,0,89,170,170,150,205,135,220,143,277,226,187,46,277,9,189,6
20260311,cod,DSL,8,164,261,261,208,269,157,223,167,277,231,178,44,277,36,274,21
20260126,cod,PIP,8,127,242,248,92,127,131,197,150,278,214,158,50,278,17,215,9
20260320,cod,VEL,14,151,246,252,108,257,65,156,80,278,161,108,60,278,31,171,25
20260309,cod,GOK,8,303,598,674,237,448,103,178,116,278,176,129,57,278,19,203,14
20260320,cod,EMS,2,0,274,300,130,185,126,193,143,278,195,161,52,278,20,218,12
20260219,cod,PRO,9,167,212,223,150,221,128,177,162,278,201,137,40,278,33,195,18
20260107,cod,RPB,1,165,217,217,151,205,136,217,147,278,355,201,24,278,22,192,17
20260226,cod,NUA,0,273,277,278,219,273,166,232,181,278,230,207,27,278,17,247,10
20260214,cod,KAL,5,186,262,263,316,357,181,233,198,279,244,222,41,279,6,60,5
20260222,cod,NUA,1,73,143,143,56,73,127,188,147,279,194,171,49,279,12,200,4
20260206,cod,NMP,0,15,16,16,17,36,32,112,41,280,103,61,79,280,15,129,11
20260123,cod,NMP,4,133,134,135,40,169,52,181,58,280,207,134,78,280,42,248,24
20260310,cod,FBD,23,333,369,371,229,423,113,215,126,280,244,170,50,280,34,224,18
20260330,cod,RPG,0,185,196,197,140,198,138,192,166,280,212,151,40,280,47,214,25
20260121,cod,NUA,5,247,247,253,180,247,148,215,167,280,238,197,31,280,51,202,21
20260310,cod,RPG,5,65,66,67,80,100,171,227,182,281,229,202,25,281,14,217,8
20260403,cod,DSP,0,182,207,292,5,199,82,185,93,281,213,152,64,281,32,205,27
20260405,cod,RPG,0,340,340,459,0,438,159,223,179,282,253,181,36,282,67,255,0
20260331,cod,RAP,0,164,196,203,112,245,108,191,126,282,180,146,60,282,30,198,20
20260113,cod,POW,2,32,32,33,65,116,74,142,101,282,183,101,40,282,10,204,6
20260213,cod,GOK,1,137,238,239,168,234,134,209,146,283,198,171,42,283,9,185,4
20260225,cod,PRO,9,189,303,322,165,258,107,186,131,283,203,154,38,283,24,205,9
20260312,cod,CDM,101,4,20,20,206,945,22,92,33,284,60,45,80,284,35,83,9
20260215,cod,EMS,1,1,83,83,207,260,155,240,166,284,285,212,54,284,27,254,12
20260225,cod,PSP,5,212,271,276,222,269,185,229,201,285,230,204,30,285,10,231,6
20260310,cod,RAP,9,83,137,146,74,122,82,158,97,285,171,114,68,285,26,189,15
20260218,cod,NUA,5,215,215,221,169,217,145,219,164,286,231,198,45,286,24,191,7
20260221,cod,KAL,4,176,419,419,212,256,163,218,193,286,213,197,53,286,15,307,10
20260215,cod,NUA,0,3,3,3,1,3,149,218,173,286,233,193,45,286,25,220,12
20260228,cod,FBD,1,54,82,85,61,87,83,186,99,286,209,155,63,286,30,219,21
20260212,cod,RPG,8,284,349,350,290,358,160,244,178,287,285,216,32,287,26,271,14
20260312,cod,DSL,4,185,305,305,224,282,149,223,168,287,247,177,32,287,29,235,19
20260124,cod,GSL,3,129,165,183,112,191,120,204,139,287,217,166,47,287,34,187,24
20260215,cod,PSP,1,32,60,63,33,39,176,234,202,288,267,205,25,288,23,254,11
20260217,cod,GOK,2,230,330,335,236,353,117,199,143,288,197,161,49,288,11,221,8
20260316,cod,DSL,2,180,229,229,193,270,134,205,165,288,191,153,40,288,14,185,8
20260205,cod,NMP,1,35,52,56,24,45,41,155,50,288,154,106,64,288,14,131,12
20260205,cod,SHO,10,10,180,183,223,367,88,160,103,288,175,130,65,288,26,189,12
20260125,cod,DSL,3,196,327,327,260,300,134,210,162,288,206,168,49,288,23,219,17
20260109,cod,ILM,1,5,18,18,9,15,98,187,113,288,282,141,47,288,32,239,26
20260405,cod,RAP,0,1,1,52,0,24,95,198,111,288,231,167,63,288,53,205,0
20260112,cod,RPB,1,129,242,242,100,136,142,213,164,288,291,171,24,288,13,221,10
20260405,cod,FHH,0,12,12,120,0,16,86,183,104,289,235,141,62,289,47,216,0
20260307,cod,DSL,9,191,266,266,180,250,151,212,172,289,208,174,38,289,18,214,12
20260129,cod,SHO,9,23,351,371,295,480,65,137,93,289,131,92,71,289,15,119,10
20260115,cod,NMP,13,288,357,361,51,289,50,173,65,290,201,110,68,290,6,127,4
20260303,cod,PRO,5,131,247,282,125,187,93,175,122,290,196,124,48,290,29,197,21
20260108,cod,ILM,2,7,16,16,10,17,91,183,111,291,337,133,52,291,30,214,23
20260208,cod,RDD,2,10,29,29,9,27,66,175,79,291,191,134,59,291,23,188,13
20260219,cod,NUA,2,236,236,236,165,236,162,224,185,291,232,196,26,291,25,233,13
20260312,cod,PSP,8,232,302,312,259,316,176,235,203,292,250,201,30,292,26,272,14
20260130,cod,DSL,13,482,677,677,557,751,186,244,210,292,251,192,30,292,11,292,8
20260206,cod,GSL,3,61,159,159,89,126,117,181,138,292,207,147,62,292,19,173,6
20260319,cod,DSL,1,145,282,282,156,183,160,238,178,292,239,203,38,292,26,227,18
20260303,cod,PSP,2,136,187,194,156,186,165,220,185,292,221,188,34,292,22,248,18
20260319,cod,VEL,2,110,172,193,99,178,72,170,89,293,190,127,55,293,31,204,23
20260203,cod,RAP,4,85,133,145,71,124,105,204,122,293,219,140,45,293,25,194,11
20260118,cod,PIP,5,71,155,155,106,145,140,203,166,293,235,153,40,293,40,271,19
20260220,cod,NUA,2,213,213,216,171,213,147,236,164,294,254,211,37,294,29,254,11
20260224,cod,RPG,6,289,354,355,315,385,185,234,202,294,242,205,36,294,17,229,7
20260209,cod,GSL,3,72,179,179,88,125,126,195,147,294,183,143,58,294,27,203,13
20260331,cod,LFS,0,85,182,203,110,162,114,194,139,294,182,151,41,294,19,191,10
20260319,cod,SNI,0,45,116,116,79,102,158,222,185,294,219,189,36,294,13,248,12
20260107,cod,GOK,2,70,124,124,84,115,122,209,134,295,385,182,59,295,36,171,26
20260218,cod,PSP,1,201,269,273,220,259,180,227,204,295,227,194,36,295,8,224,4
20260306,cod,KAL,1,87,167,167,213,241,198,251,218,295,271,233,37,295,5,87,5
20260311,cod,NUA,6,254,299,299,286,344,145,224,171,295,235,201,51,295,36,228,17
20260321,cod,PIP,0,,,,0,1,150,216,173,295,228,171,50,295,37,240,26
20260306,cod,EMS,5,0,311,380,219,280,118,171,169,296,148,118,49,296,28,210,14
20260401,cod,EMS,0,0,219,253,61,151,126,199,149,296,223,177,59,296,18,231,9
20260108,cod,GKP,1,126,132,132,123,144,177,228,202,296,265,215,35,296,16,243,10
20260222,cod,PRO,2,119,165,168,109,165,127,208,154,296,232,163,49,296,28,226,11
20260309,cod,KAL,2,155,179,179,216,241,173,214,203,296,215,186,45,296,10,232,8
20260127,cod,PIP,6,240,380,383,347,446,141,212,165,296,220,160,46,296,29,194,13
20260226,cod,PRO,6,206,277,281,224,317,129,209,146,296,226,168,46,296,27,233,19
20260125,cod,NYK,2,182,228,228,192,223,126,191,164,296,207,143,56,296,89,212,21
20260211,cod,PSP,3,214,258,259,239,282,189,249,206,296,247,215,35,296,16,227,8
20260224,cod,FBD,16,289,327,331,160,346,88,191,104,297,189,152,42,297,9,153,6
20260206,cod,RAP,4,152,237,263,122,226,101,199,114,297,198,153,59,297,32,262,20
20260324,cod,EMS,1,0,280,300,250,346,130,209,151,297,218,170,50,297,35,218,12
20260326,cod,VEL,5,140,258,274,112,247,61,149,76,297,158,98,72,297,28,156,19
20260211,cod,KAL,0,13,126,127,13,13,188,243,219,298,235,214,31,298,16,304,13
20260311,cod,FBD,9,242,280,284,156,311,111,216,127,298,232,159,55,298,43,244,17
20260303,cod,RPG,1,9,114,118,61,88,156,236,177,298,274,204,37,298,52,272,29
20260226,cod,NYK,3,154,361,361,370,422,143,180,189,298,158,132,40,298,13,620,11
20260320,cod,BFK,0,9,14,14,15,20,90,129,124,298,89,70,54,298,6,182,4
20260109,cod,LIV,0,138,138,138,118,138,164,225,183,298,306,197,34,298,23,271,8
20260322,cod,VEL,1,51,114,118,26,57,58,178,79,298,218,130,67,298,51,221,34
20260219,cod,RPG,1,105,117,118,98,122,173,227,194,299,219,187,39,299,12,220,6
20260222,cod,ILS,0,11,78,97,24,51,91,191,107,299,204,135,70,299,32,197,26
20260330,cod,RAP,1,160,244,246,126,203,131,223,149,299,233,175,58,299,27,226,16
20260402,cod,PSP,0,224,305,310,96,312,173,227,197,300,234,194,36,300,25,243,16
20260216,cod,GOK,1,257,395,402,312,433,139,213,154,300,207,168,41,300,9,203,7
20260225,cod,RPG,10,264,353,354,295,361,192,246,207,301,255,214,24,301,17,255,10
20260203,cod,NYK,0,,,,0,1,152,213,192,301,231,187,54,301,58,233,10
20260119,cod,RPB,4,328,382,382,260,358,153,227,174,301,233,174,42,301,16,243,5
20260329,cod,RPG,3,154,159,162,211,308,139,210,162,301,208,154,51,301,20,242,14
20260117,cod,NUA,1,90,90,90,69,90,118,183,158,303,193,146,56,303,30,170,13
20260116,cod,NMP,11,188,208,210,78,240,54,201,63,303,201,139,70,303,21,235,16
20260226,cod,KAL,2,161,193,193,196,229,174,233,206,303,211,196,48,303,7,231,6
20260315,cod,EMS,2,0,81,105,152,201,150,231,164,304,263,208,58,304,33,242,15
20260221,cod,NUA,1,186,186,188,146,186,155,222,175,304,215,190,42,304,17,215,11
20260309,cod,EMS,2,38,375,413,102,130,157,233,186,304,240,188,47,304,23,253,11
20260402,cod,CDM,0,5,101,488,64,458,70,152,88,304,191,122,74,304,36,151,18
20260307,cod,PSP,4,223,295,302,270,319,187,237,211,304,224,194,35,304,19,231,7
20260220,cod,PRO,7,174,229,231,148,213,148,233,162,304,233,181,40,304,20,204,10
20260106,cod,NMP,3,242,273,273,93,242,1,297,1,304,,,74,304,164,164,108
20260126,cod,NYK,4,156,227,227,169,202,149,211,186,305,247,165,52,305,102,244,20
20260303,cod,PIP,9,196,350,352,192,260,132,200,161,305,225,170,43,305,40,231,24
20260207,cod,GOK,1,156,180,180,122,180,118,207,135,305,195,151,45,305,24,224,21
20260402,cod,EMS,0,0,219,259,29,178,136,215,154,305,206,174,58,305,16,206,8
20260218,cod,GOK,1,163,267,284,191,287,154,227,177,305,239,197,37,305,9,195,5
20260315,cod,DSL,5,142,232,232,164,226,153,226,177,306,224,170,50,306,30,243,17
20260106,cod,GSB,2,126,367,368,89,126,2,306,2,307,,,91,307,193,194,96
20260302,cod,NUA,5,304,372,373,257,304,175,247,203,307,238,216,32,307,18,245,8
20260309,cod,RAP,9,101,141,143,110,187,75,157,96,308,130,92,76,308,29,174,23
20260301,cod,PIP,3,96,248,250,122,160,136,219,164,308,232,172,57,308,36,253,18
20260331,cod,EMS,0,0,179,197,82,119,130,216,156,308,208,178,54,308,14,208,12
20260212,cod,PSP,2,228,289,291,234,274,196,242,218,308,261,215,23,308,14,252,9
20260118,cod,RPB,0,174,202,202,163,216,156,242,176,308,267,188,32,308,20,296,12
20260113,cod,GOK,7,132,360,364,216,338,132,212,165,308,296,164,42,308,31,221,13
20260106,cod,ILS,0,227,381,391,125,227,7,302,7,308,,,80,308,174,176,98
20260107,cod,ILM,1,7,18,18,8,18,104,219,124,309,411,179,64,309,34,155,30
20260129,cod,NUA,2,280,280,283,230,283,204,273,219,309,300,251,35,309,34,253,10
20260202,cod,RPS,1,106,112,117,72,112,128,250,143,310,254,204,39,310,25,267,17
20260323,cod,EMS,4,1,262,299,184,257,136,219,167,310,217,180,57,310,23,225,10
20260319,cod,PIP,1,,,,7,11,151,207,180,310,207,148,47,310,37,218,26
20260112,cod,GOK,3,162,390,410,142,203,135,226,156,311,283,160,61,311,29,225,18
20260228,cod,RAP,11,107,242,253,195,381,108,208,124,312,232,152,60,312,16,259,9
20260123,cod,NUA,2,118,118,118,92,118,163,236,192,313,280,215,31,313,46,240,18
20260123,cod,PIP,5,140,298,298,187,229,162,216,189,313,252,176,34,313,37,239,17
20260331,cod,RPG,0,153,160,161,115,166,156,231,177,313,224,180,34,313,37,243,22
20260326,cod,PSP,3,240,323,329,251,322,185,247,206,314,258,203,48,314,33,270,16
20260318,cod,PIP,1,,,,27,34,150,213,169,314,234,164,56,314,35,208,25
20260226,cod,PSP,0,192,238,240,213,253,208,253,224,314,273,228,40,314,16,263,7
20260302,cod,DSP,6,161,169,176,100,205,72,211,86,315,203,140,59,315,45,223,31
20260311,cod,PSP,5,264,360,362,282,349,206,268,223,315,274,238,29,315,23,275,11
20260215,cod,KAL,1,223,246,246,209,231,182,262,205,315,290,243,55,315,22,412,14
20260224,cod,PRO,12,172,237,239,209,325,129,192,153,315,194,153,47,315,21,229,15
20260324,cod,RPG,14,189,347,348,325,422,187,245,210,315,244,187,33,315,59,261,30
20260221,cod,PRO,5,170,241,257,157,223,140,232,153,315,240,179,56,315,27,251,20
20260305,cod,PSP,6,275,356,363,292,354,190,258,216,316,226,167,32,316,47,235,11
20260227,cod,RAP,7,131,429,455,158,251,103,204,116,316,207,149,67,316,23,236,16
20260405,cod,GOK,0,19,19,58,0,19,96,189,114,316,203,154,63,316,12,193,0
20260329,cod,VEL,1,34,108,112,15,50,58,173,76,316,190,131,79,316,36,222,18
20260116,cod,SSI,41,1844,2648,2650,517,1856,52,252,57,316,396,214,49,316,25,187,21
20260129,cod,PIP,12,219,417,421,296,413,158,222,183,316,238,180,43,316,26,231,11
20260211,cod,NUA,6,249,249,252,197,249,174,236,213,317,248,209,39,317,32,259,12
20260121,cod,PIP,3,104,173,176,141,178,149,237,177,317,271,188,47,317,31,289,20
20260404,cod,PRO,0,127,224,250,24,206,117,196,135,317,189,142,66,317,35,231,19
20260204,cod,RAP,5,100,227,243,113,182,115,223,127,317,221,163,61,317,16,211,9
20260110,cod,RDT,18,736,866,889,649,877,193,281,206,318,394,250,32,318,35,213,26
20260125,cod,GSL,1,24,54,56,34,46,119,232,128,318,262,189,70,318,31,244,18
20260204,cod,NUA,5,341,345,349,287,350,171,257,194,318,269,239,42,318,27,240,12
20260124,cod,RPG,4,427,722,724,545,649,185,270,202,318,292,242,43,318,25,273,17
20260318,cod,EMS,1,0,253,321,106,151,151,225,177,318,221,186,60,318,20,210,12
20260331,cod,VEL,0,140,257,266,99,312,66,172,80,319,172,119,84,319,29,159,18
20260210,cod,KAL,0,101,208,209,156,170,219,273,239,319,295,260,38,319,9,228,6
20260204,cod,PSP,2,200,259,262,230,273,192,250,215,319,253,212,26,319,15,232,6
20260306,cod,VEL,7,119,262,281,85,217,54,169,76,319,155,103,64,319,28,161,11
20260305,cod,NUA,2,247,339,344,208,254,199,265,222,320,244,227,34,320,24,228,13
20260402,cod,ILS,0,86,342,616,28,197,95,193,114,320,219,143,70,320,35,204,23
20260202,cod,RAP,2,184,255,293,124,229,111,235,129,320,228,151,54,320,23,205,13
20260405,cod,ILS,0,40,40,252,0,54,98,204,123,320,251,152,77,320,49,242,0
20260131,cod,BFK,1,263,316,316,244,328,158,250,172,320,268,208,29,320,13,267,9
20260308,cod,VEN,16,,,,281,463,90,195,106,320,225,144,78,320,12,101,6
20260312,cod,EMS,3,0,219,251,202,285,185,250,211,321,251,218,49,321,30,269,16
20260405,cod,VEL,0,38,38,120,0,62,54,178,72,321,200,134,82,321,37,198,0
20260319,cod,EMS,1,0,248,294,202,285,161,225,188,321,228,190,60,321,12,214,9
20260308,cod,KAL,3,217,303,303,330,383,191,242,224,321,237,213,50,321,15,316,8
20260323,cod,RPG,4,271,497,497,249,303,147,223,172,321,221,151,43,321,59,229,22
20260312,cod,KAL,0,124,367,367,132,145,190,246,221,321,242,227,53,321,17,280,10
20260108,cod,LFS,2,168,389,423,329,397,201,255,223,322,349,230,31,322,20,267,14
20260308,cod,ILS,4,46,102,103,50,91,98,206,115,322,241,155,66,322,42,212,21
20260219,cod,KAL,0,86,93,93,147,163,199,262,220,323,274,238,44,323,21,284,12
20260208,cod,PSP,0,17,51,52,23,30,206,254,226,323,274,226,35,323,23,283,10
20260106,cod,CLQ,1,414,533,539,353,414,12,315,12,323,,,93,323,231,233,110
20260129,cod,RPB,4,259,391,393,193,293,136,213,170,323,210,155,45,323,24,267,10
20260327,cod,ILS,1,131,191,196,110,232,87,199,105,323,213,136,80,323,31,213,18
20260221,cod,PSP,3,213,258,263,230,275,202,266,222,323,279,218,38,323,16,290,9
20260326,cod,ILS,4,124,184,194,124,248,90,175,113,324,197,119,80,324,26,150,22
20260312,cod,NUA,2,280,280,281,269,325,173,248,219,324,278,218,42,324,57,280,21
20260402,cod,DSL,0,110,154,154,40,150,184,250,208,324,253,213,40,324,11,265,9
20260226,cod,RAP,7,139,203,210,155,295,106,189,126,324,186,129,62,324,18,236,13
20260220,cod,ILS,7,60,191,199,127,199,104,200,124,325,211,148,66,325,25,194,16
20260213,cod,NUA,4,266,266,266,208,267,200,259,226,325,269,235,30,325,30,285,13
20260108,cod,GOK,2,92,134,136,94,133,132,227,151,325,349,183,60,325,28,219,23
20260120,cod,NMP,5,155,167,167,73,195,62,208,76,325,284,158,64,325,22,208,17
20260222,cod,PSP,0,38,70,70,39,47,215,266,236,326,274,220,33,326,27,308,14
20260317,cod,PSP,8,238,328,336,270,340,170,240,195,326,240,196,44,326,30,237,12
20260206,cod,SHO,3,35,164,167,163,197,111,219,121,327,225,171,61,327,22,191,14
20260325,cod,EMS,1,0,225,264,130,196,149,241,173,327,242,201,49,327,40,228,14
20260318,cod,NUA,5,267,335,337,300,389,168,250,208,327,244,208,36,327,24,204,12
20260210,cod,SHO,3,15,99,100,118,138,120,200,145,327,190,156,69,327,19,222,12
20260405,cod,PRO,0,36,36,86,0,133,132,227,148,327,245,175,64,327,39,219,0
20260204,cod,LFS,3,138,303,335,229,276,191,251,217,327,249,213,38,327,22,269,15
20260224,cod,PSP,2,237,300,302,271,318,191,258,218,327,236,210,29,327,15,238,8
20260128,cod,PIP,12,194,399,403,230,329,166,252,190,328,247,197,53,328,22,253,13
20260331,cod,CDM,1,11,517,962,142,373,77,209,97,328,211,156,83,328,30,201,21
20260205,cod,RAP,7,156,234,241,133,275,93,211,117,328,212,156,60,328,22,203,13
20260206,cod,GOK,2,124,142,146,104,165,138,232,160,328,257,182,48,328,30,304,21
20260115,cod,PIP,7,99,201,201,185,230,153,220,190,328,310,170,51,328,34,275,19
20260215,cod,RPG,2,164,237,238,212,263,174,259,189,329,317,228,46,329,35,303,15
20260301,cod,PSP,0,30,73,76,28,36,188,270,208,329,266,228,44,329,8,268,5
20260309,cod,NUA,9,247,318,319,209,274,167,252,204,329,248,222,40,329,22,244,8
20260403,cod,ILS,0,136,409,482,9,236,94,217,112,329,236,156,79,329,43,256,21
20260131,cod,RPB,8,358,448,450,382,523,153,241,172,329,288,195,48,329,43,284,30
20260330,cod,VEL,0,142,301,321,101,261,70,191,90,329,194,133,86,329,20,186,11
20260203,cod,PSP,2,259,330,331,365,437,187,242,211,330,246,205,42,330,13,275,5
20260222,cod,LFS,2,162,409,445,304,368,188,264,208,330,270,222,49,330,29,339,12
20260307,cod,GOK,2,129,448,452,96,179,102,183,133,330,149,111,48,330,13,254,9
20260208,cod,LFS,1,123,316,346,235,275,209,277,227,330,307,257,29,330,31,320,14
20260131,cod,SHO,8,28,68,73,295,491,120,243,133,331,284,204,64,331,22,240,12
20260111,cod,LFS,5,216,450,505,395,473,208,275,226,331,338,246,38,331,19,252,10
20260304,cod,FRD,3,109,164,166,159,217,140,226,168,331,322,157,62,331,163,493,60
20260329,cod,EMS,0,0,104,111,156,227,126,221,150,331,224,173,80,331,20,275,10
20260125,cod,PIP,3,120,189,191,146,197,163,224,188,332,238,179,49,332,34,206,21
20260205,cod,PSP,3,189,240,244,215,251,199,260,219,332,275,228,41,332,16,244,6
20260317,cod,CDM,14,273,1230,1662,144,370,43,162,66,333,158,117,91,333,60,240,39
20260128,cod,GOK,13,157,266,272,253,405,94,169,128,333,166,118,54,333,42,255,22
20260218,cod,KAL,2,99,177,177,285,331,200,245,244,333,239,217,48,333,8,233,5
20260404,cod,DSL,0,84,132,132,3,126,200,264,221,334,278,228,31,334,28,304,18
20260327,cod,EMS,0,0,191,198,125,169,135,243,160,334,239,190,62,334,18,253,14
20260122,cod,GOK,6,201,284,287,194,303,102,191,124,334,249,154,60,334,25,187,17
20260316,cod,NUA,7,289,382,383,294,378,175,237,216,334,218,183,40,334,40,236,17
20260228,cod,NUA,6,332,332,335,273,338,213,288,232,335,319,274,40,335,39,310,16
20260201,cod,GSL,3,38,108,112,90,109,169,277,184,335,336,242,42,335,46,295,25
20260328,cod,ILS,3,129,257,276,106,186,102,228,115,335,243,158,67,335,37,240,30
20260124,cod,PIP,7,190,315,318,249,349,173,251,198,335,246,192,41,335,29,261,19
20260216,cod,KAL,2,201,323,323,261,292,188,248,220,336,259,218,59,336,12,208,10
20260209,cod,GOK,1,174,263,264,133,181,139,239,157,336,195,152,62,336,22,196,15
20260204,cod,NMP,6,55,73,73,103,183,55,204,63,336,210,143,64,336,23,191,14
20260217,cod,PSP,2,220,271,278,251,310,204,259,238,336,250,213,23,336,14,247,10
20260209,cod,PSP,5,404,471,476,408,467,218,271,243,337,283,230,30,337,26,287,15
20260219,cod,GOK,6,166,370,398,186,268,180,275,196,337,269,234,34,337,14,263,7
20260304,cod,RPG,3,44,45,45,85,104,206,291,219,337,338,254,35,337,88,376,25
20260303,cod,RAP,17,105,145,148,281,618,102,210,123,337,254,166,80,337,41,279,28
20260226,cod,PIP,5,166,235,236,193,249,137,237,164,337,246,189,60,337,27,272,20
20260225,cod,ILS,6,111,267,273,144,245,113,207,127,337,206,141,69,337,24,230,12
20260311,cod,EMS,6,0,265,285,184,245,194,268,218,338,264,228,51,338,47,340,27
20260303,cod,DSL,12,158,235,235,212,268,170,249,195,338,286,221,43,338,38,266,30
20260214,cod,NUA,4,213,213,225,163,213,196,280,225,339,283,256,44,339,25,282,11
20260307,cod,NUA,2,277,281,288,219,280,190,271,212,339,293,249,44,339,44,298,23
20260308,cod,PRO,8,154,215,227,167,236,138,245,149,339,290,194,59,339,45,233,23
20260122,cod,NUA,0,127,127,129,95,127,187,275,210,339,285,242,44,339,65,326,34
20260404,cod,PSP,0,297,316,398,1,391,206,269,228,339,282,218,40,339,33,292,14
20260117,cod,RPB,3,208,250,250,202,269,203,287,218,339,331,260,33,339,12,247,8
20260117,cod,GKP,1,12,15,15,57,67,212,270,237,340,295,249,46,340,10,232,5
20260325,cod,FBD,1,59,63,73,50,98,74,161,107,340,108,81,77,340,11,125,9
20260401,cod,VEL,0,118,204,243,63,205,78,205,89,340,226,157,99,340,28,206,18
20260403,cod,GKS,0,216,346,349,55,329,194,247,239,340,242,222,37,340,23,284,6
20260318,cod,VEL,6,94,172,206,89,192,79,190,93,340,187,135,75,340,27,183,22
20260303,cod,NUA,4,200,269,269,207,265,206,283,225,341,295,259,34,341,28,269,20
20260212,cod,SIS,5,8,9,9,53,324,29,299,30,341,377,251,64,341,33,298,26
20260118,cod,GOK,3,113,168,173,102,163,122,223,144,342,270,168,69,342,46,241,25
20260223,cod,PSP,3,394,470,479,385,454,215,275,237,342,267,223,29,342,20,286,8
20260109,cod,LFS,3,184,390,427,337,403,223,284,240,342,336,247,41,342,18,293,8
20260221,cod,LFS,1,133,338,358,214,271,202,260,225,342,260,214,43,342,31,296,15
20260130,cod,RPB,4,356,523,525,327,487,150,242,165,342,236,187,51,342,23,259,10
20260301,cod,PRO,5,99,141,142,133,204,144,257,159,342,253,199,56,342,30,266,18
20260202,cod,BFK,2,283,440,440,255,362,172,250,195,343,250,192,35,343,13,244,4
20260108,cod,DSL,8,371,562,562,356,522,214,289,229,343,430,250,35,343,33,292,28
20260226,cod,ILS,8,164,307,322,177,338,116,210,135,343,204,143,61,343,28,213,17
20260325,cod,VEL,2,95,219,240,93,222,78,183,96,343,172,117,99,343,24,174,15
20260227,cod,PRO,6,250,303,306,204,324,165,264,185,343,295,220,50,343,34,271,17
20260304,cod,GOK,1,13,100,100,14,20,165,257,183,343,288,176,57,343,51,354,18
20260310,cod,EMS,3,1,262,290,138,198,193,275,219,344,273,226,47,344,24,263,15
20260317,cod,EMS,2,3,169,226,156,211,147,234,180,344,241,201,60,344,18,237,7
20260328,cod,RPG,0,78,240,241,72,98,166,244,201,344,252,185,49,344,31,233,21
20260323,cod,NUA,1,119,167,171,92,119,156,245,187,344,203,166,62,344,24,222,16
20260403,cod,DSL,0,111,153,153,25,155,181,269,199,344,269,228,41,344,29,272,19
20260308,cod,VEL,14,388,647,659,125,405,69,175,91,345,192,135,85,345,31,210,21
20260122,cod,PIP,5,155,243,243,162,224,152,239,178,345,266,189,47,345,35,264,29
20260121,cod,NMP,4,170,184,185,70,192,50,210,55,345,201,148,69,345,35,268,24
20260309,cod,VEN,19,0,1359,1414,225,414,113,208,138,345,235,141,86,345,55,280,37
20260225,cod,PIP,3,142,226,227,164,216,161,241,191,345,251,197,58,345,32,232,21
20260316,cod,PIP,15,273,420,423,296,401,158,223,200,346,241,171,61,346,73,265,40
20260125,cod,GOK,2,101,199,203,116,177,116,224,137,346,287,187,67,346,42,238,24
20260219,cod,ILS,3,99,217,230,135,251,95,193,118,346,183,130,75,346,23,188,13
20260205,cod,KAL,1,161,172,172,229,258,198,242,236,346,247,230,39,346,7,223,5
20260221,cod,ILS,8,108,220,229,138,224,117,229,134,347,234,174,69,347,25,235,22
20260121,cod,GOK,8,150,260,263,140,212,130,226,149,348,235,176,59,348,38,237,19
20260405,cod,PSP,0,46,46,75,0,67,205,272,222,349,276,232,48,349,33,288,0
20260223,cod,DSP,11,234,268,275,138,296,65,175,92,349,137,99,72,349,14,178,11
20260130,cod,PIP,16,246,395,398,340,472,181,260,202,349,279,209,47,349,27,270,21
20260401,cod,PSP,0,88,160,165,74,134,213,277,234,349,282,235,43,349,21,289,11
20260401,cod,ILS,0,104,218,261,62,209,112,224,126,349,202,147,91,349,42,228,29
20260223,cod,FBD,6,224,297,416,135,258,104,274,114,349,276,216,60,349,40,256,20
20260209,cod,RAP,16,445,677,690,315,647,133,256,154,349,268,197,67,349,35,273,24
20260201,cod,BFK,0,195,274,275,179,248,179,275,190,349,307,221,40,349,14,327,5
20260302,cod,PSP,6,338,414,424,361,438,190,263,227,350,256,221,43,350,13,264,9
20260307,cod,VEN,5,1,646,647,255,402,82,164,117,350,130,86,86,350,19,246,13
20260317,cod,NUA,0,160,281,281,197,252,195,280,225,350,289,244,44,350,31,284,11
20260201,cod,NYK,3,230,276,278,238,274,200,263,239,350,262,194,45,350,120,337,15
20260113,cod,PSP,7,265,344,346,326,386,197,263,222,350,314,215,49,350,25,271,14
20260303,cod,ILS,6,134,240,261,123,230,115,221,138,350,241,164,67,350,50,269,37
20260210,cod,NUA,2,230,231,241,284,331,188,274,216,350,292,249,49,350,32,286,18
20260306,cod,PRO,7,206,374,404,215,319,129,212,154,351,220,152,58,351,23,181,15
20260130,cod,NYK,6,278,320,321,306,349,197,254,242,351,224,168,33,351,104,305,11
20260119,cod,NMP,7,448,503,503,119,453,53,206,68,351,295,146,86,351,25,204,18
20260329,cod,LFS,0,87,175,196,107,154,155,252,181,351,255,205,64,351,25,254,15
20260130,cod,BFK,2,200,265,265,161,234,178,258,196,351,233,192,29,351,8,285,2
20260319,cod,PSP,1,153,224,228,195,229,207,281,232,351,306,239,40,351,41,304,27
20260404,cod,DSP,0,203,203,215,0,232,104,253,119,352,275,197,70,352,32,246,30
20260321,cod,PSP,1,190,247,254,212,260,202,269,231,352,302,234,52,352,50,291,25
20260228,cod,PRO,4,188,314,322,144,247,168,270,190,352,280,212,66,352,40,294,21
20260114,cod,GOK,4,78,97,110,176,273,166,274,176,353,346,216,56,353,38,269,21
20260130,cod,PSP,0,197,250,253,203,265,257,315,274,353,342,287,17,353,24,320,11
20260403,cod,FHH,0,104,145,169,23,226,83,198,107,353,228,152,84,353,40,226,25
20260403,cod,PSP,0,249,334,347,60,328,218,296,238,353,327,260,35,353,35,316,17
20260228,cod,PSP,5,212,271,272,233,268,232,292,247,353,309,259,35,353,23,332,15
20260311,cod,KAL,0,30,51,51,53,64,224,290,253,354,284,264,46,354,19,354,12
20260330,cod,LFS,1,75,158,171,124,181,167,242,210,354,240,199,52,354,17,228,9
20260308,cod,NUA,0,45,69,69,45,58,189,278,219,354,282,248,45,354,61,293,14
20260126,cod,GSL,0,37,127,127,21,40,122,244,154,354,235,184,65,354,26,288,16
20260121,cod,PSP,1,264,323,324,280,352,220,289,242,354,293,244,36,354,21,295,7
20260319,cod,NUA,5,214,223,224,219,282,204,292,221,354,309,264,48,354,39,333,26
20260323,cod,VEL,7,153,281,291,99,225,87,202,110,354,194,128,84,354,35,208,21
20260116,cod,GOK,3,155,289,294,145,236,134,236,162,354,280,183,69,354,59,299,41
20260317,cod,PIP,19,143,182,184,216,310,171,265,196,355,260,206,55,355,38,225,20
20260318,cod,FBD,13,341,460,475,267,441,109,229,131,355,226,175,74,355,33,272,22
20260307,cod,PRO,10,214,325,357,197,323,155,240,173,355,231,168,50,355,31,258,20
20260324,cod,VEL,4,113,224,259,110,229,75,181,99,355,194,127,81,355,37,186,20
20260201,cod,KAL,0,269,311,312,312,345,234,298,246,355,336,274,39,355,19,224,11
20260404,cod,ILS,0,248,258,354,2,714,94,227,116,355,228,162,82,355,45,252,29
20260128,cod,NMP,10,208,236,237,83,301,71,216,78,355,219,155,68,355,29,211,17
20260405,cod,NUA,0,57,57,89,0,82,210,313,226,355,338,292,42,355,41,330,0
20260303,cod,VEL,5,141,297,304,82,187,80,180,95,355,195,137,53,355,34,214,29
20260107,cod,POW,2,252,314,315,140,252,122,239,138,356,389,199,50,356,34,212,28
20260330,cod,CDM,2,99,411,418,149,373,95,236,106,356,229,175,73,356,25,240,20
20260330,cod,KAL,0,126,180,180,99,144,114,175,180,356,154,126,74,356,16,184,9
20260207,cod,SHO,4,10,50,50,122,149,127,240,149,356,270,196,68,356,34,250,24
20260315,cod,PSP,2,36,69,70,43,58,216,289,240,356,312,245,37,356,61,337,36
20260227,cod,ILS,8,138,254,270,140,264,116,235,137,356,261,181,66,356,29,244,15
20260110,cod,LFS,8,159,433,473,311,361,218,285,243,356,362,257,36,356,16,285,11
20260220,cod,PSP,1,237,296,302,262,301,238,298,260,357,313,260,28,357,14,254,6
20260218,cod,PRO,5,194,243,268,176,243,153,235,187,357,226,178,64,357,20,234,12
20260207,cod,GSL,5,85,106,137,124,178,158,247,187,357,220,184,56,357,22,268,21
20260113,cod,NMP,6,220,252,256,63,228,35,170,52,357,428,116,82,357,34,196,26
20260222,cod,RAP,2,46,107,109,40,70,90,217,103,357,257,151,76,357,36,265,21
20260301,cod,RPG,9,205,348,348,177,234,215,284,243,358,292,244,42,358,24,319,13
20260120,cod,PIP,2,137,212,213,169,215,184,264,214,358,292,221,30,358,18,232,13
20260214,cod,PSP,2,222,271,278,252,286,227,297,249,358,294,253,32,358,18,308,11
20260107,cod,NUA,1,313,314,314,253,313,209,292,238,358,406,266,39,358,26,240,11
20260117,cod,PIP,7,144,246,249,191,251,179,267,215,358,309,208,44,358,23,238,15
20260120,cod,GOK,6,142,217,221,174,279,113,218,145,358,221,169,50,358,22,219,8
20260216,cod,PSP,0,314,405,410,324,373,231,295,254,358,294,238,35,358,20,292,13
20260326,cod,LFS,2,127,264,299,191,253,164,243,179,359,226,193,46,359,29,282,16
20260224,cod,ILS,5,216,348,367,210,374,120,214,133,359,229,154,65,359,30,228,24
20260319,cod,RPG,0,34,35,35,27,39,214,299,225,359,336,260,38,359,35,298,23
20260328,cod,PSP,1,255,313,318,283,345,222,297,247,359,313,249,37,359,35,301,13
20260307,cod,VEL,8,181,274,283,135,314,95,230,109,359,235,179,90,359,27,200,15
20260129,cod,BFK,0,268,302,302,221,326,175,269,196,359,269,205,31,359,14,252,9
20260207,cod,RDD,1,86,118,130,46,134,63,205,73,359,220,151,72,359,18,222,17
20260205,cod,LFS,3,157,337,370,270,324,222,288,242,360,288,255,33,360,15,286,6
20260306,cod,PSP,1,193,259,263,228,268,215,292,240,360,264,226,41,360,20,210,6
20260325,cod,PSP,5,237,311,315,258,323,219,285,241,360,282,232,34,360,28,259,16
20260220,cod,KAL,0,130,210,210,126,138,228,285,264,360,295,260,50,360,19,190,12
20260116,cod,PIP,5,199,294,295,230,321,183,262,210,360,289,192,52,360,32,264,15
20260222,cod,DSP,0,1,62,62,1,1,76,213,90,360,221,146,92,360,29,209,20
20260404,cod,VEL,0,180,201,277,7,400,75,217,91,361,224,150,90,361,59,261,39
20260107,cod,DSL,12,421,572,572,481,645,235,317,252,361,462,281,32,361,37,204,31
20260301,cod,VEL,3,76,106,106,51,125,79,190,103,361,223,148,74,361,34,204,24
20260327,cod,VEL,3,79,177,186,65,198,81,211,91,361,223,150,88,361,31,203,18
20260120,cod,PSP,3,252,342,345,307,387,230,274,253,361,294,238,25,361,24,283,11
20260315,cod,PIP,4,66,177,178,54,76,159,240,189,361,279,195,78,361,59,308,38
20260208,cod,SHO,2,22,163,164,25,63,154,270,172,361,275,221,74,361,34,310,23
20260328,cod,VEL,2,89,140,161,84,215,88,221,101,361,229,168,79,361,32,211,22
20260209,cod,NUA,3,300,400,400,246,303,187,264,233,362,245,218,39,362,19,238,8
20260215,cod,PIP,3,104,250,252,107,138,134,238,174,362,281,188,75,362,49,293,26
20260223,cod,PRO,2,130,278,291,131,194,170,269,191,362,246,203,56,362,18,223,13
20260206,cod,LFS,0,141,281,316,275,320,228,300,246,363,297,268,29,363,17,278,4
20260304,cod,KAP,1,235,265,266,202,281,154,247,183,363,406,172,66,363,180,446,51
20260305,cod,VEL,5,147,227,249,115,240,100,244,110,363,219,148,69,363,42,194,16
20260212,cod,NUA,1,248,249,251,199,248,207,286,238,363,281,248,46,363,26,269,13
20260308,cod,RAP,0,5,59,60,9,12,82,198,106,363,188,121,93,363,47,361,30
20260331,cod,PSP,0,216,271,273,207,317,210,278,247,363,274,234,40,363,25,287,11
20260223,cod,ILS,7,184,305,316,169,295,114,227,136,364,241,171,81,364,23,233,15
20260403,cod,VEL,0,81,273,310,15,197,97,223,108,364,251,174,79,364,43,252,23
20260228,cod,RPG,0,231,379,380,211,260,210,286,240,365,293,237,40,365,23,294,16
20260122,cod,NMP,7,201,221,221,56,202,59,213,70,365,269,159,88,365,32,224,23
20260330,cod,EMS,0,24,179,200,152,213,156,245,194,365,229,195,66,365,14,242,11
20260131,cod,NUA,3,193,193,195,152,193,191,270,241,365,276,247,41,365,19,274,11
20260119,cod,PIP,14,259,337,340,289,378,174,252,203,365,268,191,56,365,26,222,16
20260326,cod,EMS,0,0,257,270,176,267,172,273,196,366,295,238,64,366,25,275,16
20260223,cod,LFS,5,205,395,443,355,452,229,288,264,366,292,245,28,366,14,297,5
20260207,cod,RPG,3,135,191,191,106,143,174,249,212,366,223,186,48,366,19,315,13
20260329,cod,PSP,0,31,91,91,28,40,222,300,248,366,314,251,52,366,51,345,21
20260329,cod,PRO,5,106,139,142,143,224,146,243,175,366,277,197,65,366,60,316,36
20260331,cod,ILS,0,127,194,210,97,270,104,198,127,366,213,134,82,366,40,250,24
20260322,cod,NUA,0,74,74,75,51,74,187,284,209,367,328,248,51,367,59,317,31
20260329,cod,ILS,0,11,68,73,29,60,96,243,107,367,274,185,92,367,44,256,26
20260317,cod,VEL,10,110,216,225,85,201,73,191,91,367,185,126,77,367,42,206,23
20260302,cod,DSL,15,162,272,272,180,239,176,249,215,367,239,197,46,367,19,242,14
20260123,cod,GOK,4,196,318,322,171,280,148,246,167,368,266,203,63,368,46,267,18
20260127,cod,NMP,6,272,303,304,90,275,48,216,61,368,208,148,66,368,22,191,18
20260316,cod,EMS,0,6,225,276,164,218,168,270,198,368,264,224,65,368,30,257,15
20260115,cod,PSP,3,225,324,328,241,281,215,294,241,368,339,247,45,368,30,293,12
20260225,cod,KAL,1,146,209,209,172,205,235,298,272,368,298,261,48,368,9,362,7
20260307,cod,ILS,12,177,321,338,174,357,111,227,134,369,204,154,74,369,29,199,19
20260125,cod,BFK,2,205,234,234,201,279,174,287,189,369,324,239,43,369,21,308,14
20260128,cod,BFK,0,230,288,288,227,325,167,272,191,369,288,213,47,369,11,245,7
20260302,cod,PIP,15,338,501,507,410,551,171,267,196,369,245,208,50,369,24,251,14
20260309,cod,PSP,4,385,490,499,421,498,246,304,263,370,295,253,35,370,22,278,14
20260218,cod,RPG,1,102,119,119,97,120,198,273,229,370,287,232,37,370,24,274,16
20260114,cod,PSP,1,202,270,273,251,294,231,286,252,370,344,246,40,370,31,322,18
20260305,cod,RAP,5,68,96,104,84,136,150,263,166,370,241,170,71,370,51,261,36
20260324,cod,PSP,4,246,324,328,261,333,214,281,242,370,286,225,41,370,35,304,16
20260131,cod,RDD,11,244,304,307,88,400,69,190,75,370,216,128,76,370,27,175,15
20260219,cod,RAP,3,190,228,235,133,255,109,233,130,371,239,170,73,371,33,231,19
20260221,cod,GOK,2,202,360,362,262,384,186,305,204,371,327,260,47,371,9,221,6
20260207,cod,PSP,1,187,229,232,196,239,241,307,268,371,302,256,38,371,17,330,12
20260126,cod,NMP,23,952,968,979,239,971,58,206,69,371,225,138,81,371,23,192,15
20260205,cod,GSL,1,80,143,144,197,245,133,218,170,372,217,175,63,372,32,238,15
20260402,cod,VEL,0,155,237,252,63,258,85,228,104,372,247,175,76,372,36,245,27
20260327,cod,RPG,13,265,288,289,201,277,198,280,229,373,288,217,45,373,48,298,22
20260313,cod,NUA,5,294,317,318,237,294,218,304,251,373,324,261,62,373,82,348,37
20260120,cod,RPB,7,338,386,386,290,393,191,293,214,373,308,248,37,373,15,258,7
20260322,cod,PSP,2,30,91,91,31,47,201,281,231,373,307,232,64,373,45,296,24
20260203,cod,LFS,2,165,294,319,301,352,216,288,240,373,306,258,44,373,24,316,16
20260403,cod,PRO,0,132,183,190,42,257,138,253,164,373,263,196,74,373,36,321,21
20260223,cod,PIP,7,235,322,324,275,360,161,260,186,374,252,185,64,374,21,263,15
20260108,cod,PIP,4,204,344,345,228,273,172,261,198,374,383,201,66,374,43,300,35
20260218,cod,ILS,7,101,241,254,150,253,91,207,112,374,214,147,102,374,23,223,19
20260124,cod,NMP,7,289,318,319,94,290,66,197,77,374,236,158,88,374,26,187,19
20260114,cod,NMP,3,44,86,86,47,136,52,221,67,375,286,161,63,375,25,224,16
20260204,cod,KAL,1,202,300,300,192,215,211,269,246,375,251,237,53,375,7,335,7
20260310,cod,KAL,5,239,274,274,222,262,241,304,273,375,316,282,50,375,13,250,10
20260309,cod,PRO,12,256,428,437,251,410,148,256,171,375,248,175,60,375,48,306,28
20260125,cod,PSP,0,33,74,75,39,46,209,290,244,375,307,241,46,375,14,316,11
20260217,cod,KAL,4,79,293,293,161,182,219,284,257,376,276,249,59,376,19,341,13
20260129,cod,NMP,4,177,190,193,60,195,57,217,71,376,257,173,85,376,28,173,18
20260315,cod,PRO,10,122,163,164,182,269,160,274,182,376,319,203,67,376,64,319,39
20260127,cod,NYK,10,288,338,338,322,359,189,258,242,376,241,159,54,376,51,192,13
20260108,cod,NMP,4,184,190,190,54,184,59,225,76,376,417,166,85,376,29,203,24
20260315,cod,FBD,4,60,484,486,46,78,100,238,120,376,274,150,106,376,40,249,25
20260115,cod,GOK,3,161,231,232,151,243,154,282,183,376,375,240,60,376,43,279,29
20260207,cod,LFS,3,162,320,345,251,304,252,319,275,377,312,286,29,377,25,329,10
20260219,cod,DSP,2,49,52,52,24,51,61,191,74,377,228,140,88,377,29,163,17
20260404,cod,KAL,0,193,251,251,1,246,242,324,255,378,331,300,64,378,29,367,20
20260130,cod,PRO,3,235,361,372,301,383,174,249,215,378,287,196,53,378,33,331,22
20260227,cod,PIP,10,159,232,233,142,226,198,269,230,378,293,231,45,378,19,247,12
20260129,cod,NYK,3,255,326,326,287,316,218,273,260,378,293,193,42,378,76,285,15
20260128,cod,RPB,12,293,322,324,198,294,171,260,195,379,241,191,54,379,26,273,18
20260320,cod,PSP,4,278,365,373,300,363,237,313,253,379,322,264,50,379,47,336,25
20260127,cod,PSP,3,423,598,604,449,552,212,273,258,379,251,211,42,379,15,281,5
20260306,cod,ILS,8,162,329,344,172,322,112,238,133,379,222,159,87,379,39,251,20
20260312,cod,FBD,8,220,272,276,142,254,144,283,162,379,302,221,82,379,43,256,21
20260317,cod,FBD,24,586,696,736,423,754,122,245,150,380,243,171,74,380,37,254,25
20260206,cod,RDD,4,104,148,160,62,128,64,204,77,380,217,141,84,380,20,233,18
20260216,cod,SIS,2,13,14,148,1,13,39,212,48,380,196,149,86,380,15,222,9
20260325,cod,KAL,10,349,490,490,648,818,199,251,248,380,260,201,52,380,38,279,26
20260327,cod,PRO,3,132,307,321,202,297,148,250,179,380,256,184,71,380,41,254,29
20260123,cod,RPB,5,247,289,289,176,275,188,285,211,380,315,227,57,380,53,353,25
20260114,cod,PIP,4,95,198,198,87,119,184,265,209,380,319,197,72,380,35,265,26
20260302,cod,PRO,5,182,255,285,158,244,172,271,201,380,276,214,60,380,29,248,19
20260208,cod,NUA,3,100,104,104,103,136,201,297,225,380,333,273,37,380,48,351,19
20260126,cod,RPB,3,93,104,104,78,105,163,257,194,380,291,195,61,380,19,211,13
20260213,cod,PSP,1,203,268,271,229,267,260,323,286,381,329,278,37,381,21,308,11
20260126,cod,BFK,0,211,217,217,172,240,180,274,193,381,289,211,60,381,16,269,8
20260226,cod,RPG,10,181,279,280,214,270,241,326,259,381,351,297,33,381,18,329,14
20260224,cod,RAP,4,99,407,415,124,190,90,220,103,382,216,140,92,382,27,258,22
20260305,cod,ILS,13,204,351,404,189,373,146,269,165,382,239,163,79,382,41,217,29
20260122,cod,PSP,2,277,339,342,296,341,252,316,281,382,344,280,44,382,20,299,11
20260202,cod,LFS,0,130,330,361,231,288,221,297,251,382,290,254,41,382,17,294,14
20260213,cod,LFS,0,152,331,359,278,335,229,293,262,383,282,254,46,383,40,332,18
20260313,cod,FBD,8,198,218,219,143,255,108,249,133,383,292,192,73,383,55,276,32
20260306,cod,RAP,7,142,173,178,107,178,113,267,131,383,306,198,83,383,45,313,27
20260316,cod,PSP,8,430,550,560,413,493,209,297,240,384,299,242,59,384,51,308,23
20260117,cod,GOK,4,160,193,198,170,252,156,262,177,384,301,199,63,384,30,256,14
20260302,cod,RPG,17,179,226,226,336,468,242,307,271,384,309,262,36,384,27,305,22
20260402,cod,FHH,0,122,231,261,41,232,84,197,105,385,186,132,92,385,28,187,18
20260228,cod,PIP,7,179,295,298,176,247,203,294,229,385,309,240,54,385,34,322,26
20260301,cod,NUA,4,89,89,89,62,89,252,327,283,385,333,296,32,385,24,333,9
20260217,cod,RPG,5,114,132,133,166,193,217,294,242,386,298,255,45,386,19,308,12
20260301,cod,ILS,1,35,100,105,33,68,119,262,142,386,272,203,88,386,34,274,23
20260220,cod,LFS,1,136,264,283,202,242,234,314,250,386,299,257,49,386,20,316,12
20260311,cod,PRO,9,119,264,280,151,240,154,258,179,386,289,195,60,386,57,288,35
20260306,cod,DSL,3,136,194,194,173,227,217,284,249,387,240,201,46,387,20,284,17
20260305,cod,PIP,17,293,406,409,377,504,195,302,210,387,271,195,63,387,49,250,28
20260310,cod,GOK,13,288,544,546,383,620,163,278,180,387,334,242,52,387,27,212,17
20260302,cod,ILS,12,252,368,404,179,351,99,239,132,387,261,187,80,387,34,255,27
20260321,cod,NUA,6,220,220,220,152,226,198,301,231,387,323,259,50,387,28,301,19
20260110,cod,NMP,5,214,218,221,104,254,82,242,91,388,499,182,75,388,26,223,19
20260314,cod,PSP,3,238,300,308,237,301,254,319,279,389,338,269,43,389,38,345,24
20260302,cod,VEL,4,162,231,239,111,241,74,211,94,389,206,148,76,389,34,224,24
20260401,cod,CDM,1,5,430,440,132,407,79,222,105,389,216,173,96,389,29,237,22
20260216,cod,RPG,7,202,281,281,217,275,209,290,250,389,256,209,44,389,30,288,16
20260129,cod,GOK,13,204,273,275,200,331,137,254,160,389,265,206,55,389,40,243,19
20260227,cod,NYK,1,344,416,416,504,552,261,317,294,389,307,285,32,389,26,586,15
20260227,cod,RPG,8,308,446,448,309,379,239,319,260,389,342,283,44,389,33,322,21
20260124,cod,DSL,1,53,158,159,84,103,215,307,247,389,309,253,46,389,26,346,18
20260227,cod,PSP,2,218,279,281,219,269,257,325,281,389,328,283,41,389,13,302,5
20260325,cod,ILS,6,152,294,300,151,309,106,223,134,390,198,140,102,390,29,245,17
20260305,cod,RPG,1,,,,86,119,188,295,229,390,247,216,46,390,18,236,5
20260223,cod,RAP,5,192,321,330,140,261,112,243,138,391,230,149,85,391,19,268,15
20260221,cod,DSP,1,41,41,41,25,63,87,216,106,391,231,140,65,391,22,228,18
20260224,cod,LFS,2,189,413,474,321,379,227,317,250,391,319,271,38,391,25,335,11
20260218,cod,LFS,1,87,235,263,203,245,267,331,282,391,354,290,30,391,28,328,17
20260313,cod,DSL,5,132,210,210,202,252,220,326,248,391,368,278,43,391,73,352,30
20260320,cod,NUA,4,349,355,370,272,358,223,302,255,391,322,270,43,391,52,312,27
20260318,cod,PSP,4,259,327,336,286,352,229,300,266,391,301,258,36,391,26,281,10
20260109,cod,NMP,5,120,164,165,35,150,85,257,102,391,483,189,76,391,49,282,34
20260108,cod,PSP,1,241,320,327,255,294,227,311,254,391,392,273,45,391,19,259,13
20260127,cod,BFK,1,211,306,306,146,217,174,264,205,392,273,204,56,392,12,259,10
20260204,cod,BFK,7,575,917,919,508,674,193,309,210,392,312,248,33,392,12,303,5
20260330,cod,ILS,0,255,426,451,179,367,98,222,119,392,227,143,106,392,22,213,13
20260401,cod,GKS,0,37,41,41,126,161,251,336,272,392,347,309,52,392,18,383,12
20260111,cod,NMP,0,0,257,257,1,2,72,284,83,392,555,210,92,392,56,325,42
20260123,cod,DSL,7,71,121,121,142,177,217,315,245,392,321,265,42,392,32,374,23
20260201,cod,RDD,1,17,110,112,43,78,80,253,85,393,288,187,94,393,30,251,23
20260301,cod,RAP,5,32,59,64,30,69,124,293,142,393,332,244,79,393,48,434,28
20260404,cod,FHH,0,126,129,260,2,169,136,255,155,393,266,199,71,393,35,267,27
20260301,cod,DSL,5,201,278,278,386,489,192,277,232,393,273,225,46,393,11,313,6
20260124,cod,GOK,1,140,290,293,170,270,150,262,171,393,262,207,64,393,36,248,18
20260202,cod,GSL,6,469,585,589,386,565,170,306,198,393,293,231,50,393,40,292,22
20260110,cod,DSL,21,599,813,813,602,843,234,325,255,393,495,283,44,393,29,367,26
20260402,cod,PRO,0,126,259,270,58,284,164,270,189,394,271,197,65,394,42,294,22
20260327,cod,PSP,0,213,293,296,237,288,251,325,279,394,332,271,50,394,40,334,22
20260121,cod,RPB,6,281,354,356,238,329,196,300,221,394,337,255,45,394,17,301,9
20260127,cod,RPB,5,302,305,305,236,330,152,261,189,394,245,180,45,394,29,284,20
20260210,cod,RAP,10,432,576,586,320,636,135,297,150,394,334,249,69,394,33,325,18
20260225,cod,RAP,9,112,275,284,176,376,132,242,154,395,226,170,78,395,21,269,15
20260215,cod,LFS,4,153,361,392,307,378,240,324,264,395,364,292,53,395,27,299,10
20260108,cod,NUA,4,408,408,408,334,409,241,324,268,395,402,293,31,395,31,319,8
20260224,cod,KAL,2,148,213,213,196,221,254,331,281,396,351,301,54,396,14,222,13
20260219,cod,PIP,10,176,259,262,200,256,196,277,225,397,292,225,57,397,34,283,25
20260111,cod,PIP,4,105,201,202,98,132,181,277,212,397,414,219,71,397,43,355,27
20260321,cod,ILS,2,136,201,210,131,236,79,226,101,397,275,168,109,397,62,265,46
20260201,cod,SHO,0,1,380,405,1,1,157,300,173,398,314,231,89,398,41,351,23
20260404,cod,GOK,0,171,171,216,2,225,129,234,156,398,225,182,80,398,13,284,9
20260203,cod,BFK,10,773,872,873,635,930,207,317,215,398,333,271,49,398,16,295,10
20260123,cod,PSP,0,199,248,250,227,253,252,330,277,398,375,284,32,398,33,356,15
20260220,cod,RAP,5,183,254,259,112,227,128,270,147,398,313,211,70,398,27,271,17
20260206,cod,PSP,4,198,247,249,222,255,254,324,278,399,344,286,32,399,23,354,12
20260119,cod,PSP,6,440,575,580,440,526,241,303,272,399,331,271,38,399,24,356,14
20260319,cod,FBD,17,310,451,454,253,430,150,285,172,399,349,228,85,399,80,339,33
20260331,cod,NUA,0,4,4,4,57,76,262,343,278,399,348,318,51,399,31,362,13
20260322,cod,PRO,5,125,160,161,178,262,144,266,171,399,278,184,77,399,77,309,50
20260211,cod,LFS,3,159,339,375,299,354,257,326,286,400,321,278,31,400,42,352,19
20260203,cod,GSL,3,93,113,116,135,208,188,287,216,401,293,227,71,401,28,294,18
20260310,cod,PRO,8,131,243,262,193,293,160,273,183,401,300,209,78,401,52,292,35
20260222,cod,GOK,1,55,205,207,43,56,189,320,211,402,333,258,58,402,13,282,8
20260303,cod,NYK,0,41,358,358,95,107,264,331,290,402,446,297,50,402,18,441,11
20260311,cod,PIP,16,132,240,241,198,271,181,292,205,402,300,222,66,402,44,348,33
20260325,cod,RPG,6,101,108,108,202,259,216,322,243,402,348,259,46,402,61,302,25
20260213,cod,RPG,4,197,303,303,205,259,234,344,250,402,355,282,48,402,34,316,25
20260224,cod,PIP,16,198,271,272,256,351,199,270,234,403,258,211,55,403,23,287,14
20260205,cod,GOK,5,118,160,163,91,129,181,286,211,403,287,225,65,403,18,267,10
20260327,cod,LFS,0,101,195,221,177,237,199,286,230,403,318,256,49,403,32,294,18
20260126,cod,PSP,2,95,217,219,129,142,230,317,263,403,340,269,48,403,19,285,8
20260309,cod,VEL,13,189,624,654,150,355,86,247,107,403,287,198,99,403,38,252,23
20260212,cod,LFS,4,135,318,351,277,323,237,331,259,404,334,288,44,404,33,339,9
20260221,cod,NYK,3,298,441,441,330,366,329,402,332,405,507,393,27,405,4,63,4
20260107,cod,PSP,2,296,355,365,289,346,262,325,286,405,433,300,35,405,38,260,27
20260328,cod,LFS,1,82,167,180,145,191,207,293,232,405,295,243,55,405,38,311,20
20260204,cod,GOK,5,151,172,172,157,228,175,294,204,405,282,218,59,405,21,291,13
20260214,cod,RPG,3,192,291,292,235,301,243,322,271,405,306,269,42,405,21,319,18
20260330,cod,PSP,0,420,520,528,401,522,241,326,272,407,331,275,54,407,31,305,16
20260221,cod,EMS,4,0,251,267,251,337,182,295,211,407,299,241,88,407,32,376,17
20260116,cod,NUA,4,267,267,267,212,270,192,287,221,408,262,215,55,408,45,430,25
20260205,cod,FKA,1,70,84,84,30,74,53,157,80,408,155,97,94,408,15,132,13
20260201,cod,GOK,1,139,248,255,107,142,134,260,165,409,297,208,75,409,47,315,30
20260125,cod,LFS,6,217,483,520,372,458,204,292,239,409,306,253,60,409,19,306,8
20260323,cod,PSP,7,355,447,956,372,463,229,304,265,409,307,243,46,409,42,306,19
20260207,cod,NUA,1,321,357,361,262,322,209,321,239,410,321,286,43,410,31,335,18
20260309,cod,ILS,15,247,371,391,205,373,127,274,151,411,298,212,86,411,42,303,26
20260308,cod,NYK,3,336,443,443,342,392,275,342,305,412,371,300,42,412,25,785,23
20260221,cod,RAP,5,177,209,215,156,249,129,283,148,412,278,193,78,412,24,275,17
20260128,cod,NYK,6,212,273,273,230,262,239,321,281,412,321,248,58,412,56,278,21
20260330,cod,PRO,0,143,397,403,125,228,159,277,191,413,299,209,72,413,49,272,38
20260112,cod,GKP,0,310,327,327,373,417,256,343,292,413,373,322,56,413,8,316,5
20260313,cod,PSP,9,203,264,273,221,283,273,362,292,413,360,312,33,413,30,352,12
20260322,cod,ILS,0,20,70,72,26,37,111,237,144,413,274,171,112,413,49,257,36
20260314,cod,NUA,6,340,374,375,302,363,252,343,292,413,348,301,45,413,38,312,24
20260118,cod,LFS,2,198,434,483,338,429,239,342,263,413,363,296,57,413,52,384,32
20260328,cod,EMS,0,0,161,171,167,229,185,306,219,414,310,257,73,414,19,254,9
20260107,cod,GKP,1,114,133,133,135,151,279,347,317,414,390,330,37,414,26,316,17
20260203,cod,GOK,2,231,270,272,174,263,174,260,205,414,277,204,73,414,15,228,12
20260313,cod,PRO,15,197,335,341,251,368,180,301,198,414,331,228,78,414,69,350,30
20260304,cod,RPB,6,251,374,374,248,348,161,290,188,414,448,217,80,414,206,539,63
20260324,cod,ILS,5,138,269,295,126,238,101,227,121,415,225,139,104,415,38,223,29
20260108,cod,POW,4,385,385,387,282,447,153,314,174,415,479,270,60,415,20,269,13
20260131,cod,DSL,10,344,503,503,415,539,270,369,290,415,402,318,41,415,37,436,34
20260126,cod,SHO,0,4,534,557,2,4,148,254,191,416,270,181,76,416,73,240,17
20260111,cod,PSP,1,33,69,69,39,50,237,321,267,416,385,278,49,416,39,401,25
20260121,cod,DSL,4,68,139,142,149,190,231,295,271,416,298,240,52,416,17,290,5
20260328,cod,PRO,8,128,295,295,185,292,170,273,198,416,274,209,70,416,34,282,20
20260202,cod,PSP,2,372,548,551,360,423,265,331,288,416,322,280,49,416,23,361,7
20260131,cod,PIP,3,218,247,247,273,356,209,322,233,416,340,272,62,416,23,293,17
20260107,cod,PIP,6,280,348,349,319,384,196,297,230,417,526,257,51,417,67,282,52
20260228,cod,VEL,7,159,249,258,92,223,95,202,115,417,189,129,77,417,41,295,21
20260112,cod,LFS,4,134,360,397,328,403,267,343,297,417,401,309,47,417,19,335,13
20260302,cod,RAP,7,186,601,643,141,250,139,271,172,417,259,204,85,417,36,366,23
20260108,cod,LIV,0,138,138,139,118,138,248,326,276,417,407,288,36,417,15,305,14
20260131,cod,PSP,3,208,264,271,219,265,277,357,300,417,388,312,34,417,23,353,14
20260210,cod,PRO,5,286,484,492,267,365,213,299,249,418,305,237,63,418,36,344,13
20260314,cod,FBD,11,205,301,308,127,229,140,292,159,418,329,204,91,418,77,310,45
20260305,cod,PRO,14,254,373,407,234,348,176,309,197,418,272,201,62,418,36,213,22
20260315,cod,ILS,2,41,124,127,68,114,137,278,160,419,314,211,95,419,69,331,37
20260118,cod,PSP,1,54,80,80,54,69,261,329,281,419,335,280,40,419,20,329,11
20260219,cod,LFS,2,139,250,270,234,282,270,355,288,419,362,307,48,419,14,341,8
20260403,cod,GOK,0,180,211,213,20,206,135,242,171,420,249,195,81,420,19,270,9
20260326,cod,PRO,7,168,345,410,247,377,168,269,197,420,295,209,82,420,32,249,12
20260312,cod,ILS,13,161,288,311,179,371,118,258,144,420,283,189,103,420,51,320,38
20260224,cod,GOK,5,201,510,515,324,420,183,309,215,421,296,234,72,421,15,360,9
20260214,cod,LFS,3,162,376,422,274,330,261,330,287,421,352,308,39,421,51,335,18
20260312,cod,PRO,13,242,439,441,240,369,175,297,199,421,284,220,73,421,60,295,35
20260310,cod,ILS,9,169,330,362,137,266,131,274,154,421,287,197,93,421,34,268,22
20260107,cod,SHO,3,26,290,302,50,78,179,328,192,421,409,288,77,421,41,273,37
20260314,cod,PRO,11,167,344,370,182,292,178,310,203,423,332,226,72,423,74,338,37
20260321,cod,CDM,22,174,186,218,315,839,97,315,108,423,404,243,104,423,62,329,48
20260315,cod,NUA,2,77,132,133,65,77,255,360,282,423,369,322,63,423,43,386,19
20260212,cod,PIP,12,231,358,359,281,398,176,270,216,423,295,206,75,423,50,314,29
20260218,cod,PIP,7,190,270,270,286,380,200,304,235,423,307,242,67,423,33,276,24
20260217,cod,LFS,1,111,269,295,266,316,272,333,294,424,322,280,33,424,20,279,9
20260118,cod,GKP,0,,,,1,1,264,349,299,424,353,322,57,424,30,390,10
20260201,cod,LFS,3,101,258,283,203,248,242,344,274,424,349,302,42,424,26,348,16
20260119,cod,GOK,1,152,295,297,161,235,162,286,192,424,267,205,73,424,35,272,18
20260222,cod,PIP,4,122,223,223,110,153,209,298,245,424,307,234,59,424,41,326,26
20260124,cod,BFK,1,247,321,321,234,323,198,320,225,425,317,258,37,425,27,351,17
20260313,cod,ILS,16,158,338,354,161,312,114,262,133,425,278,196,105,425,47,283,34
20260204,cod,RPB,2,331,490,490,332,465,191,298,227,425,277,229,56,425,27,315,15
20260106,cod,MAX,4,1019,1282,1311,833,1019,15,412,16,425,,,125,425,327,334,184
20260222,cod,EMS,3,0,91,105,204,280,186,308,220,425,333,264,98,425,41,360,20
20260316,cod,FBD,16,114,295,304,361,615,135,265,176,426,252,158,91,426,38,235,21
20260122,cod,RPB,5,230,259,262,218,303,231,329,259,426,404,285,50,426,22,328,17
20260109,cod,DSL,9,301,545,545,375,492,268,371,291,426,490,315,39,426,50,414,46
20260314,cod,ILS,14,216,367,380,210,349,133,268,153,426,287,198,98,426,45,294,24
20260217,cod,PRO,7,180,231,234,188,271,204,302,232,426,280,223,78,426,36,312,18
20260222,cod,MAX,1,288,382,410,323,392,252,339,279,427,366,295,50,427,37,374,21
20260202,cod,RDD,7,148,166,168,79,240,68,254,81,427,305,189,87,427,46,277,15
20260205,cod,RPB,5,370,519,521,374,528,211,312,241,427,336,264,47,427,30,324,13
20260112,cod,NMP,9,88,156,160,107,349,61,228,79,428,353,133,101,428,24,243,12
20260112,cod,PSP,7,435,565,570,428,525,254,314,292,428,388,276,56,428,22,320,12
20260312,cod,PIP,8,113,229,233,132,178,196,291,222,428,304,231,72,428,41,310,22
20260308,cod,PIP,5,94,229,229,109,143,210,328,233,428,353,258,63,428,40,344,27
20260122,cod,SIS,5,85,641,710,28,129,35,163,44,428,213,113,118,428,25,152,20
20260228,cod,LFS,2,,,,70,86,266,346,294,428,366,309,49,428,20,337,15
20260117,cod,PSP,3,240,312,316,275,323,261,325,288,428,344,271,35,428,25,311,8
20260218,cod,RAP,4,164,227,238,103,197,117,245,150,428,270,196,97,428,34,269,23
20260130,cod,RDD,7,144,146,160,90,250,46,155,54,429,209,92,101,429,21,142,12
20260110,cod,PSP,6,251,325,330,262,328,256,329,296,429,396,279,54,429,24,316,15
20260204,cod,RDD,3,100,127,137,65,161,68,247,78,429,275,182,94,429,28,270,18
20260311,cod,ILS,11,153,322,346,137,276,122,288,143,430,307,216,95,430,39,284,28
20260326,cod,KAL,5,355,449,450,393,494,248,338,279,430,368,290,80,430,26,341,19
20260228,cod,ILS,6,152,252,267,151,267,151,300,178,430,310,225,85,430,51,320,31
20260324,cod,LFS,2,79,232,265,177,218,193,305,220,431,283,232,50,431,32,369,20
20260118,cod,BFK,2,274,347,347,262,363,200,312,217,432,383,242,46,432,30,331,15
20260319,cod,PRO,12,133,262,274,160,240,158,285,193,432,289,206,90,432,53,300,30
20260307,cod,PIP,19,156,342,346,178,283,233,307,269,432,335,250,55,432,36,310,24
20260313,cod,PIP,13,180,241,246,251,333,198,305,231,432,348,238,74,432,71,331,46
20260209,cod,LFS,1,132,303,329,274,332,268,356,296,432,375,316,42,432,24,318,11
20260123,cod,SHO,13,20,295,302,296,501,149,276,185,433,304,218,80,433,41,283,15
20260310,cod,VEN,30,0,527,535,392,651,179,302,199,434,358,239,93,434,58,231,28
20260125,cod,RPB,2,187,217,217,171,240,188,318,211,434,356,265,66,434,38,273,22
20260219,cod,EMS,3,0,451,465,233,313,230,326,268,434,308,273,59,434,25,355,12
20260304,cod,VEH,0,,,,6,13,78,298,88,435,395,230,103,435,128,405,49
20260307,cod,KAL,4,138,292,292,196,219,300,378,326,435,384,341,50,435,20,436,13
20260216,cod,PIP,12,300,401,401,363,489,168,296,210,435,286,225,87,435,43,334,22
20260203,cod,RDD,6,214,277,280,78,233,77,264,91,436,312,198,89,436,28,225,18
20260206,cod,NUA,4,302,303,310,226,302,269,356,296,436,366,325,40,436,31,356,18
20260217,cod,ILS,4,97,258,263,144,244,117,245,154,436,231,170,98,436,27,250,22
20260209,cod,SHO,1,21,96,100,105,125,169,307,202,436,306,258,82,436,36,304,24
20260316,cod,CDM,0,3,71,276,14,35,91,341,92,436,394,279,103,436,122,418,98
20260212,cod,ILS,1,151,306,323,141,260,122,256,153,437,284,188,84,437,43,259,29
20260210,cod,LFS,4,176,374,413,291,344,285,361,310,437,359,308,37,437,39,350,13
20260325,cod,LFS,0,165,284,307,282,380,229,313,257,438,307,263,49,438,22,356,11
20260315,cod,VEL,1,31,98,102,20,52,74,191,88,438,214,138,112,438,43,236,28
20260303,cod,EMS,2,0,312,358,204,246,226,323,259,438,340,284,80,438,43,362,28
20260316,cod,VEL,8,106,211,244,96,195,91,228,116,439,219,155,95,439,26,218,16
20260215,cod,ILS,0,41,130,137,35,68,125,273,148,439,306,204,116,439,47,306,32
20260117,cod,LFS,6,143,393,436,309,380,253,339,287,439,349,283,48,439,22,338,14
20260124,cod,RPB,6,293,348,349,227,336,220,334,246,440,333,253,63,440,35,325,26
20260323,cod,PRO,2,197,324,748,177,279,150,272,187,441,281,191,106,441,66,302,38
20260113,cod,PIP,9,206,288,288,209,286,228,317,267,441,423,251,68,441,39,313,23
20260107,cod,LIV,1,116,116,116,94,116,254,356,285,441,467,325,57,441,40,314,28
20260201,cod,PSP,2,27,49,51,33,42,288,367,312,441,379,309,38,441,31,393,19
20260208,cod,PRO,2,192,284,286,194,251,233,343,254,442,376,280,86,442,40,356,18
20260124,cod,PSP,3,209,314,320,216,271,270,368,299,442,355,300,44,442,31,375,16
20260112,cod,NUA,6,548,700,700,464,589,243,341,284,442,354,296,53,442,24,311,10
20260107,cod,LFS,1,101,337,376,253,288,286,364,310,442,470,346,47,442,31,332,25
20260115,cod,LFS,1,129,330,363,270,327,263,353,288,442,378,300,58,442,34,374,16
20260221,cod,PIP,4,169,247,247,188,247,204,328,236,443,340,259,76,443,49,368,34
20260325,cod,PRO,6,165,366,414,237,347,186,288,226,443,287,209,80,443,37,279,24
20260318,cod,PRO,9,171,298,309,187,292,175,305,199,443,335,229,80,443,56,342,36
20260116,cod,PSP,3,255,339,345,311,364,270,351,293,443,377,293,53,443,27,354,14
20260320,cod,PRO,9,147,237,249,177,280,156,307,186,443,353,237,99,443,81,344,46
20260131,cod,GOK,7,239,298,302,200,304,169,314,190,444,321,241,78,444,64,375,35
20260119,cod,LFS,4,157,380,419,334,413,250,338,293,444,349,286,53,444,28,349,13
20260215,cod,MAX,5,318,371,390,307,382,235,328,271,444,376,294,69,444,33,350,18
20260314,cod,DSL,3,125,209,209,148,203,268,376,292,444,390,301,47,444,53,403,29
20260215,cod,PRO,2,61,103,104,80,103,238,340,261,444,372,281,76,444,45,339,23
20260131,cod,NYK,2,277,321,321,280,319,270,365,304,445,385,290,56,445,89,328,28
20260319,cod,ILS,10,142,261,272,96,219,127,258,158,445,275,185,102,445,48,282,32
20260306,cod,PIP,13,195,318,319,228,319,208,320,239,446,323,255,69,446,34,274,15
20260301,cod,LFS,0,,,,2,3,276,369,301,446,379,321,49,446,24,353,13
20260314,cod,PIP,10,178,218,218,186,245,243,335,271,446,335,263,69,446,51,349,36
20260201,cod,PIP,3,102,308,313,81,113,223,338,249,446,367,277,58,446,38,373,25
20260202,cod,NYK,2,94,95,95,121,140,266,350,320,447,305,267,53,447,79,281,15
20260122,cod,BFK,3,175,237,237,168,252,233,342,249,447,460,282,34,447,25,352,15
20260110,cod,NUA,2,438,438,438,350,439,261,371,297,448,410,338,43,448,25,373,18
20260405,cod,FKA,0,555,555,714,0,797,106,429,106,448,551,415,104,448,50,426,0
20260316,cod,PRO,12,239,412,429,177,302,192,317,226,448,313,214,77,448,43,269,27
20260317,cod,ILS,10,196,321,355,216,398,130,288,156,448,312,205,105,448,62,305,44
20260109,cod,PSP,4,234,307,311,253,311,280,364,307,448,437,311,54,448,22,371,12
20260118,cod,ILS,6,135,205,208,87,150,122,271,146,448,338,190,105,448,59,305,33
20260121,cod,BFK,0,174,251,251,169,231,225,323,253,449,373,262,47,449,22,339,8
20260220,cod,PIP,4,162,253,256,162,214,243,348,268,449,383,296,67,449,36,336,20
20260205,cod,RDD,3,108,173,185,71,137,70,271,83,449,285,205,92,449,30,291,26
20260201,cod,RPB,3,161,173,173,177,251,227,363,246,450,418,299,55,450,52,370,35
20260130,cod,GOK,8,207,277,281,187,282,179,312,204,450,351,264,59,450,34,261,23
20260126,cod,GOK,0,4,72,78,11,14,164,300,188,450,303,222,88,450,40,237,20
20260223,cod,NYK,2,476,542,543,538,598,312,376,356,450,412,325,27,450,10,377,4
20260217,cod,PIP,11,202,373,374,224,308,215,310,252,450,311,245,78,450,36,292,14
20260112,cod,PIP,8,242,323,324,295,366,218,319,251,450,431,241,63,450,43,322,29
20260114,cod,BFK,18,265,354,355,215,340,217,341,234,450,457,279,54,450,37,379,17
20260128,cod,SHO,5,29,320,331,201,328,156,267,188,451,255,207,95,451,22,199,9
20260123,cod,BFK,0,169,245,246,173,231,250,361,276,451,358,290,51,451,14,331,6
20260216,cod,LFS,4,134,340,372,281,342,279,355,313,451,354,296,48,451,26,277,11
20260305,cod,EMS,4,0,290,339,218,278,243,333,288,452,327,278,69,452,29,257,14
20260207,cod,PRO,4,237,336,338,242,339,225,329,263,452,329,255,62,452,24,375,12
20260404,cod,WML,0,,,,0,1,26,90,55,452,32,12,119,452,11,94,9
20260303,cod,GOK,2,100,182,185,150,220,166,292,200,453,351,251,68,453,21,336,14
20260202,cod,KAL,0,141,163,163,178,203,282,377,308,453,384,328,60,453,20,418,11
20260317,cod,PRO,22,170,309,322,252,416,178,299,201,453,301,213,86,453,63,329,37
20260402,cod,GKS,0,26,143,144,18,28,268,358,313,454,351,326,57,454,21,364,6
20260220,cod,MAX,7,279,347,363,277,335,280,365,312,454,378,322,35,454,20,385,11
20260221,cod,MAX,5,281,386,409,294,354,273,369,301,455,373,318,50,455,21,361,16
20260306,cod,VEN,22,0,277,279,405,696,91,223,136,456,209,133,117,456,21,187,13
20260201,cod,DSL,24,465,652,652,494,624,279,397,303,456,425,341,61,456,34,448,22
20260223,cod,MAX,5,341,479,512,366,434,267,359,301,458,348,298,52,458,16,360,10
20260310,cod,PIP,7,185,321,326,180,240,227,332,258,458,342,263,59,458,42,356,23
20260213,cod,ILS,5,136,274,277,169,281,171,298,197,459,321,223,94,459,38,286,25
20260331,cod,PRO,0,144,260,270,178,373,195,306,231,459,331,239,75,459,46,280,25
20260328,cod,CDM,4,2,282,293,130,330,105,250,122,459,257,191,99,459,40,244,26
20260111,cod,BFK,1,258,428,428,237,342,249,365,268,459,584,309,59,459,19,402,8
20260129,cod,RDD,6,181,291,299,76,246,59,174,64,460,185,112,106,460,15,120,10
20260216,cod,PRO,7,154,220,234,134,215,220,338,257,460,358,260,72,460,48,378,31
20260320,cod,ILS,7,177,265,274,141,291,134,280,153,460,277,195,119,460,58,311,34
20260127,cod,GOK,3,325,577,591,342,544,146,277,190,460,242,194,81,460,30,264,20
20260220,cod,DSP,0,69,91,91,37,72,121,306,140,460,333,226,91,460,54,308,33
20260321,cod,PRO,4,150,315,325,176,251,175,306,207,460,334,226,82,460,63,296,45
20260204,cod,SHO,7,2,52,73,238,382,179,313,209,460,290,242,70,460,38,342,25
20260205,cod,NUA,3,314,314,317,242,319,274,380,305,461,395,362,43,461,26,383,8
20260115,cod,SHO,10,23,445,469,208,347,162,311,186,461,376,257,97,461,44,330,27
20260227,cod,LFS,3,186,275,330,302,370,298,374,330,461,384,334,43,461,26,354,13
20260111,cod,DSL,12,305,532,532,394,519,254,386,276,461,474,325,56,461,61,509,38
20260110,cod,PIP,12,242,304,305,250,329,236,351,265,462,473,289,67,462,52,381,38
20260226,cod,LFS,1,188,370,450,356,418,273,360,304,462,358,315,39,462,25,383,13
20260109,cod,PIP,7,168,253,253,231,305,254,356,279,462,505,290,67,462,52,360,33
20260223,cod,GOK,5,275,513,515,388,567,210,349,251,462,350,275,62,462,16,342,13
20260122,cod,DSL,2,42,179,179,93,113,292,379,317,462,403,323,47,462,31,316,21
20260116,cod,LFS,3,187,399,445,295,363,280,356,321,462,380,300,57,462,38,340,25
20260401,cod,PRO,0,104,245,296,81,245,227,331,257,463,359,264,71,463,58,347,35
20260309,cod,PIP,22,322,366,366,440,572,221,327,261,463,355,256,60,463,58,362,41
20260317,cod,LFS,10,182,360,404,408,544,247,373,275,463,352,287,37,463,41,316,25
20260324,cod,FBD,1,88,106,107,62,101,124,246,173,463,186,131,102,463,29,265,20
20260228,cod,NYK,2,392,493,494,413,464,330,408,345,465,423,387,42,465,24,403,15
20260202,cod,PIP,22,458,611,612,524,677,213,334,256,465,345,255,80,465,41,351,22
20260403,cod,CDM,0,2,212,425,10,286,124,341,133,465,359,284,120,465,53,360,32
20260107,cod,NMP,3,191,213,214,76,220,67,338,78,466,736,250,105,466,68,236,51
20260225,cod,MAX,9,376,473,513,401,515,296,375,326,467,373,326,43,467,22,394,6
20260206,cod,PRO,1,233,325,328,351,427,238,354,260,467,367,287,72,467,28,466,17
20260111,cod,NUA,2,105,146,146,74,105,266,386,298,468,447,361,56,468,47,415,19
20260316,cod,KAL,7,330,436,436,346,392,314,418,337,468,459,390,57,468,29,359,18
20260115,cod,NUA,1,98,101,101,97,122,258,363,280,468,422,320,54,468,24,279,13
20260323,cod,ILS,4,146,274,295,121,240,121,279,159,468,285,193,111,468,41,267,24
20260222,cod,NYK,4,591,713,714,662,734,336,423,361,469,384,334,45,469,9,344,4
20260324,cod,PRO,3,168,337,341,198,270,168,294,213,469,275,196,85,469,38,285,23
20260115,cod,NYK,6,510,622,622,503,570,245,345,302,469,476,195,78,469,275,510,39
20260126,cod,LFS,4,173,375,408,372,451,251,356,289,470,363,306,61,470,31,315,22
20260214,cod,ILS,2,58,171,177,106,199,161,328,177,470,333,237,105,470,39,356,33
20260311,cod,SME,3,95,95,881,24,98,84,394,92,470,474,327,83,470,44,323,20
20260310,cod,NYK,6,307,444,444,355,404,309,377,346,470,392,316,39,470,12,388,10
20260205,cod,PRO,3,262,466,468,378,475,223,330,257,471,325,256,74,471,27,312,14
20260211,cod,PIP,4,147,319,319,180,258,188,313,238,471,316,237,73,471,41,334,27
20260215,cod,PRV,8,668,842,847,502,756,218,381,236,471,396,299,98,471,44,406,27
20260124,cod,LFS,7,162,423,472,324,405,262,365,294,471,354,299,64,471,27,347,17
20260226,cod,EMS,2,6,312,342,309,391,237,350,274,473,361,302,76,473,16,352,9
20260227,cod,VEL,3,108,187,199,75,166,115,262,139,473,260,178,87,473,21,273,14
20260318,cod,ILS,7,132,193,210,135,254,139,295,157,473,288,212,126,473,44,289,30
20260306,cod,GOK,3,110,217,220,97,185,186,332,217,473,315,244,80,473,25,313,15
20260224,cod,MAX,6,369,509,543,418,503,283,364,334,473,383,319,41,473,32,363,17
20260108,cod,BFK,3,371,478,478,338,461,248,361,262,473,587,294,51,473,21,354,16
20260122,cod,ILS,9,75,282,286,103,220,146,272,171,474,334,195,113,474,48,315,28
20260114,cod,LFS,3,138,332,365,248,308,306,399,328,474,455,350,49,474,51,414,30
20260116,cod,SHO,9,36,320,330,374,605,161,311,195,474,371,219,106,474,36,335,18
20260125,cod,RPG,9,417,659,660,625,718,295,408,322,475,457,373,57,475,44,397,20
20260123,cod,LFS,6,174,417,466,313,382,267,360,298,475,393,326,60,475,48,393,19
20260323,cod,KAL,5,272,322,322,323,376,223,311,297,475,285,232,81,475,24,325,13
20260216,cod,ILS,4,143,266,281,162,286,128,284,166,475,285,200,101,475,39,292,25
20260222,cod,PRV,18,807,1149,1152,938,1440,216,386,237,476,412,315,89,476,38,444,24
20260316,cod,ILS,12,205,332,346,169,341,147,304,174,477,324,219,93,477,59,306,39
20260109,cod,NUA,4,408,409,409,326,408,306,411,334,477,482,384,39,477,33,431,14
20260204,cod,PRO,2,238,455,464,284,368,228,341,254,477,345,263,73,477,31,351,13
20260217,cod,MAX,4,321,408,432,344,413,284,364,309,478,386,327,48,478,36,396,18
20260219,cod,MAX,1,298,356,380,322,382,285,377,326,479,383,332,54,479,29,375,15
20260217,cod,RAP,6,207,236,247,175,354,106,239,138,479,220,166,104,479,21,246,16
20260120,cod,BFK,2,236,292,292,232,330,225,354,259,479,428,278,60,479,23,351,19
20260319,cod,BFK,0,8,15,15,6,10,171,261,213,479,182,142,67,479,29,371,7
20260225,cod,GOK,3,179,499,531,363,519,228,359,257,480,367,306,63,480,18,298,9
20260129,cod,ILS,12,190,373,388,242,451,127,279,158,480,296,199,106,480,32,239,20
20260205,cod,BFK,10,828,1048,1048,854,1170,281,395,295,481,429,340,47,481,20,348,12
20260404,cod,CDM,0,3,3,361,0,216,132,348,157,481,397,299,97,481,58,378,43
20260108,cod,ILS,10,231,333,342,201,379,166,311,188,482,597,243,97,482,42,283,29
20260203,cod,SHO,3,3,210,253,153,232,190,328,221,483,332,261,93,483,32,322,18
20260115,cod,ILS,11,252,360,399,232,380,160,304,185,483,398,212,94,483,44,272,22
20260124,cod,SHO,6,81,174,181,240,382,162,324,196,484,313,241,100,484,62,356,30
20260211,cod,ILS,8,168,289,303,173,316,121,271,155,485,246,178,112,485,32,266,26
20260109,cod,SHO,8,17,335,354,297,441,197,317,230,485,382,252,98,485,40,365,30
20260227,cod,EMS,2,0,246,271,260,352,250,360,288,486,371,302,71,486,26,345,10
20260123,cod,ILS,10,248,409,428,281,491,145,318,176,486,341,226,107,486,53,332,33
20260326,cod,RPG,6,212,220,220,159,215,283,383,310,487,390,306,46,487,48,345,22
20260213,cod,PIP,6,150,246,246,194,264,262,376,287,487,404,292,61,487,49,346,28
20260213,cod,PRO,7,251,309,318,349,454,263,378,295,488,415,333,73,488,45,425,22
20260206,cod,RPB,6,311,371,373,319,460,240,381,263,488,410,312,68,488,40,361,24
20260203,cod,RPB,6,203,337,337,183,248,236,370,267,488,374,292,66,488,35,409,20
20260126,cod,ILS,4,121,264,281,162,281,136,289,175,489,332,209,110,489,53,328,31
20260122,cod,LFS,4,153,357,388,282,342,266,364,300,489,376,318,72,489,31,379,18
20260113,cod,LFS,7,133,306,337,296,358,329,415,355,490,482,386,44,490,35,419,25
20260302,cod,GOK,10,140,385,387,156,286,172,331,216,490,301,242,83,490,24,392,19
20260315,cod,RDT,22,343,407,424,263,410,241,377,277,491,410,258,62,491,76,417,48
20260204,cod,FKA,5,98,102,105,24,117,78,202,96,491,171,112,117,491,24,294,15
20260311,cod,GOK,11,182,426,430,289,484,190,374,212,492,430,296,83,492,26,305,16
20260202,cod,NMP,2,81,124,125,57,112,59,271,77,492,250,191,101,492,50,293,34
20260219,cod,DSL,19,436,593,593,636,785,278,373,317,492,401,320,63,492,20,370,9
20260124,cod,NYK,1,199,240,240,199,226,242,330,303,492,279,225,77,492,81,265,28
20260130,cod,NUA,1,240,240,266,198,240,298,429,327,492,408,387,48,492,22,417,10
20260214,cod,KAP,3,463,482,486,366,509,168,266,216,493,253,182,98,493,26,314,17
20260216,cod,EMS,6,0,335,343,323,424,275,409,303,494,395,341,63,494,37,389,12
20260220,cod,EMS,3,1,370,389,408,508,275,388,309,494,404,349,74,494,22,315,11
20260304,cod,FHH,3,44,138,147,26,69,133,299,160,494,438,219,113,494,173,532,78
20260217,cod,FRD,8,203,341,343,201,321,258,389,290,496,409,312,70,496,111,435,86
20260301,cod,GOK,0,181,259,259,284,392,210,353,244,496,355,272,74,496,15,424,6
20260305,cod,DSL,3,96,187,187,228,270,286,414,312,497,367,290,49,497,16,291,8
20260301,cod,EMS,3,0,173,182,250,315,242,388,279,498,386,328,99,498,35,411,18
20260322,cod,VEH,5,211,415,417,103,227,69,243,81,499,258,158,136,499,50,252,34
20260131,cod,LFS,5,132,277,304,252,296,300,391,345,499,394,349,43,499,19,413,14
20260111,cod,SHO,7,0,450,467,188,329,197,348,239,499,483,309,95,499,49,400,22
20260227,cod,CDM,2,0,9,9,5,29,93,462,93,499,572,394,91,499,86,458,57
20260129,cod,PRO,4,275,401,416,472,587,213,350,260,499,332,268,77,499,22,309,9
20260215,cod,KAP,3,374,463,463,295,393,221,335,252,500,402,283,96,500,41,325,26
20260214,cod,PIP,10,208,296,297,227,318,233,371,257,501,346,279,88,501,44,389,34
20260110,cod,BFK,6,315,399,399,260,364,278,397,303,501,562,345,51,501,21,452,14
20260312,cod,GOK,3,209,448,453,320,481,214,372,236,502,395,278,70,502,29,350,22
20260117,cod,SHO,7,25,153,166,128,205,184,334,211,502,359,245,98,502,44,343,27
20260202,cod,GOK,5,284,330,336,287,438,182,329,220,502,301,237,88,502,31,274,15
20260114,cod,NUA,2,209,233,234,178,209,259,390,295,502,416,353,56,502,41,403,16
20260209,cod,PRO,6,282,378,384,302,423,261,375,303,502,370,289,65,502,31,370,17
20260114,cod,ILS,11,161,273,284,129,223,155,311,181,503,430,233,115,503,41,337,24
20260125,cod,ILS,1,34,132,133,20,59,143,346,170,503,377,252,133,503,50,361,37
20260216,cod,FRD,19,492,528,532,655,970,280,426,313,503,470,383,54,503,90,455,33
20260401,cod,FHH,0,156,251,318,73,229,115,269,135,503,236,169,102,503,40,296,26
20260331,cod,RDT,0,480,504,527,323,524,202,354,235,503,334,235,98,503,39,432,22
20260204,cod,PIP,14,299,429,430,301,441,246,356,287,503,355,284,65,503,32,358,22
20260225,cod,LFS,4,150,374,436,320,366,302,419,333,504,425,375,52,504,24,398,13
20260218,cod,EMS,5,7,409,423,195,268,257,389,300,504,383,330,68,504,22,417,12
20260206,cod,RPG,0,73,83,85,58,79,284,382,324,505,361,306,47,505,15,420,10
20260305,cod,GOK,0,216,278,279,280,446,206,385,232,505,353,267,77,505,37,309,19
20260212,cod,PRO,4,292,416,422,340,436,277,401,308,506,371,323,68,506,20,395,9
20260225,cod,EMS,5,11,400,447,356,456,237,377,281,506,368,318,84,506,35,379,11
20260120,cod,LFS,2,134,301,327,287,353,312,410,340,506,435,362,64,506,41,432,25
20260218,cod,MAX,6,238,322,344,283,324,299,396,327,506,406,348,41,506,35,368,17
20260213,cod,SIS,1,10,11,11,2,11,51,424,57,507,431,338,69,507,45,465,31
20260114,cod,SHO,10,3,375,399,260,434,191,356,222,507,487,287,103,507,52,370,32
20260107,cod,ILS,6,244,400,410,209,384,179,364,207,509,644,291,98,509,57,275,45
20260131,cod,PRO,3,208,323,326,232,329,273,396,300,509,422,329,75,509,50,409,26
20260110,cod,GSB,4,298,504,513,323,508,192,343,229,509,518,293,97,509,44,305,22
20260327,cod,CDM,6,1,248,265,69,177,83,253,102,510,248,185,135,510,31,299,25
20260208,cod,PIP,7,112,250,252,105,151,244,391,285,510,437,314,86,510,57,447,37
20260216,cod,MAX,7,401,490,528,369,453,289,383,340,510,359,310,51,510,32,372,15
20260204,cod,GSL,1,27,189,191,29,45,250,408,273,510,430,368,83,510,51,444,30
20260120,cod,ILS,7,205,338,346,240,406,167,329,197,510,355,233,115,510,42,326,29
20260324,cod,KAL,3,240,711,711,225,288,305,399,345,510,400,344,69,510,20,367,15
20260121,cod,ILS,10,210,412,423,177,340,144,312,172,510,350,241,110,510,33,325,23
20260121,cod,SHO,11,7,423,447,255,415,159,308,208,511,312,233,111,511,27,293,19
20260402,cod,GOK,0,214,253,259,46,233,183,321,224,511,307,253,84,511,20,351,15
20260322,cod,LFS,1,132,297,320,184,252,255,383,283,511,415,321,73,511,54,470,28
20260323,cod,LFS,0,185,345,389,254,329,253,357,300,511,332,265,61,511,29,371,21
20260224,cod,EMS,3,12,549,591,375,478,252,376,299,511,371,317,76,511,27,346,14
20260321,cod,FHH,21,716,952,1642,233,782,145,308,175,512,412,229,119,512,72,303,59
20260216,cod,RDD,27,87,144,163,128,695,66,401,76,512,519,339,126,512,34,323,23
20260310,cod,RDT,16,485,569,595,366,530,209,354,255,512,419,270,59,512,69,456,45
20260214,cod,PRO,6,102,165,170,115,167,280,409,311,512,423,344,80,512,41,428,28
20260211,cod,RAP,10,323,464,474,267,536,178,388,199,513,435,317,82,513,46,365,37
20260128,cod,ILS,15,290,578,597,335,537,162,310,198,515,326,233,106,515,33,273,17
20260112,cod,SHO,2,29,537,562,100,157,185,340,232,516,355,248,113,516,30,363,17
20260116,cod,ILS,13,251,419,430,183,330,159,330,182,516,400,214,115,516,51,358,30
20260106,cod,KAP,7,692,756,757,506,692,5,501,6,516,,,196,516,344,347,199
20260218,cod,DSP,8,253,255,260,163,329,113,240,137,517,242,184,115,517,31,208,22
20260202,cod,RPB,3,264,308,308,188,277,264,400,288,517,387,300,52,517,39,385,20
20260312,cod,NYK,3,485,610,613,512,563,353,436,393,517,460,366,44,517,37,561,23
20260302,cod,EMS,2,4,137,169,112,141,240,375,295,518,373,318,91,518,23,367,12
20260114,cod,PRO,8,326,542,548,363,566,246,363,286,519,454,281,65,519,52,384,37
20260109,cod,GSB,2,267,550,556,334,486,193,341,224,519,510,298,99,519,46,383,26
20260212,cod,MAX,6,359,431,471,330,405,306,403,357,519,415,358,53,519,55,461,26
20260118,cod,NYK,10,239,526,526,521,594,281,376,355,519,353,199,75,519,176,629,42
20260314,cod,VEL,6,138,184,195,116,259,87,261,116,519,273,188,135,519,46,287,36
20260113,cod,GKP,1,36,53,53,37,42,335,425,374,519,442,383,60,519,19,408,15
20260228,cod,EMS,4,1,272,308,351,423,288,408,319,520,418,348,78,520,31,445,13
20260203,cod,PIP,5,300,434,436,373,470,247,375,272,520,414,312,71,520,46,387,30
20260117,cod,ILS,11,191,347,357,212,379,168,334,195,520,413,256,119,520,33,301,24
20260329,cod,RDT,0,368,382,399,255,400,225,352,268,520,382,252,78,520,36,380,25
20260206,cod,ILS,11,231,371,390,187,389,168,353,192,520,383,267,99,520,39,356,31
20260127,cod,SHO,5,7,273,287,105,205,183,363,220,520,350,283,115,520,56,322,27
20260106,cod,NBC,5,298,602,624,154,299,4,512,4,521,,,164,521,285,288,175
20260226,cod,VEL,3,101,161,167,73,156,131,276,166,521,273,198,94,521,27,386,19
20260130,cod,NMP,2,170,188,188,53,190,84,360,95,521,435,299,94,521,65,359,51
20260401,cod,GOK,0,179,205,207,86,263,174,337,214,521,322,255,85,521,17,353,9
20260113,cod,NUA,5,336,336,336,377,488,305,424,342,522,497,388,47,522,30,428,12
20260323,cod,VEH,13,338,474,489,212,564,81,266,104,522,273,181,117,522,37,237,26
20260110,cod,SHO,7,16,33,35,291,477,203,377,232,522,394,294,123,522,26,401,15
20260203,cod,KAL,2,184,196,196,189,212,315,420,364,522,405,366,61,522,17,447,13
20260223,cod,EMS,2,1,526,564,228,290,272,391,324,523,397,324,84,523,43,411,23
20260321,cod,KAL,3,284,356,357,332,409,262,377,313,523,392,320,89,523,42,358,34
20260111,cod,ILS,5,61,153,155,67,124,156,333,190,523,503,268,115,523,54,404,30
20260304,cod,CLQ,2,248,482,492,356,433,322,426,356,523,627,357,59,523,255,761,85
20260119,cod,BFK,4,307,402,402,288,381,257,407,274,524,449,315,67,524,18,394,9
20260322,cod,RDT,6,306,384,407,235,347,230,368,255,524,408,249,96,524,80,446,51
20260211,cod,RPB,10,467,571,573,408,588,242,380,273,525,370,289,69,525,46,352,23
20260128,cod,RPG,7,469,704,705,660,787,302,411,353,525,375,326,55,525,20,401,12
20260107,cod,BFK,2,245,336,336,273,380,271,418,299,525,607,366,50,525,51,297,47
20260121,cod,LFS,6,171,365,408,268,344,301,412,333,525,396,351,59,525,27,381,12
20260210,cod,PIP,15,158,282,283,215,294,238,360,276,527,370,291,90,527,50,394,27
20260226,cod,GOK,2,132,413,419,293,430,250,411,276,527,414,352,73,527,17,377,11
20260308,cod,FRD,0,,,,29,39,175,286,225,528,295,227,126,528,24,296,15
20260310,cod,VEL,37,187,286,300,247,734,111,353,132,528,401,286,122,528,54,372,39
20260126,cod,PRO,2,29,173,173,43,88,226,366,267,528,396,276,105,528,27,283,16
20260317,cod,RDT,14,479,559,576,303,492,231,392,262,528,430,277,74,528,67,443,45
20260123,cod,SIS,46,38,163,172,413,1525,79,333,87,529,462,282,133,529,83,339,46
20260128,cod,PRO,10,323,653,682,456,640,213,350,277,529,330,266,94,529,48,452,26
20260320,cod,KAL,2,175,303,303,224,257,239,360,315,530,365,304,102,530,38,397,27
20260115,cod,PRO,3,269,520,574,356,469,242,391,277,530,500,316,69,530,47,377,17
20260117,cod,BFK,2,299,387,387,246,364,248,388,282,531,456,314,56,531,30,377,19
20260114,cod,GKP,0,42,206,206,59,59,330,422,380,531,435,390,56,531,19,430,15
20260123,cod,PRO,3,245,369,385,216,293,255,397,289,531,430,319,68,531,53,457,23
20260211,cod,PRO,9,247,464,468,312,423,306,425,333,531,449,362,66,531,31,390,16
20260130,cod,LFS,2,147,309,344,240,300,329,430,360,531,408,367,68,531,18,442,12
20260405,cod,RPB,0,311,311,407,0,451,220,376,257,532,415,290,80,532,73,424,0
20260314,cod,NYK,8,607,761,761,652,740,371,450,403,535,495,375,52,535,21,457,13
20260127,cod,ILS,12,192,448,507,231,423,142,323,173,535,301,203,138,535,39,303,33
20260130,cod,ILS,10,232,472,484,208,402,185,334,214,535,353,249,100,535,44,395,29
20260308,cod,RDT,14,305,401,428,243,378,196,349,232,536,341,241,81,536,44,391,36
20260322,cod,KAL,2,213,302,302,240,282,281,394,328,536,423,349,102,536,42,436,21
20260214,cod,MAX,3,290,357,391,289,355,316,431,348,537,439,388,58,537,39,430,20
20260327,cod,VEN,7,0,684,706,442,731,158,302,196,537,354,225,142,537,22,248,20
20260204,cod,ILS,3,187,334,346,181,381,144,329,189,538,339,240,108,538,48,354,37
20260307,cod,FRD,4,200,245,245,243,351,211,326,261,538,310,242,102,538,17,257,12
20260121,cod,SIS,6,0,589,681,72,246,36,174,50,538,188,80,132,538,21,186,19
20260108,cod,GSB,2,173,395,398,245,385,182,326,227,539,493,279,76,539,39,360,21
20260122,cod,SHO,5,2,180,182,133,221,213,368,243,539,376,301,110,539,38,369,28
20260321,cod,RPB,6,158,162,162,103,178,230,375,258,539,416,292,98,539,84,381,46
20260111,cod,GSB,0,266,504,507,357,539,191,361,226,540,485,311,113,540,59,401,19
20260313,cod,NYK,4,455,588,588,508,580,382,467,414,540,461,375,48,540,14,505,11
20260321,cod,RDT,9,439,479,501,289,451,235,386,272,540,424,259,87,540,78,484,58
20260327,cod,VEH,0,486,524,533,281,798,94,319,119,540,358,242,126,540,58,375,50
20260205,cod,PIP,11,320,472,472,331,450,267,396,301,541,419,332,75,541,39,397,27
20260201,cod,MAX,16,574,895,1005,847,984,299,417,331,541,431,367,65,541,42,494,20
20260113,cod,ILS,13,252,357,366,215,403,165,326,203,542,489,240,114,542,63,351,42
20260118,cod,SHO,9,2,549,570,268,416,221,382,251,543,453,305,111,543,56,405,29
20260313,cod,RDT,18,328,380,411,244,374,247,398,275,543,409,274,82,543,68,457,40
20260311,cod,RDT,16,356,425,444,303,440,246,405,283,543,448,291,58,543,60,433,35
20260208,cod,ILS,4,95,155,156,94,165,152,347,179,544,371,253,118,544,48,425,31
20260106,cod,PRV,8,322,553,555,240,323,12,532,12,544,,,167,544,296,304,175
20260113,cod,BFK,4,245,318,318,227,333,290,416,321,545,525,350,42,545,25,410,15
20260318,cod,LFS,3,243,482,544,313,420,304,457,323,545,496,400,59,545,53,552,38
20260127,cod,LFS,4,338,551,584,449,538,314,436,355,546,453,382,61,546,34,407,23
20260322,cod,FHH,5,7,16,62,28,118,128,366,149,547,412,234,128,547,88,383,55
20260309,cod,FRD,0,,,,6,11,216,334,260,547,333,257,112,547,38,363,17
20260213,cod,MAX,7,307,374,383,323,384,343,451,372,547,447,394,63,547,24,404,7
20260119,cod,ILS,9,206,401,418,251,428,198,341,235,548,368,237,98,548,39,345,23
20260212,cod,RPB,9,456,556,557,362,560,257,395,293,548,426,324,66,548,58,443,24
20260109,cod,ILS,3,164,350,358,141,252,201,396,226,548,617,315,90,548,40,385,29
20260201,cod,ILS,0,15,118,121,35,72,181,399,209,549,435,302,133,549,64,457,44
20260120,cod,DSL,10,209,331,331,279,363,304,414,348,549,421,352,76,549,35,416,23
20260212,cod,FHH,11,271,380,463,155,464,95,287,120,549,297,191,129,549,58,326,34
20260118,cod,DSL,7,138,297,297,215,261,265,407,309,549,448,330,84,549,44,507,25
20260331,cod,GOK,0,263,314,331,144,297,186,317,235,550,316,246,90,550,33,360,11
20260307,cod,RAP,5,121,162,167,89,146,184,397,213,551,387,289,104,551,61,505,47
20260111,cod,RDT,21,798,890,935,707,928,349,488,369,552,649,428,54,552,58,386,31
20260402,cod,RDT,0,394,418,423,122,402,272,410,298,552,465,318,87,552,43,402,26
20260115,cod,BFK,2,288,353,353,270,378,259,436,285,552,510,342,74,552,53,452,24
20260131,cod,NMP,0,132,149,149,52,144,102,382,113,552,414,291,100,552,60,343,44
20260301,cod,VEH,4,347,399,400,145,355,101,290,128,553,323,201,108,553,32,288,17
20260202,cod,SHO,9,32,452,470,100,177,229,402,260,553,418,334,92,553,48,419,29
20260112,cod,ILS,11,276,426,439,274,486,167,356,209,553,523,265,121,553,51,375,28
20260108,cod,PRO,6,294,562,592,343,478,275,416,322,553,697,338,62,553,60,421,43
20260131,cod,ILS,11,207,332,341,317,513,206,383,236,553,406,295,115,553,39,399,30
20260224,cod,FRD,9,449,975,979,521,738,213,367,268,553,351,254,95,553,88,397,50
20260214,cod,SIS,0,1,1,1,1,2,66,380,78,554,399,312,90,554,49,379,38
20260401,cod,RDT,0,474,482,502,225,498,239,382,269,554,396,282,76,554,33,351,20
20260210,cod,ILS,13,270,415,426,220,404,138,320,175,555,300,216,123,555,37,365,26
20260124,cod,ILS,7,220,402,418,230,404,206,355,244,555,391,255,106,555,68,374,42
20260129,cod,RPG,7,536,1010,1012,637,767,359,456,402,556,466,396,49,556,35,479,18
20260119,cod,SHO,2,29,304,313,132,194,184,363,221,556,378,270,111,556,50,367,28
20260314,cod,RDT,12,354,431,457,243,403,254,405,292,556,444,287,70,556,62,436,41
20260206,cod,PIP,4,212,351,355,275,357,293,408,336,556,446,340,85,556,56,421,36
20260226,cod,MAX,8,386,485,532,398,490,358,473,385,557,480,423,55,557,26,427,16
20260110,cod,NYK,5,493,570,570,540,599,336,433,394,557,570,281,73,557,195,443,57
20260205,cod,ILS,7,161,306,319,167,308,176,349,203,557,368,259,94,557,36,274,29
20260320,cod,FBD,2,43,64,65,111,206,239,428,268,558,508,332,86,558,108,418,67
20260228,cod,MAX,11,657,781,864,722,833,351,456,383,559,454,401,55,559,32,512,21
20260116,cod,BFK,2,255,321,321,243,319,275,416,315,559,467,333,69,559,39,438,24
20260202,cod,DSL,30,536,824,824,561,723,347,465,392,559,517,391,46,559,52,520,20
20260113,cod,SHO,5,29,239,260,212,345,229,389,259,560,479,331,105,560,39,382,24
20260118,cod,PRV,13,516,757,761,517,793,292,468,306,561,566,386,83,561,69,555,37
20260304,cod,NYK,8,353,387,389,598,670,356,474,386,562,441,347,76,562,31,525,17
20260329,cod,KAL,0,79,97,97,87,101,249,381,318,563,370,317,115,563,42,468,20
20260228,cod,DSL,3,150,438,438,215,280,315,446,349,564,418,347,52,564,34,484,26
20260109,cod,NYK,5,329,435,435,411,460,338,436,408,564,485,256,66,564,199,459,28
20260309,cod,NYK,8,495,592,595,531,602,386,479,428,565,477,408,51,565,10,414,7
20260125,cod,PRO,2,141,343,345,172,227,260,412,295,565,445,339,94,565,44,395,25
20260322,cod,FBD,0,18,34,35,16,24,194,403,226,565,430,279,117,565,96,463,49
20260113,cod,PRO,8,195,374,388,317,443,265,406,304,565,487,316,75,565,38,408,27
20260316,cod,RDT,13,426,437,447,329,502,266,437,305,566,430,295,62,566,47,416,32
20260207,cod,RPB,10,360,420,422,296,420,283,432,315,566,463,349,68,566,47,454,23
20260328,cod,GOK,1,198,303,305,165,256,196,358,230,566,354,274,93,566,29,407,21
20260208,cod,RPB,6,258,346,346,230,313,267,433,292,566,459,335,82,566,52,480,32
20260327,cod,GOK,1,255,304,304,185,280,167,342,206,566,332,246,113,566,42,353,30
20260403,cod,RPB,0,360,525,527,63,419,248,391,286,567,416,305,74,567,52,440,32
20260321,cod,LFS,2,133,281,310,192,268,299,430,329,568,416,334,66,568,49,459,37
20260227,cod,MAX,11,673,854,980,654,769,347,460,384,568,488,416,49,568,23,444,12
20260121,cod,PRO,10,342,476,490,340,488,257,421,299,569,439,336,79,569,32,456,15
20260324,cod,RPB,6,348,420,421,293,448,220,389,248,570,414,280,106,570,38,344,27
20260217,cod,EMS,2,30,402,412,208,282,326,465,359,570,483,408,78,570,28,381,17
20260218,cod,FRD,5,350,699,701,333,484,286,440,326,570,436,343,78,570,182,576,152
20260318,cod,RDT,9,396,418,444,308,476,281,441,306,571,459,322,71,571,37,381,29
20260111,cod,NYK,5,402,485,485,419,480,335,465,382,572,616,291,101,572,295,582,43
20260222,cod,RDT,5,337,451,468,326,442,281,438,319,572,472,303,67,572,54,472,32
20260128,cod,LFS,1,132,321,362,292,346,343,457,386,572,475,412,66,572,36,478,24
20260127,cod,PRO,9,258,481,487,348,467,212,376,281,572,365,266,102,572,54,396,15
20260327,cod,RDT,7,380,397,402,278,428,226,401,268,573,417,279,103,573,46,457,31
20260321,cod,VEH,9,243,294,299,138,353,81,248,111,574,246,162,140,574,48,269,36
20260329,cod,GOK,0,95,132,144,108,164,184,367,216,576,414,290,93,576,43,354,16
20260207,cod,ILS,6,143,290,296,158,284,151,383,180,576,406,287,123,576,54,458,40
20260108,cod,SHO,1,8,526,546,60,104,261,454,282,576,551,377,118,576,26,400,17
20260109,cod,BFK,1,419,467,467,398,526,317,466,348,576,609,396,52,576,14,413,11
20260307,cod,NYK,5,405,461,461,427,473,412,498,452,579,473,428,48,579,4,271,4
20260316,cod,LFS,6,284,653,711,418,573,356,529,373,579,566,458,53,579,37,278,19
20260129,cod,LFS,3,130,288,312,266,327,370,471,409,580,478,416,49,580,22,494,13
20260328,cod,VEH,1,348,356,361,137,394,108,350,131,580,383,266,126,580,51,349,36
20260302,cod,NYK,6,360,426,426,381,436,392,467,452,581,437,389,44,581,8,370,7
20260320,cod,LFS,1,185,308,345,277,352,290,456,327,581,456,348,73,581,30,480,18
20260308,cod,FHH,11,120,771,808,92,217,127,304,158,581,366,227,127,581,81,384,40
20260118,cod,PRO,4,221,348,350,232,321,264,421,307,581,469,336,102,581,79,534,35
20260319,cod,RDT,9,401,446,468,278,422,269,440,294,581,482,329,78,581,57,398,40
20260320,cod,FHH,11,197,257,272,133,297,119,307,146,581,311,203,146,581,49,358,35
20260328,cod,RDT,0,368,401,418,268,388,262,400,305,582,416,288,92,582,44,426,34
20260330,cod,RDT,0,453,497,517,304,468,252,420,288,583,402,296,97,583,40,381,26
20260319,cod,LFS,3,161,340,382,308,407,333,472,360,583,526,409,67,583,50,534,35
20260129,cod,KAL,0,199,351,351,174,209,381,490,430,583,479,437,61,583,40,704,33
20260131,cod,MAX,6,610,1054,1209,634,740,333,450,378,583,440,384,63,583,34,476,20
20260320,cod,RDT,12,401,414,425,312,447,264,441,293,583,481,318,79,583,61,476,46
20260213,cod,RDT,11,335,495,515,358,501,273,441,309,583,471,321,75,583,36,535,25
20260215,cod,RDT,4,331,447,468,367,503,278,461,309,584,482,329,62,584,41,473,20
20260326,cod,CDM,6,1,271,273,90,180,112,306,137,584,294,224,138,584,38,376,32
20260301,cod,MAX,10,600,723,789,598,725,371,492,396,584,530,444,55,584,42,490,23
20260128,cod,RDD,5,278,343,344,133,358,49,178,61,585,203,99,174,585,24,166,13
20260311,cod,VEL,13,151,228,236,102,253,115,375,143,586,443,289,132,586,74,421,45
20260205,cod,FHH,17,376,455,466,203,456,151,344,178,586,373,233,135,586,56,341,32
20260219,cod,FHH,20,367,490,534,183,467,135,338,156,587,364,243,119,587,54,395,39
20260211,cod,MAX,7,347,396,433,328,414,354,481,392,587,475,424,57,587,36,519,27
20260219,cod,FRD,12,303,415,419,454,652,291,450,331,587,476,370,91,587,125,525,97
20260118,cod,GSB,9,306,551,553,323,514,188,342,238,587,408,267,124,587,80,401,28
20260313,cod,VEL,9,130,201,211,103,224,106,302,130,587,281,192,155,587,47,344,29
20260219,cod,RPB,5,466,541,544,425,644,257,416,288,588,403,303,97,588,41,416,25
20260209,cod,PIP,17,312,439,439,408,555,282,420,331,588,408,324,96,588,57,432,39
20260327,cod,KAL,1,48,54,54,112,148,324,465,377,588,476,393,111,588,29,381,22
20260220,cod,RDT,8,395,484,513,370,521,314,472,340,588,472,333,60,588,44,486,34
20260128,cod,KAL,0,1,12,12,1,2,444,568,457,588,622,544,57,588,22,421,16
20260311,cod,NYK,6,412,490,490,486,549,435,516,470,589,537,452,49,589,25,441,21
20260326,cod,GOK,1,246,255,257,213,338,184,346,221,589,344,244,120,589,25,355,17
20260226,cod,RDT,9,387,571,607,355,531,315,456,343,589,466,338,54,589,43,494,24
20260320,cod,RPB,8,421,475,478,304,466,253,398,284,589,400,302,111,589,87,439,46
20260323,cod,RPB,10,537,637,639,439,643,237,396,280,590,383,263,96,590,39,326,15
20260228,cod,RDT,12,341,461,495,269,411,310,460,339,590,494,339,67,590,31,509,16
20260322,cod,RPB,12,646,750,752,462,681,250,410,281,591,467,318,107,591,82,430,50
20260202,cod,ILS,10,234,462,468,206,417,196,389,240,592,419,298,113,592,48,416,33
20260209,cod,ILS,5,184,290,304,182,305,159,350,187,593,371,246,141,593,42,318,31
20260405,cod,RDT,0,461,461,502,0,539,257,446,299,593,468,317,86,593,76,508,0
20260304,cod,MAX,7,373,560,593,406,472,374,491,408,595,641,403,72,595,258,742,67
20260404,cod,RPB,0,326,463,464,5,496,250,431,280,595,444,337,81,595,70,481,44
20260212,cod,RAP,5,202,314,324,169,336,216,458,242,596,520,375,100,596,68,492,44
20260312,cod,RPB,18,581,667,668,454,664,264,396,299,596,423,306,100,596,87,461,48
20260207,cod,PIP,9,220,323,323,224,318,320,450,366,596,470,365,86,596,52,480,28
20260309,cod,RDT,12,320,365,393,275,417,264,434,307,597,427,319,68,597,54,453,41
20260109,cod,PRO,8,216,425,431,337,484,293,487,315,597,665,390,77,597,49,479,34
20260227,cod,GOK,8,113,238,244,171,297,312,461,352,597,493,410,74,597,29,547,16
20260403,cod,RDT,0,503,558,564,66,527,290,461,328,597,478,341,81,597,50,456,29
20260227,cod,RDT,16,490,560,579,485,675,327,476,356,597,505,371,65,597,41,472,22
20260312,cod,SME,9,194,1998,3305,52,195,88,454,95,597,510,350,112,597,75,519,64
20260218,cod,RPB,10,413,591,592,359,548,238,368,270,598,390,276,93,598,40,404,24
20260326,cod,RDT,6,302,352,367,246,358,254,433,293,599,445,313,91,599,45,413,33
20260324,cod,FHH,36,530,674,683,255,742,136,391,163,600,383,257,117,600,79,457,60
20260110,cod,ILS,7,179,357,376,204,363,191,414,213,601,574,302,121,601,49,449,36
20260305,cod,VEN,6,0,730,735,139,242,202,381,248,601,326,238,122,601,64,373,46
20260402,cod,RPB,0,357,416,417,206,540,267,414,309,602,449,324,84,602,62,472,43
20260214,cod,RDT,9,327,499,527,336,489,299,462,335,603,465,323,76,603,56,476,35
20260312,cod,VEN,39,0,613,616,524,915,215,423,260,603,403,284,130,603,55,454,33
20260124,cod,PRO,3,275,370,374,316,450,288,471,324,603,459,374,94,603,40,435,24
20260404,cod,RDT,0,449,527,539,5,504,274,448,307,604,491,328,96,604,45,488,27
20260114,cod,CLQ,6,439,940,951,606,739,344,466,387,605,667,371,80,605,84,515,44
20260201,cod,PRO,3,165,275,277,178,255,299,501,324,606,550,426,116,606,52,506,22
20260220,cod,FHH,17,446,578,604,238,569,149,403,166,606,458,299,138,606,81,404,50
20260216,cod,RAP,6,293,405,418,207,393,143,323,187,607,281,212,128,607,35,312,18
20260201,cod,PRV,8,436,550,552,361,507,309,513,327,607,543,418,110,607,72,593,41
20260203,cod,PRO,10,203,337,346,239,316,294,421,356,608,430,352,85,608,25,353,11
20260312,cod,RDT,16,346,392,404,274,415,285,477,314,609,484,339,72,609,68,414,42
20260122,cod,PRO,10,345,453,459,358,479,300,458,340,610,484,381,80,610,41,439,28
20260329,cod,RPB,1,371,483,483,286,416,230,405,273,611,434,297,101,611,37,482,21
20260107,cod,PRO,4,183,348,356,236,346,313,470,340,612,788,393,71,612,79,327,64
20260302,cod,VEH,13,403,428,428,132,459,120,355,148,612,383,260,130,612,43,344,25
20260130,cod,MAX,5,316,446,474,336,411,366,472,405,612,483,412,65,612,25,478,14
20260111,cod,PRV,6,458,680,681,434,631,324,547,338,612,811,464,104,612,51,660,30
20260324,cod,VEH,6,316,439,453,160,406,115,377,140,613,392,294,136,613,48,376,26
20260326,cod,VEH,5,299,606,621,113,375,132,341,169,614,354,261,136,614,28,303,19
20260119,cod,PRO,8,246,490,499,262,408,284,433,344,615,457,330,85,615,47,423,23
20260108,cod,NYK,7,348,479,479,419,462,339,462,429,615,529,260,82,615,207,508,27
20260203,cod,ILS,7,251,450,464,229,461,198,399,234,615,409,292,118,615,57,457,46
20260220,cod,FRD,5,253,370,370,252,369,290,474,325,616,539,389,105,616,87,518,63
20260326,cod,FHH,14,596,920,928,196,660,122,401,142,617,471,312,137,617,101,437,61
20260218,cod,MJH,126,4969,5688,5751,2203,6007,162,523,175,618,642,437,123,618,129,530,63
20260321,cod,FBD,1,83,99,101,68,113,239,485,271,619,535,357,113,619,103,542,72
20260330,cod,RPB,2,423,465,465,365,533,246,412,292,620,412,292,111,620,52,467,26
20260322,cod,GOK,2,171,211,213,119,181,193,383,228,620,410,280,145,620,57,599,40
20260323,cod,FBD,1,82,107,108,54,98,207,393,254,620,365,251,124,620,57,367,35
20260125,cod,SIS,2,0,87,88,37,159,101,358,122,620,395,246,125,620,59,432,48
20260324,cod,GOK,1,318,344,353,235,393,212,368,267,621,382,254,106,621,23,356,15
20260120,cod,SHO,8,14,282,297,242,400,235,436,263,621,448,352,127,621,55,483,30
20260306,cod,FRD,5,194,343,347,263,358,221,393,289,624,280,220,125,624,34,326,21
20260307,cod,CDM,20,0,19,24,77,294,80,376,94,624,372,253,155,624,77,302,36
20260228,cod,GOK,3,131,432,492,202,348,287,477,332,624,500,407,77,624,16,388,9
20260107,cod,NYK,6,358,472,473,407,461,362,505,419,625,609,318,92,625,148,430,17
20260331,cod,FHH,0,160,222,235,125,299,118,366,139,625,358,250,148,625,53,384,44
20260106,cod,FHH,7,268,361,384,99,268,4,615,5,626,,,180,626,331,333,236
20260308,cod,RPB,9,144,357,358,196,269,235,430,264,626,510,340,101,626,92,469,46
20260210,cod,RPB,8,298,419,420,308,430,285,448,332,626,454,351,81,626,55,495,25
20260220,cod,RPB,12,467,646,649,350,543,267,450,302,627,489,366,108,627,49,415,30
20260324,cod,CDM,4,142,339,354,110,233,107,309,149,628,309,201,181,628,34,288,20
20260325,cod,VEH,4,289,369,380,163,547,132,370,154,629,378,289,147,629,47,371,24
20260119,cod,DSL,16,312,466,466,362,471,324,463,388,629,459,362,81,629,63,511,20
20260405,cod,NYK,0,606,606,709,0,735,393,505,446,629,545,418,74,629,25,600,0
20260129,cod,RDT,6,557,652,678,432,615,285,464,323,629,517,340,62,629,59,522,29
20260319,cod,RPB,12,288,333,336,225,342,274,431,323,630,428,323,101,630,85,465,40
20260112,cod,BFK,7,374,465,465,382,544,347,508,375,630,639,433,51,630,21,492,16
20260113,cod,CLQ,5,496,845,854,560,700,322,468,371,630,569,359,89,630,79,513,45
20260218,cod,KAP,9,665,764,767,570,781,288,451,334,630,461,356,90,630,32,442,23
20260315,cod,GOK,11,493,566,569,603,921,239,441,268,631,458,337,102,631,43,493,36
20260304,cod,GSB,2,33,846,857,72,98,223,444,279,631,562,362,135,631,207,640,67
20260210,cod,MAX,9,331,397,427,390,466,376,495,426,631,480,418,67,631,39,501,17
20260324,cod,RDT,10,372,402,421,275,405,271,451,303,631,455,290,82,631,63,459,37
20260116,cod,PRO,1,264,401,405,331,450,286,470,325,633,522,351,101,633,59,506,19
20260221,cod,RDT,6,379,486,533,349,468,324,499,356,634,548,384,79,634,43,494,27
20260213,cod,RPB,9,554,645,645,426,654,330,498,361,634,540,406,69,634,68,507,37
20260303,cod,VEH,16,630,740,755,223,659,116,400,136,635,455,309,123,635,66,417,43
20260119,cod,NYK,16,450,558,558,655,737,351,469,426,635,506,300,117,635,259,670,67
20260319,cod,KAL,5,221,306,306,397,459,316,445,406,636,428,358,102,636,35,475,20
20260120,cod,PRO,13,269,414,420,420,563,329,468,364,636,493,371,96,636,49,432,29
20260111,cod,PRO,2,121,322,324,142,201,290,462,329,638,660,372,106,638,76,522,40
20260225,cod,FRD,14,379,1036,1050,577,815,233,460,273,638,458,351,124,638,55,339,26
20260113,cod,GSB,9,451,652,666,444,659,245,441,294,639,506,348,119,639,48,416,18
20260302,cod,RDT,13,383,510,527,344,504,299,476,353,639,473,339,75,639,46,548,35
20260222,cod,FRD,5,159,259,260,219,307,272,455,315,639,474,352,137,639,130,604,104
20260402,cod,VEH,0,326,340,347,29,383,110,333,141,641,310,221,152,641,43,291,31
20260216,cod,FHH,16,414,469,477,173,544,131,387,158,642,389,248,129,642,104,453,64
20260222,cod,FHH,29,119,133,133,54,136,117,402,146,643,460,287,149,643,78,447,49
20260110,cod,PRO,6,371,533,550,414,557,287,476,327,643,675,391,99,643,44,486,27
20260220,cod,DSL,17,358,596,596,407,515,387,535,427,644,595,463,77,644,47,543,34
20260405,cod,VEH,0,51,51,78,0,67,120,368,151,645,467,294,162,645,72,393,0
20260223,cod,FHH,16,400,592,693,162,493,146,422,177,645,412,283,128,645,57,445,37
20260226,cod,FHH,23,529,638,733,334,731,111,383,144,645,417,273,125,645,75,435,42
20260208,cod,RDT,7,387,411,423,304,447,330,507,366,646,575,401,82,646,79,524,48
20260217,cod,KAP,3,414,532,534,316,427,308,470,341,647,448,346,101,647,39,465,33
20260310,cod,CDM,0,0,891,897,5,21,86,411,102,648,408,318,156,648,95,457,57
20260322,cod,CLQ,1,225,390,390,330,392,343,493,391,649,536,393,100,649,89,612,41
20260223,cod,RDT,11,456,640,665,409,572,330,499,371,650,459,334,64,650,38,512,25
20260223,cod,PRV,12,619,890,898,624,978,202,348,276,650,330,258,112,650,39,384,25
20260207,cod,RDT,14,518,579,602,407,586,320,495,358,650,494,356,72,650,67,537,45
20260218,cod,RDT,9,313,439,460,330,476,333,485,367,651,499,360,60,651,43,519,26
20260307,cod,RDT,12,408,482,499,294,456,255,449,307,651,425,296,80,651,43,467,25
20260325,cod,GOK,1,250,316,318,170,269,216,435,248,651,413,301,134,651,38,417,26
20260227,cod,FHH,29,488,577,601,228,585,159,432,184,652,472,326,146,652,81,484,52
20260311,cod,VEN,25,0,619,626,412,645,270,524,298,652,636,429,126,652,66,397,45
20260216,cod,RDT,8,384,516,545,372,500,299,490,342,652,501,341,91,652,47,653,26
20260123,cod,NYK,1,179,206,206,181,217,372,495,451,653,378,266,89,653,160,446,24
20260206,cod,RDT,13,465,533,561,337,482,320,503,353,654,507,346,76,654,55,518,33
20260325,cod,FHH,15,559,620,756,234,702,135,435,170,655,434,329,124,655,106,491,70
20260107,cod,GSB,8,136,349,352,258,377,285,487,333,655,719,450,100,655,53,433,41
20260219,cod,RDT,7,307,433,454,312,433,363,510,396,656,544,383,55,656,46,517,30
20260125,cod,RDT,10,485,559,574,343,581,259,461,296,657,454,310,102,657,77,522,57
20260209,cod,RPB,2,412,542,543,336,504,315,487,358,657,499,382,87,657,60,481,35
20260225,cod,NYK,3,138,407,409,292,331,445,547,502,658,524,481,67,658,17,635,11
20260216,cod,KAP,6,472,483,486,411,561,325,463,381,658,494,357,103,658,44,429,26
20260224,cod,RDT,7,315,484,502,360,498,328,507,355,658,510,380,65,658,43,478,17
20260301,cod,NYK,4,356,432,433,406,457,470,582,502,658,641,547,63,658,7,244,6
20260325,cod,RPB,1,384,447,1253,317,451,286,465,328,658,501,364,108,658,62,473,41
20260214,cod,RPB,11,429,579,579,358,515,328,504,365,659,529,403,83,659,55,496,35
20260221,cod,FHH,16,401,455,582,219,499,150,425,180,659,450,307,147,659,67,387,42
20260227,cod,FRD,11,268,356,361,569,809,284,437,334,659,494,362,89,659,71,454,53
20260325,cod,RDT,9,378,435,452,273,408,300,469,333,660,430,310,100,660,38,462,25
20260401,cod,RPB,0,314,499,503,158,363,288,464,332,660,454,358,81,660,39,467,24
20260123,cod,RDT,11,426,477,560,314,469,274,507,308,660,636,397,76,660,102,581,56
20260206,cod,BFK,8,802,1150,1151,802,1022,370,562,396,660,599,491,76,660,34,500,20
20260228,cod,VEH,16,538,554,557,159,557,113,357,142,661,345,236,132,661,28,341,22
20260327,cod,NBC,2,500,642,675,281,630,188,405,234,663,465,314,154,663,59,430,45
20260202,cod,PRO,3,228,332,347,274,360,314,486,376,663,450,374,76,663,24,476,17
20260316,cod,GOK,5,367,522,525,234,418,251,445,290,663,435,337,114,663,30,478,23
20260114,cod,GSB,2,218,428,429,270,421,279,452,323,663,511,374,116,663,56,455,29
20260225,cod,RDT,6,333,477,500,341,502,367,522,412,664,520,395,46,664,44,513,22
20260323,cod,RDT,7,356,389,411,304,434,299,497,338,664,498,338,85,664,62,467,41
20260313,cod,RPB,29,638,725,726,496,725,296,484,330,665,538,389,103,665,103,524,64
20260303,cod,RDT,9,363,447,476,330,482,325,517,361,665,568,386,81,665,50,511,41
20260326,cod,NBC,14,614,759,919,333,788,183,404,234,665,412,305,136,665,79,439,56
20260215,cod,RAP,5,98,136,145,59,139,169,393,200,666,417,305,153,666,45,496,24
20260325,cod,NBC,11,478,633,733,296,623,205,413,239,666,371,264,152,666,50,366,32
20260215,cod,RPB,2,264,290,290,268,399,303,519,327,666,581,420,109,666,73,542,40
20260303,cod,KAP,11,485,719,724,380,539,296,457,348,667,509,376,113,667,87,538,53
20260313,cod,GOK,3,189,251,255,219,351,273,511,299,667,581,405,108,667,38,355,25
20260216,cod,PRV,12,430,780,781,414,608,237,386,317,667,375,294,124,667,39,396,23
20260106,cod,VEL,8,493,668,674,249,493,2,642,2,667,,,187,667,359,361,220
20260329,cod,PRV,4,574,687,688,554,809,295,496,324,668,553,412,142,668,60,541,30
20260311,cod,RPB,14,460,544,546,446,638,280,460,327,668,467,345,126,668,73,481,40
20260308,cod,VEH,84,2601,3525,3595,1129,2617,125,404,145,669,485,294,138,669,77,501,41
20260301,cod,RDT,10,415,535,589,379,533,353,548,371,669,592,423,81,669,41,492,29
20260306,cod,RPB,17,318,416,453,281,443,242,423,280,670,395,278,115,670,71,419,35
20260106,cod,TEE,5,816,1169,1170,636,816,18,659,18,671,,,214,671,423,430,217
20260309,cod,FHH,54,337,490,628,335,1120,174,387,208,671,406,267,158,671,57,335,44
20260120,cod,NYK,5,420,545,545,468,527,415,531,483,671,607,340,85,671,266,526,54
20260329,cod,VEH,0,127,275,282,59,129,108,436,137,672,496,345,163,672,99,518,57
20260301,cod,KAP,10,457,513,515,362,488,302,490,338,672,500,385,143,672,50,551,32
20260330,cod,GOK,0,290,321,328,198,344,240,435,275,673,406,326,114,673,46,403,26
20260214,cod,DSL,18,350,513,514,416,550,395,531,447,674,509,446,81,674,31,578,21
20260125,cod,PRV,7,545,794,795,437,615,337,573,354,674,622,488,124,674,55,562,38
20260210,cod,RDT,5,493,629,665,385,533,328,516,367,675,518,360,107,675,55,463,27
20260112,cod,PRO,7,192,510,528,361,488,317,499,373,675,601,370,83,675,56,521,31
20260211,cod,RDT,1,328,477,500,320,464,332,516,373,676,538,372,92,676,49,411,25
20260401,cod,KAP,0,516,599,602,323,523,274,441,328,677,450,349,120,677,39,448,27
20260213,cod,FHH,12,382,447,478,171,496,150,441,170,677,529,335,153,677,70,413,45
20260225,cod,VEL,2,66,116,127,68,150,207,372,241,678,376,298,113,678,27,362,19
20260217,cod,RDT,5,382,545,568,370,517,356,510,401,678,502,362,75,678,40,521,22
20260205,cod,DSL,24,692,980,980,770,1000,425,560,460,678,585,464,56,678,43,614,38
20260205,cod,RPG,0,67,73,73,65,79,399,505,448,679,463,389,68,679,29,506,17
20260307,cod,RPB,17,378,505,507,300,474,290,464,331,679,452,328,117,679,66,460,38
20260304,cod,BFK,12,932,1501,1503,1105,1399,395,563,429,680,1101,461,93,680,521,1256,111
20260219,cod,KAP,7,720,785,786,599,818,352,503,400,682,513,417,99,682,48,543,34
20260309,cod,RPB,18,283,301,333,297,495,273,473,310,683,434,328,115,683,80,529,40
20260125,cod,MAX,6,421,551,603,426,535,376,548,419,684,592,495,78,684,59,566,35
20260331,cod,KAP,0,507,514,515,381,523,260,421,318,684,398,302,142,684,45,512,36
20260122,cod,RDT,18,436,479,497,314,497,303,486,346,686,496,354,90,686,63,480,43
20260217,cod,RPB,8,340,475,475,275,380,267,428,318,686,414,312,109,686,47,412,24
20260129,cod,MAX,4,309,405,423,324,404,406,522,453,687,540,468,61,687,45,538,25
20260310,cod,RPB,9,409,586,590,290,430,266,463,317,687,511,352,130,687,84,484,42
20260212,cod,DSL,28,531,898,898,585,724,389,550,432,688,561,459,80,688,56,562,25
20260211,cod,DSL,12,292,485,486,399,494,369,491,439,688,500,402,79,688,48,601,24
20260209,cod,RDT,15,496,535,550,369,520,344,527,376,688,552,382,75,688,64,569,34
20260313,cod,VEN,33,25,460,462,477,817,263,481,302,688,523,356,154,688,72,550,50
20260112,cod,GSB,2,130,343,345,238,346,268,477,319,689,583,402,124,689,61,447,23
20260314,cod,VEN,26,196,349,351,382,629,252,461,299,690,490,341,152,690,103,568,67
20260310,cod,FHH,15,251,418,530,145,379,206,448,235,690,502,335,153,690,84,450,58
20260328,cod,VEN,0,52,645,775,537,915,270,482,300,690,516,349,149,690,50,506,40
20260306,cod,RDT,20,426,474,497,441,699,306,493,363,691,443,303,82,691,49,496,28
20260217,cod,DSP,7,92,165,365,45,97,85,254,119,692,192,135,170,692,25,232,13
20260404,cod,CLQ,0,413,516,586,33,587,406,543,460,692,588,466,104,692,88,544,42
20260111,cod,CLQ,0,175,384,395,210,267,418,563,449,692,713,470,88,692,99,608,43
20260124,cod,SIS,6,73,154,156,39,132,132,432,155,693,500,335,143,693,56,305,47
20260323,cod,GOK,6,699,786,793,460,771,222,412,270,693,401,272,136,693,48,421,29
20260127,cod,RPG,4,494,812,816,622,736,476,578,520,693,543,478,58,693,26,624,19
20260215,cod,FHH,2,131,191,194,66,145,139,450,170,693,485,325,146,693,132,608,85
20260120,cod,GSB,6,297,1882,1889,335,515,245,457,298,694,485,392,114,694,46,469,19
20260326,cod,VEN,23,0,756,791,444,731,220,413,281,694,338,249,165,694,38,479,33
20260328,cod,RPB,3,404,453,453,355,516,290,469,347,695,481,358,90,695,45,453,35
20260106,cod,TMG,6,2322,3299,3306,2043,2322,23,683,24,695,,,242,695,567,577,242
20260221,cod,FRD,3,288,440,443,276,405,330,532,369,695,538,398,126,695,162,608,136
20260302,cod,MAX,11,504,605,674,526,627,430,563,476,696,572,490,74,696,44,590,30
20260120,cod,SIS,33,1,605,608,328,983,25,226,39,696,219,111,192,696,34,341,29
20260112,cod,DSL,14,412,655,655,496,637,394,572,440,696,646,477,74,696,58,566,35
20260326,cod,RPB,4,404,527,529,342,468,309,494,347,697,515,372,105,697,57,519,30
20260218,cod,FHH,9,300,408,437,166,393,134,406,173,698,391,266,168,698,94,429,66
20260405,cod,KAP,0,477,477,555,0,493,320,500,361,698,560,421,141,698,46,486,0
20260213,cod,PRV,5,249,370,371,241,329,293,481,357,699,473,380,116,699,42,486,21
20260305,cod,CDM,0,3,1111,1113,6,18,66,370,89,699,392,234,171,699,144,349,86
20260403,cod,KAP,0,501,541,541,167,505,297,476,355,699,496,369,131,699,53,490,31
20260318,cod,FHH,24,194,249,270,190,457,169,415,196,699,413,308,173,699,71,440,42
20260323,cod,FHH,6,221,442,468,157,365,181,486,221,700,478,336,140,700,94,548,56
20260224,cod,FHH,13,253,526,579,163,438,173,471,198,702,498,343,149,702,84,513,55
20260307,cod,FHH,38,386,615,695,280,526,184,443,208,703,407,310,150,703,62,379,36
20260315,cod,NYK,12,619,749,750,682,773,488,609,528,703,599,498,73,703,14,444,12
20260128,cod,RDT,12,480,538,556,475,679,312,526,360,703,506,376,57,703,58,555,33
20260402,cod,KAP,0,490,492,493,309,573,308,478,362,703,506,387,130,703,44,467,24
20260211,cod,FHH,7,369,530,539,216,535,136,386,180,704,395,270,143,704,71,394,52
20260214,cod,PRV,5,343,436,437,310,464,324,502,371,704,517,415,117,704,49,487,33
20260306,cod,VEH,19,577,594,598,241,689,112,409,154,704,408,292,129,704,70,452,43
20260403,cod,VEH,0,261,291,298,6,275,149,426,170,706,470,341,166,706,65,474,43
20260208,cod,PRV,3,465,578,581,459,610,344,598,364,706,648,515,137,706,76,667,47
20260128,cod,KAP,8,659,726,727,533,737,260,424,351,706,411,301,119,706,60,524,31
20260331,cod,CLQ,0,390,574,585,459,594,365,520,421,706,514,422,102,706,80,545,33
20260114,cod,NYK,2,422,482,483,448,505,414,536,499,707,534,336,94,707,176,536,50
20260331,cod,RPB,0,370,416,416,221,410,323,504,369,707,513,391,104,707,42,512,31
20260117,cod,DSL,2,106,229,229,150,175,371,535,430,708,526,406,86,708,36,506,28
20260306,cod,KAP,18,610,679,681,486,704,290,480,357,708,461,329,130,708,40,382,25
20260318,cod,RPB,15,277,331,331,257,384,322,493,372,709,502,368,114,709,95,536,56
20260309,cod,MAX,20,496,619,669,565,677,428,545,491,709,534,447,69,709,76,636,27
20260317,cod,GOK,4,291,315,318,291,470,290,505,332,710,544,416,112,710,26,512,17
20260110,cod,CLQ,0,391,539,545,425,536,412,564,457,710,703,464,83,710,82,562,38
20260204,cod,RDT,11,455,504,520,368,523,339,523,386,710,507,371,71,710,63,608,37
20260327,cod,FHH,6,208,405,409,140,528,148,475,176,711,510,347,169,711,100,521,66
20260222,cod,VEL,4,199,370,395,147,250,170,353,205,711,368,263,169,711,34,333,20
20260202,cod,MAX,23,627,925,1023,791,958,436,561,484,711,576,508,86,711,32,532,16
20260403,cod,VEN,0,0,633,705,11,618,228,438,275,711,450,304,154,711,44,595,40
20260319,cod,FHH,5,126,224,263,92,191,159,430,188,712,442,317,176,712,66,436,42
20260126,cod,MAX,3,359,587,618,364,442,369,518,431,712,548,457,90,712,44,526,22
20260330,cod,KAP,3,455,471,472,319,456,259,436,329,713,423,306,139,713,52,480,33
20260210,cod,FHH,19,464,638,645,292,576,129,388,188,714,364,261,140,714,56,482,30
20260403,cod,CLQ,0,399,550,566,175,614,419,561,475,714,593,480,84,714,71,607,38
20260212,cod,RDT,7,341,510,528,341,489,366,557,415,714,556,425,72,714,33,398,21
20260108,cod,VEN,34,0,1264,1283,894,1351,259,424,310,715,871,327,123,715,61,365,42
20260223,cod,FRD,7,270,557,560,253,372,329,519,394,715,510,395,104,715,83,528,63
20260118,cod,MAX,4,524,600,665,501,578,393,535,452,715,556,463,98,715,73,619,29
20260128,cod,MAX,9,318,410,438,441,549,410,568,453,716,574,501,80,716,26,546,15
20260221,cod,RPB,19,527,618,618,479,706,322,526,358,716,548,431,101,716,50,550,35
20260113,cod,DSL,16,281,396,396,403,526,410,584,452,717,669,504,81,717,44,553,27
20260308,cod,MAX,8,367,538,588,430,491,452,588,493,717,626,514,82,717,65,574,29
20260305,cod,VEH,33,917,969,986,290,945,151,495,171,718,474,338,137,718,73,450,49
20260228,cod,KAP,6,558,591,591,422,570,349,506,397,718,539,415,131,718,42,519,28
20260116,cod,GSB,2,254,425,429,232,342,253,473,311,718,539,376,121,718,62,549,37
20260218,cod,DSL,14,424,773,773,499,626,415,565,472,718,540,470,80,718,38,544,25
20260307,cod,VEH,14,450,530,535,133,476,138,449,164,719,482,342,134,719,46,366,21
20260106,cod,SIS,14,410,754,865,98,410,2,711,2,719,,,136,719,521,522,347
20260323,cod,VEN,9,0,1111,1130,297,500,243,449,306,719,402,281,167,719,67,440,41
20260127,cod,MAX,13,331,559,578,496,608,390,538,456,719,538,458,62,719,33,483,20
20260226,cod,FRD,10,318,664,665,633,863,312,496,376,719,450,367,110,719,43,368,30
20260312,cod,FHH,33,291,365,530,236,654,188,491,223,719,534,323,144,719,91,590,59
20260405,cod,CLQ,0,237,237,467,0,352,399,579,435,720,596,479,110,720,80,589,0
20260106,cod,MAM,0,610,1000,1008,454,610,15,704,15,720,,,166,720,393,402,233
20260204,cod,FHH,15,620,704,772,325,695,154,397,195,720,420,300,152,720,73,508,49
20260222,cod,RPB,7,385,532,532,315,472,290,517,321,720,571,417,121,720,67,539,31
20260311,cod,MAX,18,711,818,874,778,922,466,581,518,721,602,504,66,721,68,601,32
20260213,cod,KAP,6,463,506,508,383,502,286,486,336,721,445,355,121,721,55,540,33
20260222,cod,DSL,28,669,985,985,815,1020,422,592,468,723,676,485,107,723,70,687,44
20260324,cod,VEN,14,0,603,609,391,625,256,474,306,723,492,334,168,723,82,474,43
20260304,cod,NBC,3,60,219,412,81,135,154,380,199,723,610,274,176,723,259,640,110
20260121,cod,RDT,17,543,603,634,504,760,309,543,345,724,599,443,98,724,57,531,32
20260212,cod,PRV,5,443,521,525,404,570,310,474,371,724,450,369,125,724,49,518,22
20260225,cod,KAP,10,483,527,528,376,532,306,488,366,724,504,388,115,724,37,511,25
20260306,cod,CDM,43,6,18,21,183,832,72,397,87,725,388,264,171,725,74,361,44
20260304,cod,LMR,0,13,634,708,38,68,238,484,279,725,743,382,139,725,323,942,123
20260115,cod,DSL,9,425,616,616,442,559,395,584,431,725,701,477,94,725,64,502,40
20260213,cod,RAP,3,173,281,289,152,274,236,526,271,725,592,423,126,725,57,503,50
20260306,cod,NYK,2,311,379,379,317,356,566,665,592,725,733,642,39,725,4,176,2
20260303,cod,FRD,2,84,181,183,80,117,305,503,355,726,475,357,128,726,96,559,79
20260127,cod,RDT,29,1316,1514,1562,840,1390,308,534,365,727,527,376,83,727,52,545,29
20260321,cod,GOK,2,347,393,398,239,388,262,455,316,728,454,313,134,728,41,644,27
20260310,cod,MAX,12,528,738,798,548,655,449,593,495,729,607,513,76,729,69,582,35
20260402,cod,CLQ,0,436,651,666,297,555,425,575,472,729,580,478,89,729,65,545,25
20260114,cod,DSL,6,219,353,353,249,334,403,593,447,729,743,478,81,729,65,591,46
20260121,cod,GSB,20,179,1111,1116,881,1480,277,484,319,730,503,399,119,730,58,497,33
20260314,cod,RPB,23,534,587,587,436,621,349,552,395,732,629,449,102,732,123,607,65
20260303,cod,VEN,9,0,351,358,200,335,211,401,263,732,386,253,167,732,75,614,63
20260328,cod,NYK,9,1005,1257,1258,1048,1198,486,597,535,732,655,513,75,732,20,664,17
20260122,cod,NYK,8,298,336,337,317,375,427,566,517,733,535,302,120,733,224,567,33
20260217,cod,PRV,3,407,516,519,547,758,304,512,359,735,566,448,126,735,39,454,20
20260206,cod,FHH,17,362,411,415,198,447,176,495,194,735,547,368,154,735,87,481,54
20260304,cod,PRV,13,426,778,779,412,582,319,561,369,736,682,449,131,736,184,715,66
20260113,cod,NYK,5,438,521,521,455,506,426,561,513,737,500,308,92,737,165,488,18
20260122,cod,GSB,22,487,1872,1901,1051,1669,283,500,330,737,573,430,118,737,50,491,38
20260324,cod,NBC,11,540,679,709,349,755,190,414,245,737,425,280,166,737,56,408,34
20260129,cod,SIS,2,68,68,68,10,70,89,377,108,737,348,253,142,737,53,438,35
20260118,cod,RDT,14,409,592,609,296,490,339,551,392,737,553,380,86,737,74,618,35
20260112,cod,CLQ,7,583,771,784,706,854,398,562,462,737,675,441,84,737,79,515,38
20260303,cod,MAX,2,427,518,581,432,497,463,611,507,738,694,543,77,738,87,663,35
20260117,cod,PRO,11,294,407,413,335,471,361,576,414,739,630,462,102,739,48,499,33
20260120,cod,RDT,5,296,499,606,193,329,343,554,384,739,535,404,81,739,74,672,45
20260119,cod,GSB,10,414,764,792,416,656,283,472,345,740,434,354,130,740,46,456,23
20260315,cod,KAP,24,633,674,677,562,778,289,496,340,740,520,394,179,740,84,525,51
20260314,cod,GOK,8,466,834,839,322,520,305,549,344,740,519,390,101,740,32,575,24
20260305,cod,RDT,12,293,533,563,230,333,352,611,386,740,505,350,97,740,80,453,46
20260311,cod,FHH,48,773,1130,1543,243,978,222,514,249,741,597,407,165,741,111,582,76
20260329,cod,CLQ,1,263,455,463,339,420,411,570,464,742,590,476,123,742,77,555,32
20260203,cod,MAX,10,485,706,782,672,794,468,599,511,742,626,537,78,742,41,603,23
20260302,cod,KAP,10,517,571,572,416,566,354,537,426,743,554,447,117,743,41,550,29
20260214,cod,FHH,10,262,363,369,123,337,182,467,211,743,516,345,141,743,74,449,54
20260226,cod,RPB,12,485,595,596,402,586,323,523,382,744,553,401,101,744,58,557,43
20260324,cod,CLQ,3,422,591,595,472,578,408,558,463,744,545,440,100,744,57,538,33
20260226,cod,KAP,10,486,534,537,401,542,340,512,396,744,528,403,125,744,25,501,15
20260401,cod,CLQ,0,330,446,455,373,555,422,572,490,744,585,480,101,744,73,547,24
20260303,cod,RPB,7,168,266,268,103,171,307,514,355,745,526,390,112,745,83,557,56
20260224,cod,VEL,4,113,182,187,152,265,172,352,219,746,340,256,124,746,28,294,19
20260117,cod,GSB,0,275,480,483,317,470,279,491,333,746,495,382,134,746,48,461,30
20260117,cod,NYK,5,174,529,529,264,300,449,597,526,746,567,342,96,746,170,676,56
20260321,cod,CLQ,5,257,473,479,307,385,425,572,491,748,590,466,109,748,76,590,49
20260312,cod,MAX,10,782,975,1018,784,901,503,627,534,748,649,543,75,748,69,669,40
20260112,cod,NYK,3,426,494,495,467,509,411,559,503,748,508,265,111,748,198,467,28
20260217,cod,FHH,12,361,454,457,169,434,147,459,179,748,484,328,169,748,77,416,48
20260328,cod,CLQ,2,349,532,537,438,544,416,575,470,748,570,470,104,748,82,640,38
20260219,cod,PFP,95,5563,7051,7277,1305,5888,126,347,161,748,384,266,186,748,34,317,26
20260203,cod,DSL,17,516,732,732,684,804,462,657,495,750,673,555,84,750,47,658,30
20260205,cod,RDT,6,493,510,533,393,542,369,591,403,752,623,447,77,752,76,614,39
20260204,cod,DSL,18,603,911,911,701,819,467,627,513,752,672,541,59,752,36,588,25
20260119,cod,RDT,15,486,532,564,418,675,334,553,395,752,555,397,97,752,74,551,38
20260404,cod,VEH,0,77,91,108,1,106,171,471,208,753,491,372,160,753,76,498,53
20260108,cod,NBC,10,371,726,760,365,610,236,488,272,754,872,353,153,754,107,495,94
20260317,cod,RPB,9,451,558,558,348,512,337,523,391,754,540,398,113,754,83,500,51
20260208,cod,MAX,3,301,369,393,324,392,452,611,494,754,642,545,93,754,65,638,32
20260321,cod,KAP,1,399,500,500,275,401,283,480,354,755,523,367,147,755,79,595,57
20260328,cod,PRV,10,454,689,691,452,668,310,515,351,755,492,394,156,755,48,558,31
20260129,cod,NBC,18,467,681,763,379,696,202,435,267,756,425,293,176,756,39,441,28
20260220,cod,KAP,15,637,665,667,492,698,403,599,440,756,663,512,112,756,50,549,30
20260312,cod,VEL,14,133,224,235,101,201,162,515,191,757,560,391,172,757,92,517,64
20260325,cod,CLQ,7,430,557,564,492,617,419,572,478,757,578,471,104,757,65,603,32
20260318,cod,GOK,6,393,432,435,273,453,318,562,351,758,589,446,130,758,36,496,26
20260329,cod,KAP,0,379,380,384,287,407,291,513,337,758,493,367,148,758,59,533,42
20260225,cod,FHH,45,722,875,895,470,952,187,501,214,759,493,377,171,759,77,474,45
20260326,cod,NYK,6,627,814,814,621,705,498,615,563,760,627,514,82,760,16,634,9
20260227,cod,KAP,11,463,470,470,364,511,355,545,398,761,539,434,130,761,34,534,21
20260305,cod,FRD,6,297,461,465,320,447,368,587,405,762,539,409,138,762,83,492,51
20260116,cod,NYK,7,432,558,558,480,544,463,604,537,763,587,322,104,763,16,155,7
20260224,cod,KAP,1,500,547,550,386,522,328,505,393,764,506,382,143,764,48,533,37
20260217,cod,DSL,21,487,688,688,531,690,455,621,511,765,627,520,90,765,38,637,24
20260116,cod,DSL,11,264,334,348,378,455,403,593,460,765,597,444,97,765,67,767,44
20260405,cod,PRV,0,436,436,611,0,728,353,610,383,766,635,494,164,766,100,727,0
20260328,cod,KAP,3,384,412,413,293,411,312,493,374,766,543,362,131,766,49,500,41
20260213,cod,DSL,20,487,687,687,690,854,481,639,524,766,639,541,83,766,36,601,27
20260203,cod,PRV,10,417,671,679,431,627,309,501,370,766,498,397,143,766,52,505,35
20260115,cod,GSB,2,315,429,434,375,552,330,562,375,766,603,473,128,766,68,561,41
20260124,cod,RDT,5,385,483,502,274,436,342,578,396,766,550,383,101,766,60,556,40
20260124,cod,MAX,4,482,591,637,422,520,444,596,501,767,592,524,70,767,47,614,37
20260305,cod,RPB,21,596,721,723,452,721,339,542,386,767,480,340,120,767,91,420,60
20260114,cod,NBC,14,448,689,730,375,702,252,487,305,768,697,349,158,768,71,476,46
20260209,cod,MAX,9,393,522,543,382,463,461,595,527,768,588,509,83,768,47,592,20
20260123,cod,MAX,11,460,513,544,428,530,473,632,511,769,651,569,90,769,36,656,22
20260109,cod,SIS,15,449,449,817,67,449,85,439,100,769,999,342,187,769,78,515,56
20260111,cod,FHH,12,546,608,615,290,558,214,513,251,770,841,362,147,770,91,685,65
20260323,cod,CLQ,2,666,833,844,711,870,436,559,504,770,520,411,111,770,63,519,32
20260107,cod,NBC,14,389,671,737,348,632,243,505,278,770,1021,389,152,770,124,363,98
20260109,cod,VEN,21,0,1142,1173,689,988,337,543,377,774,878,411,147,774,108,698,38
20260322,cod,PRV,6,651,727,727,491,704,270,504,322,775,566,409,168,775,91,579,55
20260404,cod,KAP,0,480,496,496,12,520,350,544,411,776,555,439,137,776,66,603,42
20260325,cod,CDM,1,124,364,370,116,322,160,510,188,776,516,400,188,776,93,493,65
20260228,cod,FHH,31,546,573,640,291,605,185,519,215,776,591,409,169,776,58,504,37
20260323,cod,CDM,11,241,333,449,147,381,173,506,212,776,523,411,191,776,59,491,41
20260227,cod,RPB,18,575,680,680,449,685,349,556,381,778,553,424,119,778,57,612,37
20260328,cod,KAL,0,118,140,141,90,125,430,622,491,778,654,558,128,778,64,685,53
20260316,cod,RPB,22,415,474,475,300,485,350,550,406,779,568,414,131,779,74,543,39
20260108,cod,SIS,6,31,31,340,73,267,77,453,88,779,981,346,170,779,99,472,83
20260120,cod,MAX,16,615,695,750,645,767,487,632,543,782,652,568,79,782,45,628,28
20260307,cod,MAX,14,435,576,633,431,525,500,635,555,782,633,548,78,782,50,616,22
20260324,cod,NYK,4,494,634,637,508,583,503,618,586,782,604,480,83,782,28,668,19
20260109,cod,NBC,19,265,489,521,315,613,247,519,286,784,862,406,131,784,71,540,46
20260206,cod,DSL,14,589,759,759,723,877,534,695,564,786,740,593,95,786,57,713,48
20260328,cod,NBC,5,574,685,709,285,743,215,532,260,786,586,424,181,786,89,556,73
20260227,cod,VEH,10,386,405,407,137,404,117,351,155,786,393,242,180,786,36,361,25
20260319,cod,GOK,6,253,274,278,160,277,307,567,347,787,557,441,141,787,30,513,24
20260122,cod,MAX,14,469,531,573,438,563,501,646,549,787,685,598,80,787,56,646,36
20260308,cod,GSB,3,290,394,394,209,334,333,551,383,787,626,486,156,787,81,696,47
20260404,cod,NYK,0,524,653,653,25,582,495,611,567,787,637,502,77,787,32,753,27
20260119,cod,MAX,8,636,788,864,612,729,421,566,501,788,582,484,88,788,67,584,37
20260314,cod,KAP,10,511,655,659,452,639,326,505,386,788,491,376,150,788,65,516,44
20260107,cod,VEL,8,400,503,539,227,562,189,459,237,788,997,370,162,788,95,403,77
20260315,cod,RPB,18,437,500,500,355,483,355,588,397,788,611,459,120,788,111,650,61
20260327,cod,RPB,1,246,355,356,249,370,365,570,399,788,589,446,110,788,51,578,36
20260326,cod,CLQ,4,369,585,592,395,491,445,609,504,788,633,513,96,788,101,649,34
20260216,cod,DSL,21,392,595,596,641,797,470,645,528,790,643,530,81,790,59,644,47
20260121,cod,DSP,42,1877,1905,1970,576,2029,118,307,155,790,431,208,186,790,39,264,23
20260204,cod,RPG,4,148,160,161,255,326,476,629,539,791,630,521,74,791,40,609,23
20260117,cod,MAX,11,594,662,754,538,654,437,592,495,791,607,497,115,791,29,544,14
20260217,cod,SME,41,1172,2628,2654,474,1760,168,705,177,791,917,631,108,791,103,616,67
20260109,cod,CLQ,2,462,637,646,487,613,463,621,528,792,817,503,73,792,96,696,47
20260302,cod,RPB,8,539,544,572,416,654,355,562,409,792,582,433,119,792,57,576,41
20260330,cod,CLQ,1,492,713,730,556,699,432,583,501,792,573,474,101,792,85,603,41
20260115,cod,CLQ,5,516,1125,1130,813,962,492,662,534,792,767,537,98,792,74,537,36
20260222,cod,ABE,14,211,1107,1120,109,396,130,715,140,794,1123,621,177,794,207,811,156
20260317,cod,KAL,7,326,448,449,316,431,543,698,591,794,759,653,93,794,55,657,38
20260219,cod,NMS,36,536,590,602,306,813,133,446,164,795,532,314,198,795,57,406,47
20260131,cod,PRV,3,353,426,426,352,509,328,535,393,795,597,466,119,795,66,622,56
20260320,cod,VEH,9,318,481,497,202,529,111,340,138,795,321,222,217,795,51,389,45
20260128,cod,CLQ,6,502,717,727,612,757,442,588,518,796,576,489,82,796,117,657,48
20260306,cod,FHH,20,297,418,509,233,464,206,483,245,796,471,331,164,796,101,469,57
20260221,cod,PRV,3,193,843,848,170,253,338,518,392,797,509,422,130,797,26,557,19
20260130,cod,NBC,10,420,601,643,335,645,220,481,266,799,532,357,154,799,56,490,37
20260228,cod,RPB,19,533,610,610,427,638,372,582,409,800,611,461,112,800,58,594,42
20260401,cod,VEH,0,390,447,662,88,436,145,445,172,801,471,340,196,801,80,528,49
20260307,cod,GSB,18,431,753,754,463,706,338,543,396,802,499,424,141,802,43,519,32
20260330,cod,VEH,1,426,445,448,216,557,170,524,199,802,590,410,162,802,66,500,41
20260117,cod,PRV,6,370,647,648,433,591,332,534,386,804,611,431,126,804,54,519,43
20260327,cod,CLQ,3,450,648,658,512,646,464,624,517,804,639,515,102,804,71,611,32
20260223,cod,RPB,11,545,638,639,438,695,363,568,410,804,590,441,121,804,48,586,31
20260320,cod,VEN,18,97,501,506,550,891,290,521,351,805,606,410,184,805,85,589,68
20260129,cod,PRV,10,306,383,386,351,504,325,536,394,805,532,416,118,805,40,555,28
20260317,cod,FHH,18,371,592,627,277,529,197,475,233,806,463,338,168,806,79,423,58
20260318,cod,BFK,0,7,9,9,8,12,338,488,418,807,414,343,103,807,44,688,27
20260305,cod,FHH,20,373,580,715,244,527,209,542,249,808,471,320,162,808,92,477,53
20260327,cod,NYK,8,581,775,776,674,768,537,670,591,808,631,534,70,808,20,616,17
20260121,cod,NYK,6,448,525,526,505,574,512,669,585,809,678,434,110,809,217,633,35
20260316,cod,NYK,8,619,757,757,678,749,557,686,609,810,742,591,72,810,23,644,11
20260123,cod,CLQ,9,431,751,759,671,819,463,634,519,810,684,517,82,810,162,785,59
20260122,cod,DSP,41,1505,2472,2602,455,1667,145,453,183,811,753,349,151,811,43,355,38
20260124,cod,PRV,5,370,440,442,335,480,322,516,393,813,546,401,144,813,56,540,36
20260330,cod,FHH,0,199,357,392,111,255,146,506,177,813,459,337,159,813,69,546,55
20260128,cod,PRV,12,414,612,615,498,744,348,548,402,814,563,448,133,814,29,491,16
20260208,cod,GSB,14,372,675,678,515,745,337,566,396,815,598,472,148,815,110,677,58
20260303,cod,CLQ,7,408,633,647,499,582,434,609,496,815,647,503,116,815,106,693,53
20260225,cod,RPB,10,398,498,499,360,531,361,598,404,817,623,473,108,817,56,593,42
20260224,cod,NYK,3,141,334,335,183,207,632,757,658,817,767,679,57,817,14,434,9
20260402,cod,NBC,0,823,1143,1279,129,1056,185,465,237,817,471,340,210,817,73,492,48
20260321,cod,VEN,12,0,485,487,406,669,319,584,360,817,700,455,189,817,108,575,84
20260113,cod,NBC,28,405,699,791,348,734,265,533,322,817,806,384,163,817,71,557,54
20260301,cod,RPB,12,383,496,496,307,458,354,592,397,818,619,477,111,818,60,617,38
20260214,cod,RAP,5,135,256,279,126,249,226,569,264,818,546,431,166,818,61,647,47
20260403,cod,NBC,0,571,691,740,38,856,219,461,256,820,463,340,197,820,65,519,32
20260111,cod,NBC,2,29,155,196,33,70,228,518,270,820,858,406,188,820,86,637,53
20260221,cod,DSL,16,545,896,896,630,783,531,700,585,820,731,590,80,820,63,701,49
20260223,cod,VEL,9,221,355,367,264,414,248,436,292,821,427,325,152,821,36,375,20
20260224,cod,DSL,4,80,160,160,293,355,471,653,525,825,685,541,93,825,66,680,46
20260222,cod,CLQ,3,360,651,657,386,481,469,652,530,825,717,544,118,825,91,791,39
20260301,cod,GSB,5,399,707,707,356,536,394,600,447,827,647,510,145,827,67,626,28
20260204,cod,PRV,13,424,567,569,491,678,373,585,422,827,634,496,139,827,49,556,32
20260404,cod,NBC,0,765,804,989,3,942,215,509,254,827,552,388,191,827,75,519,41
20260224,cod,RPB,9,466,599,599,384,559,370,591,415,828,611,465,119,828,57,607,37
20260121,cod,MAX,9,549,638,695,498,622,538,663,593,828,660,590,65,828,41,667,20
20260323,cod,NBC,7,374,599,650,297,515,197,447,262,829,422,287,197,829,55,460,34
20260317,cod,NYK,11,664,756,757,704,802,560,701,615,830,710,579,66,830,36,701,21
20260327,cod,KAP,3,396,423,425,287,408,347,571,400,830,574,426,162,830,60,581,36
20260228,cod,FRD,1,281,504,506,278,367,417,645,456,830,671,530,122,830,76,580,60
20260216,cod,RPB,2,246,286,286,180,292,356,612,402,831,592,469,115,831,60,626,36
20260201,cod,RDT,10,470,551,572,378,587,410,638,447,834,676,468,97,834,85,620,43
20260322,cod,NBC,1,46,112,117,50,90,212,481,257,834,499,339,206,834,89,596,56
20260127,cod,RDD,5,88,162,173,86,239,58,219,79,834,266,113,247,834,41,241,17
20260405,cod,NBC,0,62,62,1733,0,115,200,503,241,835,585,378,219,835,90,579,0
20260306,cod,GSB,17,452,727,736,750,1104,293,511,380,836,499,387,154,836,44,489,21
20260108,cod,CLQ,3,434,582,587,461,569,496,664,557,837,839,554,90,837,75,571,36
20260308,cod,PRV,15,511,633,659,620,899,345,572,393,837,610,484,148,837,68,631,42
20260227,cod,DSL,4,128,258,258,180,241,541,693,596,837,685,583,70,837,51,766,28
20260110,cod,SIS,13,539,1639,1683,101,539,95,500,109,838,1171,372,205,838,75,485,60
20260110,cod,PRV,6,386,559,562,453,619,357,589,420,838,873,495,122,838,52,595,34
20260130,cod,RDT,8,560,684,707,455,655,394,698,425,838,753,558,81,838,39,482,22
20260212,cod,GSB,14,620,878,883,724,1017,386,591,459,839,623,482,111,839,60,608,32
20260207,cod,BFK,12,898,1229,1229,927,1220,470,697,505,840,747,604,84,840,39,694,21
20260126,cod,SIS,7,74,74,1196,50,161,156,571,180,842,776,470,183,842,108,573,67
20260207,cod,MAX,5,298,390,426,331,407,511,670,575,842,677,594,85,842,53,748,33
20260123,cod,GSB,22,375,640,682,941,1427,333,607,374,843,689,510,151,843,66,605,30
20260306,cod,MAX,9,468,555,605,479,571,526,675,594,844,635,551,80,844,32,580,18
20260220,cod,PRV,4,315,375,375,272,388,374,573,424,845,586,476,137,845,46,606,23
20260211,cod,PRV,8,310,438,443,287,414,390,613,448,846,632,507,135,846,48,609,26
20260201,cod,NBC,0,24,124,135,42,84,190,519,233,846,608,381,173,846,125,716,75
20260405,cod,GSB,0,541,541,694,0,808,333,560,392,847,629,470,166,847,114,646,0
20260116,cod,CLQ,9,595,1043,1061,1027,1246,497,687,550,847,749,548,102,847,102,702,39
20260207,cod,PRV,5,517,661,664,461,647,387,621,433,848,631,521,136,848,81,696,44
20260120,cod,PRV,7,366,523,530,441,632,384,618,439,850,690,518,126,850,46,550,33
20260208,cod,CLQ,6,278,564,571,336,417,495,681,550,851,732,569,112,851,121,756,45
20260320,cod,CLQ,10,469,589,593,507,622,480,667,547,851,695,554,100,851,97,715,49
20260208,cod,LMR,11,124,948,1044,223,430,264,551,316,851,606,435,136,851,68,644,44
20260107,cod,SIS,46,458,694,699,114,802,83,545,95,852,1254,435,134,852,207,547,193
20260210,cod,CLQ,10,575,778,787,659,810,461,638,530,853,623,510,119,853,98,696,38
20260322,cod,KAP,12,655,748,752,571,756,359,603,408,853,650,473,149,853,75,617,42
20260107,cod,CLQ,2,491,625,636,482,593,495,683,540,853,961,599,91,853,116,445,66
20260130,cod,RPG,8,621,1108,1110,879,1083,582,751,623,855,758,681,75,855,43,762,19
20260206,cod,PRV,2,395,526,528,420,591,426,631,476,856,654,542,118,856,57,625,37
20260315,cod,SME,40,1007,1059,1059,296,1283,92,542,110,856,656,439,188,856,141,674,94
20260325,cod,VEN,19,0,558,586,435,742,333,589,383,856,629,445,180,856,27,229,12
20260128,cod,NBC,20,469,690,718,360,769,225,487,290,857,479,320,180,857,54,494,41
20260323,cod,KAP,14,699,756,854,542,791,345,551,442,859,557,394,154,859,76,576,40
20260111,cod,SIS,17,8,336,805,160,713,94,496,116,859,1075,384,225,859,128,623,78
20260115,cod,VEN,15,0,2018,2082,496,730,247,461,318,860,593,275,201,860,49,662,30
20260303,cod,FHH,16,338,383,420,203,411,217,546,251,860,612,424,162,860,125,597,89
20260114,cod,PRV,25,333,364,365,286,413,362,601,420,862,804,488,161,862,64,600,38
20260205,cod,PRV,10,494,691,695,439,638,388,611,448,862,621,500,144,862,62,630,37
20260203,cod,RDT,11,403,471,492,347,502,382,627,446,862,623,459,92,862,61,692,27
20260222,cod,KAP,6,467,494,494,346,492,387,634,443,864,663,494,144,864,67,703,43
20260315,cod,CLQ,6,299,550,556,372,449,498,690,541,864,772,573,123,864,140,781,74
20260221,cod,VEL,7,286,374,384,291,502,192,375,242,864,331,257,208,864,30,355,20
20260128,cod,SIS,7,52,53,54,67,343,92,466,117,865,445,314,157,865,53,450,37
20260119,cod,PRV,7,560,826,834,564,801,333,525,429,865,596,426,135,865,52,552,32
20260321,cod,MAX,7,581,714,763,597,701,515,680,586,865,703,567,99,865,83,739,53
20260112,cod,RDT,15,875,1030,1071,716,968,510,754,547,866,919,633,94,866,112,780,56
20260113,cod,RDT,15,705,742,779,633,862,498,711,553,866,745,517,81,866,90,698,48
20260218,cod,NMS,67,1307,1595,1642,565,1797,163,465,191,866,484,305,231,866,102,499,74
20260322,cod,MAX,4,608,644,691,634,751,492,673,562,867,680,558,110,867,84,731,45
20260327,cod,PRV,2,384,586,586,361,532,362,569,434,867,545,422,156,867,50,643,32
20260124,cod,CLQ,13,462,703,715,651,818,530,704,588,867,725,572,87,867,133,690,61
20260316,cod,FHH,10,173,356,382,193,397,182,552,211,867,570,418,194,867,125,610,74
20260301,cod,FHH,7,201,292,328,114,220,237,580,279,867,664,447,179,867,149,696,96
20260328,cod,FHH,4,168,212,218,162,342,196,621,226,868,705,501,192,868,115,628,83
20260313,cod,KAP,11,684,815,818,547,723,385,597,445,869,597,458,161,869,76,641,39
20260207,cod,FHH,8,268,357,359,138,327,188,624,207,870,685,479,176,870,98,613,55
20260303,cod,PRV,9,504,715,718,405,589,342,597,384,870,653,502,159,870,93,694,45
20260313,cod,MAX,13,637,757,804,697,829,585,733,625,871,779,645,89,871,107,803,58
20260212,cod,KAP,2,116,152,152,112,142,392,617,462,872,661,502,124,872,77,673,47
20260116,cod,PRV,8,280,496,498,213,317,348,551,417,872,593,430,141,872,58,602,40
20260330,cod,PRV,2,551,878,879,453,664,337,546,421,873,554,422,156,873,64,546,49
20260125,cod,CLQ,5,252,607,630,348,427,493,716,546,873,758,590,104,873,110,686,46
20260329,cod,MAX,0,518,616,649,590,687,481,692,531,873,741,624,123,873,95,747,45
20260402,cod,VEN,0,1,529,561,44,819,316,569,384,874,538,390,186,874,46,727,40
20260317,cod,CLQ,9,480,654,661,580,712,502,676,568,874,708,537,112,874,59,663,35
20260323,cod,NYK,6,629,719,719,633,720,547,667,630,874,551,443,97,874,47,829,27
20260211,cod,CLQ,7,587,827,842,636,795,503,682,574,874,738,573,96,874,134,753,56
20260224,cod,PRV,8,474,672,673,511,743,380,613,432,875,703,548,148,875,45,479,32
20260204,cod,MAX,9,565,785,875,666,789,591,736,649,875,741,656,60,875,75,741,36
20260301,cod,FRD,0,64,117,117,128,183,421,649,465,875,795,549,146,875,112,649,68
20260204,cod,CLQ,5,533,778,784,609,735,532,707,597,875,762,606,86,875,124,725,52
20260223,cod,KAP,5,486,508,510,390,516,362,595,448,876,565,441,153,876,53,606,34
20260321,cod,PRV,6,619,671,671,500,723,343,584,402,877,615,469,189,877,95,649,73
20260301,cod,BFK,10,991,1292,1293,882,1147,483,664,528,877,714,555,94,877,48,669,21
20260202,cod,PRV,18,576,786,788,497,691,319,513,414,877,522,410,150,877,52,517,34
20260320,cod,KAP,10,638,640,646,482,695,360,582,428,878,581,432,156,878,76,626,50
20260123,cod,NBC,15,212,396,417,269,515,190,520,234,878,619,391,207,878,107,669,66
20260316,cod,KAP,25,568,679,683,411,607,376,595,466,880,648,487,150,880,73,590,36
20260110,cod,NBC,20,336,605,627,327,582,300,612,339,880,996,472,153,880,76,515,53
20260127,cod,NBC,30,863,1123,1202,550,1192,201,470,258,881,519,329,196,881,59,405,41
20260311,cod,KAP,7,528,567,574,414,568,375,595,450,881,624,468,163,881,67,652,42
20260322,cod,NYK,0,532,623,623,546,614,570,717,636,882,722,535,100,882,87,1243,50
20260314,cod,FHH,21,263,404,487,256,497,173,561,204,884,565,411,179,884,108,639,76
20260318,cod,KAP,9,524,561,564,383,555,397,622,453,885,644,466,156,885,90,666,61
20260309,cod,PRV,19,608,771,777,512,728,326,586,410,886,613,471,162,886,86,685,55
20260312,cod,GSB,38,567,1086,1093,737,1096,352,598,410,886,625,495,172,886,88,622,49
20260402,cod,PRV,0,550,663,665,377,864,382,600,449,886,613,488,156,886,57,622,40
20260324,cod,KAP,13,588,690,690,441,644,421,630,498,889,635,480,136,889,66,612,43
20260320,cod,GOK,7,421,448,458,288,464,335,630,399,889,698,532,152,889,54,636,38
20260218,cod,CLQ,7,545,702,718,612,737,556,720,603,889,742,607,90,889,73,680,28
20260126,cod,NBC,3,45,267,279,58,97,206,511,257,889,534,359,219,889,64,494,43
20260306,cod,CLQ,9,521,788,812,681,810,521,683,599,890,617,487,106,890,100,705,49
20260129,cod,CLQ,8,468,690,702,564,723,553,746,594,890,787,644,101,890,102,702,42
20260301,cod,CLQ,2,326,668,672,400,467,528,701,590,891,780,606,118,891,86,786,23
20260109,cod,VEL,14,602,859,1069,300,685,237,572,274,891,924,464,178,891,80,595,46
20260328,cod,MAX,3,549,753,796,608,721,546,720,594,893,739,644,90,893,62,749,42
20260130,cod,LMR,13,208,771,869,404,726,263,580,306,893,625,466,129,893,41,610,28
20260128,cod,MAM,8,647,1082,1084,910,1181,348,551,434,895,545,449,102,895,36,629,14
20260329,cod,NBC,0,98,200,213,65,155,217,570,252,895,657,457,216,895,93,624,56
20260215,cod,CLQ,6,201,596,604,301,345,506,711,579,896,775,584,127,896,112,779,62
20260316,cod,VEN,7,0,1467,1470,98,179,311,618,383,897,672,419,209,897,161,667,86
20260117,cod,RDT,18,487,575,590,340,562,437,675,492,898,680,464,110,898,79,701,38
20260228,cod,GSB,12,563,698,699,560,817,423,641,486,898,657,543,145,898,65,697,38
20260116,cod,NBC,17,324,637,687,293,613,249,561,306,901,729,390,181,901,104,713,59
20260130,cod,PRV,4,429,584,594,375,505,411,627,469,901,626,528,143,901,53,773,40
20260313,cod,SME,71,1222,1239,1241,543,2580,138,710,148,902,776,586,159,902,78,697,60
20260217,cod,CLQ,7,527,717,732,627,772,529,696,606,902,658,544,91,902,63,669,27
20260110,cod,FHH,22,741,784,843,391,809,288,643,333,902,1131,467,144,902,110,823,81
20260207,cod,GSB,14,363,730,731,475,697,394,614,452,903,625,503,142,903,73,685,53
20260305,cod,KAP,14,992,1086,1089,865,1220,467,704,529,903,643,474,130,903,95,548,44
20260313,cod,GSB,10,350,491,500,533,838,374,644,433,904,716,552,169,904,99,709,57
20260201,cod,CLQ,2,305,638,644,372,431,535,737,584,904,822,634,132,904,129,810,55
20260221,cod,CLQ,7,465,645,668,553,686,509,701,578,904,710,588,108,904,83,789,38
20260118,cod,KAP,3,643,676,680,458,672,348,586,425,905,654,450,167,905,78,656,52
20260115,cod,NBC,13,209,464,505,176,372,299,635,349,906,829,475,170,906,84,560,62
20260208,cod,DSL,12,458,630,630,489,613,539,763,585,906,826,660,141,906,69,833,47
20260331,cod,VEH,2,525,542,556,156,543,189,605,216,907,619,481,174,907,91,640,67
20260401,cod,MAX,0,607,904,994,521,758,529,720,586,907,757,627,124,907,88,774,40
20260210,cod,GSB,11,404,804,810,593,829,352,633,420,908,682,527,163,908,110,706,69
20260303,cod,NMS,54,1246,1302,1443,437,1276,171,524,215,908,618,411,204,908,124,611,99
20260123,cod,PRV,7,466,576,577,440,632,375,605,439,910,649,504,169,910,74,669,38
20260118,cod,NBC,2,23,225,235,53,112,248,559,293,910,694,399,185,910,105,685,62
20260403,cod,GSB,0,435,881,882,96,529,341,594,404,911,646,491,182,911,74,638,39
20260121,cod,PRV,8,370,539,541,392,527,396,639,464,912,780,544,147,912,60,686,37
20260114,cod,KAP,8,448,616,620,319,450,382,635,443,912,763,514,169,912,72,719,43
20260227,cod,GSB,11,361,613,618,452,656,377,594,455,912,581,471,149,912,44,597,27
20260325,cod,KAP,7,465,529,530,348,515,441,694,497,912,713,550,158,912,72,671,51
20260224,cod,CLQ,2,583,774,785,703,879,486,667,574,914,653,553,117,914,64,691,28
20260327,cod,MAX,6,623,806,830,665,837,539,711,607,914,719,616,82,914,63,791,43
20260203,cod,CLQ,9,506,708,717,568,699,547,717,614,915,703,591,100,915,100,788,40
20260127,cod,SIS,2,100,391,408,28,102,127,510,164,916,445,283,181,916,100,611,60
20260212,cod,CLQ,11,570,790,798,683,836,565,759,614,916,813,620,93,916,133,777,60
20260326,cod,KAP,7,463,475,476,420,579,428,652,485,917,672,509,155,917,61,673,43
20260127,cod,PRV,6,551,881,889,451,616,355,563,432,918,565,447,172,918,40,466,30
20260129,cod,LMR,12,150,641,706,346,643,287,560,334,918,585,431,136,918,50,504,34
20260109,cod,PRV,9,399,633,638,441,622,425,641,495,918,815,515,139,918,53,706,29
20260308,cod,CLQ,4,353,705,707,403,483,557,754,606,918,823,656,132,918,114,802,48
20260325,cod,NYK,10,520,598,600,569,660,638,788,687,919,750,641,79,919,19,593,12
20260108,cod,VEL,12,432,511,526,215,509,278,601,310,920,1048,495,169,920,81,502,50
20260127,cod,CLQ,11,817,1075,1093,933,1172,494,685,583,920,617,509,118,920,114,653,51
20260303,cod,GSB,7,257,451,455,292,443,407,652,477,920,676,541,158,920,80,684,50
20260315,cod,PRV,10,418,817,818,401,594,366,665,423,920,744,549,184,920,117,759,66
20260219,cod,GLA,119,3791,8736,8775,1328,3917,141,513,180,921,564,392,201,921,80,511,55
20260324,cod,MAX,8,586,771,808,585,708,551,714,629,921,700,610,95,921,68,727,29
20260310,cod,CLQ,11,615,878,885,738,934,517,717,590,921,788,609,142,921,105,774,44
20260131,cod,RDT,12,525,643,663,454,649,416,720,462,922,764,552,97,922,132,928,71
20260326,cod,PRV,5,417,534,540,338,494,376,615,444,923,623,468,147,923,58,717,40
20260228,cod,CDM,1,9,165,166,6,18,143,783,156,925,1093,678,182,925,102,749,78
20260210,cod,PRV,10,310,415,418,283,399,427,637,500,925,649,524,161,925,56,633,32
20260319,cod,NYK,2,923,1051,1052,1003,1139,647,782,714,925,793,663,79,925,35,730,23
20260304,cod,TEE,4,636,1400,1401,969,1234,522,753,580,925,924,620,126,925,276,1334,87
20260210,cod,KAP,11,583,655,659,439,627,420,652,497,925,670,514,149,925,53,684,34
20260202,cod,RDT,7,462,561,594,374,544,427,687,477,926,678,496,96,926,69,612,38
20260307,cod,CLQ,16,580,811,815,711,868,548,741,612,927,722,604,105,927,70,643,31
20260329,cod,FHH,1,5,30,31,11,35,177,609,208,927,652,468,206,927,108,663,74
20260311,cod,GSB,36,646,1132,1135,869,1303,351,597,424,927,608,485,183,927,60,613,33
20260319,cod,CLQ,6,330,477,482,424,524,571,743,629,928,717,592,100,928,90,736,34
20260206,cod,GSB,11,234,544,551,417,613,412,676,462,928,692,557,138,928,66,690,41
20260302,cod,FRD,2,265,401,401,319,421,433,673,507,929,634,470,139,929,120,661,71
20260220,cod,BFK,7,860,1003,1004,717,999,537,726,582,929,759,610,91,929,46,801,27
20260228,cod,BFK,16,1078,1234,1236,1102,1374,524,734,568,930,730,603,92,930,41,814,28
20260331,cod,NBC,0,313,422,2014,179,515,256,626,314,931,661,476,201,931,77,615,53
20260201,cod,RPG,4,334,461,462,472,567,558,787,616,931,799,685,102,931,59,881,25
20260114,cod,SIS,12,521,585,622,105,536,93,553,117,932,998,421,203,932,74,493,54
20260125,cod,NBC,2,30,151,161,48,88,229,536,278,933,582,400,226,933,80,520,49
20260122,cod,CLQ,9,469,915,923,511,635,570,755,637,933,785,623,105,933,124,771,52
20260115,cod,PRV,10,597,639,641,497,713,384,632,455,934,725,494,160,934,78,671,39
20260204,cod,KAP,14,630,727,731,489,711,428,683,488,934,721,569,163,934,58,673,34
20260208,cod,FHH,9,95,132,133,37,111,218,625,248,935,698,480,207,935,97,685,63
20260226,cod,VEH,11,312,330,332,162,379,117,386,151,936,376,256,227,936,39,413,29
20260219,cod,PRV,5,297,370,371,293,398,405,665,469,936,668,559,154,936,50,666,38
20260205,cod,CLQ,11,542,722,739,643,779,557,765,618,936,753,607,102,936,88,675,37
20260312,cod,KAP,6,299,338,340,246,337,414,668,471,936,700,543,158,936,87,678,49
20260203,cod,FHH,19,534,604,638,300,751,223,494,282,937,507,372,204,937,65,490,42
20260201,cod,FHH,6,184,213,217,85,209,271,632,303,937,673,498,196,937,112,722,68
20260403,cod,MAX,0,816,1553,1736,331,932,546,734,608,938,750,651,125,938,59,738,26
20260211,cod,GSB,4,494,898,910,652,906,405,651,491,939,640,511,152,939,60,605,37
20260318,cod,NYK,4,1032,1249,1249,982,1123,656,795,727,939,791,663,76,939,34,799,25
20260221,cod,KAP,14,451,490,493,327,478,500,760,551,939,831,653,137,939,59,773,45
20260318,cod,CLQ,3,455,639,656,525,616,565,755,635,940,753,597,104,940,103,753,41
20260217,cod,NMS,30,938,1423,2087,370,963,140,461,185,940,481,312,218,940,78,439,53
20260317,cod,NBC,27,449,685,728,363,749,237,584,286,940,597,413,237,940,113,671,71
20260313,cod,FHH,17,222,817,1287,151,291,198,694,229,943,757,527,182,943,131,775,95
20260307,cod,PRV,9,318,708,713,289,425,378,635,450,943,607,493,151,943,63,703,38
20260223,cod,CLQ,15,674,935,964,838,1010,526,708,599,944,680,544,142,944,63,706,42
20260211,cod,LMR,14,219,733,787,404,734,282,578,345,944,640,451,139,944,87,606,58
20260329,cod,NYK,3,875,1360,1361,996,1127,669,819,716,945,828,700,97,945,37,739,28
20260221,cod,BFK,8,669,917,917,643,811,534,752,574,945,786,617,109,945,50,748,35
20260126,cod,PRV,4,304,305,305,349,489,344,568,431,945,599,456,182,945,53,535,35
20260225,cod,CLQ,5,502,742,753,556,689,517,705,584,945,744,619,117,945,63,669,24
20260314,cod,SME,49,1165,1442,1442,362,1622,146,653,166,946,711,529,173,946,157,871,118
20260126,cod,CLQ,2,149,425,436,391,476,535,748,599,946,790,624,130,946,92,647,40
20260207,cod,CLQ,9,505,681,688,593,734,568,752,636,946,752,617,110,946,124,820,62
20260107,cod,FHH,13,567,624,676,328,642,316,711,358,946,1332,529,178,946,183,465,146
20260220,cod,GSB,8,724,891,898,673,924,409,647,483,947,665,542,159,947,66,662,48
20260209,cod,GSB,3,285,641,653,355,507,401,655,464,948,665,535,166,948,82,649,54
20260208,cod,BFK,7,1021,1226,1226,1051,1351,514,782,554,949,863,663,128,949,68,797,39
20260222,cod,GSB,6,531,591,592,455,638,425,698,482,950,807,619,172,950,67,717,35
20260208,cod,KAP,4,590,694,705,498,660,419,665,485,951,712,526,145,951,91,736,51
20260203,cod,RPG,4,301,445,448,330,389,586,757,650,952,812,671,90,952,52,747,39
20260218,cod,PRV,6,300,401,402,285,409,427,701,480,952,741,597,159,952,59,689,39
20260223,cod,DSL,22,675,949,950,824,990,579,781,657,952,753,624,99,952,65,747,39
20260111,cod,VEL,12,329,614,629,205,545,220,581,268,953,883,443,185,953,93,622,55
20260207,cod,KAP,13,676,747,748,561,782,418,670,489,953,714,538,151,953,54,797,42
20260120,cod,NBC,14,300,518,591,296,617,239,562,306,953,639,390,187,953,76,621,48
20260330,cod,NBC,0,420,603,634,218,560,269,652,323,953,660,485,224,953,66,630,45
20260226,cod,DSL,1,97,210,210,140,187,590,761,668,954,762,632,85,954,59,926,48
20260315,cod,FHH,16,39,90,91,103,343,147,641,165,955,740,531,222,955,128,723,90
20260113,cod,SIS,32,548,563,678,184,1114,107,545,134,955,776,398,205,955,63,544,48
20260313,cod,PRV,15,425,571,573,408,613,404,667,467,955,692,553,154,955,82,695,51
20260302,cod,PRV,17,715,881,887,683,1014,389,629,473,956,610,499,127,956,57,627,42
20260226,cod,GSB,14,608,901,907,620,862,410,665,476,956,710,569,175,956,57,669,38
20260122,cod,NBC,15,351,651,909,324,607,283,596,331,956,668,447,193,956,81,668,59
20260112,cod,FHH,22,661,868,877,379,734,306,716,344,956,1459,529,184,956,127,684,60
20260314,cod,PRV,10,549,723,724,496,694,400,675,457,957,724,546,170,957,91,679,57
20260331,cod,PRV,0,380,693,699,424,707,427,681,484,957,731,569,179,957,66,703,44
20260209,cod,LMR,26,233,754,806,746,1346,312,636,377,958,658,491,166,958,74,629,47
20260131,cod,RPG,5,505,738,741,840,1008,629,816,686,959,885,755,89,959,53,776,36
20260403,cod,NYK,0,494,552,553,278,555,633,764,727,959,754,633,86,959,53,1150,42
20260302,cod,GSB,10,401,609,616,482,696,443,699,515,959,713,575,160,959,60,683,44
20260326,cod,MAX,12,561,780,819,571,710,583,739,664,959,748,660,89,959,46,634,23
20260215,cod,GSB,12,536,1064,1069,538,764,427,700,479,959,786,578,182,959,103,759,46
20260210,cod,LMR,9,194,708,785,421,758,287,594,343,960,621,459,172,960,71,636,47
20260213,cod,GSB,9,730,968,980,681,979,470,744,530,961,790,624,145,961,72,761,46
20260211,cod,KAP,8,346,376,383,286,415,451,701,520,963,679,547,147,963,55,738,38
20260113,cod,PRV,11,392,556,557,419,592,418,682,486,963,788,566,164,963,48,658,30
20260206,cod,CLQ,8,505,730,736,556,682,607,790,667,963,810,663,124,963,140,833,50
20260202,cod,NBC,51,1805,2022,2063,775,2006,275,613,322,963,642,425,201,963,76,623,53
20260401,cod,NBC,0,325,553,862,103,438,204,604,253,963,603,449,237,963,88,637,65
20260219,cod,CLQ,10,515,666,674,550,667,622,796,673,964,847,662,105,964,66,756,28
20260319,cod,KAP,13,504,561,565,370,547,441,699,516,964,733,555,168,964,77,671,51
20260209,cod,FHH,17,560,708,743,206,663,224,549,281,964,533,383,235,964,80,608,56
20260202,cod,FHH,23,720,923,936,209,768,245,549,318,965,521,386,185,965,70,744,47
20260123,cod,KAP,17,708,779,784,537,789,420,675,480,965,766,570,166,965,81,735,46
20260204,cod,GSB,4,360,617,621,320,476,403,668,483,965,655,499,126,965,68,719,31
20260404,cod,GSB,0,489,725,729,38,938,397,662,460,966,637,515,173,966,93,738,52
20260302,cod,FHH,27,552,662,767,310,680,270,663,329,966,685,505,182,966,108,679,65
20260221,cod,GSB,9,568,676,686,546,737,450,703,515,966,707,588,143,966,72,758,59
20260309,cod,VEH,65,2536,3258,3300,1000,2780,177,667,210,966,767,535,178,966,105,716,75
20260125,cod,KAP,4,641,677,679,488,671,411,685,480,967,751,548,181,967,94,762,59
20260331,cod,MAX,1,660,836,889,613,797,560,735,633,968,752,659,105,968,52,742,19
20260219,cod,BFK,6,621,760,760,597,802,536,753,587,968,740,616,103,968,30,681,16
20260122,cod,PRV,11,320,486,492,338,489,426,727,477,968,895,603,167,968,75,769,45
20260209,cod,PRV,4,468,557,560,440,582,360,610,462,969,623,507,190,969,65,613,40
20260203,cod,NBC,19,628,921,1002,409,828,288,635,346,970,688,445,206,970,95,648,59
20260301,cod,PRV,10,579,855,860,511,754,391,646,451,970,682,531,165,970,66,727,40
20260106,cod,LMR,4,304,1058,1095,180,304,8,949,9,971,,,245,971,560,564,349
20260131,cod,NBC,21,642,820,915,419,840,285,683,333,971,758,555,187,971,70,706,53
20260128,cod,LMR,11,189,688,732,441,763,278,580,343,971,574,423,155,971,55,554,30
20260201,cod,LMR,5,85,778,859,208,359,321,670,360,973,719,518,143,973,107,837,64
20260116,cod,MAX,8,482,542,601,421,524,550,737,644,973,759,617,100,973,64,794,37
20260207,cod,DSL,8,268,423,423,353,438,645,834,699,974,853,724,91,974,55,827,46
20260203,cod,FKA,6,76,95,95,33,76,154,379,229,974,370,273,210,974,47,398,38
20260301,cod,NMS,39,522,525,533,189,580,170,571,214,975,615,428,256,975,106,624,84
20260216,cod,DSP,14,350,350,1332,260,586,138,400,183,975,299,218,219,975,32,351,19
20260116,cod,KAP,8,617,698,699,580,832,431,665,497,976,657,466,177,976,57,643,38
20260228,cod,NMS,30,567,633,644,222,633,203,603,237,976,668,451,229,976,116,696,86
20260219,cod,LMR,5,224,640,719,394,673,305,600,362,976,639,462,164,976,69,643,49
20260226,cod,NMS,32,470,628,647,265,700,179,532,211,976,621,392,226,976,100,554,69
20260124,cod,NBC,12,347,497,515,302,548,258,577,317,977,593,403,215,977,89,612,62
20260324,cod,PRV,6,386,481,481,365,545,419,682,482,979,680,516,168,979,78,572,40
20260117,cod,NBC,23,335,532,584,313,733,267,630,322,980,771,450,185,980,94,631,66
20260318,cod,VEN,20,0,555,559,421,648,327,658,388,980,588,429,250,980,118,765,75
20260317,cod,KAP,13,594,625,628,492,704,476,728,538,980,775,585,168,980,92,709,54
20260205,cod,LMR,8,182,528,586,450,776,334,620,391,982,649,472,139,982,72,682,44
20260323,cod,MAX,13,763,890,938,666,804,556,740,644,982,723,628,118,982,84,704,31
20260112,cod,NBC,34,603,865,911,440,877,329,669,374,983,963,469,191,983,81,592,59
20260201,cod,KAP,9,630,666,669,505,721,413,672,483,983,751,531,183,983,85,739,61
20260112,cod,PRV,8,502,703,707,482,726,399,631,506,984,811,528,179,984,55,595,33
20260305,cod,MAX,15,595,702,760,676,802,671,833,733,984,737,617,92,984,99,689,36
20260119,cod,NBC,25,698,1130,1405,576,1074,279,639,324,985,663,416,208,985,97,677,63
20260106,cod,FMB,4,451,763,764,177,451,5,970,7,985,,,293,985,545,547,327
20260131,cod,CLQ,10,578,753,765,685,812,597,798,668,986,811,661,100,986,123,877,60
20260227,cod,CLQ,3,558,762,770,612,731,571,764,629,987,769,658,119,987,70,797,31
20260315,cod,MAX,8,584,729,777,688,813,617,815,690,988,870,720,133,988,118,885,53
20260310,cod,PRV,11,436,565,569,418,601,397,683,464,989,721,572,178,989,86,701,51
20260309,cod,CLQ,25,777,1066,1074,982,1188,564,761,660,989,715,600,126,989,112,855,64
20260216,cod,CLQ,12,683,914,931,934,1118,551,747,634,990,730,580,118,990,85,703,42
20260115,cod,MAX,13,412,447,526,395,489,587,794,662,990,908,711,104,990,83,819,34
20260107,cod,VEN,14,0,1201,1209,252,352,381,671,455,990,1382,541,158,990,134,472,111
20260112,cod,SIS,42,723,1215,1225,260,1371,106,585,128,990,982,408,225,990,147,624,106
20260227,cod,BFK,10,1016,1312,1312,971,1240,562,771,616,991,764,631,98,991,41,856,24
20260225,cod,GSB,6,529,785,791,436,616,473,721,534,991,711,599,169,991,47,725,26
20260209,cod,KAP,9,497,542,547,425,602,453,711,522,991,709,554,174,991,70,739,40
20260402,cod,LMR,0,270,868,990,122,848,304,610,359,991,637,491,160,991,91,633,50
20260319,cod,VEH,4,81,130,169,56,171,132,454,185,992,420,311,222,992,51,551,32
20260121,cod,KAP,10,686,761,762,539,755,430,694,493,994,718,549,161,994,49,702,30
20260220,cod,NMS,13,397,448,466,169,454,221,670,250,996,778,532,233,996,92,651,76
20260217,cod,BFK,2,654,767,767,612,780,520,755,578,997,786,631,118,997,53,669,30
20260214,cod,CLQ,16,545,751,764,598,732,609,835,654,998,845,686,104,998,102,801,53
20260225,cod,DSL,2,87,177,177,123,167,629,824,679,998,876,718,100,998,54,776,36
20260110,cod,VEL,9,456,736,805,290,597,254,651,294,999,1028,513,193,999,93,667,52
20260106,cod,NKF,10,1672,2054,2075,1335,1672,22,974,25,999,,,309,999,568,575,328
20260213,cod,CLQ,4,524,725,730,620,749,643,824,713,999,810,656,101,999,112,787,36
20260302,cod,NMS,46,836,878,891,288,855,191,612,240,1001,649,470,253,1001,112,623,91
20260316,cod,NBC,62,914,1225,1315,453,1166,229,578,302,1001,576,385,267,1001,116,623,81
20260127,cod,KAP,22,1245,1336,1342,1071,1491,401,644,517,1002,590,476,166,1002,57,589,38
20260206,cod,MAX,9,322,433,462,392,500,653,850,709,1002,868,773,100,1002,84,855,44
20260212,cod,LMR,17,229,760,833,378,744,318,672,371,1003,677,522,164,1003,70,667,44
20260402,cod,MAX,0,935,1050,1164,664,1241,620,787,702,1003,795,692,105,1003,65,794,40
20260220,cod,CLQ,5,565,796,806,603,727,613,814,670,1003,780,650,109,1003,72,781,35
20260404,cod,VEN,0,0,0,633,0,675,411,752,456,1004,894,622,201,1004,72,750,49
20260205,cod,MAX,6,304,481,525,436,529,687,865,736,1004,892,792,74,1004,78,897,38
20260129,cod,MAM,9,575,1027,1031,777,1012,507,742,574,1004,745,657,88,1004,33,721,17
20260212,cod,PFP,31,625,751,752,277,705,163,503,224,1005,562,373,256,1005,150,653,66
20260207,cod,LMR,17,206,846,935,365,631,350,681,397,1005,684,531,141,1005,71,746,55
20260403,cod,PRV,0,293,536,538,92,346,457,746,511,1007,807,645,174,1007,74,758,48
20260314,cod,CLQ,9,500,702,713,577,699,587,784,668,1007,807,650,121,1007,133,829,72
20260228,cod,CLQ,15,627,848,856,686,838,595,798,653,1007,833,698,121,1007,63,779,40
20260203,cod,KAP,7,721,802,809,581,804,463,720,539,1007,719,583,164,1007,56,721,41
20260115,cod,FHH,18,684,722,728,349,735,324,690,360,1007,970,522,191,1007,116,683,61
20260220,cod,LMR,13,257,843,921,399,683,324,646,379,1008,711,499,159,1008,76,672,51
20260205,cod,GSB,3,292,703,711,366,548,468,743,533,1009,735,599,144,1009,61,729,37
20260122,cod,KAP,15,701,782,784,551,776,446,707,511,1009,724,568,170,1009,57,725,35
20260323,cod,PRV,8,566,726,756,444,642,426,686,522,1009,710,544,166,1009,90,665,46
20260114,cod,RDT,7,438,493,517,338,474,589,840,640,1009,943,697,96,1009,146,793,62
20260311,cod,PRV,19,646,910,913,491,777,471,728,531,1009,770,596,175,1009,107,795,57
20260120,cod,DSP,70,1517,1539,1589,838,2916,101,316,146,1010,523,148,248,1010,29,285,19
20260401,cod,VEN,0,113,808,920,156,627,355,692,422,1010,686,488,179,1010,46,661,34
20260318,cod,PRV,8,466,637,640,380,595,428,700,498,1011,711,551,187,1011,93,698,61
20260224,cod,GSB,5,329,420,422,326,440,453,681,542,1012,687,575,156,1012,47,700,28
20260320,cod,PRV,10,593,696,699,445,662,381,684,462,1012,681,528,182,1012,86,733,62
20260201,cod,FKA,4,186,186,186,90,207,245,605,286,1013,654,453,191,1013,90,683,62
20260310,cod,KAP,13,668,706,708,490,711,440,703,517,1013,699,543,174,1013,89,747,56
20260119,cod,SIS,14,79,786,788,92,269,77,456,105,1013,355,236,257,1013,53,584,34
20260227,cod,NMS,29,456,485,488,181,568,190,616,221,1014,640,442,245,1014,99,633,76
20260117,cod,CLQ,3,570,876,894,840,1014,628,832,704,1014,898,679,88,1014,123,763,56
20260117,cod,KAP,14,599,628,631,485,689,448,694,530,1015,791,560,177,1015,67,719,38
20260210,cod,DSL,6,336,538,538,342,435,626,832,690,1016,812,692,110,1016,65,821,45
20260314,cod,MAX,8,804,1040,1095,757,916,675,870,734,1017,892,767,110,1017,125,859,56
20260219,cod,GSB,9,625,826,832,545,751,428,693,504,1018,704,569,179,1018,68,747,46
20260311,cod,CLQ,8,625,826,846,724,878,606,799,695,1018,820,645,124,1018,129,804,49
20260218,cod,PFP,34,618,964,964,242,728,150,520,210,1020,501,385,268,1020,60,544,43
20260112,cod,KAP,9,654,840,842,501,703,420,660,512,1021,908,517,180,1021,74,709,44
20260209,cod,CLQ,17,725,968,985,842,1043,606,804,693,1022,794,654,134,1022,102,797,54
20260113,cod,KAP,8,742,839,841,709,934,458,715,537,1022,871,588,154,1022,76,693,49
20260401,cod,PRV,0,483,799,799,449,795,475,745,530,1022,731,613,184,1022,66,783,43
20260325,cod,MAX,5,544,695,721,580,731,624,831,693,1023,824,731,118,1023,61,822,26
20260312,cod,NBC,19,358,626,664,273,517,226,580,284,1026,646,424,251,1026,130,751,72
20260218,cod,GLA,33,691,845,845,255,766,152,567,206,1026,593,426,232,1026,97,586,73
20260120,cod,KAP,11,667,736,736,527,725,432,712,522,1027,696,537,168,1027,63,747,38
20260202,cod,RPG,4,436,558,560,460,563,628,831,720,1027,826,718,100,1027,34,766,24
20260302,cod,CLQ,11,682,908,917,887,1072,604,818,686,1028,779,644,105,1028,81,801,46
20260330,cod,MAX,1,715,853,900,717,876,578,769,667,1028,767,669,125,1028,75,774,46
20260202,cod,CLQ,9,679,884,893,862,1075,593,813,671,1030,784,639,129,1030,116,768,68
20260218,cod,BFK,13,861,1042,1042,782,974,564,796,619,1030,792,649,109,1030,43,756,30
20260220,cod,RDD,76,93,468,469,253,2407,57,351,65,1030,356,246,331,1030,49,409,37
20260109,cod,FHH,23,656,717,725,357,715,363,763,406,1031,1256,581,160,1031,94,734,68
20260226,cod,CLQ,4,630,814,823,705,877,633,832,693,1032,828,701,117,1032,59,799,25
20260316,cod,CLQ,15,647,858,863,791,949,589,801,686,1032,760,618,120,1032,97,695,62
20260307,cod,KAP,8,629,706,710,504,698,487,797,534,1033,803,650,175,1033,60,709,41
20260315,cod,NBC,1,19,186,199,33,52,207,580,260,1034,686,449,272,1034,126,667,79
20260125,cod,LMR,4,68,669,745,138,280,340,712,385,1035,801,559,186,1035,85,772,54
20260121,cod,NBC,19,274,537,567,297,573,276,672,337,1035,751,526,192,1035,71,637,47
20260308,cod,KAP,12,613,622,626,487,690,491,766,551,1036,840,635,188,1036,94,972,62
20260113,cod,FHH,26,572,624,632,372,781,334,754,384,1036,1006,574,180,1036,101,718,71
20260325,cod,PRV,5,359,478,478,324,453,438,706,513,1037,703,550,163,1037,55,585,29
20260215,cod,LMR,6,79,682,756,161,311,319,698,373,1037,777,552,187,1037,98,755,63
20260214,cod,GSB,12,656,867,906,598,894,491,775,549,1038,793,627,149,1038,76,746,50
20260222,cod,LMR,6,100,812,916,225,416,315,647,366,1038,666,478,178,1038,96,764,70
20260118,cod,CLQ,5,277,622,628,451,544,629,866,675,1038,973,724,133,1038,136,795,58
20260110,cod,KAP,8,605,698,698,481,687,438,724,501,1039,979,563,191,1039,69,764,38
20260320,cod,NYK,5,628,754,754,686,755,721,894,785,1039,994,780,84,1039,32,771,22
20260329,cod,LMR,0,111,813,887,205,392,318,650,361,1040,722,520,202,1040,91,683,59
20260130,cod,CLQ,7,598,833,840,659,815,631,845,700,1040,870,722,99,1040,96,769,37
20260203,cod,LMR,13,195,523,572,406,685,340,693,398,1042,736,531,158,1042,88,749,59
20260116,cod,VEN,44,0,904,922,862,1310,411,710,482,1042,938,492,205,1042,77,621,59
20260206,cod,LMR,10,166,600,669,278,533,406,740,452,1043,765,603,132,1043,63,711,39
20260202,cod,FKA,2,101,101,101,47,101,188,502,242,1043,404,282,217,1043,68,921,49
20260115,cod,SIS,7,43,125,125,17,107,112,660,132,1044,1029,514,211,1044,108,683,67
20260111,cod,KAP,6,576,631,632,455,669,420,711,482,1044,966,558,216,1044,79,767,43
20260309,cod,KAP,10,574,618,622,429,583,450,693,535,1045,703,514,168,1045,77,712,49
20260305,cod,GSB,24,327,699,708,685,1015,476,778,550,1046,721,603,170,1046,83,674,38
20260331,cod,VEN,0,0,519,613,568,1293,417,719,483,1046,729,517,190,1046,56,535,38
20260321,cod,NBC,7,258,382,412,257,432,252,667,312,1047,699,501,229,1047,135,727,107
20260317,cod,PRV,6,519,650,651,497,762,415,705,492,1047,771,588,191,1047,77,703,47
20260401,cod,GSB,0,367,537,540,341,622,390,695,469,1048,695,560,194,1048,53,731,28
20260309,cod,GSB,14,356,1140,1151,486,719,480,785,548,1050,824,680,179,1050,74,754,47
20260401,cod,LMR,0,187,791,861,232,771,330,653,389,1050,681,533,170,1050,82,703,49
20260114,cod,FHH,26,744,827,833,442,802,325,688,376,1050,974,535,211,1050,114,717,76
20260205,cod,KAP,11,578,646,647,469,670,474,740,554,1051,775,594,176,1051,48,640,27
20260215,cod,BFK,8,520,614,614,567,753,525,786,587,1053,825,653,117,1053,66,911,37
20260120,cod,FHH,19,893,936,945,550,1030,328,705,374,1053,780,509,198,1053,95,753,70
20260312,cod,PRV,20,666,856,860,619,930,461,741,535,1054,736,605,173,1054,70,725,32
20260318,cod,KAL,4,196,440,440,262,318,711,919,767,1054,965,852,146,1054,96,1007,60
20260131,cod,GSB,8,424,602,607,551,771,407,677,469,1054,718,569,185,1054,85,705,44
20260130,cod,TEE,23,832,1582,1582,1348,1765,492,705,567,1056,712,556,160,1056,43,722,27
20260308,cod,LMR,8,120,783,869,238,421,275,601,339,1056,654,453,198,1056,96,677,55
20260117,cod,SSI,39,1194,1850,1859,546,1982,228,948,234,1057,1169,813,134,1057,115,783,79
20260330,cod,VEN,0,0,1216,1389,328,665,455,806,495,1057,890,599,208,1057,50,532,40
20260131,cod,LMR,12,244,746,829,438,799,386,760,436,1057,822,613,155,1057,73,783,51
20260328,cod,LMR,0,263,748,828,363,699,305,653,367,1057,678,515,192,1057,65,680,46
20260402,cod,GSB,0,346,436,438,189,500,424,712,498,1058,693,573,188,1058,72,754,46
20260216,cod,NMS,22,923,948,966,346,956,180,566,236,1059,535,377,227,1059,118,576,86
20260215,cod,NMS,0,60,79,82,58,159,159,570,201,1062,688,434,258,1062,119,646,84
20260317,cod,VEN,32,0,521,524,702,1144,421,757,471,1064,828,564,209,1064,134,682,90
20260404,cod,PRV,0,546,788,793,14,803,474,760,555,1065,813,642,188,1065,81,837,61
20260213,cod,NMS,15,492,523,525,177,511,168,580,198,1065,623,426,275,1065,120,610,69
20260202,cod,KAP,8,747,830,832,574,783,484,729,570,1066,717,552,157,1066,60,749,36
20260310,cod,GSB,17,292,639,643,464,711,447,771,507,1067,798,648,191,1067,88,807,65
20260320,cod,MAX,7,654,797,836,621,744,632,846,714,1067,866,714,102,1067,102,908,65
20260319,cod,MAX,6,473,561,584,493,585,641,856,723,1067,918,760,104,1067,112,868,53
20260220,cod,GLA,298,3863,6529,6581,2912,8526,197,692,236,1068,794,547,215,1068,105,658,79
20260225,cod,PRV,14,554,802,809,504,754,471,833,516,1070,882,709,159,1070,58,804,41
20260221,cod,LMR,19,286,857,952,491,856,335,718,383,1071,746,541,175,1071,94,766,67
20260129,cod,TEE,8,483,1386,1386,805,1029,486,727,568,1072,736,581,157,1072,45,749,33
20260317,cod,MAX,13,603,776,836,658,804,659,855,748,1073,870,746,113,1073,82,774,31
20260121,cod,CLQ,11,427,584,588,579,731,640,836,729,1073,822,676,101,1073,114,874,45
20260114,cod,VEL,16,534,760,769,334,799,254,650,294,1073,851,490,254,1073,100,630,62
20260313,cod,CLQ,8,495,710,721,579,717,667,875,735,1074,893,733,129,1074,109,904,52
20260316,cod,PRV,22,514,757,759,600,913,439,736,534,1074,731,566,203,1074,103,734,66
20260202,cod,LMR,21,205,701,764,613,1096,344,720,414,1076,725,548,167,1076,68,724,45
20260316,cod,SME,26,657,812,816,161,709,139,717,178,1076,803,551,198,1076,124,753,79
20260319,cod,GSB,27,572,1142,1154,740,1214,428,751,501,1078,794,611,214,1078,129,776,66
20260204,cod,LMR,4,122,699,745,265,445,356,722,413,1080,731,565,165,1080,72,732,46
20260222,cod,BFK,6,642,876,877,683,888,610,857,654,1082,904,717,130,1082,63,854,40
20260212,cod,NBC,32,876,1085,1196,463,1092,249,643,315,1083,710,464,230,1083,105,805,63
20260226,cod,LMR,30,335,961,1051,536,991,373,713,434,1083,759,559,154,1083,68,707,40
20260403,cod,LMR,0,358,1050,1225,71,976,356,729,408,1085,807,599,177,1085,113,774,64
20260225,cod,LMR,20,321,974,1092,526,914,352,716,400,1085,744,570,186,1085,76,731,46
20260108,cod,PRV,4,360,584,592,381,538,532,796,603,1085,1070,664,165,1085,51,763,30
20260127,cod,LMR,20,158,681,749,615,1109,284,628,356,1087,620,453,183,1087,74,646,46
20260119,cod,KAP,5,664,722,723,484,697,489,760,574,1088,845,624,179,1088,84,769,47
20260116,cod,RDT,14,475,549,574,418,637,610,872,671,1088,870,633,92,1088,104,876,50
20260126,cod,RDD,6,158,215,216,51,176,89,320,105,1088,338,201,353,1088,52,345,33
20260326,cod,LMR,0,218,702,768,385,713,280,625,346,1089,599,457,182,1089,68,630,46
20260223,cod,LMR,25,242,772,840,688,1185,357,709,407,1089,727,536,176,1089,80,701,55
20260327,cod,LMR,1,239,669,750,393,730,333,659,381,1089,681,534,208,1089,63,667,40
20260201,cod,GSB,5,263,550,554,278,401,464,768,519,1090,854,653,190,1090,80,780,31
20260118,cod,VEN,11,0,9,9,439,667,388,708,449,1092,875,476,227,1092,165,955,97
20260113,cod,VEL,31,620,814,891,392,902,243,666,297,1093,902,488,212,1093,97,704,62
20260112,cod,VEL,21,448,864,936,374,802,282,677,340,1093,967,502,206,1093,128,708,69
20260211,cod,GLA,27,694,729,732,300,826,209,663,262,1095,705,523,244,1095,75,536,50
20260115,cod,KAP,20,551,774,775,577,814,528,808,587,1096,934,657,173,1096,72,790,43
20260224,cod,BFK,5,627,698,700,630,794,608,834,675,1096,824,667,113,1096,51,832,29
20260216,cod,BFK,8,696,822,822,608,790,590,825,670,1097,781,658,131,1097,59,886,28
20260218,cod,LMR,10,233,679,767,422,755,311,674,386,1097,706,531,162,1097,76,707,59
20260319,cod,NBC,10,211,403,425,214,434,264,652,338,1097,715,498,247,1097,117,749,83
20260310,cod,VEH,33,671,724,728,300,958,227,738,263,1098,838,581,237,1098,112,773,75
20260114,cod,MAX,8,455,532,613,457,534,669,870,759,1099,935,766,118,1099,64,886,34
20260206,cod,KAP,14,608,709,712,475,674,488,785,586,1099,775,618,163,1099,56,831,30
20260121,cod,FHH,12,845,978,997,493,902,359,767,398,1100,912,603,197,1100,93,767,69
20260107,cod,KAP,11,703,759,761,526,767,528,847,584,1100,1207,706,188,1100,146,646,75
20260124,cod,KAP,20,634,662,664,501,704,501,788,600,1102,816,625,162,1102,80,762,52
20260123,cod,LMR,12,164,668,721,326,599,349,697,397,1106,842,573,177,1106,75,739,41
20260226,cod,BFK,9,685,911,912,822,1075,617,850,684,1106,866,708,98,1106,50,925,35
20260118,cod,VEL,7,392,772,785,208,494,252,643,305,1106,763,487,223,1106,104,697,70
20260331,cod,GSB,0,431,656,658,345,572,374,661,486,1107,658,515,227,1107,83,730,44
20260209,cod,DSL,22,489,588,588,515,662,642,862,762,1107,884,721,115,1107,69,919,42
20260217,cod,LMR,14,205,723,807,381,700,366,740,424,1108,715,550,188,1108,71,692,41
20260128,cod,TEE,6,411,988,988,552,706,483,712,575,1108,671,554,191,1108,57,756,32
20260315,cod,LMR,9,155,1009,1107,280,478,330,710,396,1109,793,555,200,1109,146,827,80
20260228,cod,PRV,5,428,626,629,341,500,464,764,540,1112,777,609,166,1112,67,809,48
20260319,cod,PRV,5,400,434,435,364,537,494,822,561,1112,855,684,186,1112,81,850,51
20260203,cod,GSB,13,715,826,828,706,984,466,748,563,1114,754,584,163,1114,73,742,36
20260301,cod,VEN,12,,,,213,345,432,775,484,1114,862,587,243,1114,95,645,56
20260129,cod,KAP,10,623,688,693,506,703,513,836,580,1115,898,711,165,1115,68,770,32
20260217,cod,GLA,44,779,855,858,294,893,184,604,239,1115,579,429,242,1115,98,592,67
20260131,cod,KAP,8,676,767,770,529,725,497,771,576,1115,810,636,174,1115,65,830,42
20260318,cod,MAX,8,628,739,773,662,803,713,921,776,1116,935,812,116,1116,110,963,52
20260305,cod,CLQ,6,641,928,953,781,938,722,944,799,1117,853,666,125,1117,110,684,44
20260224,cod,LMR,14,308,915,1000,456,869,391,710,446,1118,708,540,180,1118,67,745,50
20260122,cod,LMR,14,178,622,682,351,662,359,674,420,1119,751,506,177,1119,54,659,40
20260311,cod,NBC,16,345,523,559,240,507,267,678,320,1121,698,499,277,1121,129,844,86
20260318,cod,GSB,18,989,1770,1783,918,1478,424,749,500,1122,775,596,210,1122,102,767,53
20260313,cod,NBC,27,537,714,757,358,785,295,763,354,1122,857,592,267,1122,146,792,100
20260108,cod,FHH,15,723,802,869,369,781,394,879,434,1124,1398,625,206,1124,95,620,71
20260124,cod,LMR,9,188,613,670,377,694,348,731,404,1124,784,559,180,1124,92,785,62
20260316,cod,MAX,26,920,1115,1169,895,1067,736,915,819,1126,911,785,128,1126,79,905,35
20260331,cod,LMR,0,234,815,904,309,734,329,698,408,1126,703,557,187,1126,93,750,62
20260227,cod,LMR,27,362,962,1076,545,1000,381,774,440,1127,823,606,178,1127,79,804,51
20260305,cod,PRV,12,412,633,647,388,555,496,851,589,1127,829,643,182,1127,111,747,46
20260225,cod,NMS,29,629,794,818,254,662,169,534,220,1127,573,410,284,1127,79,572,59
20260314,cod,GSB,16,485,683,691,413,635,499,837,560,1128,900,705,188,1128,134,905,83
20260126,cod,LMR,7,95,674,723,255,492,296,674,361,1128,727,518,200,1128,94,717,54
20260313,cod,LMR,23,281,888,991,431,837,343,739,403,1129,804,571,204,1129,119,799,69
20260218,cod,GSB,11,550,677,680,652,880,461,751,541,1133,717,593,205,1133,48,736,24
20260212,cod,GLA,21,650,786,789,236,687,245,732,291,1135,825,581,241,1135,124,740,94
20260124,cod,GSB,4,244,679,739,497,745,492,859,554,1137,916,717,180,1137,106,903,66
20260220,cod,VEL,4,187,383,406,171,301,204,488,277,1137,417,324,277,1137,54,460,39
20260108,cod,KAP,6,685,768,771,522,741,499,812,578,1137,1163,655,191,1137,97,769,56
20260109,cod,FMB,80,2421,3702,3732,1440,3513,254,683,300,1138,1384,531,255,1138,84,685,62
20260312,cod,CLQ,16,536,737,742,615,767,727,933,809,1138,926,772,115,1138,131,920,47
20260306,cod,PRV,17,398,505,561,624,964,512,797,622,1140,761,627,141,1140,101,665,43
20260223,cod,BFK,4,705,870,870,749,938,633,894,705,1141,880,712,125,1141,58,925,28
20260131,cod,VEN,29,0,1349,1373,1025,1600,391,682,464,1142,692,519,248,1142,253,838,126
20260210,cod,GLA,25,681,813,814,308,802,171,504,231,1142,451,328,287,1142,96,563,63
20260325,cod,LMR,1,235,748,805,385,678,302,689,366,1143,662,500,223,1143,67,640,40
20260107,cod,PRV,11,288,466,470,381,519,530,835,604,1145,1130,688,191,1145,117,649,79
20260109,cod,KAP,11,714,797,803,567,796,513,820,585,1150,1090,665,188,1150,82,827,50
20260120,cod,CLQ,6,408,627,634,506,617,682,936,758,1152,937,757,128,1152,181,1115,57
20260330,cod,LMR,1,263,760,832,543,1131,348,726,410,1152,715,555,188,1152,60,693,44
20260220,cod,PFP,143,3531,4116,4127,1351,5021,214,836,247,1152,1012,742,280,1152,150,945,94
20260225,cod,BFK,7,556,946,951,492,629,657,958,708,1152,973,816,108,1152,41,868,24
20260321,cod,RDD,40,1099,1153,1153,313,1210,72,453,96,1156,596,360,363,1156,121,515,93
20260213,cod,LMR,9,185,622,691,411,723,417,837,464,1156,893,680,175,1156,75,819,54
20260117,cod,VEL,25,513,700,708,406,962,257,673,318,1157,768,480,233,1157,101,744,73
20260214,cod,LMR,18,233,716,801,398,683,381,780,445,1158,820,614,170,1158,88,802,59
20260131,cod,TEE,23,749,1193,1194,1166,1500,631,902,709,1159,943,758,156,1159,76,949,38
20260119,cod,FHH,26,971,1142,1161,529,1052,339,768,402,1160,847,573,234,1160,123,779,84
20260227,cod,PRV,11,510,582,583,452,651,475,799,536,1160,820,635,181,1160,64,864,42
20260106,cod,FKA,13,800,807,809,349,800,8,1146,8,1161,,,289,1161,680,680,517
20260210,cod,NBC,34,885,1102,1225,467,1125,275,679,332,1162,700,504,298,1162,120,759,78
20260217,cod,PFP,18,764,872,874,364,946,208,647,272,1164,611,463,286,1164,84,847,60
20260227,cod,VEN,15,0,265,271,215,383,353,644,454,1164,624,446,259,1164,116,848,62
20260115,cod,RDT,14,359,495,516,265,387,660,965,726,1164,1039,745,126,1164,114,981,61
20260212,cod,NMS,24,615,634,640,202,643,148,528,205,1165,538,375,365,1165,94,520,60
20260214,cod,NMS,28,385,504,511,142,415,196,667,233,1165,712,504,260,1165,111,667,85
20260205,cod,NBC,12,508,753,772,365,727,337,761,396,1166,791,547,247,1166,102,823,76
20260310,cod,LMR,16,255,812,906,399,760,381,725,435,1169,755,559,207,1169,112,841,64
20260302,cod,VEN,4,5,514,518,24,60,411,759,504,1176,677,504,228,1176,84,821,60
20260404,cod,LMR,0,376,776,1220,12,1158,388,792,452,1176,835,626,193,1176,133,857,81
20260301,cod,LMR,12,138,839,923,260,503,394,788,462,1178,880,627,201,1178,112,903,71
20260303,cod,NBC,23,448,682,741,378,807,202,563,289,1179,631,424,274,1179,96,586,80
20260204,cod,NBC,18,552,751,772,391,827,353,861,406,1179,941,666,220,1179,85,737,51
20260318,cod,NBC,12,251,445,608,256,455,292,766,350,1181,834,608,281,1181,118,725,79
20260308,cod,NBC,0,35,169,184,29,61,288,650,354,1185,776,508,278,1185,92,652,60
20260130,cod,KAP,7,643,692,693,541,708,577,883,656,1187,863,712,170,1187,67,943,40
20260212,cod,MAM,5,1416,2273,2290,1766,2156,642,914,712,1190,933,792,113,1190,77,1045,17
20260115,cod,VEL,15,519,788,800,339,728,273,759,322,1190,986,591,257,1190,125,791,79
20260312,cod,LMR,22,286,871,958,447,866,373,763,431,1192,775,568,176,1192,119,750,71
20260228,cod,VEN,10,1,314,315,126,208,444,786,517,1193,883,622,239,1193,123,870,79
20260330,cod,NYK,0,850,1217,1220,1148,1338,833,1027,917,1194,1128,894,98,1194,44,806,33
20260314,cod,NBC,50,715,832,857,428,957,312,783,373,1195,794,585,276,1195,142,826,103
20260216,cod,LMR,25,213,695,777,519,1027,378,785,474,1196,789,593,184,1196,84,764,63
20260122,cod,FHH,19,679,754,795,376,786,435,882,483,1198,1035,721,207,1198,97,771,68
20260215,cod,GLA,12,235,420,420,84,275,207,685,257,1200,749,519,271,1200,138,832,96
20260116,cod,FHH,21,615,658,669,356,701,356,778,417,1200,895,551,223,1200,106,798,87
20260402,cod,NYK,0,375,436,437,490,610,791,973,889,1204,877,763,106,1204,50,1289,37
20260216,cod,GLA,27,741,859,859,309,944,206,662,273,1205,642,466,274,1205,103,691,72
20260405,cod,LMR,0,180,180,1368,0,594,387,788,445,1205,849,622,202,1205,104,780,0
20260317,cod,BFK,0,8,13,13,39,48,580,817,678,1208,764,609,152,1208,53,953,24
20260320,cod,NBC,10,208,370,487,184,385,321,769,380,1209,814,587,290,1209,134,763,98
20260215,cod,PFP,3,35,681,681,49,116,207,701,268,1211,802,567,305,1211,86,757,57
20260223,cod,GSB,9,662,773,775,524,724,555,870,650,1212,812,697,192,1212,69,897,43
20260130,cod,MAM,2,686,1104,1105,820,1168,687,952,731,1212,983,872,121,1212,33,967,16
20260120,cod,FKA,22,951,974,974,367,979,266,805,312,1212,989,561,226,1212,99,844,70
20260216,cod,PFP,21,77,261,261,262,760,222,661,306,1213,761,499,316,1213,63,483,44
20260302,cod,BFK,10,1104,1193,1193,1133,1402,769,1026,827,1214,1058,882,99,1214,70,906,48
20260130,cod,FHH,10,210,282,291,145,298,355,753,421,1216,756,552,231,1216,95,956,68
20260311,cod,LMR,26,265,815,919,447,800,436,825,485,1216,868,662,196,1216,124,894,66
20260324,cod,LMR,1,210,615,707,400,700,345,696,414,1216,655,502,222,1216,77,686,46
20260130,cod,GSB,13,377,724,730,486,699,452,760,533,1218,706,574,197,1218,99,791,37
20260128,cod,FHH,15,459,542,549,291,557,414,810,473,1218,891,611,217,1218,147,830,75
20260321,cod,LMR,10,220,675,750,309,585,351,775,404,1220,838,589,228,1220,136,859,108
20260317,cod,GSB,23,569,1203,1224,651,1075,482,805,584,1220,802,641,229,1220,101,822,60
20260123,cod,DSP,55,1272,3310,3336,605,2175,307,936,329,1223,1321,774,222,1223,136,822,88
20260307,cod,LMR,21,268,836,939,479,856,343,686,436,1223,710,532,210,1223,98,677,68
20260225,cod,VEH,4,135,173,174,63,164,141,453,211,1223,424,278,309,1223,30,429,23
20260129,cod,GSB,4,339,642,647,741,1041,436,749,542,1224,771,590,188,1224,66,736,48
20260404,cod,MAX,0,1394,1772,1998,20,2097,768,1005,858,1225,1041,908,132,1225,66,883,36
20260118,cod,SIS,1,29,29,29,12,29,106,649,128,1226,771,446,244,1226,115,820,79
20260118,cod,LMR,5,56,736,820,174,290,372,758,447,1227,897,568,220,1227,99,848,51
20260108,cod,FMB,92,2461,3531,3543,1628,3942,258,703,316,1229,1425,508,275,1229,81,698,63
20260126,cod,FHH,1,134,206,210,69,152,339,776,401,1229,826,559,259,1229,99,871,70
20260123,cod,FHH,20,711,824,832,418,789,407,882,459,1230,1000,685,228,1230,132,970,83
20260226,cod,PRV,7,434,575,578,469,682,553,915,640,1230,981,774,173,1230,70,991,33
20260311,cod,VEH,21,649,678,681,246,749,247,837,282,1233,968,622,251,1233,151,910,109
20260405,cod,MAX,0,930,930,1343,0,1364,736,1022,805,1236,1172,924,170,1236,123,964,0
20260315,cod,GSB,14,311,532,532,309,507,539,922,612,1237,1038,796,227,1237,165,1002,88
20260116,cod,VEL,24,431,871,919,364,754,302,760,364,1237,857,558,237,1237,106,795,68
20260118,cod,FHH,24,922,968,982,559,1107,337,738,392,1243,858,531,250,1243,120,839,82
20260322,cod,RDD,22,1052,1097,2234,304,1101,113,718,125,1244,930,580,396,1244,197,804,146
20260329,cod,GSB,0,296,561,561,302,493,417,771,506,1247,829,604,294,1247,99,868,56
20260120,cod,VEL,29,989,1272,1363,572,1360,298,755,354,1248,793,575,261,1248,96,798,59
20260123,cod,VEN,10,0,1120,1174,446,709,431,755,516,1249,812,553,286,1249,146,938,85
20260322,cod,LMR,5,101,644,721,175,353,342,783,394,1249,834,596,251,1249,141,863,85
20260214,cod,BFK,7,438,671,672,541,690,668,959,742,1251,942,785,123,1251,55,999,34
20260213,cod,GLA,20,494,531,532,226,630,252,813,307,1255,865,627,273,1255,146,912,116
20260314,cod,LMR,21,315,927,1037,511,961,394,832,455,1255,867,644,216,1255,113,821,82
20260110,cod,VEN,20,0,1249,1264,406,609,652,1018,694,1256,1323,851,205,1256,135,684,63
20260224,cod,NMS,29,644,744,757,241,693,200,599,263,1256,622,440,300,1256,84,659,64
20260121,cod,LMR,16,220,699,786,406,749,376,765,461,1257,877,600,214,1257,73,755,39
20260113,cod,MAX,9,663,748,832,648,784,800,1028,882,1258,1141,920,116,1258,79,976,36
20260216,cod,GSB,10,221,333,334,529,750,561,918,657,1260,918,720,203,1260,89,885,55
20260124,cod,FHH,21,765,838,844,477,926,432,919,497,1260,905,664,200,1260,139,1068,95
20260120,cod,LMR,12,199,722,812,404,744,382,778,448,1263,888,595,213,1263,86,859,50
20260218,cod,SME,52,898,2492,2948,532,2269,195,1004,213,1265,1144,810,189,1265,141,995,88
20260116,cod,SIS,10,160,225,228,35,195,144,806,162,1270,1084,569,245,1270,123,830,91
20260217,cod,RDD,1,74,4168,5721,48,123,98,1053,114,1272,1289,934,299,1272,99,768,62
20260130,cod,VEN,21,0,1107,1120,784,1182,388,724,487,1273,647,487,281,1273,116,961,60
20260124,cod,VEN,42,1,825,841,989,1620,443,816,517,1274,893,609,276,1274,213,905,115
20260131,cod,FHH,10,444,516,842,222,517,368,746,462,1274,759,557,255,1274,86,933,65
20260127,cod,FHH,25,1229,1338,1343,741,1340,369,851,433,1277,884,622,230,1277,107,863,64
20260303,cod,TEE,12,628,1224,1224,932,1226,650,941,736,1277,1072,805,162,1277,130,1104,61
20260320,cod,GSB,13,484,1020,1029,644,972,486,905,563,1278,1009,760,254,1278,156,914,100
20260221,cod,RDD,43,73,79,1182,233,1749,80,713,96,1279,1047,613,419,1279,66,669,57
20260117,cod,FHH,21,543,751,757,302,583,297,682,412,1279,853,502,250,1279,84,699,59
20260219,cod,NBC,14,497,667,701,347,732,299,748,372,1281,761,521,299,1281,103,892,74
20260228,cod,LMR,13,355,1011,1118,511,956,465,918,530,1282,939,730,169,1282,68,867,48
20260305,cod,NMS,71,1779,2345,2436,609,1801,269,924,302,1283,894,602,310,1283,225,857,153
20260209,cod,BFK,15,912,1092,1093,856,1144,737,1052,806,1285,1061,868,126,1285,52,922,29
20260217,cod,GSB,2,217,548,556,230,331,591,941,674,1285,983,787,197,1285,77,946,52
20260309,cod,LMR,25,200,667,739,613,1103,438,876,508,1288,873,668,201,1288,111,867,75
20260110,cod,FMB,87,2206,2899,2904,1407,3390,302,852,344,1289,1628,688,260,1289,92,831,56
20260115,cod,LMR,14,190,782,891,422,785,436,855,502,1289,1241,591,206,1289,98,856,60
20260402,cod,WML,0,,,,0,1,122,298,228,1292,152,95,352,1292,43,588,31
20260119,cod,CLQ,4,553,809,830,754,943,807,1047,908,1294,1041,840,124,1294,135,1106,61
20260119,cod,VEL,29,602,956,1002,503,1189,294,768,345,1294,836,569,243,1294,128,796,81
20260303,cod,BFK,0,180,825,825,176,217,795,1092,855,1300,1230,957,115,1300,99,1035,62
20260208,cod,NBC,0,18,153,167,42,76,301,776,359,1300,842,582,298,1300,105,844,68
20260109,cod,MAX,11,858,1020,1115,888,1033,845,1073,936,1301,1307,965,123,1301,97,1150,54
20260114,cod,MAM,1,405,863,875,673,899,659,947,743,1302,1093,795,144,1302,70,1028,41
20260106,cod,HKH,1,984,2243,2408,782,984,16,1290,17,1307,,,429,1307,709,714,358
20260316,cod,LMR,29,378,1026,1123,768,1450,400,857,492,1308,886,651,223,1308,127,844,83
20260321,cod,SME,17,959,988,2096,214,964,141,718,177,1308,797,514,295,1308,155,845,108
20260211,cod,NBC,19,725,1008,1040,438,947,354,879,412,1312,924,706,294,1312,130,715,85
20260213,cod,PFP,10,434,593,595,215,563,296,813,353,1312,857,639,319,1312,97,723,66
20260126,cod,MAM,0,0,323,324,12,13,629,941,721,1314,1000,801,146,1314,58,810,31
20260309,cod,NBC,49,811,1120,1737,480,1072,313,812,382,1315,832,599,335,1315,125,876,84
20260317,cod,LMR,20,276,796,884,480,956,396,822,462,1315,847,640,279,1315,142,864,76
20260209,cod,NBC,39,1106,1330,1373,566,1328,331,776,403,1316,745,537,326,1316,106,848,79
20260109,cod,MAM,2,654,1052,1057,811,1056,677,978,743,1316,1354,868,138,1316,47,993,27
20260217,cod,NBC,33,1013,1230,1303,530,1325,299,762,366,1316,807,569,331,1316,82,708,62
20260111,cod,MAX,7,799,901,1001,865,1019,809,1082,892,1319,1308,975,161,1319,108,1130,46
20260306,cod,NMS,88,1160,1209,1225,564,1795,212,725,289,1321,822,494,314,1321,119,654,76
20260214,cod,GLA,23,528,586,586,205,564,261,801,331,1325,874,627,277,1325,128,836,99
20260213,cod,VEN,26,0,1153,1174,650,1074,451,803,561,1325,716,529,257,1325,230,1147,68
20260310,cod,NBC,51,836,994,1026,549,1171,331,799,399,1326,821,588,330,1326,125,746,84
20260131,cod,MAM,2,602,1170,1179,821,1028,743,1085,813,1334,1129,979,119,1334,60,1226,34
20260316,cod,GSB,19,572,1110,1125,500,800,540,929,650,1335,955,735,239,1335,135,935,80
20260122,cod,FKA,13,941,960,960,386,949,342,960,385,1336,1137,734,229,1336,108,871,83
20260321,cod,NYK,4,462,544,545,536,588,985,1204,1045,1339,1293,1036,113,1339,57,915,49
20260119,cod,LMR,19,178,686,777,598,1125,424,855,499,1343,949,625,209,1343,91,895,63
20260117,cod,LMR,14,172,710,773,467,785,429,884,513,1344,1080,613,222,1344,104,885,61
20260111,cod,MAM,24,504,967,975,710,971,693,1040,758,1345,1484,902,157,1345,54,1094,31
20260129,cod,HKH,14,1240,2146,2306,2049,2663,517,760,644,1346,744,568,212,1346,82,1054,43
20260110,cod,MAX,10,879,1109,1226,893,1043,894,1126,977,1349,1348,1016,135,1349,84,1175,50
20260112,cod,MAX,6,569,694,756,584,678,839,1051,968,1350,1185,898,119,1350,93,1127,42
20260323,cod,LMR,4,172,649,727,479,871,388,760,487,1351,716,523,252,1351,112,789,69
20260307,cod,NBC,30,536,732,850,379,759,341,816,408,1352,785,611,305,1352,103,726,65
20260320,cod,LMR,10,235,619,674,414,708,413,873,478,1353,979,692,266,1353,130,953,90
20260331,cod,NYK,0,672,734,734,912,1039,993,1179,1069,1354,1190,970,106,1354,44,1014,28
20260303,cod,LMR,13,232,802,890,395,713,434,900,506,1357,931,702,210,1357,116,948,84
20260125,cod,FHH,28,1112,1123,1123,644,1135,391,851,470,1357,995,691,250,1357,134,913,85
20260221,cod,NMS,15,500,691,704,196,542,321,973,358,1357,1153,794,294,1357,165,1056,125
20260301,cod,TEE,16,614,1106,1106,897,1170,662,1010,761,1357,1061,833,219,1357,64,940,35
20260115,cod,MAM,9,875,1375,1387,1064,1401,675,1018,743,1359,1128,881,159,1359,56,979,37
20260106,cod,FCY,14,5764,9337,9395,4962,5764,107,1341,107,1360,,,386,1360,1481,1531,1041
20260322,cod,SME,26,1566,1572,2608,361,1595,162,837,187,1362,945,625,289,1362,173,892,117
20260116,cod,MAM,5,610,1019,1032,859,1131,682,978,765,1363,1043,851,151,1363,64,1032,27
20260304,cod,TMG,7,1091,2049,2063,2229,2496,925,1144,1003,1363,1765,1007,129,1363,655,2045,116
20260202,cod,GSB,9,442,696,701,528,749,575,955,665,1363,937,755,218,1363,78,930,48
20260213,cod,BFK,12,510,761,764,534,724,760,1059,829,1363,1072,870,121,1363,67,1134,42
20260201,cod,MAM,3,479,1313,1320,800,1027,742,1091,802,1364,1228,958,145,1364,65,1076,30
20260213,cod,NBC,15,533,794,820,387,793,359,955,416,1367,960,733,305,1367,123,977,84
20260114,cod,TEE,12,1005,1467,1467,1001,1309,675,998,759,1368,1260,820,207,1368,67,1165,37
20260304,cod,HKH,4,289,1634,1805,821,1104,667,1018,768,1369,1382,858,245,1369,440,1582,122
20260324,cod,TEE,9,414,1059,1059,895,1175,668,966,788,1369,847,702,210,1369,89,1205,52
20260215,cod,NBC,2,17,102,115,59,113,310,858,372,1369,989,683,330,1369,146,994,89
20260219,cod,SME,78,1760,2465,2550,698,3417,210,959,240,1372,1078,727,220,1372,146,1063,96
20260319,cod,LMR,12,196,655,722,344,603,420,878,497,1373,914,678,240,1373,135,919,77
20260211,cod,MAM,2,788,1528,1538,1018,1259,743,1047,827,1373,1065,939,117,1373,42,1139,27
20260127,cod,MAM,3,844,1406,1413,1130,1537,627,965,733,1375,894,787,149,1375,31,922,18
20260125,cod,RDD,2,26,26,26,56,95,74,358,92,1376,458,234,473,1376,55,341,39
20260114,cod,LMR,12,131,711,804,333,613,463,885,568,1379,1372,665,208,1379,113,916,70
20260211,cod,NMS,14,615,638,650,207,658,180,613,236,1380,605,445,417,1380,93,655,74
20260219,cod,RDD,71,69,2464,2475,259,2454,61,619,79,1380,574,440,367,1380,70,840,46
20260107,cod,FMB,12,321,1829,1845,226,614,335,867,409,1382,2059,737,284,1382,164,787,130
20260213,cod,MAM,27,1352,2239,2257,1811,2206,847,1137,920,1382,1128,992,123,1382,56,1022,29
20260121,cod,FKA,28,994,1002,1002,445,1018,323,887,383,1383,1042,688,272,1383,108,830,86
20260122,cod,VEN,20,0,1001,1021,526,829,433,818,546,1383,795,579,300,1383,136,1073,82
20260119,cod,VEN,27,0,1861,1893,420,717,566,951,675,1384,997,643,261,1384,163,960,89
20260306,cod,LMR,17,191,748,824,595,1024,377,851,462,1385,783,601,243,1385,110,798,69
20260219,cod,MJH,167,4932,5324,5347,2178,5788,318,1158,353,1386,1473,1009,247,1386,261,1228,128
20260327,cod,GSB,2,482,639,653,423,642,465,793,575,1387,813,594,289,1387,93,806,59
20260405,cod,RDD,0,1468,1468,1642,0,1568,161,771,209,1392,834,565,294,1392,138,891,0
20260302,cod,LMR,32,249,735,810,659,1217,450,932,528,1392,937,705,224,1392,89,927,65
20260123,cod,TEE,5,316,720,720,731,963,628,961,740,1393,1013,799,235,1393,120,1485,60
20260221,cod,GLA,191,4701,7745,7787,2650,7270,293,993,338,1394,1192,803,290,1394,188,1037,144
20260320,cod,RDD,35,632,726,1752,250,758,66,425,95,1396,383,261,502,1396,67,440,41
20260328,cod,GSB,1,510,731,734,441,672,479,890,576,1397,900,702,304,1397,80,770,47
20260330,cod,GSB,0,506,661,668,473,761,520,870,626,1400,833,674,293,1400,75,934,48
20260314,cod,TEE,2,787,1479,1479,990,1247,721,1020,825,1401,1069,837,181,1401,134,1116,69
20260228,cod,TEE,10,550,1106,1106,738,963,704,1050,793,1402,1085,871,201,1402,67,1035,50
20260128,cod,GSB,11,174,863,868,889,1305,479,846,605,1406,781,627,232,1406,81,922,49
20260206,cod,VEN,11,0,1018,1025,397,597,529,952,626,1415,934,659,260,1415,106,1117,52
20260201,cod,VEN,9,0,79,80,315,493,583,1017,638,1415,1266,881,325,1415,195,1022,95
20260124,cod,MAM,4,451,800,805,582,769,748,1044,835,1417,1024,857,158,1417,74,1104,43
20260127,cod,TEE,5,286,580,580,537,687,619,919,757,1418,811,673,215,1418,42,535,23
20260125,cod,MAM,2,588,978,989,691,955,715,1086,784,1420,1144,933,154,1420,92,1099,45
20260118,cod,TEE,4,544,1157,1157,788,1042,631,995,740,1422,1138,785,240,1422,96,1289,54
20260119,cod,FKA,31,1133,1162,1162,495,1133,277,815,350,1422,998,570,312,1422,119,895,96
20260107,cod,MAM,3,758,1216,1226,832,1142,727,1055,814,1422,1583,960,158,1422,116,840,81
20260221,cod,TEE,8,596,1024,1024,732,978,734,1073,827,1424,1068,853,213,1424,79,1289,49
20260113,cod,MAM,7,711,1285,1288,940,1233,736,1055,825,1425,1368,924,151,1425,59,1065,31
20260226,cod,NBC,18,372,728,1208,295,614,311,886,365,1434,952,647,323,1434,102,908,67
20260212,cod,BFK,5,594,808,809,634,813,802,1137,881,1437,1147,971,134,1437,60,1191,36
20260329,cod,TEE,2,477,1543,1543,835,1110,719,1064,821,1440,1113,884,243,1440,148,1076,55
20260204,cod,TEE,15,510,693,693,1038,1381,723,1032,849,1442,1078,830,198,1442,110,1281,45
20260108,cod,MAM,5,742,1162,1166,939,1181,736,1068,831,1442,1445,926,145,1442,56,1037,32
20260107,cod,MAX,7,773,953,1070,890,1027,968,1218,1050,1443,1599,1136,120,1443,186,1164,138
20260125,cod,GSB,17,275,501,513,627,938,605,1120,674,1443,1267,983,237,1443,155,1139,101
20260302,cod,TEE,17,646,1247,1247,838,1138,715,1035,839,1444,975,819,192,1444,58,1033,39
20260305,cod,NBC,44,849,1184,1344,429,1084,363,1130,400,1445,1078,814,298,1445,174,1052,111
20260211,cod,BFK,8,543,763,763,580,740,823,1171,899,1448,1171,987,119,1448,71,1221,41
20260124,cod,FKA,27,930,962,962,409,961,371,1025,418,1451,1092,754,274,1451,116,1167,84
20260125,cod,VEN,8,0,35,35,258,398,522,1026,597,1456,1202,809,292,1456,205,1009,123
20260308,cod,BFK,16,1072,1293,1294,1424,1815,831,1158,905,1456,1295,990,165,1456,69,1067,40
20260208,cod,MAM,4,517,971,978,676,902,774,1133,839,1457,1188,1008,165,1457,44,1313,21
20260202,cod,MAM,2,682,1262,1267,1186,1520,790,1110,889,1459,1089,943,148,1459,48,1104,30
20260117,cod,SIS,2,1,509,510,24,114,136,915,160,1460,1134,688,296,1460,148,928,105
20260110,cod,MAM,2,595,1053,1058,765,986,802,1169,865,1462,1560,1042,155,1462,49,1149,26
20260318,cod,LMR,9,195,612,686,414,751,446,929,532,1463,929,723,276,1463,123,846,78
20260210,cod,VEN,54,0,892,946,1276,2034,531,922,634,1465,918,650,303,1465,211,1280,88
20260322,cod,TEE,6,339,1095,1095,748,916,720,1080,817,1465,1143,850,248,1465,110,1236,65
20260321,cod,GSB,31,869,963,967,1142,1782,567,1089,658,1465,1298,909,284,1465,173,1131,107
20260318,cod,VEH,6,152,242,247,64,163,240,787,290,1468,737,567,319,1468,83,777,60
20260207,cod,NKF,22,2703,3514,3549,2602,3229,693,996,845,1468,924,740,183,1468,82,1168,47
20260221,cod,PFP,210,7473,8916,8951,2022,8077,267,1058,312,1468,1309,902,333,1468,182,1088,131
20260116,cod,LMR,9,189,796,860,526,892,501,998,586,1469,1301,740,237,1469,124,1077,68
20260210,cod,BFK,7,796,993,994,733,976,896,1216,957,1469,1259,1033,119,1469,64,1176,43
20260218,cod,NBC,32,933,1153,1177,502,1152,367,949,425,1469,1000,731,325,1469,116,839,73
20260220,cod,TEE,7,566,948,948,956,1237,745,1091,867,1470,1035,821,197,1470,50,1198,33
20260321,cod,TEE,3,315,1115,1116,625,759,743,1105,837,1470,1057,829,229,1470,121,1442,89
20260111,cod,LMR,11,135,1051,1159,303,566,493,1011,562,1474,1565,762,252,1474,115,1127,74
20260213,cod,TEE,10,625,1255,1255,874,1164,754,1094,861,1476,1114,917,208,1476,135,1155,50
20260123,cod,FKA,19,1014,1045,1045,403,1033,365,979,434,1476,1120,722,268,1476,89,965,53
20260214,cod,NBC,37,824,1034,1050,433,1090,377,981,443,1482,1076,811,322,1482,139,1057,110
20260126,cod,TEE,8,305,711,711,556,727,652,1010,762,1482,1091,827,268,1482,83,973,42
20260207,cod,NBC,27,521,695,731,322,680,375,960,439,1484,992,731,301,1484,126,1137,94
20260117,cod,VEN,27,0,1108,1117,801,1272,685,1134,761,1485,1263,840,257,1485,42,418,31
20260401,cod,NYK,0,611,846,849,603,675,1044,1301,1141,1485,1350,1115,112,1485,48,1182,29
20260328,cod,TEE,1,480,1121,1121,929,1168,733,1040,869,1486,1027,812,215,1486,188,1216,78
20260224,cod,TEE,9,655,1135,1135,951,1253,731,1035,839,1489,1012,850,209,1489,84,1162,39
20260219,cod,VEL,6,235,326,342,176,286,282,618,364,1492,515,391,346,1492,87,652,57
20260311,cod,TEE,15,494,1114,1114,830,1041,721,1061,824,1492,1081,852,225,1492,142,1228,66
20260303,cod,CDM,49,2,13,13,225,1167,159,729,213,1493,616,517,344,1493,96,928,65
20260209,cod,GLA,46,975,1096,1097,449,1247,254,766,331,1493,740,557,383,1493,92,777,67
20260212,cod,TEE,14,806,1346,1347,1065,1426,754,1109,861,1495,1104,913,223,1495,172,1275,56
20260305,cod,LMR,16,225,845,928,584,1117,495,1064,573,1495,951,703,240,1495,127,858,65
20260201,cod,TEE,13,511,1565,1565,727,952,805,1212,874,1496,1381,1048,229,1496,129,1265,77
20260306,cod,NBC,53,572,806,885,443,1021,360,992,440,1500,999,767,310,1500,173,1053,125
20260227,cod,TEE,11,580,993,993,720,948,752,1085,861,1500,1093,896,225,1500,53,1003,37
20260108,cod,MAX,5,879,1056,1157,918,1064,1020,1265,1097,1501,1547,1158,120,1501,115,1311,79
20260217,cod,TEE,8,602,1151,1151,962,1215,778,1096,899,1503,1064,852,183,1503,69,999,42
20260212,cod,VEN,35,0,1135,1150,782,1333,533,953,647,1511,997,717,288,1511,117,1019,73
20260326,cod,GSB,8,545,704,715,516,796,483,909,593,1512,833,645,317,1512,130,1184,69
20260220,cod,NBC,32,929,1103,1138,445,1084,390,1035,442,1513,1116,831,342,1513,144,983,95
20260331,cod,TEE,0,468,1235,1236,1015,1362,744,1070,872,1513,1043,857,232,1513,135,1146,40
20260110,cod,TEE,7,936,1419,1424,936,1186,794,1158,887,1513,1475,978,220,1513,103,1084,54
20260124,cod,TEE,15,678,1074,1074,788,1089,716,1107,827,1515,1129,894,228,1515,139,1209,58
20260129,cod,FHH,12,449,502,560,250,515,527,1013,624,1515,997,766,232,1515,114,756,81
20260210,cod,MAM,0,461,930,943,716,899,820,1150,908,1516,1134,1001,137,1516,38,1175,23
20260315,cod,TEE,7,259,1498,1498,756,932,798,1200,879,1516,1433,1014,230,1516,110,984,54
20260307,cod,BFK,11,581,1351,1351,960,1200,829,1121,957,1517,1063,881,144,1517,62,1124,39
20260125,cod,TEE,5,275,697,697,521,675,708,1113,797,1518,1146,919,265,1518,125,1123,55
20260113,cod,LMR,13,195,744,832,390,723,526,1008,612,1522,1415,767,246,1522,111,988,67
20260206,cod,NBC,40,837,1006,1038,458,1098,411,1094,465,1525,1177,865,277,1525,134,1170,103
20260310,cod,BFK,5,761,1230,1230,1006,1280,865,1201,940,1525,1204,984,161,1525,83,1307,53
20260203,cod,MAM,3,731,1241,1245,1013,1301,857,1220,934,1526,1235,1091,150,1526,33,1154,20
20260215,cod,TEE,13,761,1428,1428,982,1256,749,1157,855,1526,1316,999,250,1526,94,1080,47
20260128,cod,VEL,78,1128,1453,1480,779,2183,226,608,317,1526,506,348,336,1526,151,1017,89
20260224,cod,NBC,41,670,1389,1514,505,1276,330,862,411,1529,855,607,331,1529,115,877,78
20260223,cod,TEE,13,1156,1754,1755,1205,1585,730,1098,867,1529,1062,886,226,1529,72,1302,38
20260222,cod,TEE,12,594,955,955,737,953,823,1194,906,1531,1268,1025,225,1531,101,1513,54
20260123,cod,MAM,3,525,855,862,623,840,880,1196,975,1531,1325,1083,166,1531,86,1325,52
20260313,cod,BFK,4,776,837,837,1026,1295,906,1226,972,1532,1307,1035,156,1532,91,1204,56
20260115,cod,TEE,3,494,1158,1180,727,958,772,1167,868,1533,1382,902,228,1533,90,1091,56
20260116,cod,FKA,19,747,749,751,296,760,364,883,444,1534,1087,584,290,1534,102,955,70
20260218,cod,RDD,152,101,4338,4352,249,2925,104,1026,123,1535,1008,778,416,1535,141,1242,112
20260117,cod,MAM,10,612,1111,1119,764,1023,800,1187,895,1537,1340,1064,144,1537,65,1154,40
20260302,cod,NBC,46,1067,1419,1578,602,1430,319,783,412,1538,739,547,395,1538,105,815,80
20260307,cod,NMS,70,1184,1236,1251,390,1239,287,996,346,1543,1016,716,337,1543,196,873,113
20260208,cod,GLA,19,224,484,487,193,486,260,812,332,1544,816,608,368,1544,128,925,82
20260311,cod,BFK,9,933,1464,1466,1120,1403,875,1231,953,1546,1256,1017,191,1546,89,1389,52
20260320,cod,SME,25,845,861,956,290,1277,164,820,217,1547,812,582,316,1547,109,956,81
20260112,cod,FKA,20,879,1057,1058,393,879,349,999,413,1548,1108,627,325,1548,154,1097,96
20260322,cod,GSB,11,598,1053,1057,440,762,571,1124,659,1551,1255,868,324,1551,225,1248,128
20260226,cod,VEN,29,19,200,203,340,566,563,986,665,1552,893,700,342,1552,129,1259,74
20260214,cod,PFP,11,367,486,486,195,526,344,1052,399,1552,1092,871,344,1552,113,1091,95
20260114,cod,FKA,26,826,845,846,343,828,357,933,424,1558,1483,696,321,1558,155,1042,100
20260216,cod,NBC,61,1616,1914,1966,778,1824,370,962,474,1559,941,702,334,1559,142,1032,101
20260312,cod,BFK,12,948,1551,1552,1177,1478,889,1199,1010,1561,1192,995,149,1561,70,1264,45
20260120,cod,MAM,26,507,932,937,885,1128,829,1176,927,1561,1241,1025,150,1561,56,1143,23
20260129,cod,VEN,46,0,1395,1401,1097,1666,561,988,690,1563,1008,770,309,1563,105,854,71
20260108,cod,TEE,3,982,1213,1220,1063,1416,831,1209,931,1563,1509,1017,217,1563,147,1256,61
20260222,cod,VEN,19,,,,504,768,475,960,564,1565,1114,716,405,1565,151,1124,101
20260112,cod,MAM,7,561,1096,1109,768,1020,811,1161,929,1567,1500,980,172,1567,46,1086,23
20260323,cod,TEE,11,522,1259,1365,1222,1548,718,1043,900,1569,979,758,265,1569,95,992,49
20260206,cod,MAM,6,731,1197,1204,978,1246,925,1248,995,1570,1276,1087,138,1570,31,1314,19
20260128,cod,VEN,24,0,1154,1175,760,1125,527,999,655,1571,943,695,325,1571,163,1011,76
20260126,cod,VEN,10,0,2164,2192,473,767,547,1070,655,1573,1102,779,323,1573,151,1007,95
20260107,cod,TEE,3,805,1253,1255,890,1157,826,1209,929,1573,1646,1065,199,1573,179,907,113
20260221,cod,NBC,30,826,969,995,403,992,369,1028,444,1573,1077,768,369,1573,150,1187,96
20260401,cod,TEE,0,763,1496,1496,1057,1550,842,1199,944,1574,1303,998,218,1574,118,1076,50
20260309,cod,BFK,7,610,1129,1129,677,859,924,1261,1013,1575,1220,980,146,1575,77,1309,52
20260107,cod,LMR,24,304,995,1116,538,1016,523,1079,590,1575,1962,873,224,1575,228,762,184
20260110,cod,LMR,22,273,1068,1175,556,1009,554,1065,653,1576,1608,794,218,1576,111,1062,78
20260108,cod,LMR,10,250,957,1058,539,907,552,1098,635,1576,1792,832,214,1576,151,964,117
20260216,cod,TEE,17,747,1357,1357,1074,1410,760,1106,918,1578,1075,815,233,1578,51,638,23
20260109,cod,TEE,2,946,1189,1208,929,1172,875,1219,981,1585,1539,1030,188,1585,137,1231,54
20260121,cod,VEL,38,1099,1235,1274,556,1351,403,1055,458,1587,1174,889,318,1587,131,1014,88
20260308,cod,NMS,64,879,915,929,247,905,283,993,334,1587,1196,764,400,1587,251,1193,176
20260316,cod,BFK,0,115,154,155,126,152,847,1210,969,1587,1127,939,167,1587,94,1197,49
20260123,cod,VEL,38,1079,1380,1401,466,1189,362,1008,418,1593,1338,827,340,1593,272,1259,129
20260405,cod,TEE,0,495,495,1273,0,1104,764,1139,868,1593,1207,916,243,1593,77,1244,0
20260130,cod,FKA,3,107,117,117,53,127,383,912,459,1594,899,671,271,1594,81,1009,59
20260119,cod,DSP,34,758,2360,2565,535,1252,201,546,292,1597,496,242,374,1597,59,597,39
20260223,cod,NMS,28,649,707,719,246,669,274,923,349,1597,842,620,361,1597,144,1026,101
20260208,cod,VEN,7,0,13,13,156,243,589,1110,688,1598,1209,849,316,1598,126,1116,82
20260115,cod,FKA,21,790,803,805,276,809,369,947,446,1599,1261,658,327,1599,117,882,77
20260215,cod,VEN,39,,,,705,1091,556,1090,662,1606,1329,862,349,1606,203,1184,109
20260324,cod,RDD,31,1307,1649,1655,486,1564,194,866,229,1606,974,658,461,1606,195,971,143
20260120,cod,TEE,7,478,1113,1113,806,1059,797,1182,924,1606,1217,960,210,1606,74,1166,43
20260120,cod,VEN,24,1,1038,1057,575,942,663,1159,754,1610,1247,843,297,1610,189,1346,122
20260109,cod,LMR,15,260,994,1118,549,986,607,1143,681,1613,1768,878,231,1613,122,1114,71
20260121,cod,TEE,8,396,1066,1066,698,919,808,1194,918,1615,1216,953,216,1615,98,1283,55
20260112,cod,LMR,16,265,785,883,847,1466,528,1055,624,1615,1451,740,238,1615,118,1133,68
20260118,cod,MAM,8,1086,1963,1984,1258,1589,868,1282,937,1617,1350,1096,210,1617,70,1297,30
20260315,cod,BFK,0,103,140,141,140,166,924,1298,1018,1618,1361,1060,175,1618,113,1359,69
20260313,cod,TEE,17,898,1364,1364,1394,1792,850,1204,966,1619,1210,986,203,1619,124,1242,61
20260225,cod,TEE,8,533,1046,1046,784,1013,886,1264,978,1621,1360,1110,206,1621,85,1225,35
20260117,cod,TEE,6,676,1244,1244,921,1196,777,1179,896,1624,1164,887,248,1624,64,1197,37
20260127,cod,VEN,23,0,1007,1023,537,804,517,1000,672,1626,1009,677,345,1626,160,1011,80
20260317,cod,TEE,14,570,1322,1322,1248,1604,833,1156,960,1627,1101,847,252,1627,64,871,45
20260122,cod,TEE,8,589,1184,1184,981,1325,847,1204,941,1629,1131,952,228,1629,111,1287,50
20260314,cod,BFK,2,108,154,154,187,238,958,1312,1043,1632,1367,1083,184,1632,111,1406,59
20260205,cod,TEE,10,1116,2085,2085,1092,1413,871,1246,975,1633,1236,1001,213,1633,118,1222,49
20260225,cod,NBC,68,786,989,1025,559,1457,403,1042,469,1641,1114,831,351,1641,144,1115,99
20260325,cod,TEE,4,550,1153,1153,929,1191,896,1258,1017,1642,1344,1077,241,1642,112,1310,67
20260204,cod,MAM,3,741,1255,1257,986,1267,930,1291,1016,1648,1312,1150,139,1648,34,1209,16
20260326,cod,TEE,2,545,1319,1319,906,1144,889,1253,1010,1649,1250,1014,249,1649,160,1342,64
20260121,cod,VEN,42,1,690,705,914,1456,606,1111,726,1650,1035,780,347,1650,123,1268,77
20260211,cod,PFP,14,296,379,380,312,769,318,935,397,1651,951,761,389,1651,109,958,84
20260327,cod,TEE,4,304,938,938,793,1012,779,1224,894,1651,1210,979,280,1651,105,1280,58
20260208,cod,NKF,17,1826,2857,2882,1903,2344,950,1392,1006,1651,1532,1241,224,1651,134,1390,57
20260304,cod,NKF,15,912,1455,1465,982,1241,957,1341,1042,1652,2249,1110,233,1652,1132,2824,323
20260205,cod,VEN,41,0,1123,1153,1011,1587,648,1099,768,1652,1145,825,282,1652,104,1006,54
20260207,cod,MAM,3,779,1160,1162,978,1259,920,1318,1001,1653,1285,1139,135,1653,41,1495,24
20260308,cod,TEE,12,419,1180,1180,764,1001,819,1262,920,1657,1339,1060,261,1657,142,1338,46
20260209,cod,MAM,2,503,906,914,717,929,864,1233,1000,1657,1208,1052,177,1657,51,1284,28
20260111,cod,TEE,5,714,1139,1143,934,1196,855,1295,946,1659,1701,1088,263,1659,76,794,35
20260111,cod,FKA,26,936,936,936,421,950,365,1131,434,1661,2285,743,347,1661,187,1479,142
20260312,cod,TEE,17,305,1200,1200,704,923,877,1249,995,1661,1277,1038,243,1661,166,1226,80
20260112,cod,TEE,3,884,1322,1335,961,1259,792,1167,935,1662,1326,859,237,1662,86,1112,51
20260305,cod,TEE,7,577,1224,1224,1039,1340,891,1366,977,1662,1282,1017,241,1662,123,1180,55
20260211,cod,TEE,13,459,1063,1063,895,1139,859,1256,970,1669,1237,1027,217,1669,129,1389,60
20260119,cod,MAM,12,1104,1738,1748,1643,1971,799,1205,948,1669,1187,995,204,1669,81,1339,49
20260218,cod,TEE,10,401,1147,1147,730,949,934,1307,1027,1670,1406,1095,203,1670,63,1160,41
20260214,cod,TEE,4,410,905,905,831,1041,881,1299,990,1671,1345,1116,219,1671,134,1237,50
20260125,cod,FKA,30,1545,1547,1547,753,1577,316,920,398,1672,1052,676,350,1672,129,1023,90
20260206,cod,TEE,19,908,1489,1489,1354,1806,904,1333,990,1672,1407,1122,254,1672,139,1324,58
20260113,cod,VEN,42,0,977,1028,1573,2377,741,1211,841,1673,1537,935,281,1673,139,1157,91
20260224,cod,VEH,11,320,344,353,167,376,156,535,250,1673,435,284,418,1673,57,568,40
20260214,cod,DSP,5,211,211,218,122,259,208,719,283,1674,584,454,345,1674,63,727,47
20260330,cod,TEE,0,404,1276,1276,1077,1440,875,1210,1014,1675,1222,997,246,1675,92,1106,55
20260205,cod,MAM,6,777,1298,1301,986,1294,951,1312,1032,1676,1340,1153,140,1676,37,1064,25
20260402,cod,TEE,0,575,1129,1140,795,1307,911,1311,1025,1680,1304,1057,215,1680,105,959,49
20260317,cod,VEH,5,125,177,204,91,223,219,937,272,1680,917,692,381,1680,118,971,86
20260202,cod,VEN,20,0,2471,2489,615,985,689,1200,812,1681,1230,904,333,1681,360,1216,99
20260210,cod,NMS,19,736,783,792,270,820,197,735,262,1681,665,470,511,1681,149,847,112
20260223,cod,NBC,77,724,1155,1264,750,2106,359,979,451,1684,964,687,378,1684,126,1065,82
20260203,cod,TEE,12,385,1268,1268,1047,1344,870,1278,1017,1685,1124,964,219,1685,105,1337,57
20260323,cod,SME,24,1555,1572,1900,353,1576,200,1071,240,1691,1157,796,318,1691,207,1140,131
20260113,cod,FKA,28,799,801,802,437,977,415,1105,483,1696,1586,864,329,1696,135,1026,97
20260128,cod,FKA,7,286,339,339,187,392,336,1026,426,1697,1025,731,299,1697,134,1153,92
20260225,cod,VEN,26,0,269,270,437,709,601,1075,725,1701,1019,745,339,1701,117,1040,75
20260310,cod,TEE,18,527,1067,1067,1003,1335,850,1227,972,1706,1220,993,232,1706,119,1202,59
20260222,cod,NMS,11,247,248,250,146,432,346,1233,386,1707,1400,1006,385,1707,244,1381,158
20260219,cod,TEE,8,394,1063,1063,873,1140,954,1366,1051,1711,1406,1104,196,1711,54,1254,37
20260122,cod,VEL,35,971,1089,1097,424,1109,407,1106,458,1714,1221,888,346,1714,160,1170,116
20260318,cod,TEE,8,477,1079,1079,1012,1294,912,1302,1010,1717,1289,1039,254,1717,109,1409,76
20260119,cod,TEE,9,739,1209,1209,1005,1302,854,1256,991,1720,1216,975,228,1720,78,1141,49
20260111,cod,FMB,24,786,3825,3847,507,1344,439,1249,493,1723,2050,1055,399,1723,286,1484,149
20260226,cod,TEE,15,658,1025,1025,885,1170,898,1316,1003,1724,1315,1095,232,1724,80,1261,48
20260127,cod,FKA,38,1801,1907,1907,843,1803,428,1085,521,1731,1200,799,320,1731,133,988,101
20260323,cod,RDD,35,1387,1707,2696,379,1426,192,1127,215,1734,1324,855,529,1734,345,1283,244
20260128,cod,HKH,40,1210,2614,2823,1791,2337,684,1032,856,1735,931,734,272,1735,49,1078,30
20260313,cod,RDD,83,325,1747,1821,330,1791,120,822,142,1741,925,631,612,1741,156,884,114
20260211,cod,VEN,23,0,1314,1329,451,803,720,1272,809,1741,1357,1006,330,1741,155,1190,103
20260131,cod,FKA,1,71,92,92,42,81,371,896,470,1742,883,656,347,1742,68,1015,57
20260222,cod,NBC,1,18,1483,1501,47,72,403,1182,467,1742,1335,966,389,1742,176,1180,116
20260325,cod,RDD,47,1813,1879,1883,558,2222,246,1031,286,1743,1115,777,460,1743,124,935,76
20260107,cod,FKA,17,1002,1010,1010,434,1009,498,1345,548,1744,2369,1014,307,1744,341,871,280
20260306,cod,TEE,12,701,1521,1521,1017,1349,873,1315,1031,1751,1289,1044,251,1751,85,1171,49
20260209,cod,VEN,14,0,2672,2751,513,814,687,1183,815,1754,1133,829,358,1754,176,1369,115
20260307,cod,TEE,20,654,1318,1318,1128,1466,937,1320,1074,1755,1278,1076,223,1755,100,1358,56
20260118,cod,FKA,20,1169,1169,1169,528,1194,296,829,375,1755,1011,612,456,1755,125,929,94
20260118,cod,SSI,29,555,1662,1673,264,1057,320,1446,351,1757,1672,1208,259,1757,237,1465,162
20260122,cod,MAM,20,572,880,883,707,985,1027,1380,1139,1758,1531,1239,158,1758,57,1565,37
20260210,cod,PFP,28,397,869,870,419,1129,267,803,367,1759,827,611,473,1759,72,852,52
20260403,cod,RDD,0,719,1364,1365,10,939,238,923,288,1761,959,689,377,1761,148,1014,83
20260210,cod,TEE,11,448,1135,1137,893,1141,876,1270,1009,1762,1209,993,247,1762,167,1401,64
20260116,cod,TEE,4,622,1119,1119,910,1258,934,1352,1044,1766,1361,1004,247,1766,84,1170,53
20260325,cod,GSB,19,880,1102,1105,836,1282,650,1158,787,1767,1151,891,342,1767,112,1264,81
20260217,cod,VEN,39,0,668,676,835,1334,627,1168,722,1769,1172,821,375,1769,165,1258,76
20260123,cod,NMS,95,1059,1214,1260,395,1142,336,1033,398,1778,1294,775,423,1778,328,1333,176
20260129,cod,FKA,16,485,505,505,227,538,431,1045,524,1782,1035,775,296,1782,84,911,65
20260404,cod,RDD,0,1518,1597,1632,0,2170,251,1107,309,1791,1162,871,336,1791,179,1191,133
20260319,cod,TEE,1,333,901,901,697,876,983,1356,1129,1791,1500,1140,232,1791,111,1443,59
20260112,cod,VEN,9,0,2051,2070,471,764,854,1380,963,1794,1778,1067,272,1794,173,1406,104
20260315,cod,VEH,3,33,228,228,24,68,238,900,325,1796,922,628,420,1796,145,1023,108
20260324,cod,SME,36,1280,1289,1315,332,1294,230,1173,278,1798,1186,880,348,1798,213,1263,115
20260113,cod,TEE,4,781,1083,1087,985,1273,990,1377,1121,1800,1530,1115,215,1800,56,1185,31
20260127,cod,GSB,1,136,1279,1324,214,309,655,1185,815,1801,1132,899,272,1801,106,1187,58
20260204,cod,VEN,29,0,1339,1356,722,1102,725,1266,864,1813,1235,933,313,1813,166,1393,94
20260327,cod,RDD,17,1627,2090,2117,468,1697,286,1176,320,1813,1451,934,393,1813,171,1217,131
20260304,cod,MAM,3,550,1207,1217,1182,1422,1017,1444,1129,1817,1906,1260,204,1817,751,2721,141
20260317,cod,SME,19,466,473,473,139,623,274,1421,291,1823,1627,1209,305,1823,244,1354,175
20260126,cod,NMS,12,410,592,629,196,506,337,1009,421,1828,1224,735,410,1828,228,1045,144
20260320,cod,TEE,13,692,1212,1212,1044,1338,1034,1398,1155,1831,1424,1075,247,1831,119,1574,75
20260306,cod,BFK,3,576,1094,1094,641,823,1071,1444,1186,1836,1360,1123,187,1836,93,1175,40
20260403,cod,TEE,0,448,1013,1031,255,1018,944,1401,1070,1837,1455,1138,259,1837,108,1267,58
20260312,cod,RDD,165,229,303,310,112,973,107,756,134,1837,719,486,647,1837,222,1082,100
20260126,cod,GSB,3,69,175,180,139,252,734,1370,843,1837,1462,1170,294,1837,124,1373,63
20260316,cod,VEH,13,152,299,338,118,332,269,1017,351,1839,1045,751,412,1839,160,1115,119
20260214,cod,VEN,52,0,974,992,985,1592,783,1381,853,1844,1575,1188,360,1844,170,1124,108
20260207,cod,VEN,70,0,937,945,1200,1947,817,1379,900,1845,1524,1140,336,1845,113,1167,75
20260128,cod,NMS,42,1395,1547,1589,555,1505,330,1082,413,1851,1080,746,395,1851,174,1009,138
20260309,cod,TEE,19,443,1250,1250,976,1280,941,1378,1096,1865,1397,1136,269,1865,151,1427,69
20260301,cod,NBC,33,17,277,296,286,935,364,1134,430,1867,1202,922,478,1867,191,1252,124
20260224,cod,VEN,37,0,735,739,779,1243,689,1214,811,1867,1213,862,409,1867,199,1246,121
20260319,cod,RDD,134,295,441,1495,160,1434,114,827,162,1869,833,614,660,1869,161,967,91
20260326,cod,RDD,39,2021,2055,2070,574,2054,290,1104,334,1872,1229,840,401,1872,149,1152,110
20260307,cod,MAM,12,893,1661,1669,1136,1459,981,1319,1144,1876,1276,1145,166,1876,122,1459,75
20260228,cod,NBC,28,434,646,1207,358,673,420,1231,487,1878,1291,975,413,1878,166,1455,124
20260110,cod,FKA,24,934,948,948,427,950,495,1357,552,1882,2837,1012,345,1882,175,1429,135
20260220,cod,SME,27,0,0,762,138,768,283,1399,321,1885,1610,1137,299,1885,192,1307,155
20260324,cod,GSB,7,400,816,819,424,660,696,1287,829,1888,1208,939,356,1888,131,1145,102
20260119,cod,SSI,30,0,0,1818,360,1280,315,1328,369,1890,1418,1004,300,1890,161,1470,118
20260314,cod,NMS,81,1350,2321,2411,505,1618,381,1232,440,1896,1384,945,485,1896,304,1334,227
20260207,cod,TEE,16,677,1185,1185,1009,1333,983,1461,1106,1897,1459,1208,265,1897,115,1382,62
20260127,cod,NMS,65,2428,2573,2650,1038,2610,320,1065,404,1898,1104,719,420,1898,149,917,105
20260325,cod,SME,34,1686,1696,1703,358,1695,229,1194,262,1901,1289,940,375,1901,184,1163,122
20260214,cod,MAM,5,1387,2282,2297,1812,2272,1244,1628,1307,1903,1698,1507,149,1903,50,1449,27
20260216,cod,VEN,38,0,2363,2388,962,1610,656,1268,804,1905,1190,858,378,1905,209,1322,123
20260207,cod,GLA,23,449,723,723,250,634,379,1082,476,1913,1052,786,439,1913,136,1188,100
20260313,cod,MAM,32,1687,3058,3077,2405,3033,1068,1504,1193,1915,1478,1322,201,1915,94,1539,29
20260204,cod,NMS,57,1020,1118,1302,542,1993,326,1092,412,1923,1168,809,434,1923,193,1226,139
20260316,cod,TEE,13,429,1316,1316,1166,1459,1015,1466,1163,1924,1479,1130,269,1924,87,888,59
20260319,cod,SME,39,476,889,1273,233,1314,237,1200,285,1929,1269,970,342,1929,172,1223,117
20260221,cod,VEN,33,0,760,763,522,862,682,1281,815,1933,1290,938,396,1933,146,1293,96
20260202,cod,TEE,14,491,1317,1317,984,1308,1081,1541,1228,1938,1650,1248,227,1938,101,1288,58
20260404,cod,TEE,0,484,1089,1242,8,1065,1011,1464,1137,1938,1452,1175,261,1938,100,1368,65
20260223,cod,VEN,7,0,1617,1632,263,423,714,1294,839,1939,1309,916,403,1939,183,1398,121
20260125,cod,NMS,27,1156,1232,1257,473,1339,357,1094,428,1939,1305,860,455,1939,192,1154,143
20260122,cod,NMS,31,903,988,1035,331,918,371,1127,453,1940,1505,855,426,1940,177,1141,128
20260208,cod,TEE,14,637,1093,1093,841,1118,970,1510,1079,1943,1652,1305,324,1943,200,1602,84
20260129,cod,NMS,35,1260,1326,1382,492,1351,388,1161,466,1951,1288,879,420,1951,112,966,77
20260309,cod,NMS,95,1720,1788,1813,610,1775,315,1199,384,1952,1359,885,515,1952,214,1187,159
20260125,cod,VEL,32,908,1106,1114,375,1121,382,1162,459,1954,1314,880,422,1954,208,1194,144
20260117,cod,FKA,18,798,821,821,314,798,278,827,419,1970,1107,605,463,1970,109,855,77
20260124,cod,VEL,44,1057,1386,1409,566,1363,421,1237,522,1971,1231,847,386,1971,239,1193,158
20260118,cod,DSP,0,6,446,532,4,6,197,774,273,1973,923,391,450,1973,160,1226,112
20260220,cod,VEN,45,3,941,946,925,1476,762,1354,874,1974,1436,1019,374,1974,192,1460,117
20260227,cod,NBC,13,307,1330,2342,293,612,496,1416,568,1981,1497,1137,394,1981,197,1456,135
20260201,cod,VEL,10,565,1118,1165,200,615,341,1033,438,1982,1132,790,436,1982,221,1234,136
20260109,cod,FKA,30,961,977,978,383,968,545,1450,627,1986,2116,1116,354,1986,170,1352,121
20260121,cod,MAM,8,726,1154,1167,885,1192,1241,1614,1331,1990,1706,1459,172,1990,47,1394,27
20260203,cod,VEL,60,1197,1440,1479,690,1780,362,1058,437,1992,1145,785,428,1992,228,1202,139
20260218,cod,VEN,27,1,920,921,583,963,778,1368,898,2000,1399,1022,349,2000,203,1330,114
20260323,cod,GSB,19,628,896,907,677,1074,798,1443,950,2023,1505,1083,395,2023,124,1149,84
20260130,cod,HKH,8,1109,2300,2486,1558,2014,1020,1516,1112,2028,1565,1324,294,2028,77,1438,51
20260124,cod,RDD,1,60,248,254,50,117,105,627,134,2035,750,442,689,2035,106,667,96
20260305,cod,BFK,14,841,1174,1175,1243,1619,1277,1764,1376,2036,1395,1098,197,2036,139,1178,54
20260311,cod,MAM,10,973,1730,1741,1326,1685,1182,1594,1312,2038,1634,1413,204,2038,131,1663,36
20260124,cod,NMS,28,1179,1325,1693,476,1270,375,1190,472,2042,1281,871,466,2042,191,1199,138
20260205,cod,NMS,21,594,792,875,257,675,392,1205,493,2046,1236,889,444,2046,138,1215,106
20260314,cod,MAM,33,1961,3901,3918,2627,3276,1184,1662,1291,2049,1756,1513,210,2049,120,1658,63
20260318,cod,SME,19,728,1587,1612,174,735,279,1442,314,2050,1491,1163,367,2050,186,1543,138
20260129,cod,VEL,50,1006,1281,1302,589,1496,454,1298,529,2057,1456,1084,415,2057,248,1367,101
20260309,cod,MAM,4,1066,1712,1721,1391,1681,1121,1537,1288,2058,1571,1336,204,2058,94,1541,52
20260308,cod,MAM,43,1083,1713,1715,1588,1990,1211,1678,1294,2064,1753,1531,206,2064,107,1660,50
20260206,cod,NKF,6,1676,2261,2278,1489,1854,1054,1542,1198,2080,1430,1205,233,2080,95,1661,43
20260219,cod,VEN,31,0,1159,1170,957,1527,818,1495,934,2082,1607,1184,370,2082,188,1265,104
20260312,cod,MAM,21,1587,3036,3135,1844,2297,1246,1728,1353,2092,1729,1530,186,2092,118,1716,50
20260121,cod,NMS,46,1241,1258,1298,490,1326,410,1201,504,2098,1578,888,470,2098,188,1260,133
20260312,cod,VEH,34,746,773,774,277,1047,570,1621,614,2099,1811,1393,376,2099,197,1640,118
20260120,cod,NMS,30,581,658,660,419,1135,368,1147,473,2101,1436,783,465,2101,230,1279,148
20260108,cod,FKA,35,1021,1028,1029,392,1029,542,1566,619,2102,2316,991,398,2102,178,1111,127
20260209,cod,TEE,11,765,1454,1454,954,1243,1090,1545,1276,2117,1518,1234,311,2117,131,1757,64
20260203,cod,NMS,50,1813,2783,4511,582,1989,386,1202,467,2123,1244,900,469,2123,195,1366,150
20260326,cod,SME,36,1664,2027,2352,334,1669,256,1323,302,2123,1411,1044,402,2123,188,1361,127
20260106,cod,GLA,28,1833,1935,1936,644,1833,10,2089,11,2123,,,566,2123,1068,1073,672
20260313,cod,NMS,142,1930,2495,2601,658,2044,348,1173,414,2125,1275,874,606,2125,305,1349,217
20260202,cod,VEL,69,1498,2074,2118,832,2110,352,1115,457,2131,1154,832,443,2131,196,1084,124
20260203,cod,VEN,35,0,1162,1171,1266,1906,951,1593,1084,2134,1702,1300,328,2134,170,1169,92
20260127,cod,VEL,42,915,2032,2078,707,1555,417,1178,525,2141,1005,732,468,2141,130,1165,91
20260306,cod,HKH,25,869,1714,1859,1401,1833,963,1435,1187,2144,1304,1091,333,2144,133,1371,73
20260215,cod,VEL,33,804,1189,1218,355,914,406,1249,478,2146,1402,930,511,2146,306,1423,170
20260206,cod,NMS,24,656,690,734,299,860,427,1367,514,2151,1616,1067,452,2151,176,1363,127
20260205,cod,TMG,15,1830,2535,2551,2363,2660,1423,1674,1578,2151,1638,1448,203,2151,51,1725,28
20260209,cod,NMS,12,639,691,705,247,679,290,920,416,2152,866,598,655,2152,162,1024,126
20260126,cod,VEL,3,91,653,678,90,202,464,1316,551,2152,1492,1004,429,2152,165,1044,108
20260215,cod,MAM,8,1300,2083,2092,1757,2187,1317,1847,1389,2162,2002,1687,246,2162,108,1934,44
20260310,cod,NMS,104,1619,1725,1754,571,1665,408,1343,500,2166,1485,1008,529,2166,341,1659,238
20260218,cod,VEL,14,276,331,349,283,485,393,1136,492,2167,1065,807,495,2167,153,1008,107
20260219,cod,MAM,16,1693,3368,3434,2359,2753,1329,1742,1447,2167,1728,1508,162,2167,45,1705,19
20260328,cod,RDD,15,1424,1520,1570,500,1871,376,1474,432,2171,1620,1109,422,2171,220,1552,179
20260106,cod,NMS,54,2006,2193,2322,756,2006,10,2137,10,2173,,,622,2173,1206,1209,866
20260303,cod,HKH,7,582,1727,1888,878,1140,1013,1521,1182,2176,1600,1289,321,2176,154,1668,95
20260204,cod,VEL,44,987,1561,1628,486,1222,482,1377,568,2184,1463,1064,460,2184,219,1287,125
20260310,cod,MAM,1,644,1350,1357,997,1296,1280,1721,1415,2196,1775,1533,228,2196,162,1656,53
20260405,cod,SME,0,644,644,2831,0,3082,193,1332,232,2198,1671,1100,465,2198,266,1450,0
20260220,cod,MAM,71,1946,3308,3400,2930,3565,1382,1790,1496,2198,1898,1593,189,2198,54,1815,27
20260311,cod,NMS,93,1456,1593,1668,483,1555,377,1318,451,2202,1435,982,578,2202,362,1618,262
20260312,cod,NMS,133,1724,2020,2094,652,1888,348,1223,427,2203,1376,927,581,2203,314,1428,232
20260130,cod,NMS,32,1100,1173,1359,457,1227,425,1357,505,2208,1493,1009,494,2208,170,1479,127
20260212,cod,VEL,69,1232,1553,1630,597,1493,388,1206,489,2215,1236,887,497,2215,290,1406,171
20260308,cod,RDD,0,14,861,981,10,19,56,654,72,2216,1472,402,868,2216,951,1476,813
20260214,cod,VEL,49,969,1135,1166,476,1275,428,1209,527,2222,1369,896,484,2222,321,1446,216
20260222,cod,PFP,47,712,3749,3757,415,1396,365,1711,410,2225,2484,1468,552,2225,456,1767,329
20260208,cod,PFP,17,366,756,756,157,426,352,1254,425,2230,1234,944,591,2230,196,1478,121
20260402,cod,RDD,0,671,914,921,23,717,311,1213,400,2234,1166,893,506,2234,173,1273,127
20260205,cod,GLA,23,430,611,611,325,830,411,1236,503,2245,1323,949,493,2245,141,1167,105
20260226,cod,HKH,9,977,1857,2009,1358,1780,1036,1516,1194,2254,1589,1319,355,2254,71,1508,48
20260206,cod,GLA,17,401,586,586,205,581,480,1420,569,2255,1472,1122,473,2255,176,1591,134
20260228,cod,HKH,11,897,1695,1817,1311,1713,1154,1668,1312,2256,1760,1434,296,2256,124,1779,79
20260106,cod,RDD,367,1706,2872,3141,35,1706,1,2216,1,2259,,,789,2259,862,862,589
20260328,cod,SME,15,1197,1238,1686,315,1570,264,1401,311,2261,1522,1090,432,2261,256,1558,169
20260118,cod,NMS,19,967,994,1040,363,967,393,1264,484,2277,1542,878,533,2277,297,1918,224
20260208,cod,HKH,7,893,1788,1975,1271,1657,1128,1634,1292,2281,1672,1364,325,2281,139,1812,79
20260213,cod,VEL,61,1171,1395,1439,529,1410,470,1337,557,2286,1426,1038,505,2286,240,1394,158
20260301,cod,HKH,9,902,1672,1806,1270,1698,1155,1725,1289,2288,1775,1466,337,2288,135,1749,84
20260209,cod,PFP,21,459,1189,1194,365,850,360,1212,481,2288,1178,938,621,2288,133,1259,91
20260114,cod,HKH,14,768,1633,1753,1260,1671,1025,1502,1203,2289,1852,1229,371,2289,139,1536,75
20260204,cod,GLA,26,628,1006,1010,353,932,429,1334,536,2289,1297,970,470,2289,172,1340,124
20260401,cod,MAM,0,1011,2014,2025,1154,1908,920,1469,1087,2290,1468,1204,351,2290,140,1491,85
20260308,cod,HKH,12,835,1746,1902,1211,1579,1067,1645,1240,2291,1798,1392,359,2291,147,1727,85
20260315,cod,NMS,95,20,887,2035,351,1223,394,1300,475,2292,1546,1029,611,2292,376,1497,257
20260114,cod,NMS,25,1024,1082,1164,450,1110,414,1218,511,2295,2503,827,539,2295,202,1462,160
20260119,cod,NMS,51,1338,1886,1950,514,1379,382,1205,493,2297,1681,800,512,2297,230,1608,160
20260327,cod,SME,36,1930,2294,2295,418,2295,307,1508,354,2301,1628,1229,464,2301,218,1537,155
20260222,cod,GLA,135,1886,5945,5980,1263,3828,462,1761,507,2303,2435,1504,558,2303,434,1812,300
20260322,cod,HKH,7,867,1592,1712,1120,1498,1018,1566,1222,2304,1622,1256,395,2304,177,1686,86
20260208,cod,VEL,34,938,1450,1507,443,1122,464,1433,551,2316,1671,1118,542,2316,364,1734,210
20260118,cod,HKH,27,833,1838,2000,1397,1861,1027,1605,1207,2317,1865,1354,377,2317,130,1635,72
20260401,cod,WML,0,,,,0,3,336,741,541,2318,457,335,571,2318,83,1410,68
20260115,cod,NMS,56,1601,1736,1837,563,1662,496,1399,559,2320,2629,928,522,2320,195,1204,142
20260215,cod,HKH,5,719,1649,1781,1056,1424,1106,1688,1242,2321,1825,1460,383,2321,151,1828,67
20260223,cod,VEH,9,312,389,393,159,428,260,792,373,2324,564,387,620,2324,82,839,53
20260402,cod,MAM,0,927,2077,2086,838,1896,1063,1592,1225,2329,1625,1366,299,2329,142,1648,87
20260206,cod,TMG,14,1655,2475,2489,2081,2363,1629,1949,1745,2329,2048,1768,219,2329,64,2035,31
20260212,cod,HKH,11,852,1740,1878,1433,1873,1186,1721,1368,2332,1738,1462,320,2332,156,1860,83
20260111,cod,NKF,11,1107,1585,1602,1030,1309,1322,1869,1467,2332,2385,1604,298,2332,198,2071,75
20260221,cod,SME,41,1281,1303,1305,220,1281,380,1692,422,2338,1867,1345,401,2338,209,1809,160
20260205,cod,VEL,48,1141,1436,1493,673,1695,486,1407,578,2346,1524,1086,478,2346,235,1407,139
20260128,cod,NKF,33,1984,2448,2459,2199,2733,1224,1697,1446,2347,1685,1347,288,2347,181,1946,60
20260207,cod,HKH,15,843,1629,1792,1368,1747,1141,1714,1299,2351,1709,1409,342,2351,126,1942,69
20260403,cod,MAM,0,891,1804,1821,447,2051,1146,1687,1292,2352,1742,1445,313,2352,137,1784,83
20260225,cod,HKH,16,963,1764,1919,1437,1841,1055,1571,1199,2352,1525,1306,397,2352,78,1579,48
20260217,cod,VEL,9,253,389,403,225,383,420,1252,525,2353,1287,901,531,2353,288,1372,159
20260115,cod,HKH,14,745,1700,1840,1201,1612,1133,1677,1303,2353,1841,1365,355,2353,98,1490,50
20260314,cod,VEH,30,262,323,352,352,1018,514,1513,610,2353,1559,1199,451,2353,171,1500,122
20260404,cod,SME,0,1330,2662,2697,8,3051,235,1341,294,2356,1410,1071,462,2356,204,1439,158
20260219,cod,HKH,13,884,1750,1874,1573,2050,1214,1748,1380,2360,1810,1502,305,2360,95,1691,58
20260322,cod,NMS,40,996,1348,1379,398,1274,294,1205,412,2366,1419,836,733,2366,434,1504,307
20260113,cod,NKF,21,1714,2219,2225,1698,2155,1332,1864,1487,2368,2174,1571,285,2368,157,1936,74
20260131,cod,VEL,36,792,999,1025,435,1150,486,1449,577,2369,1463,1115,489,2369,227,1620,153
20260201,cod,NMS,23,762,767,844,312,768,470,1499,537,2373,1674,1146,512,2373,277,1843,188
20260222,cod,RDD,12,46,2144,2149,96,689,152,1799,166,2378,2282,1522,713,2378,395,1964,276
20260216,cod,VEL,54,1164,1334,1378,632,1600,411,1302,528,2380,1271,901,545,2380,260,1317,172
20260324,cod,HKH,16,1807,3217,3511,2290,2993,1086,1652,1272,2392,1650,1338,378,2392,124,1668,73
20260116,cod,HKH,21,917,1927,2108,1382,1861,1038,1608,1222,2393,1760,1305,376,2393,112,1707,59
20260320,cod,HKH,8,798,1575,1699,1279,1674,1103,1648,1311,2398,1681,1369,390,2398,149,1717,93
20260217,cod,HKH,21,1047,2145,2334,1564,2033,1096,1665,1295,2400,1660,1382,354,2400,110,1606,63
20260305,cod,HKH,31,781,1737,1919,2036,2671,1207,1812,1379,2409,1590,1287,353,2409,195,1372,89
20260117,cod,HKH,21,811,1822,1960,1374,1816,1106,1714,1293,2409,1912,1419,366,2409,83,1588,59
20260218,cod,HKH,15,1059,2223,2406,1668,2154,1156,1725,1344,2412,1702,1451,357,2412,82,1662,48
20260206,cod,VEL,52,1101,1296,1316,564,1491,476,1452,579,2413,1535,1114,500,2413,237,1581,149
20260302,cod,HKH,11,853,1640,1785,1241,1624,1185,1767,1394,2415,1791,1514,343,2415,121,1815,81
20260208,cod,NMS,6,182,190,197,89,191,350,1447,425,2420,1193,827,733,2420,264,1828,168
20260227,cod,HKH,10,988,1804,1947,1443,1869,1200,1706,1367,2423,1738,1465,317,2423,99,1747,53
20260319,cod,HKH,7,914,1767,1906,1271,1683,1120,1670,1329,2428,1698,1387,390,2428,146,1695,93
20260114,cod,NKF,11,1075,1538,1543,1193,1487,1399,1937,1536,2430,2242,1665,294,2430,208,1986,110
20260405,cod,HKH,0,982,982,2274,0,1996,1055,1624,1246,2432,1655,1330,440,2432,168,1718,0
20260123,cod,NKF,20,1773,2188,2194,1710,2146,1398,1898,1570,2433,2183,1654,285,2433,280,2328,115
20260210,cod,HKH,22,939,1906,2070,1454,1902,1240,1825,1411,2435,1833,1544,332,2435,130,1790,63
20260127,cod,HKH,8,523,1671,1791,494,642,1075,1616,1282,2436,1549,1266,382,2436,107,1353,59
20260311,cod,HKH,11,883,1908,2075,1380,1752,1124,1690,1318,2438,1683,1375,439,2438,172,1792,96
20260403,cod,SME,0,1756,2981,3200,27,2666,289,1457,340,2440,1527,1177,484,2440,254,1630,170
20260318,cod,RDD,50,444,467,1729,197,959,177,1339,219,2440,1474,1054,789,2440,334,1554,267
20260209,cod,HKH,16,862,1824,1996,1390,1779,1217,1750,1416,2441,1781,1483,347,2441,135,1759,74
20260211,cod,HKH,11,1012,2031,2198,1575,1978,1242,1793,1439,2445,1809,1511,325,2445,102,1789,60
20260115,cod,NKF,19,1589,2074,2087,1698,2135,1391,1945,1561,2454,2192,1604,286,2454,127,1775,65
20260310,cod,RDD,177,838,936,943,300,2829,89,1113,110,2455,1950,832,877,2455,645,1387,548
20260118,cod,NKF,11,1099,1554,1568,1098,1423,1435,1998,1567,2455,2283,1716,300,2455,234,2290,123
20260108,cod,GLA,37,1547,1981,1981,618,1674,486,1486,582,2455,2675,1141,521,2455,205,1416,160
20260214,cod,HKH,12,798,1516,1635,1227,1645,1273,1838,1431,2456,1859,1577,322,2456,108,1820,63
20260321,cod,HKH,11,822,1452,1568,1205,1610,1165,1797,1329,2458,1857,1511,407,2458,143,1791,79
20260213,cod,HKH,18,797,1643,1764,1278,1685,1307,1847,1464,2460,1894,1595,320,2460,128,1831,72
20260306,cod,MAM,53,1187,1761,1773,1621,2049,1262,1707,1508,2472,1517,1367,244,2472,226,1827,134
20260114,cod,DSP,10,161,250,370,147,304,333,1254,415,2477,2753,867,531,2477,195,1299,121
20260123,cod,HKH,23,932,1737,1872,1376,1850,1182,1752,1355,2485,1946,1497,369,2485,188,2007,89
20260307,cod,HKH,12,811,1561,1728,1254,1661,1227,1855,1396,2487,1919,1597,360,2487,114,1458,71
20260329,cod,SME,2,1239,1298,1953,270,1280,304,1673,351,2487,1866,1334,507,2487,312,1915,213
20260224,cod,HKH,8,834,1715,1845,1271,1642,1115,1684,1312,2487,1641,1389,402,2487,101,1691,63
20260131,cod,HKH,15,950,1866,1998,1667,2145,1341,1971,1483,2487,2101,1765,318,2487,118,1974,80
20260121,cod,TMG,7,2003,2647,2663,2537,2912,1889,2296,1951,2489,2354,2053,176,2489,91,2396,39
20260107,cod,NKF,15,1605,2054,2062,1532,1935,1470,2005,1619,2492,2861,1771,274,2492,246,1519,180
20260311,cod,RDD,472,1348,3038,3519,420,2712,107,1356,115,2498,1759,1006,870,2498,1035,2679,829
20260130,cod,VEL,30,873,1192,1226,491,1140,543,1612,627,2498,1783,1356,478,2498,284,1612,171
20260325,cod,HKH,13,1497,2903,3128,2167,2877,1083,1730,1283,2498,1723,1413,397,2498,172,1715,73
20260202,cod,NMS,52,1587,1759,1845,565,1631,492,1450,614,2498,1417,1006,513,2498,228,1667,161
20260220,cod,HKH,10,922,1677,1786,1343,1788,1279,1904,1445,2499,1970,1649,353,2499,114,1877,68
20260124,cod,DSP,75,1594,2561,3451,1033,3704,558,2047,600,2500,2387,1724,384,2500,253,1991,188
20260113,cod,HKH,21,759,1655,1781,1403,1793,1095,1651,1302,2500,2143,1366,415,2500,124,1698,54
20260117,cod,NMS,39,1044,1064,1083,419,1161,460,1435,551,2502,2325,958,565,2502,191,1602,158
20260216,cod,HKH,13,940,1926,2090,1472,1882,1160,1765,1377,2508,1714,1401,342,2508,126,1753,76
20260323,cod,HKH,12,979,2177,2365,1214,1707,1140,1732,1372,2513,1691,1383,428,2513,148,1695,80
20260310,cod,HKH,10,1026,1993,2154,1572,1965,1127,1762,1298,2513,1805,1464,436,2513,161,1858,96
20260211,cod,VEL,40,1032,1321,1353,486,1209,491,1411,611,2515,1460,1072,514,2515,253,1443,160
20260228,cod,RDD,540,100,6739,7634,224,3225,155,1217,178,2515,1233,920,767,2515,158,1487,116
20260404,cod,MAM,0,954,1652,1663,12,1948,1204,1855,1367,2517,1837,1568,311,2517,165,1893,97
20260309,cod,HKH,16,817,1757,1891,1309,1734,1206,1802,1428,2521,1728,1424,395,2521,179,2118,108
20260317,cod,RDD,38,312,1943,2528,98,601,195,1341,241,2524,1516,1077,800,2524,305,1516,212
20260316,cod,RDD,14,83,375,390,68,162,215,1227,263,2525,1483,901,765,2525,372,1557,316
20260131,cod,NMS,41,1165,1223,1651,497,1286,583,1602,681,2526,1778,1236,501,2526,222,1697,165
20260203,cod,GLA,24,743,1068,1070,459,1122,468,1336,589,2529,1308,938,551,2529,171,1453,121
20260216,cod,MAM,10,1286,2001,2008,1704,2058,1532,2036,1719,2529,2075,1757,222,2529,96,1932,32
20260109,cod,NKF,23,1518,1884,1894,1477,1867,1450,2043,1590,2530,2585,1734,267,2530,164,2151,82
20260218,cod,MAM,2,984,2077,2103,1402,1684,1548,2058,1698,2531,2081,1833,191,2531,52,1988,33
20260329,cod,RDD,1,1096,1141,1141,255,1118,427,1743,498,2531,2006,1389,485,2531,291,1936,173
20260312,cod,HKH,22,1040,2032,2204,1659,2150,1236,1791,1427,2543,1847,1503,387,2543,181,1829,95
20260120,cod,HKH,23,912,2060,2204,1512,2010,1193,1790,1383,2543,1866,1501,419,2543,169,1949,98
20260318,cod,HKH,14,1043,1850,2011,1472,1939,1152,1725,1355,2546,1779,1445,437,2546,145,1737,92
20260110,cod,NKF,26,1626,2051,2062,1607,2008,1451,2026,1618,2550,2573,1750,280,2550,135,1990,78
20260313,cod,HKH,4,959,1741,1878,1523,1965,1308,1869,1497,2554,1937,1574,381,2554,180,1871,88
20260314,cod,HKH,11,818,1535,1671,1214,1601,1248,1849,1435,2554,1855,1517,419,2554,171,1904,97
20260226,cod,MAM,74,1355,2662,2698,2023,2627,1555,2042,1698,2555,2062,1788,213,2555,80,2280,49
20260108,cod,NKF,20,1606,1975,1986,1632,2061,1500,2062,1651,2558,2749,1799,292,2558,167,1867,99
20260121,cod,HKH,32,954,2070,2242,1599,2104,1191,1805,1388,2559,1917,1537,383,2559,124,1838,66
20260112,cod,NKF,28,2165,2654,2672,2210,2785,1421,1958,1624,2559,2298,1589,303,2559,166,1987,87
20260217,cod,MAM,2,659,1354,1360,1086,1347,1543,2075,1724,2560,2039,1799,205,2560,37,1947,24
20260207,cod,VEL,60,1521,1773,1820,693,1725,531,1537,645,2564,1670,1216,524,2564,329,1717,209
20260205,cod,HKH,11,773,1709,1869,1274,1639,1274,1823,1482,2564,1833,1522,315,2564,109,1840,65
20260207,cod,TMG,11,1907,2578,2604,2387,2725,1894,2271,2016,2569,2352,2050,191,2569,69,2332,33
20260116,cod,NKF,26,2122,2526,2535,2152,2722,1427,2003,1622,2570,2195,1655,291,2570,174,2088,80
20260223,cod,ABE,80,1168,1566,1588,620,2248,335,2276,353,2570,2819,1963,513,2570,299,2006,202
20260405,cod,MAM,0,1006,1006,1706,0,1716,1172,1921,1308,2570,2047,1705,351,2570,198,2018,0
20260401,cod,SME,0,135,2887,3190,93,942,264,1543,324,2574,1611,1185,561,2574,247,1656,170
20260126,cod,HKH,0,35,121,132,51,75,1166,1759,1378,2576,1818,1448,409,2576,127,1564,65
20260222,cod,HKH,16,742,1519,1628,1078,1431,1219,1893,1390,2581,1907,1591,440,2581,139,2070,80
20260109,cod,GLA,32,1334,1996,1999,668,1764,484,1622,574,2588,2729,1209,575,2588,190,1587,134
20260313,cod,VEH,19,772,856,860,252,923,659,1919,727,2589,2064,1617,438,2589,271,2047,156
20260201,cod,HKH,15,946,1876,2019,1437,1861,1289,1944,1441,2593,2048,1667,384,2593,146,2127,82
20260119,cod,HKH,13,803,1903,2054,1399,1808,1243,1840,1446,2593,1914,1512,391,2593,130,1899,66
20260108,cod,PFP,84,3176,4232,4288,1616,4253,437,1415,561,2594,2571,1010,594,2594,161,1280,126
20260206,cod,HKH,12,777,1679,1847,1356,1710,1388,1962,1548,2596,1991,1670,332,2596,110,1976,63
20260314,cod,RDD,165,291,657,1610,188,1700,205,1823,230,2602,2245,1603,785,2602,467,1965,381
20260227,cod,MAM,78,1772,3144,3180,2423,3114,1529,2083,1670,2604,2079,1851,213,2604,86,2060,61
20260309,cod,RDD,31,715,776,780,197,735,77,1380,105,2604,2688,1064,964,2604,1297,2321,1100
20260107,cod,GLA,42,1721,1849,1849,676,1821,500,1571,614,2616,3045,1255,489,2616,355,1350,314
20260331,cod,MAM,0,906,1798,1811,1147,1708,1047,1605,1257,2617,1528,1295,421,2617,111,1764,76
20260401,cod,RDD,0,464,500,502,57,481,388,1543,474,2621,1547,1167,543,2621,252,1700,158
20260316,cod,HKH,15,849,1708,1855,1297,1687,1145,1741,1419,2625,1757,1410,477,2625,217,1846,106
20260321,cod,NMS,42,1112,1427,1495,514,1491,357,1399,460,2630,1567,960,794,2630,514,2034,418
20260402,cod,SME,0,378,2641,3028,117,3325,313,1554,370,2632,1554,1222,540,2632,184,1566,137
20260116,cod,NMS,41,1098,1115,1171,456,1164,578,1615,689,2634,2550,1025,569,2634,197,1617,148
20260227,cod,SME,13,0,0,38,89,450,263,1567,307,2634,1493,1190,470,2634,160,1738,121
20260315,cod,MAM,59,2510,3999,4043,3432,4440,1563,2219,1666,2640,2463,2014,298,2640,279,2279,127
20260213,cod,DSP,3,92,138,143,69,151,453,1592,542,2642,1496,1215,439,2642,152,1675,104
20260106,cod,PFP,15,1387,1531,1533,390,1387,14,2572,16,2644,,,724,2644,1410,1418,917
20260223,cod,HKH,10,754,1561,1696,1147,1532,1222,1813,1474,2658,1820,1506,409,2658,117,1827,76
20260302,cod,CDM,3,2,1166,1231,48,160,415,2006,480,2661,1872,1556,456,2661,231,2160,189
20260405,cod,NKF,0,1336,1336,1830,0,1885,1472,2121,1641,2665,2240,1775,374,2665,241,2275,0
20260203,cod,HKH,8,935,1961,2122,1536,1959,1362,1960,1574,2665,2030,1675,361,2665,126,2029,71
20260122,cod,HKH,28,1115,2032,2197,1693,2230,1294,1898,1494,2668,1968,1599,397,2668,134,1904,91
20260203,cod,NKF,15,1899,2275,2294,1966,2472,1549,2052,1740,2670,2128,1708,284,2670,190,2105,93
20260117,cod,NKF,21,1794,2317,2333,1732,2172,1508,2100,1695,2671,2227,1735,305,2671,133,1904,82
20260210,cod,VEL,49,1074,1266,1322,499,1307,527,1511,654,2674,1495,1102,628,2674,271,1570,179
20260125,cod,HKH,18,790,863,938,1313,1723,1238,1882,1454,2682,1956,1559,419,2682,185,2006,123
20260221,cod,HKH,10,781,1470,1580,1197,1536,1338,1969,1537,2683,2028,1672,384,2683,130,2080,82
20260129,cod,TMG,22,2103,3005,3034,2512,2844,1889,2227,2057,2683,2298,2007,197,2683,98,2536,51
20260204,cod,TMG,8,1786,2619,2637,2210,2506,1857,2218,2018,2685,2237,1979,225,2685,72,2229,38
20260111,cod,HKH,10,649,1437,1542,1090,1423,1247,1917,1438,2693,2751,1632,451,2693,171,2094,94
20260317,cod,NMS,150,1607,1943,2039,525,1864,471,1561,571,2697,1648,1157,727,2697,396,1713,294
20260118,cod,GLA,17,164,1222,1222,194,563,393,1510,492,2701,2030,1117,606,2701,339,2085,229
20260317,cod,HKH,20,857,1752,1908,1320,1716,1203,1835,1424,2705,1770,1484,495,2705,182,1716,99
20260120,cod,NKF,22,1787,2053,2075,1785,2221,1491,2101,1682,2705,2135,1717,301,2705,153,2191,81
20260207,cod,PFP,27,564,626,626,377,984,471,1552,602,2709,1601,1206,628,2709,180,1506,127
20260403,cod,HKH,0,674,2055,2269,294,1283,1236,1844,1467,2711,1906,1546,459,2711,168,1955,86
20260125,cod,NKF,16,1498,1956,1969,1423,1754,1596,2243,1729,2713,2380,1891,331,2713,241,2271,133
20260204,cod,HKH,20,868,1736,1895,1461,1894,1438,2034,1617,2717,2033,1687,352,2717,120,1972,72
20260325,cod,NMS,61,1673,2256,2322,628,2001,497,1679,605,2718,1873,1276,730,2718,367,1691,263
20260221,cod,MAM,14,1628,3117,3211,2566,3042,1833,2321,1945,2727,2270,2036,194,2727,71,2212,46
20260222,cod,SME,70,2511,3044,3046,434,2533,383,1912,440,2728,2232,1530,489,2728,335,2252,215
20260323,cod,NMS,86,2310,2929,2988,853,2576,439,1556,574,2729,1753,1060,769,2729,572,1800,337
20260315,cod,HKH,22,856,1697,1835,1224,1573,1291,1984,1476,2730,2072,1698,515,2730,202,2002,109
20260209,cod,VEL,53,1006,1244,1276,600,1587,532,1640,641,2732,1712,1194,682,2732,292,1570,171
20260114,cod,GLA,29,947,1162,1164,386,1079,474,1576,591,2733,2207,1174,556,2733,238,1793,176
20260220,cod,MJH,80,3378,3846,3963,1502,3941,735,2232,789,2738,2907,1918,522,2738,366,2041,232
20260316,cod,NMS,253,2399,2778,2851,1133,3433,494,1661,617,2739,1895,1291,741,2739,413,1805,312
20260115,cod,GLA,32,1478,2471,2471,484,1698,482,1603,601,2743,2036,1194,557,2743,196,1494,137
20260404,cod,HKH,0,964,1836,2055,24,2532,1237,1906,1416,2744,1919,1565,465,2744,160,1978,103
20260219,cod,TMG,12,1969,2804,2831,2353,2676,1923,2292,2083,2749,2376,2064,218,2749,170,2378,37
20260205,cod,NKF,1,126,283,292,221,329,1598,2184,1788,2756,2170,1818,271,2756,166,2257,90
20260123,cod,RDD,3,126,183,193,47,153,122,1280,150,2762,1579,996,822,2762,280,1473,215
20260329,cod,NKF,7,1370,1986,2013,1360,1691,1544,2192,1699,2762,2329,1830,365,2762,223,2264,124
20260208,cod,TMG,12,1691,2331,2350,2066,2360,1982,2397,2112,2763,2473,2133,267,2763,107,2520,56
20260211,cod,TMG,11,2233,2891,2945,2706,3061,1937,2335,2110,2766,2376,2092,228,2766,101,2420,55
20260109,cod,PFP,75,2900,4170,4193,1517,3953,482,1766,572,2767,3441,1401,575,2767,171,1602,127
20260207,cod,NMS,18,607,667,677,198,645,445,1923,536,2774,2349,1483,675,2774,251,1887,196
20260324,cod,NMS,82,1845,1985,2016,780,2417,447,1580,582,2775,1484,1005,748,2775,292,1506,211
20260208,cod,DSP,31,1768,1974,2013,682,2264,377,1535,459,2780,1622,1168,570,2780,248,1873,142
20260125,cod,DSP,73,2472,2510,2579,833,3441,514,2024,591,2788,2375,1627,473,2788,311,2360,229
20260331,cod,SME,0,884,2107,2121,153,1084,304,1691,355,2791,1739,1333,555,2791,254,1791,171
20260331,cod,RDD,0,1024,1037,1038,299,1526,416,1681,506,2799,1768,1273,562,2799,253,1974,196
20260315,cod,RDD,31,72,103,103,54,421,229,1692,268,2801,2455,1453,835,2801,883,2495,594
20260128,cod,TMG,23,2237,2981,3006,2612,2978,1910,2351,2109,2804,2346,2080,242,2804,75,2494,44
20260331,cod,NKF,1,1799,2339,2369,1727,2315,1549,2079,1801,2811,2003,1668,333,2811,179,2256,103
20260108,cod,NMS,41,1217,1306,1431,515,1252,642,1828,737,2812,4035,1346,581,2812,321,1567,277
20260205,cod,PFP,19,598,853,853,414,1115,430,1421,571,2815,1312,945,649,2815,210,1740,151
20260112,cod,HKH,8,607,1640,1769,1070,1389,1262,1934,1519,2815,2234,1558,470,2815,133,2020,78
20260118,cod,TMG,9,1532,2294,2304,2171,2468,1871,2357,2021,2819,2404,2053,285,2819,159,2590,67
20260107,cod,NMS,50,1849,1939,2052,831,2021,621,1776,716,2826,3976,1383,605,2826,548,1268,507
20260126,cod,DSP,38,1640,3509,3774,424,1669,454,1852,539,2830,2163,1367,537,2830,250,1907,167
20260326,cod,NMS,33,1235,1736,1812,552,1637,473,1709,594,2830,1849,1268,715,2830,314,1843,224
20260301,cod,RDD,508,36,112,112,69,2097,163,1695,184,2831,2582,1469,934,2831,267,1698,165
20260218,cod,TMG,11,2190,2896,2917,2627,2980,1954,2332,2132,2832,2354,2087,238,2832,74,2366,46
20260303,cod,TMG,4,1433,3012,3041,1616,1846,1915,2351,2082,2834,2383,2077,279,2834,147,2467,75
20260113,cod,NMS,34,1165,1260,1377,494,1262,528,1566,673,2835,2501,1107,645,2835,214,1772,167
20260330,cod,SME,1,2097,2319,2648,462,2150,344,1778,415,2836,1815,1349,533,2836,260,1788,200
20260224,cod,SME,28,0,0,304,151,836,277,1521,339,2839,1499,1118,492,2839,181,1751,123
20260318,cod,NMS,70,676,1890,1988,359,1191,470,1651,573,2842,1954,1302,743,2842,352,1717,278
20260306,cod,TMG,7,1768,2647,2669,2210,2554,1898,2260,2150,2844,2151,1855,258,2844,139,2028,49
20260130,cod,TMG,24,1938,2662,2682,2492,2850,2069,2505,2202,2854,2545,2267,197,2854,80,2772,49
20260125,cod,TMG,9,1641,2350,2365,2067,2326,1925,2378,2109,2867,2462,2105,268,2867,106,2318,54
20260402,cod,NKF,0,1798,2314,2349,1372,2329,1612,2240,1825,2881,2329,1890,351,2881,205,2425,109
20260111,cod,GLA,3,216,495,496,99,227,541,1757,649,2881,2648,1363,624,2881,291,1985,175
20260330,cod,NMS,6,5028,6946,7229,2435,7016,520,1736,638,2881,1822,1280,701,2881,318,1835,237
20260228,cod,MAM,27,1343,2689,2707,2163,2708,1709,2394,1833,2883,2484,2183,242,2883,79,2357,50
20260202,cod,HKH,7,911,1934,2111,1451,1841,1445,2099,1679,2889,2069,1755,400,2889,104,2087,66
20260202,cod,GLA,62,1373,1751,1753,879,2287,503,1574,630,2889,1526,1113,634,2889,207,1631,142
20260222,cod,VEH,2,183,238,239,120,249,278,1034,415,2893,911,593,745,2893,146,1280,101
20260404,cod,NKF,0,1842,2264,2435,66,2442,1649,2279,1850,2896,2359,1938,335,2896,220,2422,123
20260204,cod,NKF,8,281,447,462,498,679,1705,2362,1874,2900,2380,1984,306,2900,191,2314,79
20260121,cod,NKF,22,1647,2108,2132,1537,1916,1724,2345,1892,2903,2493,1995,298,2903,186,2302,91
20260326,cod,TMG,9,1965,2791,2806,2818,3236,1942,2360,2136,2903,2404,2033,262,2903,126,2304,61
20260126,cod,NKF,6,474,1128,1129,506,609,1713,2394,1883,2904,2555,2009,362,2904,208,2133,98
20260209,cod,NKF,36,3802,4839,4914,4027,4942,1780,2416,1961,2905,2532,2142,318,2905,189,2166,86
20260330,cod,RDD,0,566,1080,1086,183,708,478,1996,553,2906,2022,1502,554,2906,267,2081,197
20260108,cod,HKH,9,925,2143,2290,1631,2141,1406,2080,1621,2908,2893,1772,417,2908,139,2025,77
20260131,cod,GLA,54,687,1107,1109,669,1604,556,1704,671,2908,1789,1313,615,2908,212,1811,165
20260120,cod,TMG,12,2086,2993,3017,2548,2934,2078,2487,2233,2911,2527,2221,242,2911,102,2518,53
20260226,cod,SME,6,147,605,886,30,150,271,1856,324,2911,1885,1449,478,2911,219,1852,160
20260225,cod,TMG,17,1902,2759,2783,2405,2741,1992,2419,2152,2917,2462,2156,259,2917,62,2358,35
20260109,cod,HKH,11,787,1640,1773,1517,2000,1392,2129,1615,2920,2800,1788,419,2920,143,2198,79
20260227,cod,RDD,177,1632,9481,9983,256,3259,169,1450,190,2924,1461,1094,943,2924,233,1554,157
20260206,cod,PFP,14,469,889,890,297,724,564,1764,670,2926,1881,1421,608,2926,323,2083,200
20260319,cod,NMS,130,996,1389,1439,676,2147,496,1755,598,2929,2101,1341,826,2929,369,1840,288
20260107,cod,HKH,9,962,2177,2330,1687,2217,1456,2155,1665,2935,3221,1951,409,2935,213,1621,163
20260201,cod,NKF,8,1092,1613,1630,1167,1440,1732,2404,1920,2939,2525,2050,364,2939,231,2638,97
20260119,cod,NKF,39,2605,3041,3067,2613,3243,1646,2272,1890,2940,2310,1837,299,2940,164,2315,91
20260402,cod,HKH,0,1032,1966,2144,1015,2065,1293,1917,1573,2940,1913,1597,492,2940,180,2124,89
20260127,cod,TMG,18,1586,2331,2360,2170,2470,1927,2358,2173,2942,2320,2035,272,2942,64,2128,35
20260122,cod,NKF,28,1943,2301,2314,1922,2359,1736,2342,1916,2943,2417,2002,334,2943,151,2285,85
20260110,cod,GLA,37,1284,1370,1371,723,1940,610,1898,715,2947,2759,1454,575,2947,264,1980,199
20260210,cod,TMG,12,2212,3036,3056,2744,3119,2034,2467,2227,2952,2532,2227,231,2952,110,2538,62
20260110,cod,HKH,6,746,1521,1642,1221,1603,1496,2165,1712,2952,2566,1830,406,2952,164,2200,103
20260209,cod,TMG,11,1648,2558,2579,2004,2289,2011,2489,2233,2966,2492,2184,248,2966,99,2494,46
20260224,cod,TMG,9,2425,3265,3286,2688,3082,2041,2416,2209,2969,2442,2125,275,2969,85,2402,39
20260127,cod,NKF,33,4182,4968,4985,4282,5209,1556,2131,1893,2969,1999,1653,355,2969,134,1939,70
20260403,cod,TMG,0,1808,2945,2960,1113,2930,1981,2457,2181,2970,2441,2138,291,2970,240,2679,85
20260114,cod,TMG,19,1748,2676,2702,2337,2697,2115,2552,2276,2977,2720,2276,254,2977,139,2637,79
20260124,cod,NKF,23,2125,2533,2537,2095,2570,1780,2425,1967,2979,2363,1947,354,2979,214,2404,111
20260112,cod,NMS,71,1856,1979,2106,768,1928,623,1743,764,2981,3922,1047,623,2981,268,2529,205
20260112,cod,GLA,63,2993,3167,3169,1172,3343,529,1727,662,2984,2753,1243,616,2984,260,1852,165
20260124,cod,HKH,3,857,1790,1944,1266,1661,1500,2225,1680,2984,2223,1836,420,2984,147,2024,96
20260319,cod,TMG,23,2155,2887,2905,2607,3024,2015,2480,2202,2990,2524,2194,264,2990,140,2496,62
20260117,cod,GLA,74,1593,2013,2015,856,2347,527,1712,657,2991,2039,1276,574,2991,199,1508,144
20260301,cod,TMG,19,1839,2494,2508,2185,2491,2044,2522,2215,2999,2613,2274,281,2999,131,2671,57
20260212,cod,DSP,9,107,167,173,77,166,532,1941,611,3001,1926,1488,474,3001,270,2016,162
20260110,cod,PFP,80,2921,3868,3883,1431,4193,551,1912,671,3005,3164,1493,663,3005,181,1958,145
20260212,cod,TMG,5,1977,2789,2802,2318,2635,2136,2559,2310,3005,2653,2329,225,3005,143,2594,44
20260226,cod,RDD,205,3165,3921,3934,405,4799,141,1204,172,3007,1236,870,997,3007,90,1197,67
20260307,cod,RDD,221,163,1447,1721,162,1707,90,1169,115,3010,2164,753,1132,3010,1231,2174,1142
20260203,cod,TMG,3,634,1353,1386,712,792,2024,2443,2237,3012,2479,2153,263,3012,102,2561,61
20260225,cod,MAM,27,876,1969,2012,1695,2250,1854,2449,2006,3017,2457,2193,244,3017,144,2479,81
20260201,cod,GLA,11,207,943,947,177,449,614,1880,715,3017,2146,1550,666,3017,354,2100,232
20260113,cod,GLA,30,1634,1773,1775,654,1812,563,1746,725,3025,2453,1280,588,3025,220,1716,152
20260126,cod,GLA,16,426,1149,1155,316,810,488,1612,647,3032,1812,1263,700,3032,259,1585,157
20260119,cod,TMG,9,1577,2426,2447,2057,2342,2033,2452,2255,3032,2492,2168,278,3032,116,2588,47
20260107,cod,TMG,13,2148,3278,3295,2787,3125,2209,2652,2382,3034,3308,2490,219,3034,311,2218,122
20260322,cod,NKF,15,1290,2050,2056,1344,1722,1634,2352,1819,3042,2568,1985,419,3042,349,2616,196
20260129,cod,GLA,26,719,1124,1127,421,1130,516,1653,665,3046,1594,1228,589,3046,175,1640,123
20260404,cod,ABE,0,,,,0,1,178,1061,250,3052,896,619,930,3052,177,1101,137
20260226,cod,TMG,12,1994,2742,2770,2455,2849,2144,2581,2328,3053,2667,2316,251,3053,95,2662,41
20260305,cod,TMG,9,1920,2702,2718,2855,3300,2118,2626,2288,3057,2272,1877,283,3057,206,2103,58
20260215,cod,TMG,11,1579,2148,2162,2037,2302,2119,2637,2269,3058,2770,2373,307,3058,147,2833,62
20260123,cod,TMG,13,1701,2460,2483,2109,2379,2151,2666,2296,3058,2910,2433,278,3058,179,2787,69
20260116,cod,GLA,52,1135,1884,1884,744,2137,571,1795,679,3059,2290,1341,658,3059,242,1790,177
20260131,cod,TMG,9,1894,2611,2642,2313,2616,2197,2593,2386,3060,2719,2366,230,3060,93,2676,62
20260403,cod,NKF,0,1672,2189,2227,701,2196,1811,2453,1998,3062,2488,2072,342,3062,187,2372,107
20260303,cod,NKF,35,1830,2440,2460,2190,2778,1735,2393,1896,3063,2487,1998,319,3063,266,2537,168
20260222,cod,MAM,45,1364,2634,2698,2328,2860,2053,2689,2146,3064,2812,2483,258,3064,113,2806,55
20260122,cod,TMG,7,1959,2638,2666,2299,2603,2083,2496,2332,3065,2569,2275,253,3065,88,2492,52
20260330,cod,MAM,1,812,1556,1568,1206,1712,1188,1874,1457,3066,1781,1498,467,3066,142,1948,86
20260211,cod,DSP,22,585,630,1060,239,677,509,1918,611,3067,1927,1476,524,3067,190,1988,130
20260329,cod,NMS,1,1916,3115,3233,781,2619,457,1640,582,3074,1834,1257,865,3074,380,1981,277
20260111,cod,PFP,26,842,3555,3573,548,1334,590,1934,689,3074,3326,1509,737,3074,324,2212,195
20260217,cod,TMG,16,2085,2876,2915,2395,2718,2106,2540,2312,3077,2513,2233,260,3077,88,2465,47
20260328,cod,NKF,11,1818,2248,2294,1823,2352,1684,2364,1891,3082,2430,2007,378,3082,167,2388,106
20260312,cod,TMG,18,1834,3102,3124,2414,2764,2132,2584,2316,3083,2600,2265,288,3083,179,2613,75
20260308,cod,TMG,19,2149,2851,2890,2483,2827,2037,2562,2227,3085,2552,2192,335,3085,131,3055,62
20260223,cod,TMG,7,1740,2396,2410,2118,2430,2082,2530,2307,3090,2592,2234,274,3090,84,2621,36
20260222,cod,TMG,4,1734,2423,2437,2054,2333,2095,2626,2266,3090,2664,2328,281,3090,135,2869,67
20260209,cod,DSP,28,1515,1597,1846,571,1751,474,1791,593,3090,1902,1387,617,3090,449,2011,205
20260125,cod,GLA,24,838,1211,1214,452,1227,479,1627,632,3092,1706,1232,718,3092,242,1656,187
20260311,cod,TMG,32,2168,3096,3121,2725,3112,2159,2634,2324,3093,2709,2340,296,3093,205,2763,87
20260126,cod,TMG,7,1505,2391,2410,1927,2217,2101,2573,2318,3094,2631,2279,319,3094,77,2267,39
20260202,cod,NKF,23,2333,2932,2945,2341,2961,1715,2386,1983,3096,2287,1923,306,3096,141,2460,77
20260321,cod,NKF,26,1926,2477,2485,1970,2506,1641,2391,1854,3103,2453,1955,417,3103,306,2565,223
20260220,cod,TMG,5,1783,2475,2499,2301,2618,2231,2670,2387,3103,2739,2406,246,3103,137,2620,64
20260325,cod,TMG,20,2072,3346,3372,2682,3108,2057,2525,2274,3111,2618,2229,290,3111,120,2559,70
20260320,cod,TMG,21,1943,2680,2702,2317,2674,2142,2658,2307,3125,2810,2388,308,3125,148,2756,84
20260130,cod,GLA,27,608,1527,1534,409,1013,558,1722,683,3129,1835,1377,655,3129,217,1755,160
20260304,cod,ABE,9,44,4354,4369,43,148,305,1795,388,3130,2379,1490,868,3130,952,3081,451
20260310,cod,TMG,23,2069,3014,3037,2483,2844,2173,2639,2364,3132,2710,2333,278,3132,171,2808,88
20260301,cod,MAM,9,1345,2163,2176,2147,2679,1974,2676,2072,3135,2850,2416,265,3135,125,2797,72
20260117,cod,TMG,9,1614,2552,2573,2146,2436,2176,2641,2376,3136,2748,2363,240,3136,109,2590,59
20260309,cod,TMG,13,1633,2409,2445,2059,2338,2069,2541,2300,3138,2575,2211,305,3138,140,2673,58
20260227,cod,TMG,19,1774,2449,2466,2170,2523,2260,2729,2396,3144,2805,2420,230,3144,98,2742,54
20260122,cod,RDD,8,67,91,92,153,506,152,1550,186,3150,2103,1256,959,3150,216,1626,153
20260314,cod,TMG,24,1932,2743,2758,2226,2552,2140,2617,2348,3150,2636,2259,278,3150,172,2734,95
20260115,cod,TMG,14,1515,2299,2326,2104,2434,2239,2682,2442,3155,2836,2368,258,3155,145,2723,77
20260201,cod,TMG,5,1507,2312,2326,1941,2215,2192,2728,2337,3159,2816,2452,309,3159,118,2797,57
20260330,cod,NKF,5,2337,2912,2930,2343,3029,1702,2411,1932,3162,2372,1959,394,3162,167,2320,113
20260401,cod,NKF,0,1799,2397,2412,1710,2392,1800,2488,2008,3170,2528,2145,414,3170,176,2488,100
20260221,cod,TMG,11,1611,2212,2225,2018,2302,2225,2697,2396,3172,2761,2415,251,3172,96,2737,46
20260117,cod,DSP,3,126,188,190,81,148,464,1712,594,3174,1841,1030,608,3174,233,2174,165
20260120,cod,RDD,9,94,190,227,103,353,114,1127,147,3175,1467,752,1018,3175,155,1034,76
20260304,cod,WML,41,82,3810,5439,836,1425,1168,2256,1320,3178,3393,1748,519,3178,1211,3961,458
20260112,cod,FMB,169,2971,4244,4265,2403,6136,878,2488,980,3181,3364,2122,613,3181,314,2364,221
20260402,cod,TMG,0,1855,2980,2995,1906,2873,2123,2637,2324,3185,2680,2316,287,3185,227,2898,64
20260108,cod,RDD,239,212,2563,2580,355,3061,167,1577,204,3196,6062,1171,1001,3196,922,2227,814
20260331,cod,NMS,1,2484,2868,3079,1075,3805,626,2140,748,3201,2520,1722,800,3201,358,2150,277
20260111,cod,NMS,36,1267,1313,1417,493,1273,709,2003,830,3206,2956,1400,699,3206,295,2437,229
20260107,cod,PFP,33,1763,2841,2851,768,1906,565,1939,692,3206,3539,1589,666,3206,367,1753,320
20260404,cod,TMG,0,2034,3037,3070,82,3169,2185,2692,2384,3209,2850,2444,265,3209,319,2795,103
20260315,cod,TMG,32,2016,2790,2808,2445,2825,2157,2694,2333,3212,2838,2367,361,3212,223,2714,86
20260326,cod,NKF,8,1702,2205,2225,1804,2263,1770,2479,1993,3214,2524,2030,364,3214,215,2607,116
20260327,cod,NKF,7,1796,2317,2328,1831,2307,1803,2526,2000,3216,2461,2057,384,3216,224,2527,127
20260210,cod,NKF,18,2773,3635,3704,3008,3762,1996,2685,2175,3217,2782,2350,323,3217,243,2701,104
20260228,cod,TMG,9,1833,2495,2514,2185,2511,2260,2750,2428,3221,2742,2421,262,3221,95,2848,55
20260326,cod,HKH,9,1651,3708,3968,2206,2963,1614,2446,1821,3223,2564,2145,459,3223,138,1976,70
20260213,cod,TMG,16,2040,2789,2811,2495,2852,2376,2827,2528,3225,2925,2546,247,3225,135,2844,65
20260106,cod,WML,11,991,3962,5013,559,991,27,3167,28,3226,,,869,3226,1886,1895,1189
20260108,cod,TMG,20,1930,2818,2839,2727,3059,2365,2823,2553,3227,3223,2536,251,3227,216,2712,68
20260328,cod,NMS,37,2753,4982,5182,1025,2917,533,1843,658,3234,1921,1377,838,3234,354,1996,279
20260324,cod,NKF,12,1749,2328,2354,1844,2389,1695,2440,1945,3247,2231,1793,399,3247,199,2244,106
20260116,cod,TMG,15,1747,2570,2600,2192,2541,2299,2772,2498,3247,2835,2445,257,3247,110,2839,58
20260321,cod,TMG,8,2277,2964,2982,2639,3013,2161,2742,2357,3259,2858,2367,344,3259,188,2993,110
20260109,cod,NMS,46,1412,1429,1529,606,1564,840,2364,940,3271,3962,1851,585,3271,206,1794,162
20260224,cod,MAM,18,882,2205,2229,1618,2112,2112,2657,2323,3278,2653,2344,211,3278,81,2717,45
20260210,cod,DSP,2,52,142,429,57,120,556,2124,645,3278,2252,1714,587,3278,246,1980,154
20260329,cod,MAM,4,651,1455,1458,870,1191,1429,2237,1652,3280,2263,1874,489,3280,195,2495,106
20260327,cod,NMS,40,1459,2019,2127,550,1887,585,2023,703,3282,2156,1526,799,3282,367,2138,292
20260113,cod,TMG,16,2031,2980,2995,2572,2921,2331,2786,2554,3283,2953,2509,256,3283,148,2782,75
20260121,cod,RDD,2,85,550,567,47,118,167,1577,214,3288,2024,1309,1057,3288,189,1529,135
20260313,cod,TMG,21,1769,2393,2423,2666,3037,2327,2804,2514,3294,2900,2501,285,3294,194,2884,88
20260317,cod,NKF,22,2094,2638,2655,2109,2738,1874,2534,2137,3299,2650,2048,386,3299,273,2644,159
20260316,cod,TMG,33,1734,2320,2342,2140,2512,2174,2667,2433,3302,2697,2264,331,3302,253,2642,83
20260302,cod,TMG,9,1598,2261,2280,1977,2258,2246,2736,2464,3303,2796,2449,290,3303,116,2784,73
20260320,cod,NKF,28,2261,2927,2945,2289,2949,1809,2565,2061,3304,2631,2143,387,3304,323,2791,176
20260306,cod,NKF,41,2248,2977,3015,2709,3361,1740,2454,2029,3304,2211,1764,407,3304,271,2292,132
20260324,cod,TMG,21,2068,3098,3110,2550,2969,2169,2675,2421,3311,2643,2304,326,3311,130,2774,59
20260216,cod,TMG,8,1555,2187,2204,1872,2125,2285,2743,2536,3316,2734,2383,289,3316,125,2750,60
20260316,cod,MAM,17,1509,2539,2551,2217,2748,2026,2758,2211,3317,2947,2406,331,3317,281,2603,131
20260120,cod,GLA,73,2466,2526,2526,928,2576,539,1807,675,3320,1974,1338,646,3320,232,1833,167
20260223,cod,RDD,93,147,2454,3372,247,2014,231,2313,248,3327,2443,1814,980,3327,302,2325,217
20260327,cod,TMG,17,2169,3158,3177,2577,2994,2311,2857,2481,3328,2969,2555,302,3328,106,2554,55
20260318,cod,TMG,23,2001,2870,2885,2528,2935,2248,2753,2459,3329,2746,2395,314,3329,183,2861,94
20260110,cod,NMS,58,1425,1459,1567,504,1441,762,2133,886,3333,4044,1569,659,3333,273,2240,220
20260111,cod,TMG,36,1869,2850,2865,2375,2721,2331,2878,2522,3349,3188,2591,330,3349,146,3003,74
20260322,cod,TMG,12,1565,2103,2123,1946,2233,2146,2747,2383,3363,2835,2357,406,3363,189,2835,90
20260204,cod,PFP,37,806,1313,1314,512,1247,605,2066,741,3375,2027,1496,760,3375,222,2012,184
20260214,cod,TMG,5,1841,2564,2591,2295,2590,2443,2957,2617,3377,2981,2644,243,3377,114,2968,56
20260305,cod,MAM,5,902,1818,1833,1347,1669,1980,2727,2184,3377,2354,2034,351,3377,179,1911,71
20260320,cod,NMS,49,999,1096,1131,409,1187,635,2140,755,3377,2377,1621,909,3377,539,2458,450
20260128,cod,GLA,73,2097,2509,2514,1013,2632,615,1968,763,3381,2013,1524,660,3381,240,1891,164
20260127,cod,GLA,58,1699,2233,2238,922,2441,553,1902,712,3385,1914,1393,760,3385,288,1926,172
20260127,cod,DSP,60,1000,3379,3380,841,2617,549,2217,664,3386,2387,1611,534,3386,271,2089,191
20260202,cod,TMG,9,1495,1652,1676,2064,2309,2327,2803,2547,3386,2829,2487,300,3386,99,2894,54
20260325,cod,NKF,11,1855,2403,2430,1943,2478,1902,2631,2132,3387,2644,2170,388,3387,227,2649,121
20260123,cod,GLA,41,1711,2571,2578,756,1986,572,2002,683,3390,2326,1558,741,3390,543,2436,274
20260401,cod,HKH,0,1106,2140,2333,1257,1960,1520,2279,1821,3398,2234,1902,558,3398,180,2518,92
20260405,cod,TMG,0,2133,2133,2918,0,3147,2289,2908,2453,3402,3074,2596,346,3402,249,2939,0
20260109,cod,RDD,78,801,3809,4243,500,3632,154,1825,185,3404,8189,1306,1153,3404,1492,3512,1385
20260113,cod,DSP,13,105,257,343,292,801,503,1810,643,3420,2734,1318,592,3420,218,1982,154
20260119,cod,GLA,88,2209,2312,2314,1193,3281,563,2073,705,3421,2343,1588,712,3421,331,2361,218
20260110,cod,TMG,20,1931,2783,2804,2482,2796,2449,2918,2662,3427,3294,2565,280,3427,142,3129,82
20260222,cod,NKF,15,1627,2382,2390,1679,2067,1964,2761,2172,3432,2936,2350,420,3432,334,3049,172
20260323,cod,NKF,25,2370,2961,2971,2550,3238,1862,2582,2162,3441,2722,2044,432,3441,336,2608,174
20260310,cod,NKF,50,2374,2971,2995,2727,3389,1949,2628,2209,3442,2714,2139,394,3442,304,2942,155
20260315,cod,NKF,31,1817,2563,2591,1770,2243,1971,2769,2152,3444,3030,2337,466,3444,368,2971,206
20260124,cod,TMG,8,1644,2332,2344,2119,2404,2449,2952,2646,3461,2897,2558,280,3461,122,2898,69
20260303,cod,MAM,6,561,1199,1217,879,1096,2081,2840,2260,3475,2938,2572,290,3475,196,2992,132
20260124,cod,GLA,66,1978,2385,2388,983,2829,599,1943,750,3482,1944,1411,768,3482,280,1872,190
20260131,cod,NKF,9,1810,2328,2356,1838,2290,2102,2830,2342,3490,2876,2426,350,3490,199,2951,122
20260327,cod,HKH,17,1495,3406,3713,2697,3551,1755,2622,1961,3501,2746,2239,555,3501,194,2641,119
20260115,cod,DSP,4,46,122,123,90,139,656,2506,727,3524,3663,2003,611,3524,332,2255,222
20260319,cod,NKF,25,1608,2180,2195,1726,2218,2035,2829,2253,3525,2837,2325,423,3525,295,2981,187
20260329,cod,TMG,8,2121,2855,2872,2642,3078,2366,2952,2589,3531,3039,2569,340,3531,154,2865,82
20260301,cod,NKF,29,1518,2415,2424,1555,1981,2091,2901,2283,3534,3019,2487,420,3534,252,3078,145
20260223,cod,SME,45,1406,2228,2682,348,1922,485,2507,552,3543,2447,1922,553,3543,297,2511,218
20260320,cod,MAM,26,2806,4932,4955,3516,4399,1958,2703,2205,3546,2735,2292,369,3546,246,2936,134
20260313,cod,NKF,38,2200,2799,2811,2212,2771,2021,2809,2273,3548,2890,2293,406,3548,329,3049,155
20260401,cod,TMG,0,1962,2981,3003,1709,2337,2420,2944,2646,3548,3081,2657,300,3548,138,3170,62
20260112,cod,TMG,15,1579,2467,2497,2266,2556,2435,2938,2713,3550,3291,2615,305,3550,117,2961,63
20260317,cod,TMG,21,2074,3006,3029,2299,2659,2504,3022,2708,3555,3050,2628,330,3555,220,2838,102
20260328,cod,TMG,6,2259,3211,3235,2804,3242,2421,3017,2637,3557,3116,2665,323,3557,107,2993,68
20260225,cod,RDD,53,178,237,241,205,1396,176,1721,211,3562,1795,1410,1136,3562,177,1848,131
20260225,cod,NKF,40,2641,3349,3361,2768,3447,2127,2846,2333,3563,2869,2423,368,3563,207,2845,101
20260122,cod,GLA,36,945,1223,1224,467,1266,614,1986,761,3567,2323,1590,738,3567,266,2078,197
20260328,cod,HKH,7,1247,2488,2733,2390,3200,1730,2621,1988,3572,2633,2186,527,3572,154,2622,97
20260224,cod,NKF,26,2217,2943,2961,2298,2865,2054,2754,2304,3572,2667,2268,373,3572,184,2698,79
20260109,cod,TMG,20,2007,2872,2898,2550,2895,2642,3176,2808,3584,3594,2892,275,3584,151,2991,79
20260203,cod,PFP,22,1056,1496,1496,498,1214,681,2143,859,3589,2409,1708,762,3589,252,2144,186
20260227,cod,ABE,162,1764,3599,3616,775,3252,375,1733,449,3596,1851,1361,911,3596,252,1794,186
20260311,cod,NKF,47,2089,2744,2767,2095,2669,2129,2887,2347,3601,2998,2398,420,3601,324,2974,160
20260323,cod,TMG,15,1706,2613,3319,1976,2266,2282,2862,2579,3602,2824,2437,364,3602,150,2834,72
20260228,cod,ABE,157,1042,2552,2588,417,2564,392,2097,480,3630,2361,1677,966,3630,305,2101,247
20260129,cod,NKF,16,1924,2558,2582,2016,2505,2312,3055,2499,3632,3141,2693,365,3632,211,2900,95
20260302,cod,MAM,9,1039,1904,1912,1486,1829,2211,2965,2427,3634,2956,2617,248,3634,179,2936,145
20260307,cod,TMG,23,1850,2530,2548,2371,2729,2620,3160,2817,3637,3326,2867,284,3637,156,2689,71
20260130,cod,NKF,15,1915,2397,2418,2046,2537,2304,2999,2520,3640,3087,2615,341,3640,218,3109,116
20260223,cod,MAM,24,1181,2609,2674,1919,2396,2413,3080,2638,3641,3191,2798,276,3641,175,3170,112
20260201,cod,PFP,24,437,1660,1661,298,721,695,2166,840,3656,2267,1706,892,3656,314,2569,213
20260314,cod,NKF,44,2430,2962,2971,2428,3011,2117,2878,2376,3660,2890,2324,453,3660,311,2800,181
20260331,cod,TMG,0,1788,2165,2194,2344,2846,2503,3068,2732,3686,2994,2659,341,3686,144,3675,64
20260226,cod,NKF,50,2532,3104,3119,2576,3210,2314,3003,2529,3687,3065,2577,343,3687,191,3050,94
20260119,cod,RDD,109,1444,1737,1803,160,1633,168,1435,224,3688,2161,929,1202,3688,490,1746,339
20260316,cod,NKF,60,2709,3354,3372,2780,3555,2041,2786,2365,3689,2781,2183,435,3689,352,2789,183
20260207,cod,DSP,34,1810,2323,2353,639,2066,572,2217,680,3689,2251,1756,606,3689,320,2525,210
20260318,cod,NKF,34,2013,2686,2697,1941,2553,2172,2965,2412,3697,2993,2429,442,3697,314,2984,190
20260308,cod,NKF,25,1628,2495,2501,1727,2146,2113,3010,2321,3702,3253,2576,442,3702,346,3048,157
20260302,cod,NKF,43,2639,3427,3445,2797,3501,2117,2879,2418,3717,2934,2445,388,3717,261,2964,176
20260307,cod,NKF,48,2369,3019,3079,2495,3118,2187,2966,2410,3727,2911,2440,413,3727,272,2482,141
20260201,cod,DSP,29,218,1560,1560,308,1220,511,2316,617,3730,2671,1712,679,3730,414,2888,257
20260205,cod,DSP,60,1937,2274,2301,691,2363,544,2123,656,3750,2121,1541,636,3750,210,2128,151
20260226,cod,ABE,223,3734,5306,5326,770,4381,300,1432,386,3767,1461,1053,1001,3767,229,1509,167
20260401,cod,NMS,0,1449,1547,1671,687,3064,777,2533,896,3777,2674,1970,922,3777,580,2992,378
20260107,cod,RDD,185,2085,5128,5152,367,2579,292,2824,328,3785,8175,2232,1090,3785,936,2953,846
20260121,cod,GLA,59,1859,2178,2182,697,1917,727,2236,854,3799,2456,1791,802,3799,339,2404,241
20260202,cod,PFP,55,1229,1384,1386,824,2483,753,2127,969,3805,2132,1592,870,3805,260,2037,177
20260224,cod,RDD,20,82,732,2568,113,546,229,2277,258,3827,2217,1808,1165,3827,253,2375,195
20260304,cod,PFP,0,28,4925,4930,10,31,293,1640,399,3829,2101,1180,1138,3829,938,2713,375
20260228,cod,NKF,38,2423,3152,3166,2401,3056,2282,3124,2532,3830,3155,2650,392,3830,233,3331,135
20260223,cod,NKF,42,2816,3521,3534,2992,3672,2257,3029,2548,3853,2964,2475,410,3853,196,2993,107
20260221,cod,NKF,27,2217,2773,2787,2275,2851,2281,3071,2546,3859,3030,2532,410,3859,251,3262,152
20260301,cod,ABE,69,295,1958,1971,170,1063,420,2338,493,3867,2830,1943,987,3867,442,2547,323
20260312,cod,NKF,43,2280,2829,2855,2311,2946,2342,3140,2572,3869,3238,2628,418,3869,301,3081,162
20260212,cod,FMB,79,1753,3462,3469,1020,2824,638,2059,841,3871,2210,1471,875,3871,322,2167,208
20260304,cod,RDD,7,13,54,54,60,130,103,1889,142,3891,2665,1276,1424,3891,1125,3075,905
20260330,cod,TMG,0,2178,3238,3263,2545,2918,2613,3230,2880,3898,3270,2819,372,3898,129,3271,62
20260402,cod,PFP,0,20,21,25,19,232,356,1703,496,3903,1710,1148,1093,3903,290,1816,213
20260329,cod,HKH,2,918,1624,1766,1780,2243,1861,2956,2114,3927,3158,2577,680,3927,243,2902,146
20260322,cod,PFP,30,782,1862,1869,283,1028,396,1791,509,3928,1943,1159,1161,3928,454,2371,318
20260324,cod,PFP,124,3011,3578,3588,791,3938,459,2054,610,3929,2144,1422,1060,3929,378,1987,254
20260403,cod,ABE,0,8,8,9,0,9,238,1563,314,3931,1511,1036,1127,3931,322,1899,238
20260227,cod,NKF,49,2320,2972,2983,2311,2947,2420,3270,2618,3933,3383,2829,396,3933,230,3213,138
20260321,cod,MAM,20,1989,4012,4054,3151,3870,2144,3070,2364,3944,3276,2656,492,3944,275,3051,148
20260331,cod,WML,1,,,,0,35,863,1753,1205,3992,1365,1038,890,3992,205,2621,164
20260106,cod,DSP,33,2069,2948,2981,580,2069,13,3927,14,4005,,,732,4005,2398,2404,1657
20260319,cod,MAM,6,1623,3017,3024,2207,2711,2218,3110,2510,4006,3084,2578,416,4006,229,3017,150
20260331,cod,HKH,0,1013,1869,2023,1263,1788,1849,2785,2218,4018,2664,2249,660,4018,192,3026,115
20260129,cod,PFP,62,1470,2182,2184,936,2202,591,2014,799,4020,1977,1377,921,4020,189,1785,113
20260206,cod,DSP,29,1540,1705,1714,572,1858,693,2614,783,4041,2629,2044,681,4041,278,2625,216
20260328,cod,MAM,3,750,1373,1387,1041,1444,1961,2922,2233,4050,2892,2460,518,4050,236,3175,151
20260111,cod,DSP,73,1891,2393,2410,986,3537,609,2408,731,4066,4083,1768,777,4066,380,2937,258
20260116,cod,DSP,3,74,163,210,86,150,710,2761,829,4079,3412,1971,752,4079,320,2642,226
20260303,cod,RDD,1003,31,3569,3644,35,2748,172,2300,200,4084,2832,1874,1271,4084,710,3580,485
20260309,cod,NKF,45,2751,3576,3589,2882,3570,2304,3177,2656,4091,3093,2559,466,4091,316,3572,185
20260305,cod,ABE,768,10012,12426,17544,2931,16312,334,2218,447,4092,2172,1397,1116,4092,456,2063,272
20260204,cod,DSP,22,176,581,743,285,944,678,2549,779,4092,2631,1963,676,4092,368,2871,251
20260326,cod,PFP,61,2744,3546,3557,649,3193,415,2162,540,4101,2108,1318,1092,4101,418,2915,307
20260131,cod,DSP,31,1275,3223,3471,613,2063,658,2524,756,4110,2732,1888,710,4110,306,3031,240
20260403,cod,PFP,0,4,4,4,0,5,530,2257,638,4112,2458,1804,1118,4112,458,2583,328
20260305,cod,RDD,921,116,187,196,154,3724,177,1898,215,4113,2686,1242,1451,4113,1338,2984,1058
20260128,cod,DSP,92,1733,2833,3134,948,3587,681,2816,776,4120,3021,2225,660,4120,306,2697,207
20260317,cod,MAM,22,1461,2662,2677,2164,2803,2459,3431,2726,4135,3623,2980,424,4135,313,3239,155
20260330,cod,HKH,1,967,1743,1914,1223,1687,1918,2927,2288,4169,2977,2443,712,4169,195,2958,104
20260113,cod,FMB,118,2826,4160,4183,1647,4003,1161,3124,1307,4170,3852,2631,767,4170,425,3205,289
20260323,cod,PFP,139,3905,5001,5009,1129,5527,441,2058,579,4183,1999,1299,1274,4183,412,2322,278
20260115,cod,FMB,95,1482,2656,2666,1527,3694,957,2723,1133,4204,3505,2172,949,4204,319,2493,209
20260211,cod,NKF,25,2819,3718,3735,3044,3727,2738,3605,2961,4208,3790,3219,410,4208,266,3312,127
20260304,cod,MJH,1,0,7,46,11,28,826,2650,1002,4214,3621,2053,941,4214,1376,4229,547
20260304,cod,ROP,2,13,1675,1675,0,39,190,2710,238,4219,3420,2277,1114,4219,709,2678,325
20260215,cod,NKF,27,1947,2821,2839,2132,2642,2481,3506,2743,4230,3839,3028,466,4230,412,3737,199
20260306,cod,RDD,363,83,1616,3037,119,1863,151,1931,198,4234,3140,1401,1509,4234,1479,3147,1315
20260131,cod,PFP,65,1688,2006,2010,724,2275,964,2636,1137,4246,2717,2098,863,4246,283,2830,229
20260118,cod,RDD,44,8,9,9,168,1449,191,1926,254,4248,3115,1388,1370,4248,1073,3247,813
20260217,cod,NKF,30,2313,3137,3154,2541,3143,2477,3382,2791,4255,3392,2774,425,4255,310,3297,149
20260219,cod,NKF,28,2398,2976,2991,2520,3093,2614,3451,2861,4261,3511,2933,476,4261,270,3768,138
20260327,cod,MAM,5,730,1417,1425,1162,1653,2171,3082,2516,4270,3000,2513,518,4270,233,3531,146
20260305,cod,NKF,47,2767,3834,3855,2877,3622,2686,3631,2919,4292,3127,2482,464,4292,438,2631,190
20260114,cod,FMB,59,740,2626,2648,677,1752,1058,2904,1245,4298,3276,2347,862,4298,390,3090,287
20260318,cod,MAM,17,1538,2837,2850,2103,2702,2513,3464,2776,4325,3492,2908,424,4325,304,3592,147
20260220,cod,NKF,20,2247,2849,2869,2258,2821,2595,3485,2884,4326,3517,2940,422,4326,238,3436,138
20260110,cod,RDD,166,61,811,838,406,2804,217,2561,245,4330,7307,1934,1455,4330,1622,3818,1482
20260212,cod,NKF,26,2860,3638,3658,2952,3749,2795,3703,3052,4375,3800,3214,381,4375,307,3726,146
20260130,cod,DSP,92,2398,2809,2813,848,3390,667,2734,781,4394,2715,1971,663,4394,366,3368,284
20260322,cod,MAM,10,1970,3891,3903,2832,3508,2469,3528,2735,4427,3683,3005,536,4427,289,3526,160
20260129,cod,DSP,58,2101,2575,2594,714,2960,711,2861,816,4431,3213,2221,676,4431,201,1980,150
20260402,cod,CIQ,0,0,0,1,0,1,236,1912,325,4437,1965,1381,1308,4437,229,1706,167
20260213,cod,NKF,38,2914,3730,3746,3101,3880,2814,3750,3051,4442,3870,3254,451,4442,300,3900,136
20260112,cod,DSP,70,1644,1738,1850,1102,3629,741,2781,884,4447,4409,2067,805,4447,459,3118,285
20260221,cod,VEH,9,225,277,277,100,370,618,1944,870,4465,1756,1255,993,4465,288,2837,190
20260130,cod,PFP,81,2364,2962,2966,1010,3093,910,2634,1070,4479,2608,1991,936,4479,374,3103,277
20260402,cod,NMS,0,770,863,912,86,1020,973,3042,1128,4495,3447,2531,1131,4495,718,3454,596
20260202,cod,DSP,108,1463,2887,2936,1207,3841,650,2925,772,4496,2940,2116,758,4496,356,2809,251
20260308,cod,NIR,140,2114,2662,2664,881,2576,424,1712,641,4549,1971,1146,1292,4549,359,2061,250
20260304,cod,FMB,10,146,8167,8188,68,195,800,2438,1057,4562,3754,1880,1254,4562,1896,4611,766
20260118,cod,FMB,27,572,4005,4036,468,1214,777,2410,994,4585,2386,1539,1137,4585,523,3601,360
20260214,cod,NKF,30,2811,3639,3654,2912,3602,2744,3789,3003,4592,3807,3216,490,4592,280,3878,161
20260112,cod,PFP,129,4320,6505,6527,2441,7480,974,3244,1125,4595,4749,2616,1010,4595,432,3255,293
20260203,cod,DSP,55,1042,1834,1841,689,2428,689,2945,817,4608,2984,2226,756,4608,410,3435,295
20260306,cod,ABE,860,9100,11375,11464,1544,11516,492,2638,598,4613,2746,1933,1238,4613,395,2733,250
20260215,cod,FMB,67,1802,3977,3987,930,2628,781,2724,955,4621,3224,2237,1139,4621,642,3180,435
20260110,cod,DSP,39,1289,4985,5050,434,1411,731,2691,871,4634,4682,1975,835,4634,342,3219,267
20260401,cod,PFP,0,165,377,453,71,397,415,2149,548,4636,2188,1540,1263,4636,394,2312,273
20260115,cod,RDD,60,231,2026,2092,310,1534,303,2071,367,4644,3842,1524,1378,4644,287,2103,194
20260324,cod,MAM,28,1810,3272,3282,3025,3957,2550,3538,2914,4645,3463,2927,528,4645,185,3326,96
20260216,cod,NKF,37,3713,4555,4581,3897,4738,2693,3628,3099,4652,3533,2912,488,4652,312,3773,156
20260303,cod,ABE,146,1540,2092,2108,598,2857,546,2833,637,4671,2985,2265,1178,4671,545,3498,407
20260321,cod,PFP,86,3016,3761,3770,754,3443,497,2398,624,4676,2552,1654,1346,4676,501,2977,397
20260302,cod,ABE,152,889,3569,3598,818,3592,554,2959,642,4684,3137,2306,1185,4684,434,3162,356
20260305,cod,ROP,635,8853,10278,10281,559,11432,156,2091,234,4735,1569,1010,1442,4735,340,2671,215
20260218,cod,NKF,34,2481,3161,3181,2714,3346,2938,3944,3203,4753,3956,3352,432,4753,273,3656,153
20260128,cod,PFP,72,1750,2500,2503,1053,2570,740,2621,943,4782,2515,1893,1068,4782,284,2350,203
20260308,cod,WML,99,959,6532,9493,1637,2938,1577,3053,1815,4787,3367,2278,808,4787,466,3256,274
20260325,cod,PFP,96,3190,3632,3640,837,3925,608,2962,741,4794,3396,2350,1180,4794,422,2417,298
20260309,cod,NIR,160,2461,3223,3224,1061,3041,588,2174,786,4797,2283,1436,1295,4797,500,2524,335
20260211,cod,FMB,123,1356,2476,2478,1099,3591,829,2655,1065,4852,2657,2007,1122,4852,278,2689,193
20260405,cod,NMS,0,297,297,360,0,936,755,2470,997,4860,2565,1882,1321,4860,530,2747,0
20260221,cod,MJH,53,3231,3725,3776,1405,3675,1331,3875,1454,4886,4446,3166,912,4886,526,3727,408
20260223,cod,GLA,394,6536,9692,9763,3935,11252,1186,3904,1312,4900,4798,3296,956,4900,606,3879,424
20260115,cod,PFP,220,3097,3758,3760,1928,7084,878,2768,1117,4908,3707,1948,1075,4908,319,2532,216
20260327,cod,ABE,33,4072,5205,5228,598,4503,336,2556,413,4916,2938,1969,1364,4916,401,2218,274
20260323,cod,MAM,27,2436,4464,4474,3843,4788,2662,3710,3078,4931,3672,3096,597,4931,251,3635,114
20260305,cod,PFP,237,3320,6041,6045,2268,8243,509,2650,639,4935,2336,1651,1330,4935,354,2068,210
20260326,cod,ABE,310,7063,7492,7599,738,7469,277,2143,406,4963,2246,1518,1400,4963,309,1677,222
20260326,cod,MAM,7,943,1752,1766,1364,1915,2697,3771,3056,4969,3841,3208,557,4969,270,4056,166
20260320,cod,PFP,77,1595,2045,2100,586,2060,483,2426,593,4977,2560,1575,1470,4977,469,2999,371
20260302,cod,RDD,723,74,85,86,223,3655,308,3599,343,4980,3582,2753,1564,4980,441,3546,361
20260310,cod,NIR,162,2272,2891,2892,1066,3050,716,2466,947,4998,2689,1776,1346,4998,506,2664,335
20260311,cod,NIR,144,2492,3066,3066,1097,3097,724,2588,964,5010,2843,1895,1358,5010,497,2927,349
20260226,cod,WML,83,964,4156,5752,2231,4148,1706,3245,1972,5031,3350,2452,784,5031,295,3168,226
20260225,cod,ABE,94,1546,2274,2298,515,2249,420,3074,504,5059,3000,2447,1219,5059,432,3782,298
20260117,cod,RDD,52,173,234,241,189,1867,343,2662,402,5077,3201,2010,1465,5077,396,2580,277
20260402,cod,NIR,0,2354,3155,3157,375,3267,654,2431,903,5114,2644,1743,1366,5114,407,2667,303
20260108,cod,WML,74,1416,5698,8656,2734,4693,1781,3433,2033,5115,5431,2685,883,5115,355,3051,258
20260301,cod,WML,79,592,4241,5900,1677,2804,1687,3521,1920,5124,3816,2698,891,5124,401,3879,272
20260214,cod,FMB,90,2401,3824,3837,1303,3654,992,3159,1208,5141,3158,2492,1095,5141,402,3475,308
20260301,cod,ROP,4,82,4294,4299,26,153,192,2319,268,5148,2495,1723,1542,5148,389,2129,292
20260106,cod,NIR,9,1080,2451,2478,370,1080,14,5030,18,5158,,,1664,5158,2397,2399,1224
20260308,cod,CIQ,103,1995,5453,5455,290,2054,309,2264,412,5166,2663,1652,1627,5166,644,3371,415
20260216,cod,FMB,104,1844,3413,3421,1686,4412,868,3045,1097,5178,3208,2295,1273,5178,457,3153,325
20260227,cod,WML,90,1022,4072,5616,2257,4154,1790,3559,2006,5182,3752,2771,782,5182,316,3677,203
20260319,cod,ROP,212,1141,1576,1577,578,5398,230,2695,311,5192,2975,1969,1418,5192,505,3042,368
20260113,cod,PFP,124,4182,5961,5967,1739,5329,1128,3440,1353,5204,4444,2775,1027,5204,491,3499,314
20260306,cod,PFP,379,8337,13661,13672,1917,11449,544,2885,686,5207,3038,2153,1377,5207,369,2498,270
20260325,cod,MAM,20,1240,1908,1921,1917,2546,3022,4101,3365,5224,4220,3579,581,5224,236,3678,134
20260228,cod,WML,105,1045,3972,5732,2240,4161,1825,3755,2067,5243,3925,2913,802,5243,342,3811,236
20260213,cod,FMB,90,2034,3283,3300,1391,3807,1159,3548,1330,5246,3736,2872,1095,5246,417,3621,316
20260321,cod,NIR,49,1447,2683,2683,702,1997,660,2399,931,5249,2765,1639,1478,5249,648,2910,479
20260225,cod,WML,105,996,3980,5406,2138,3967,1653,3290,1965,5257,3388,2462,882,5257,335,3798,236
20260401,cod,NIR,0,2269,3171,3174,728,3104,677,2412,927,5284,2550,1696,1411,5284,379,2587,268
20260111,cod,RDD,33,5,2569,2595,266,1371,345,3133,388,5287,7142,2497,1652,5287,1469,4319,1220
20260312,cod,NIR,157,2348,3085,3086,1008,2923,745,2714,987,5293,2996,1999,1428,5293,522,2972,363
20260403,cod,NIR,0,2268,2916,2917,156,3069,735,2617,989,5294,2785,1934,1362,5294,483,2853,321
20260116,cod,RDD,17,175,2273,2290,102,772,319,2802,393,5313,3477,1949,1561,5313,384,3158,287
20260307,cod,ABE,191,1266,2074,2091,695,3287,571,3272,683,5331,3750,2583,1578,5331,420,2727,307
20260110,cod,NIR,94,2151,3202,3203,1157,2961,734,2547,1061,5336,5581,1810,1335,5336,330,2728,246
20260331,cod,PFP,0,745,930,981,253,1281,469,2489,615,5337,2438,1747,1500,5337,389,2353,257
20260405,cod,MJH,0,2372,2372,4643,0,2711,1122,3318,1313,5341,3672,2667,1238,5341,514,3697,0
20260114,cod,NIR,101,1822,2349,2350,1103,2701,800,2638,1060,5341,4150,1904,1438,5341,419,2979,269
20260114,cod,VEH,104,3007,3813,4012,1581,4627,814,2671,1027,5344,6474,1942,1204,5344,364,2845,227
20260319,cod,PFP,67,1399,1872,1880,467,1838,515,2718,683,5346,2795,1824,1487,5346,385,2653,289
20260313,cod,MJH,210,3684,5129,5259,2044,5636,1078,3362,1267,5359,3640,2659,1181,5359,505,3460,366
20260313,cod,NIR,151,2513,3040,3040,1147,3267,759,2698,1019,5364,3008,1988,1402,5364,573,2932,422
20260402,cod,MJH,0,3118,3478,3810,407,3572,1125,3156,1355,5367,3296,2479,1182,5367,337,3164,243
20260219,cod,FMB,309,5484,10967,11013,3041,7596,1009,3226,1212,5368,3405,2482,1201,5368,358,3203,266
20260111,cod,NIR,82,1278,2553,2760,934,2330,808,2736,1074,5377,3480,2009,1374,5377,454,3095,303
20260107,cod,WML,73,1254,4546,6670,2120,3781,1897,3776,2160,5377,6062,3115,872,5377,665,2889,531
20260302,cod,ROP,233,3586,3601,3691,752,7678,150,2449,235,5383,2528,1715,1607,5383,315,1999,240
20260126,cod,PFP,74,1643,2844,2847,1108,2743,775,2812,1021,5384,3012,2173,1351,5384,384,2800,258
20260303,cod,WML,85,802,4168,6046,1937,3381,1779,3608,2046,5387,3906,2834,852,5387,481,3884,359
20260107,cod,DSP,80,1883,3019,4948,818,2753,1000,3687,1122,5393,6365,3132,843,5393,974,3035,866
20260312,cod,MJH,130,3045,5116,7183,1282,3441,1034,3095,1281,5402,3297,2443,1255,5402,465,3308,336
20260401,cod,MJH,0,3027,3616,3926,967,3757,964,3002,1213,5433,2954,2223,1226,5433,317,3045,229
20260331,cod,CIQ,0,75,214,318,82,888,335,2469,442,5436,2487,1695,1704,5436,293,2258,186
20260127,cod,PFP,76,1478,2291,2293,1210,2825,799,2908,1027,5443,3124,2186,1309,5443,361,2760,267
20260404,cod,NIR,0,2237,3074,3085,25,2885,721,2659,1005,5446,2953,1987,1456,5446,565,3071,364
20260314,cod,NIR,175,2572,3325,3325,1074,3099,745,2698,1009,5460,2848,1902,1518,5460,642,3046,474
20260224,cod,ABE,85,1342,2004,2024,407,1783,584,4527,636,5463,4937,3898,1040,5463,539,4810,374
20260120,cod,FMB,154,2678,4857,4892,2565,6099,1127,3270,1377,5481,3548,2541,1197,5481,406,3394,287
20260402,cod,ABE,0,29,30,35,4,66,324,2439,426,5487,2363,1697,1678,5487,447,2956,337
20260303,cod,ROP,113,2493,3299,3315,104,2503,231,2794,282,5503,3078,2219,1526,5503,448,2895,348
20260328,cod,PFP,20,1318,1767,1778,464,2018,629,3223,774,5523,3359,2384,1370,5523,486,3226,359
20260307,cod,NIR,146,2482,2994,2995,1109,3028,569,2068,901,5525,1911,1256,1410,5525,298,1599,192
20260114,cod,RDD,418,1,1065,2571,158,2985,329,2583,396,5535,4640,1906,1578,5535,365,2627,253
20260322,cod,NIR,92,1652,2732,2736,981,2886,780,2720,1027,5542,3045,1878,1594,5542,609,2965,409
20260109,cod,WML,111,1767,6210,9473,3413,5770,2165,4019,2432,5558,5853,3214,875,5558,481,4227,302
20260115,cod,NIR,85,2262,2668,2671,1071,2813,829,2767,1133,5560,4217,1953,1384,5560,472,2939,326
20260218,cod,FMB,108,1660,3439,3445,1284,3515,1028,3275,1263,5562,3462,2502,1251,5562,427,3375,321
20260109,cod,NIR,87,2192,2996,2996,1283,3217,847,2760,1116,5568,7911,2035,1475,5568,397,2962,304
20260223,cod,PFP,251,5538,7109,7136,2413,9306,1018,4652,1101,5576,5332,3942,1134,5576,567,4552,396
20260403,cod,MJH,0,3149,3820,4272,171,3509,1158,3468,1406,5578,3657,2783,1196,5578,490,3737,329
20260307,cod,WML,194,1085,5222,7729,2493,4666,1861,3599,2182,5582,3599,2653,911,5582,427,3127,257
20260402,cod,ROP,0,,,,0,1,172,2116,233,5589,2483,1503,1908,5589,302,2288,232
20260315,cod,NIR,147,2411,2932,2932,1134,3158,732,2760,972,5591,3215,2088,1564,5591,662,3139,458
20260109,cod,DSP,7,110,240,266,123,262,1022,3714,1142,5596,5906,2901,918,5596,441,4171,328
20260405,cod,NIR,0,1755,1755,2443,0,2592,779,2898,1044,5599,3259,2184,1524,5599,533,3026,0
20260115,cod,VEH,92,3401,4046,4210,1442,4185,982,3319,1182,5603,6169,2347,1243,5603,357,2701,209
20260125,cod,PFP,21,811,1738,1741,494,1100,817,2996,1034,5608,3126,2270,1496,5608,522,3492,380
20260118,cod,NIR,114,3110,4055,4056,1371,3620,854,2736,1141,5611,3530,2081,1402,5611,577,3147,387
20260331,cod,NIR,2,2330,3170,3174,944,3241,708,2527,988,5616,2588,1763,1527,5616,367,2561,257
20260316,cod,ROP,223,2982,6050,6057,347,4153,246,2868,303,5623,2967,1941,1546,5623,548,3086,392
20260325,cod,ABE,299,3701,4114,4142,547,4794,427,2462,551,5633,2443,1787,1610,5633,851,2868,313
20260315,cod,ROP,30,794,1934,1949,84,978,256,3028,310,5635,3439,2253,1488,5635,722,3658,510
20260117,cod,FMB,127,3000,4614,4712,2153,5340,1172,3459,1450,5639,3714,2450,1195,5639,376,2993,301
20260401,cod,CIQ,0,86,87,183,22,225,371,3158,460,5642,3039,2416,1570,5642,492,3557,326
20260112,cod,RDD,85,577,4601,4640,325,2939,355,3185,424,5644,5644,2321,1678,5644,1250,4003,815
20260329,cod,NIR,14,1711,2178,2179,770,2349,704,2523,961,5644,2883,1798,1586,5644,459,2697,306
20260325,cod,NIR,69,1835,2821,2822,845,2418,664,2555,951,5669,2656,1741,1493,5669,416,2629,307
20260308,cod,MJH,43,568,1474,1481,383,1012,1032,3220,1264,5673,3646,2460,1281,5673,535,3703,335
20260327,cod,PFP,30,1257,1954,1959,426,2051,622,3811,743,5689,4358,3192,1352,5689,625,4048,436
20260220,cod,FMB,427,6552,11310,11333,5064,11906,1174,3655,1345,5695,3862,2890,1279,5695,434,3682,308
20260404,cod,NMS,0,438,482,503,1,471,1134,3512,1414,5719,3747,2823,1378,5719,711,3911,563
20260311,cod,MJH,175,4027,5124,5180,1744,4835,1133,3285,1398,5730,3261,2466,1286,5730,537,4010,361
20260114,cod,PFP,90,654,4826,4831,805,3104,1258,3824,1465,5732,4744,3079,1130,5732,491,3807,358
20260314,cod,ROP,169,2003,2227,2238,456,4223,242,3022,292,5739,3386,2243,1459,5739,543,3072,435
20260320,cod,NIR,98,2327,2876,2876,1015,2987,738,2593,1021,5741,2802,1772,1525,5741,567,3120,417
20260224,cod,WML,104,1076,3999,5440,2108,3907,1924,3633,2267,5758,3553,2654,990,5758,335,3750,234
20260108,cod,DSP,60,1798,1934,2015,879,2900,1060,3915,1209,5765,6144,3099,878,5765,515,3837,418
20260317,cod,ROP,176,1328,3583,3584,290,3927,269,3125,336,5765,3438,2298,1520,5765,524,3155,380
20260329,cod,PFP,0,607,1446,1455,160,785,542,3389,678,5790,3809,2652,1526,5790,610,3832,400
20260404,cod,MJH,0,2995,3199,4160,37,4263,1274,3557,1509,5794,3764,2864,1245,5794,508,3818,323
20260309,cod,WML,259,1719,6799,9571,4509,8161,2001,4031,2289,5797,4124,3016,954,5797,512,4451,339
20260306,cod,WML,141,850,3801,5479,2417,4405,1916,3798,2268,5804,3695,2719,976,5804,505,3802,292
20260111,cod,WML,46,462,6074,9542,1104,1899,2079,4045,2344,5811,5713,3250,1016,5811,613,4798,357
20260330,cod,NIR,7,2206,3099,3101,882,2659,698,2609,983,5813,2573,1707,1636,5813,419,2867,301
20260217,cod,FMB,102,2518,4484,4497,1517,4029,1144,3594,1396,5823,3828,2888,1268,5823,395,3444,281
20260302,cod,WML,132,867,3867,5630,2685,4868,1975,4005,2252,5830,3986,3023,897,5830,384,4017,294
20260228,cod,ROP,156,530,613,621,319,4584,252,2368,349,5842,2258,1571,1675,5842,355,2414,274
20260327,cod,NIR,42,1921,2452,2453,825,2404,672,2647,956,5842,2796,1822,1592,5842,451,2966,327
20260117,cod,NIR,146,3696,4203,4209,1560,4227,894,2795,1239,5843,4077,1970,1436,5843,433,2986,297
20260113,cod,NIR,121,2507,3343,3351,1343,3208,882,2936,1222,5860,4968,2160,1462,5860,403,3070,297
20260122,cod,VEH,117,4266,4467,4553,1660,4777,1131,3456,1374,5871,4074,2674,1192,5871,392,3649,304
20260306,cod,ROP,135,1269,4523,4805,248,2666,283,3240,344,5878,3659,2584,1593,5878,373,3113,263
20260327,cod,ROP,83,4130,4944,6459,354,4315,243,2866,309,5880,3146,2220,1806,5880,479,3124,340
20260321,cod,ROP,94,2015,2891,2896,387,2811,253,3325,289,5886,3795,2403,1606,5886,854,3925,630
20260215,cod,NIR,97,2334,3086,3087,1242,3620,657,2649,940,5887,3041,1901,1565,5887,554,3127,318
20260324,cod,NIR,81,2400,2991,2991,1089,3075,765,2756,1069,5898,2798,1865,1615,5898,433,2799,302
20260320,cod,ROP,163,4203,5014,5014,527,4646,262,3437,313,5904,4059,2677,1536,5904,714,3629,516
20260222,cod,WML,73,586,3797,5344,1210,2090,1978,3923,2285,5905,4289,3039,1013,5905,542,4620,381
20260203,cod,FMB,135,3561,6415,6432,2363,5987,1252,3503,1585,5918,3684,2751,1269,5918,393,3450,286
20260123,cod,VEH,215,4173,4693,4752,1474,4362,1113,3704,1309,5924,4491,2929,1186,5924,584,3909,329
20260116,cod,FMB,98,2177,4499,4547,1398,3534,1432,4093,1650,5934,4816,3239,1263,5934,645,4480,432
20260330,cod,WML,0,,,,0,1,1606,3203,2087,5940,2740,2116,1165,5940,257,3528,182
20260310,cod,CIQ,169,1358,2412,2414,445,3240,396,2886,503,5947,2981,1943,1773,5947,375,2761,250
20260316,cod,NIR,134,2358,2869,2893,1055,2878,808,2840,1128,5949,3169,2035,1645,5949,622,2971,433
20260323,cod,NIR,104,2259,2936,2938,1160,3342,758,2763,1064,5968,2696,1765,1698,5968,521,2829,337
20260201,cod,FMB,74,2844,5747,5768,1562,3902,1267,3697,1508,5969,3914,2945,1452,5969,545,4338,365
20260212,cod,WML,120,1517,6200,8358,3671,6064,2147,4010,2483,5969,4221,3088,943,5969,492,4298,267
20260117,cod,VEH,82,2488,2978,3068,1252,3388,1125,3707,1327,5970,4892,2614,1213,5970,439,3763,309
20260112,cod,NIR,116,2099,2779,2806,1383,3387,963,3115,1294,5986,6180,2288,1571,5986,419,3146,300
20260319,cod,NIR,97,2383,3010,3011,1098,2963,832,2998,1139,5989,3235,2130,1604,5989,504,3080,381
20260116,cod,VEH,111,3607,4542,4833,1393,4070,1166,3565,1416,5996,6217,2369,1232,5996,464,3482,293
20260210,cod,FMB,82,1289,3527,3537,1132,3064,1070,3329,1373,6000,3337,2590,1451,6000,442,3611,321
20260328,cod,NIR,33,1905,2545,2546,866,2440,794,2914,1090,6006,2960,2047,1650,6006,466,3036,341
20260119,cod,FMB,181,3059,6563,6682,3303,7469,1378,3887,1628,6013,4178,3103,1345,6013,515,4037,349
20260116,cod,NIR,127,3341,3866,3867,1444,3763,857,2913,1189,6014,3351,2114,1580,6014,443,2991,301
20260310,cod,WML,268,1817,6385,9065,4265,7550,2070,4173,2364,6017,4654,3284,984,6017,594,4207,391
20260318,cod,ROP,189,1903,6132,6137,396,4622,295,3367,352,6018,3434,2493,1555,6018,645,3916,458
20260108,cod,NIR,99,2002,3035,3035,1259,3132,912,2967,1256,6021,4694,2094,1471,6021,437,3102,343
20260326,cod,NIR,90,2302,2781,2786,1167,3283,839,2995,1103,6059,3282,2196,1638,6059,422,2924,308
20260222,cod,MJH,59,3251,3947,3980,1517,3763,1407,4455,1594,6062,5279,3654,1214,6062,727,5105,470
20260222,cod,NIR,80,2626,3080,3083,1156,3212,658,2762,930,6078,3232,1890,1657,6078,519,3485,358
20260122,cod,FMB,73,1377,2496,2517,1279,3108,1373,3665,1698,6081,4122,2928,1344,6081,405,3676,292
20260303,cod,NIR,108,2058,3149,3152,868,2648,798,2989,1029,6082,3267,2213,1537,6082,571,3158,464
20260110,cod,WML,120,1759,5690,8959,3705,6297,2321,4408,2617,6084,6149,3567,935,6084,465,4115,335
20260220,cod,NIR,111,2865,3505,3507,1263,3619,801,3059,1058,6097,3164,2098,1559,6097,423,3183,294
20260305,cod,WML,168,796,3620,5126,3238,6074,2287,4511,2566,6100,4002,2902,969,6100,555,3642,292
20260326,cod,ROP,69,2531,2692,2924,259,2639,207,2699,296,6117,2675,1905,1873,6117,410,2697,302
20260204,cod,FMB,92,1905,4398,4411,1957,4734,1478,4000,1740,6129,4252,3197,1334,6129,374,4018,281
20260317,cod,NIR,149,2376,3032,3032,1011,2894,912,3056,1210,6139,3272,2177,1675,6139,577,3064,374
20260318,cod,NIR,135,2539,3099,3103,1111,3143,835,3016,1132,6142,3249,2104,1727,6142,523,3045,376
20260208,cod,WML,43,775,5673,7518,1474,2409,2174,4285,2460,6179,4836,3446,1078,6179,546,4609,334
20260314,cod,MJH,73,2144,3178,3217,1001,2782,1337,4119,1520,6180,4553,3398,1358,6180,606,4467,467
20260330,cod,PFP,4,3193,3765,3787,971,4298,578,3346,774,6189,3370,2444,1664,6189,874,3976,439
20260315,cod,MJH,113,2374,4373,4520,1325,3556,1243,3984,1447,6196,4378,3250,1480,6196,636,4333,426
20260223,cod,WML,95,830,3541,4901,2336,4347,2063,3921,2476,6198,3854,2842,1030,6198,339,3854,234
20260308,cod,ABE,43,296,1065,1085,226,987,598,3937,722,6203,5539,3170,1901,6203,750,3838,505
20260308,cod,PFP,199,3538,8108,8123,336,3794,548,3479,686,6205,4288,2760,1683,6205,631,3883,421
20260330,cod,CIQ,3,4160,4972,4977,647,5952,421,2894,556,6212,2826,2034,1881,6212,488,2992,336
20260331,cod,MJH,1,3176,3775,3805,1082,3389,1101,3439,1384,6247,3456,2621,1403,6247,390,3535,270
20260121,cod,VEH,119,4780,5301,5461,1977,5445,1161,3713,1405,6253,4370,2837,1288,6253,411,3808,301
20260305,cod,NIR,135,1893,2280,2280,1004,2920,955,3877,1213,6270,3547,2408,1736,6270,704,3266,386
20260202,cod,FMB,119,2095,4228,4244,2626,5906,1347,3541,1717,6278,3627,2732,1391,6278,418,3703,289
20260107,cod,NIR,102,2370,3588,3598,1472,3701,994,3363,1303,6281,7776,2655,1584,6281,744,2989,632
20260220,cod,FCY,21,4293,7013,7134,5941,6847,4961,5617,5265,6287,6127,4858,321,6287,252,6669,118
20260118,cod,VEH,75,2720,2894,2941,1209,3259,1174,4034,1386,6314,5645,3135,1324,6314,614,4840,428
20260319,cod,CIQ,286,4090,4453,4457,1402,8868,396,3290,497,6316,3774,2465,1957,6316,684,3498,485
20260119,cod,NIR,125,3633,4353,4354,1693,4577,927,3182,1284,6321,3597,2331,1620,6321,540,3393,331
20260306,cod,NIR,148,2126,2674,2675,934,2591,670,2732,1057,6333,2432,1608,1693,6333,398,2410,219
20260221,cod,NIR,82,2636,3227,3227,1183,3289,826,3237,1117,6339,3405,2246,1647,6339,440,3496,325
20260316,cod,MJH,214,3500,4005,5759,2377,6688,1177,3664,1506,6350,3735,2769,1444,6350,569,3892,388
20260228,cod,NIR,115,2337,2962,2964,972,2956,845,3238,1116,6354,3538,2363,1570,6354,486,3497,337
20260311,cod,WML,236,1382,5704,8108,3339,6092,2262,4498,2547,6364,4818,3493,1059,6364,724,4882,485
20260129,cod,FMB,56,1408,3169,3182,1202,2753,1390,3607,1798,6391,3906,2839,1428,6391,332,3236,247
20260219,cod,NIR,163,2530,3280,3282,1784,5375,868,3163,1177,6395,3340,2230,1517,6395,376,3112,279
20260329,cod,CIQ,3,59,1737,1737,20,172,433,3365,533,6405,3689,2575,1843,6405,849,4183,543
20260222,cod,FCY,33,3959,6680,6795,5489,6325,4943,5738,5255,6414,6594,5076,449,6414,277,6321,133
20260325,cod,MJH,54,3470,3799,3837,1508,4005,1182,3647,1467,6421,3751,2741,1497,6421,441,3585,273
20260329,cod,MJH,7,2863,3914,4099,1252,3150,1167,3759,1418,6422,4125,2987,1450,6422,696,4292,394
20260217,cod,NIR,95,2452,3258,3261,1061,3162,736,2941,1058,6432,3137,2063,1674,6432,438,2540,294
20260210,cod,WML,140,1702,6101,8512,3743,6350,2245,4326,2602,6433,4334,3295,1107,6433,496,4720,319
20260213,cod,NIR,92,2153,3074,3075,1001,2989,826,3135,1152,6441,3275,2216,1585,6441,446,3179,310
20260307,cod,PFP,273,1876,3912,3922,1120,7182,644,4291,775,6442,4558,3537,1603,6442,574,4175,383
20260116,cod,PFP,165,5138,6200,6203,2048,6353,1286,4244,1488,6445,5459,3189,1408,6445,627,4420,444
20260324,cod,ABE,125,1553,2139,2253,497,3798,409,2802,553,6450,2424,1772,1851,6450,571,3347,348
20260130,cod,VEH,131,3846,4489,4717,1620,4697,1183,3901,1407,6456,4374,2917,1274,6456,512,5033,409
20260327,cod,CIQ,26,813,2513,2621,376,1567,414,3108,526,6464,3380,2238,1874,6464,454,3370,319
20260302,cod,NIR,114,2549,3151,3153,1054,3087,802,3030,1115,6464,3094,2094,1604,6464,460,3301,344
20260120,cod,VEH,132,4048,4771,5114,1855,5444,1226,3937,1493,6467,4764,2890,1337,6467,535,4052,357
20260205,cod,WML,72,1137,4488,6165,2434,4224,2195,4079,2568,6479,4015,3048,1049,6479,394,4250,250
20260301,cod,NIR,129,2647,3186,3188,1051,3269,851,3157,1137,6481,3333,2256,1614,6481,453,3387,287
20260221,cod,FCY,34,4254,6835,6945,6044,6981,5097,5826,5401,6484,6381,5110,367,6484,236,6433,139
20260328,cod,ABE,25,2098,2381,2410,500,3241,435,4224,531,6486,5266,3434,1770,6486,529,3287,417
20260131,cod,FMB,87,2271,4506,4514,1786,4201,1539,3976,1868,6506,4115,3099,1426,6506,414,4099,314
20260221,cod,WML,74,894,3217,4507,2163,3854,2287,4358,2676,6507,4342,3295,1116,6507,451,4506,297
20260303,cod,MJH,111,3517,4426,4476,1661,4461,1315,3966,1542,6512,4336,3180,1310,6512,624,4275,444
20260227,cod,NIR,129,2630,3248,3249,1113,3348,831,3103,1118,6518,3115,2110,1601,6518,383,3299,276
20260113,cod,RDD,70,118,2222,4332,569,3257,441,3685,516,6519,5997,2929,1823,6519,458,3535,352
20260216,cod,NIR,98,3027,3729,3733,1279,3777,768,3003,1098,6524,3015,1997,1754,6524,461,2961,302
20260304,cod,FCY,31,3088,7793,7964,6078,6950,5083,5914,5382,6525,9128,4905,480,6525,3045,12100,541
20260324,cod,MJH,92,3529,4008,4043,1515,4074,1185,3738,1479,6535,3647,2668,1513,6535,519,3744,318
20260319,cod,MJH,157,3163,3633,5236,1537,4363,1318,4016,1575,6546,4405,3139,1440,6546,569,4111,413
20260403,cod,NMS,0,362,394,445,17,465,1528,4857,1724,6557,5543,4263,1634,6557,1141,5712,843
20260206,cod,WML,89,1133,4395,6219,2608,4406,2416,4531,2738,6566,4806,3663,1029,6566,464,4672,297
20260212,cod,NIR,78,2538,3328,3332,1048,3019,835,3136,1170,6566,3198,2181,1666,6566,501,3304,326
20260129,cod,VEH,134,4980,5836,5993,2086,6069,1279,3836,1545,6575,4019,2821,1164,6575,228,2515,180
20260211,cod,WML,113,1274,5656,7719,3228,5538,2465,4555,2825,6579,4620,3553,1011,6579,458,5096,282
20260318,cod,MJH,110,3397,4742,5523,1461,3974,1277,3932,1570,6579,4034,2969,1449,6579,537,4087,407
20260220,cod,VEH,5,196,266,269,144,291,1255,3705,1546,6581,3585,2764,1372,6581,444,4277,331
20260307,cod,MJH,138,2930,3658,3666,1484,3947,1301,3916,1580,6584,3863,2948,1380,6584,454,3478,299
20260218,cod,NIR,31,882,3423,3425,481,1380,809,3198,1067,6592,3473,2264,1684,6592,441,3199,301
20260315,cod,CIQ,7,196,6398,6399,78,345,402,3280,497,6594,3804,2514,2072,6594,849,4044,498
20260322,cod,MJH,93,3394,4296,4461,1624,4189,1205,3869,1457,6600,4283,2879,1581,6600,791,4480,516
20260128,cod,VEH,211,5367,6024,6120,2443,7151,1145,3768,1420,6601,3956,2696,1322,6601,438,3428,317
20260322,cod,WML,37,507,5732,8893,1686,2790,1920,4242,2270,6602,4533,3170,1379,6602,706,4913,426
20260221,cod,FMB,451,7255,9640,9664,5103,12152,1491,4425,1732,6615,4961,3653,1431,6615,707,4822,560
20260310,cod,MJH,186,4045,5358,5674,1986,5324,1363,3985,1633,6615,4110,3151,1422,6615,515,4030,347
20260307,cod,CIQ,356,3044,3585,3588,1138,9564,508,3446,648,6625,3476,2561,1780,6625,331,2842,243
20260209,cod,FMB,122,1138,2902,2912,1768,4805,1222,3667,1614,6629,3608,2733,1587,6629,424,4093,301
20260318,cod,PFP,92,1229,1675,1680,458,1851,578,3193,736,6633,3227,2215,1859,6633,511,3369,397
20260214,cod,NIR,100,2055,3337,3338,940,2959,905,3344,1198,6660,3471,2444,1674,6660,429,3343,328
20260331,cod,ABE,0,738,838,1000,123,1144,449,3223,541,6666,3257,2246,2145,6666,617,4399,350
20260306,cod,MJH,182,3354,4383,4450,1827,4721,1271,3806,1615,6668,3755,2783,1417,6668,554,3572,340
20260322,cod,ROP,21,389,2898,2910,98,1163,306,3959,375,6680,4568,3031,1794,6680,969,4479,611
20260312,cod,WML,207,1471,6006,8771,3112,5661,2347,4698,2649,6681,4992,3606,1158,6681,787,5193,536
20260126,cod,FMB,125,2204,4989,5014,2491,5464,1374,3852,1742,6698,4185,3047,1616,6698,559,4019,368
20260125,cod,FMB,40,888,3881,3901,870,1963,1327,4013,1615,6714,4260,3162,1685,6714,618,4272,451
20260118,cod,PFP,40,919,2809,2811,814,1828,995,4042,1252,6719,4467,2507,1565,6719,809,5220,539
20260222,cod,FMB,180,3549,7073,7087,2290,5173,1401,4284,1644,6737,5235,3467,1600,6737,1024,5170,761
20260309,cod,CIQ,317,3099,5006,5009,958,6974,518,3850,617,6753,4221,2949,1958,6753,615,3907,426
20260129,cod,WML,121,1438,5347,7547,3428,5907,2116,4152,2523,6753,4262,3097,1140,6753,375,4066,240
20260226,cod,NIR,109,2714,3433,3433,1134,3371,867,3205,1190,6758,3427,2274,1648,6758,434,3328,298
20260209,cod,WML,145,1500,5816,7883,4304,7193,2404,4505,2847,6760,4444,3351,1170,6760,455,4440,306
20260128,cod,FCY,60,5399,8781,8928,8148,9458,5111,5797,5593,6769,5976,4838,377,6769,199,6049,107
20260401,cod,ABE,0,389,426,534,41,502,457,3687,556,6773,3819,2790,2025,6773,532,3884,358
20260225,cod,MJH,234,4000,5276,5385,2009,5543,1421,4030,1692,6774,4161,3187,1332,6774,403,4194,290
20260207,cod,WML,83,1084,3927,5762,2634,4412,2459,4736,2799,6783,4892,3737,1003,6783,417,4642,286
20260120,cod,NIR,132,3583,4568,4571,1547,4301,1073,3606,1440,6789,4070,2604,1684,6789,566,3738,353
20260128,cod,FMB,128,2310,3663,3715,2030,5123,1412,3868,1800,6795,3681,2905,1558,6795,453,3829,302
20260119,cod,VEH,94,3401,4869,5074,1343,3905,1209,4144,1519,6808,5313,2973,1421,6808,549,4784,348
20260330,cod,MJH,0,3396,3772,3860,1537,4283,1283,3956,1572,6813,3883,2941,1589,6813,501,4075,341
20260317,cod,MJH,141,2982,3542,4205,1563,4522,1334,4188,1584,6816,4637,3384,1561,6816,607,3982,439
20260328,cod,MJH,44,2347,2719,2799,979,2834,1287,4026,1551,6818,4158,3112,1476,6818,521,4188,387
20260226,cod,MJH,135,3040,3743,3831,1532,4386,1479,4326,1721,6826,4535,3453,1334,6826,495,4530,322
20260326,cod,MJH,84,3874,4411,4464,1437,4221,1436,4281,1702,6833,4393,3346,1459,6833,464,4343,339
20260124,cod,PFP,35,1773,2341,2342,680,2050,1140,3799,1465,6842,3651,2769,1617,6842,478,3958,365
20260313,cod,ROP,110,1567,3820,3822,262,2586,172,2582,245,6843,2764,1699,2101,6843,597,3171,463
20260329,cod,ABE,4,453,1123,1137,122,581,362,4250,473,6848,4746,3119,2025,6848,667,4060,430
20260121,cod,FMB,102,2140,4007,4048,1751,4241,1711,4654,1929,6863,4848,3839,1450,6863,563,4788,390
20260328,cod,CIQ,55,4413,4496,4497,733,6040,504,3825,605,6868,3941,2843,1950,6868,646,4227,479
20260309,cod,MJH,106,1576,1803,1814,1242,3315,1507,4357,1779,6869,4356,3291,1434,6869,555,4427,404
20260205,cod,FMB,80,1446,3310,3314,1250,3298,1553,4406,1849,6871,4558,3485,1421,6871,386,4211,294
20260306,cod,CIQ,52,638,6524,6532,239,1277,463,3418,601,6871,3142,2277,1857,6871,477,3993,300
20260115,cod,WML,111,1198,5911,8961,3570,6168,2533,4788,2894,6881,6244,3720,1143,6881,513,4291,309
20260219,cod,FCY,184,4082,6639,6753,5624,6679,5376,6064,5779,6886,6499,5201,337,6886,227,6965,101
20260208,cod,FMB,18,686,2459,2461,411,1156,1415,4321,1699,6895,4551,3421,1550,6895,556,4769,381
20260113,cod,VEH,88,2705,3387,3737,1391,3940,1104,3460,1426,6905,6395,2413,1527,6905,362,3892,274
20260325,cod,ROP,95,3179,3291,3291,333,3978,298,3204,379,6918,3231,2304,2046,6918,541,3048,321
20260326,cod,CIQ,46,1552,2377,2389,383,2022,421,3036,579,6935,2895,1980,1970,6935,418,2800,301
20260117,cod,PFP,83,2136,3268,3270,1321,3202,1341,4444,1614,6941,5519,3165,1443,6941,436,3363,331
20260327,cod,MJH,45,3417,4147,4171,1445,4000,1342,4162,1634,6942,4382,3260,1481,6942,579,4299,387
20260321,cod,MJH,37,2256,2979,3127,1118,2757,1342,4327,1598,6948,4781,3362,1558,6948,835,5034,587
20260321,cod,WML,76,1421,5503,8203,3039,5258,2190,4508,2535,6961,4657,3340,1401,6961,657,4985,460
20260112,cod,WML,187,1445,5589,9150,5081,8652,2609,4895,3036,6962,6491,3807,1119,6962,506,4852,288
20260213,cod,WML,117,1370,5121,7123,3675,6048,2800,5176,3113,6975,5530,4167,1113,6975,580,5199,361
20260224,cod,MJH,162,4981,6538,6610,2191,5759,1417,4233,1708,6987,4198,3212,1370,6987,398,4275,295
20260211,cod,NIR,97,2586,3093,3095,1029,3050,863,3314,1215,6989,3345,2287,1816,6989,485,3460,329
20260219,cod,WML,62,846,3555,4697,1948,3474,2494,4530,2938,6993,4601,3401,1147,6993,479,4625,297
20260403,cod,CMD,0,8943,10417,11475,172,12889,925,3822,1148,7005,4202,2991,1998,7005,802,4287,541
20260114,cod,WML,61,754,5538,8291,1768,2967,2601,4954,2952,7007,6019,3993,1089,7007,675,5317,445
20260215,cod,VEH,94,3311,4676,4781,1638,4632,1133,4199,1358,7027,4773,3402,1594,7027,750,4847,503
20260327,cod,FCY,28,5112,8680,8892,7056,8501,5512,6265,5861,7043,6915,5540,375,7043,307,6597,172
20260225,cod,FCY,42,6008,9407,9581,8025,9190,5620,6349,5927,7053,6725,5523,365,7053,355,6907,226
20260308,cod,ROP,54,568,2523,2526,55,1034,158,3497,228,7056,4537,2699,2144,7056,864,4277,638
20260301,cod,MJH,107,3171,4630,4711,1271,3397,1406,4415,1668,7062,4939,3553,1472,7062,695,4917,484
20260128,cod,NIR,143,4067,5519,5528,2038,5705,918,3120,1307,7070,3167,1987,1728,7070,328,2467,213
20260305,cod,MJH,182,6584,9548,9646,2808,7261,1501,4794,1790,7074,4370,3225,1441,7074,700,4282,443
20260224,cod,FCY,40,5336,8584,8737,7508,8619,5641,6337,5988,7088,7010,5538,354,7088,357,6770,228
20260204,cod,WML,72,1084,4233,5999,2703,4694,2433,4671,2860,7105,4596,3468,1193,7105,503,5136,339
20260118,cod,WML,41,751,6132,9306,1688,2762,2352,4718,2720,7108,5347,3613,1278,7108,597,5353,363
20260225,cod,NIR,111,2709,3365,3368,1197,3551,923,3312,1238,7114,3298,2296,1766,7114,420,3472,288
20260113,cod,WML,132,1620,5382,8605,4052,6687,2629,5021,3007,7124,6533,4006,1067,7124,590,4943,358
20260319,cod,WML,60,1148,4942,7631,2609,4722,2167,4473,2596,7126,4676,3310,1352,7126,550,4558,397
20260318,cod,CIQ,172,3749,8458,8458,517,4416,472,3703,584,7135,3906,2762,2078,7135,856,4055,636
20260220,cod,WML,59,889,3553,4890,2078,3604,2634,4929,2988,7154,5049,3847,1172,7154,451,5031,274
20260123,cod,NIR,101,2175,3438,3439,1126,3038,953,3641,1340,7156,4373,2565,1800,7156,800,4279,504
20260323,cod,MJH,77,3478,4016,4097,1673,4474,1288,4074,1602,7159,3949,2811,1717,7159,719,4194,447
20260123,cod,PFP,117,3800,4090,4100,1179,4080,1332,4043,1606,7175,4372,3115,1655,7175,793,4870,512
20260227,cod,MJH,118,4041,4400,4450,1658,4457,1594,4634,1827,7177,4951,3720,1380,7177,583,4970,394
20260317,cod,PFP,128,2406,3035,3038,793,3090,581,2976,759,7177,2989,1903,2139,7177,609,3503,428
20260223,cod,FCY,34,4810,8105,8260,6733,7739,5590,6291,6059,7190,6639,5277,369,7190,318,6789,166
20260201,cod,WML,41,379,4666,6532,1270,2140,2493,4918,2832,7196,5508,3875,1307,7196,670,5707,426
20260130,cod,WML,110,1287,4977,7093,3028,5132,2385,4707,2738,7199,4880,3641,1216,7199,442,4874,284
20260304,cod,GLA,122,2298,8525,8560,623,2341,1137,4100,1439,7207,5761,3108,1831,7207,2693,6880,1090
20260326,cod,WML,15,,,,853,1634,2458,4628,2858,7207,4804,3557,1294,7207,458,4824,325
20260326,cod,FCY,30,4528,7914,8087,6514,7699,5605,6365,6027,7221,6861,5527,382,7221,283,6654,146
20260212,cod,VEH,131,4495,5478,6224,1716,5112,1298,4184,1576,7231,4327,3150,1480,7231,615,4546,411
20260130,cod,FMB,81,1530,3466,3472,1380,3283,1789,4564,2126,7231,4542,3564,1545,7231,381,4840,275
20260204,cod,NIR,129,4163,5060,5066,1804,5634,900,3385,1240,7242,3517,2386,1812,7242,508,3666,344
20260125,cod,VEH,128,4223,4943,5031,2074,5589,1389,4655,1601,7243,5344,3692,1510,7243,684,5105,510
20260330,cod,ABE,1,844,1245,1299,334,1673,424,4047,530,7249,3792,2758,2220,7249,721,5247,535
20260314,cod,CIQ,199,3005,3531,3543,346,4187,453,3911,556,7254,4114,2951,2147,7254,705,4448,554
20260121,cod,NIR,139,3528,4159,4164,1624,4498,1119,3884,1518,7269,4682,2895,1760,7269,538,3966,348
20260130,cod,FCY,61,4946,8303,8447,7088,8237,5746,6469,6109,7275,6959,5725,388,7275,331,8259,188
20260129,cod,NIR,104,3075,3503,3506,1517,4528,1086,3638,1470,7286,3743,2523,1751,7286,404,3144,266
20260305,cod,CIQ,308,3214,4369,4382,1047,6403,582,4460,702,7302,4330,3085,1996,7302,587,3665,355
20260302,cod,MJH,148,3538,4351,4426,1923,4879,1385,4387,1717,7305,4311,3275,1468,7305,519,4492,399
20260304,cod,CMD,1,44,632,634,19,46,1059,4496,1268,7309,5600,3570,1858,7309,1733,5737,787
20260228,cod,MJH,139,3905,4161,4188,1685,4644,1574,4705,1852,7311,4994,3746,1414,7311,626,5070,454
20260206,cod,FMB,98,1417,2964,2966,1395,3952,1844,4882,2124,7317,5144,3976,1487,7317,545,5403,390
20260329,cod,ROP,2,1135,3987,3988,170,1875,295,4120,346,7321,4667,3177,2155,7321,1120,5358,652
20260207,cod,FMB,30,978,2780,2783,764,1947,1659,4655,1991,7328,4931,3742,1583,7328,496,4916,389
20260129,cod,FCY,49,4613,7882,8019,6937,8047,5840,6596,6172,7360,7181,5901,414,7360,291,6415,144
20260130,cod,NIR,90,3001,4694,4698,1120,3403,880,3558,1244,7360,3648,2371,1794,7360,606,5569,449
20260328,cod,FCY,19,4867,7940,8072,7207,8462,5774,6640,6097,7364,7258,5841,415,7364,358,6775,191
20260124,cod,VEH,79,3477,4756,4887,1331,3889,1574,4992,1796,7365,5539,3996,1369,7365,630,5065,453
20260213,cod,VEH,87,4420,5915,6123,1885,4860,1415,4607,1689,7367,4935,3617,1532,7367,622,4770,414
20260320,cod,WML,78,1198,4935,7559,2910,5162,2336,4817,2694,7375,5089,3688,1387,7375,681,5247,448
20260118,cod,FCY,81,3839,6644,6786,5643,6673,5411,6376,5825,7386,7339,5529,616,7386,536,7550,256
20260123,cod,FMB,110,4954,6773,6805,2559,5882,1998,5112,2260,7403,5797,4192,1574,7403,900,5803,518
20260128,cod,WML,96,1266,5485,7478,3498,5958,2305,4557,2744,7410,4462,3387,1257,7410,426,4572,236
20260313,cod,WML,163,1287,5386,8020,3261,5949,2712,5333,3046,7417,5861,4248,1295,7417,1004,5694,660
20260106,cod,CMD,110,5731,5953,6038,2026,5731,29,7292,30,7419,,,1950,7419,4318,4332,2916
20260205,cod,NIR,80,2751,3347,3349,1241,3662,853,3395,1206,7422,3620,2402,1819,7422,531,3603,360
20260127,cod,VEH,155,7088,9238,9491,2820,7498,1321,4347,1670,7425,4635,3190,1492,7425,608,4439,443
20260320,cod,MJH,82,2987,3573,4133,1350,3599,1528,4846,1779,7438,5227,3844,1640,7438,749,5185,537
20260223,cod,MJH,117,4385,5347,5378,1927,4912,1713,4998,2011,7449,4854,3704,1341,7449,626,5191,422
20260402,cod,CMD,0,9004,13526,13709,550,11429,1037,3744,1307,7449,3767,2783,2097,7449,659,4218,456
20260308,cod,CMD,271,4686,6257,6277,1593,5360,965,3765,1269,7450,4247,2698,1908,7450,788,4512,548
20260122,cod,PFP,66,2018,2308,2308,901,2658,1141,3610,1454,7451,3762,2501,1818,7451,514,4218,403
20260126,cod,VEH,21,81,441,447,181,600,1362,4544,1681,7458,5085,3494,1536,7458,699,4815,493
20260224,cod,NIR,102,2586,3424,3426,1136,3453,944,3417,1326,7463,3468,2343,1835,7463,460,3574,340
20260325,cod,FCY,32,4454,7660,7834,6238,7424,5749,6526,6188,7475,7147,5732,443,7475,317,6875,126
20260210,cod,NIR,126,3012,3500,3506,1367,4190,786,3210,1198,7481,3344,2180,2000,7481,474,3372,318
20260123,cod,FCY,74,4198,7025,7182,6274,7372,5773,6699,6106,7487,7795,5844,471,7487,573,7717,253
20260224,cod,PFP,208,5577,7031,7042,1777,6977,1257,5503,1439,7497,5795,4498,1553,7497,607,5864,437
20260324,cod,ROP,155,2728,3512,3512,670,6098,403,3993,478,7500,3775,2829,2148,7500,819,4469,508
20260323,cod,WML,66,1131,5606,10048,4223,7397,2373,4815,2827,7539,4885,3538,1448,7539,649,4843,385
20260122,cod,NIR,120,3216,4065,4070,1330,3847,1185,3945,1595,7549,4408,2944,1936,7549,555,3883,421
20260122,cod,FCY,60,4223,7414,7572,6219,7265,6013,6810,6393,7617,7616,6039,425,7617,392,7410,238
20260223,cod,NIR,98,2694,3563,3564,1059,3153,1098,4035,1429,7624,4158,2870,1895,7624,608,4226,425
20260201,cod,NIR,73,1338,2089,2095,826,2490,966,3824,1266,7633,4008,2637,1968,7633,683,4555,436
20260207,cod,FCY,27,4878,8225,8375,7144,8268,5905,6728,6272,7634,7291,5948,461,7634,346,7749,148
20260106,cod,VEH,47,3194,5669,5954,1329,3194,37,7506,38,7642,,,1868,7642,4957,4973,3346
20260215,cod,WML,33,654,5317,7357,1238,1998,2794,5448,3140,7645,6234,4400,1330,7645,805,5848,442
20260329,cod,FCY,6,4646,7372,7489,6561,7579,5852,6889,6168,7649,7868,6173,502,7649,402,7313,181
20260208,cod,FCY,27,4640,7616,7744,6780,7780,5881,6854,6216,7650,7863,6173,565,7650,350,7710,158
20260226,cod,FCY,75,9824,15649,15956,11390,13214,6062,6815,6420,7651,7552,6007,408,7651,234,7012,120
20260125,cod,NIR,113,2854,4328,4336,1954,5030,1014,3621,1425,7669,4097,2499,2025,7669,575,3657,433
20260321,cod,ABE,47,703,1512,1535,326,1214,498,3801,625,7669,4238,2777,2364,7669,1041,4506,740
20260325,cod,WML,60,1069,2230,3299,3160,5595,2582,5075,2997,7686,5064,3902,1362,7686,498,5004,317
20260303,cod,PFP,168,4203,4629,4634,774,4630,748,3849,984,7693,4046,3079,2064,7693,693,4532,503
20260206,cod,NIR,74,2408,2907,2909,1015,3041,999,4037,1296,7701,4365,2988,1865,7701,571,4129,358
20260331,cod,ROP,0,517,526,1011,34,1251,308,4057,373,7703,4013,2917,2342,7703,510,3931,308
20260214,cod,VEH,119,3793,4807,4953,1888,5386,1452,4790,1715,7712,4952,3748,1590,7712,684,5149,545
20260401,cod,ROP,0,38,39,44,5,265,266,4314,315,7713,4160,3313,2413,7713,540,5225,368
20260307,cod,ROP,644,7618,9026,9059,591,10870,346,5040,406,7716,5616,4321,2090,7716,795,5186,547
20260328,cod,WML,0,,,,11,19,2621,5240,3000,7735,5297,4064,1382,7735,516,5363,365
20260324,cod,WML,74,1271,5420,8200,3328,6001,2592,5151,3023,7740,5274,3897,1350,7740,493,4501,327
20260328,cod,ROP,258,6224,8392,8463,294,7019,451,5054,498,7751,5718,4277,2049,7751,658,4550,423
20260131,cod,NIR,111,2023,3115,3123,1236,3650,1080,3980,1421,7752,4402,2861,1913,7752,579,4730,415
20260312,cod,CIQ,245,4797,6314,6319,938,6468,578,4656,688,7754,4990,3612,2210,7754,649,5278,486
20260208,cod,NIR,92,3052,3410,3411,1273,3484,930,3796,1290,7756,3914,2681,1961,7756,711,4469,448
20260214,cod,WML,92,1600,4734,6633,3350,5684,3056,5673,3409,7763,6004,4594,1272,7763,606,5524,427
20260127,cod,NIR,114,3429,5060,5074,1686,4867,958,3457,1363,7767,3389,2153,1957,7767,356,2701,237
20260226,cod,PFP,150,3901,4535,4551,1012,4896,993,4465,1222,7774,5136,3689,1867,7774,569,4445,382
20260219,cod,VEH,4,178,262,277,164,316,1517,4837,1829,7777,4746,3663,1520,7777,471,4786,348
20260131,cod,WML,87,1246,4476,6180,2898,4979,2896,5374,3261,7783,5640,4295,1252,7783,484,5275,346
20260120,cod,FCY,109,5213,8566,8717,7006,8384,5982,6867,6415,7788,7646,6059,524,7788,403,7424,188
20260404,cod,CMD,0,9109,9532,9992,13,11561,1140,4812,1370,7804,5580,3894,2052,7804,992,5240,741
20260124,cod,FMB,93,1996,3956,3974,1743,3945,1830,5003,2205,7805,4899,3766,1669,7805,623,5306,448
20260125,cod,FCY,41,3800,6768,6965,5728,6634,5771,6881,6155,7821,7797,6045,620,7821,486,7571,260
20260114,cod,FCY,54,3880,6953,7092,6205,7223,5996,6953,6378,7823,8126,6059,476,7823,482,7932,227
20260218,cod,WML,104,1107,3861,5285,2625,4529,2822,5189,3266,7823,5315,4028,1325,7823,524,5071,340
20260327,cod,WML,1,,,,134,257,2820,5453,3192,7826,5734,4375,1302,7826,543,5360,367
20260119,cod,FCY,91,4558,7763,7927,6430,7569,5764,6660,6370,7832,7083,5625,519,7832,448,7593,196
20260217,cod,VEH,28,293,350,376,405,1280,1538,4641,1865,7871,5000,3604,1544,7871,436,4078,311
20260324,cod,FCY,22,4084,7063,7192,5990,7047,6042,6860,6522,7877,7134,5753,469,7877,374,7402,176
20260305,cod,FMB,881,8720,10955,10993,7800,20033,1538,4900,1902,7881,4512,3074,1870,7881,718,3788,442
20260311,cod,CIQ,108,1668,3213,3213,556,2698,561,5298,644,7897,6006,4421,2096,7897,951,5734,634
20260323,cod,ROP,100,1383,4769,4770,371,3998,440,4580,529,7907,4750,3374,2112,7907,1037,4711,641
20260204,cod,VEH,152,4435,5538,6187,1915,5632,1488,4948,1765,7915,5306,3787,1570,7915,633,5026,444
20260330,cod,ROP,19,1471,2117,2150,442,5472,290,4176,398,7917,4449,3055,2316,7917,677,3992,455
20260127,cod,FMB,78,1504,3175,3264,1977,4115,1848,5019,2222,7918,5201,4048,1689,7918,630,5278,404
20260401,cod,FCY,7,4586,8999,9123,4576,7842,6257,7135,6614,7926,7804,6375,413,7926,322,8061,162
20260126,cod,FCY,11,866,4683,4812,1139,1285,5749,6783,6271,7930,7372,5758,643,7930,369,6863,205
20260218,cod,VEH,25,282,359,365,258,759,1547,4899,1827,7935,5126,3683,1660,7935,509,4614,381
20260323,cod,ABE,106,1420,4177,4542,522,3145,563,3734,736,7940,3543,2469,2302,7940,628,3403,413
20260319,cod,ABE,157,1673,3314,3329,644,3719,480,3597,660,7947,3768,2367,2652,7947,813,4154,661
20260124,cod,NIR,82,2130,4314,4323,1229,3378,1140,3993,1554,7954,4270,2691,2088,7954,606,4094,470
20260203,cod,WML,102,1147,4652,6296,2948,5073,2785,5268,3236,7956,5382,4045,1260,7956,524,5284,343
20260204,cod,FCY,32,5026,8488,8667,6893,7990,6286,7068,6731,7961,7626,6255,399,7961,410,8065,192
20260123,cod,WML,60,1020,4516,6542,2412,4295,2973,5604,3358,7998,6128,4455,1268,7998,806,6184,431
20260117,cod,WML,123,1396,5195,8351,3468,5998,2990,5499,3447,8008,5975,4165,1236,8008,450,4834,310
20260122,cod,WML,88,1085,4525,6270,3147,5466,2851,5397,3295,8011,5893,4324,1230,8011,543,5466,379
20260322,cod,ABE,16,566,1604,1621,88,698,556,4259,698,8013,4604,3210,2333,8013,956,4764,504
20260317,cod,CIQ,281,5653,6320,6322,786,7076,666,4435,819,8032,4758,3423,2308,8032,876,4808,570
20260205,cod,FCY,53,4162,7162,7312,6552,7623,6373,7214,6730,8037,7515,6405,403,8037,322,7756,139
20260116,cod,WML,117,1614,5787,8753,4118,7254,3003,5783,3406,8052,6518,4312,1349,8052,706,5887,410
20260107,cod,FCY,39,5315,9149,9326,7654,8884,6435,7298,6784,8060,9644,6767,394,8060,940,4722,784
20260209,cod,NIR,69,2092,3272,3274,896,2469,914,3688,1309,8078,3806,2621,2310,8078,495,3696,332
20260121,cod,FCY,100,4737,7708,7825,6814,8163,6296,7157,6724,8084,7919,6356,481,8084,376,7481,209
20260203,cod,NIR,104,2627,4106,4110,1358,4292,952,3601,1354,8094,3634,2465,2012,8094,473,3999,332
20260216,cod,VEH,116,4022,4645,5432,1899,4855,1497,4908,1824,8113,4993,3754,1724,8113,591,4905,418
20260318,cod,WML,84,1168,4796,7474,2929,5487,2676,5284,3096,8114,5372,4055,1485,8114,604,5259,393
20260207,cod,NIR,102,2978,3401,3404,1208,3476,1097,4201,1438,8128,4516,3062,1954,8128,578,4270,396
20260224,cod,GLA,359,6299,8795,8823,3474,10177,1903,6315,2111,8153,7015,5269,1554,8153,936,6736,687
20260316,cod,CIQ,452,4013,4883,4883,1744,9996,695,4767,831,8155,5166,3743,2356,8155,878,5076,597
20260308,cod,FMB,184,3036,9000,9014,1857,4316,1484,4794,1818,8167,6217,3734,2221,8167,1017,5008,705
20260201,cod,VEH,101,3647,4979,5184,1248,3701,1594,5424,1867,8182,5840,4200,1627,8182,893,6322,632
20260131,cod,VEH,139,4475,4614,5234,1871,5358,1872,5737,2112,8200,6212,4528,1446,8200,693,6330,529
20260203,cod,VEH,168,4477,5407,5850,2201,6501,1445,4876,1770,8220,5048,3628,1663,8220,738,5210,470
20260206,cod,FCY,29,4677,8067,8211,6613,7681,6506,7414,6858,8229,8162,6707,442,8229,281,7682,128
20260314,cod,WML,151,1301,4937,7691,3022,5591,2940,5880,3353,8245,6232,4666,1449,8245,964,6049,662
20260126,cod,WML,74,748,5179,7393,2174,3945,2692,5364,3183,8260,5788,4098,1533,8260,673,5353,352
20260206,cod,VEH,163,3936,4564,4725,1770,5636,1539,5274,1819,8275,5722,4199,1629,8275,658,5767,485
20260117,cod,FCY,84,4752,7809,7975,6705,7930,6235,7215,6706,8277,7984,6175,557,8277,451,7630,238
20260227,cod,FCY,102,10509,16454,16757,14019,16229,6688,7482,7048,8297,8261,6553,380,8297,324,7952,164
20260306,cod,FMB,517,8209,10586,10609,3699,10689,1495,4831,1867,8298,4816,3464,2068,8298,696,4803,461
20260325,cod,CIQ,93,1947,2418,2446,485,3075,572,4014,733,8300,3892,2797,2346,8300,622,3912,350
20260321,cod,FCY,33,3646,6176,6306,5811,6631,6268,7374,6699,8305,8388,6339,596,8305,738,8043,314
20260227,cod,ROP,124,1381,5437,5485,306,3144,313,2988,507,8308,2479,1787,2487,8308,372,2941,276
20260211,cod,VEH,114,3850,4539,4866,1533,4396,1390,4993,1722,8316,4958,3755,1704,8316,611,5321,416
20260108,cod,FCY,39,5190,8504,8660,7641,9005,6619,7549,6967,8316,9295,6735,434,8316,774,7164,640
20260127,cod,FCY,91,6327,10409,10573,11079,12762,6145,7095,6749,8322,7250,5920,487,8322,331,6690,169
20260127,cod,WML,153,1264,5484,7746,4222,7106,2566,5048,3160,8331,4682,3449,1393,8331,534,5103,301
20260225,cod,PFP,162,4606,5613,5636,1430,6240,1214,5460,1429,8332,5512,4498,1928,8332,673,6075,441
20260307,cod,FMB,493,7902,10322,10333,3505,10215,1549,4741,1935,8337,5050,3543,2075,8337,767,4342,537
20260217,cod,WML,98,910,4007,5493,2865,4852,2992,5576,3474,8350,5587,4262,1406,8350,593,5750,375
20260322,cod,FCY,37,3567,5969,6064,5202,5972,6168,7324,6641,8356,8262,6201,658,8356,750,8347,304
20260205,cod,VEH,132,4462,6087,6589,1939,5649,1574,5087,1855,8356,5136,3817,1632,8356,600,5181,475
20260201,cod,FCY,42,4458,7115,7264,6352,7416,6491,7586,6822,8358,8499,6751,612,8358,460,8722,224
20260313,cod,ABE,272,3163,5356,5399,748,5670,619,3619,747,8363,4047,2743,2666,8363,785,4017,560
20260202,cod,WML,116,1223,4768,6479,3843,6465,2975,5636,3478,8373,5619,4253,1405,8373,594,5624,359
20260315,cod,WML,63,614,4707,7897,1686,2953,2901,5804,3319,8389,6628,4718,1645,8389,1168,6412,697
20260312,cod,ROP,142,2009,2847,2848,345,2925,186,3029,257,8413,2847,1837,2519,8413,481,2688,348
20260112,cod,VEH,67,2724,4380,4704,1224,3267,1312,4424,1691,8414,8112,2929,1833,8414,593,5568,389
20260320,cod,ABE,117,1446,1957,1972,707,3686,588,4190,709,8428,4549,3078,2677,8428,1044,5174,768
20260317,cod,WML,70,929,4479,6798,2217,4157,2758,5496,3235,8440,5524,4066,1592,8440,755,5628,522
20260208,cod,VEH,99,3713,4940,5230,1442,4127,1545,5409,1836,8441,5846,4278,1702,8441,816,6004,575
20260124,cod,FCY,63,4215,7178,7286,6026,7065,6465,7501,6929,8450,7920,6348,500,8450,453,8008,264
20260218,cod,FCY,41,4185,6773,6925,5834,6684,6675,7515,7133,8454,8107,6605,467,8454,254,7971,131
20260208,cod,CMD,115,3959,5390,5423,1516,4342,1392,5178,1661,8461,5688,4078,1931,8461,743,5167,469
20260212,cod,FCY,49,5375,9226,9399,7892,9071,6843,7685,7223,8478,8365,6815,446,8478,381,8441,155
20260405,cod,FCY,0,5324,5324,9244,0,8930,6624,7706,6998,8491,8658,6913,568,8491,569,8720,0
20260202,cod,NIR,95,3405,5046,5049,1433,4147,1096,4117,1526,8507,4249,2918,2135,8507,580,4167,390
20260211,cod,FCY,51,5608,9310,9498,8279,9501,6785,7647,7182,8511,8346,6767,473,8511,359,8433,158
20260115,cod,FCY,60,3918,6957,7080,5840,6876,6506,7587,6919,8513,8644,6570,572,8513,472,7759,204
20260322,cod,CIQ,4,84,2561,2608,25,140,505,4265,650,8521,4485,2987,2510,8521,930,4958,630
20260216,cod,WML,127,1277,4626,6370,4018,6663,3077,5818,3635,8527,5618,4238,1404,8527,686,6087,415
20260331,cod,FCY,6,5300,8579,8731,6701,9056,6735,7638,7187,8531,8187,6719,477,8531,328,8307,178
20260125,cod,WML,37,619,4887,7052,1464,2550,2825,5801,3273,8532,6239,4606,1536,8532,715,6115,458
20260131,cod,FCY,39,4382,7540,7700,6653,7723,6848,7778,7182,8536,8551,7068,425,8536,289,8157,161
20260303,cod,CIQ,176,4062,5318,5322,747,4744,560,3809,720,8543,3735,2719,2458,8543,694,5445,518
20260402,cod,FCY,4,6049,9172,9334,3971,10479,6897,7748,7285,8547,8346,6915,406,8547,435,8640,162
20260313,cod,CIQ,136,2518,3704,3709,763,4009,655,5205,772,8554,5499,4156,2365,8554,830,6201,582
20260203,cod,FCY,31,4985,7905,8080,6825,7907,6713,7643,7160,8562,8186,6808,473,8562,337,8653,206
20260403,cod,FCY,0,5455,8918,9082,1583,8541,6817,7748,7191,8565,8372,6965,452,8565,470,8994,184
20260330,cod,FCY,10,5570,9330,9513,6988,8451,6602,7583,7085,8567,8040,6503,488,8567,344,7513,166
20260119,cod,PFP,172,3766,5104,5110,2172,5883,1481,5549,1775,8576,6563,4022,1895,8576,828,6054,597
20260116,cod,FCY,64,4538,7742,7891,6529,7645,6433,7503,6976,8583,8372,6384,537,8583,509,8817,259
20260316,cod,PFP,149,1292,1935,1937,711,2554,744,3842,976,8589,3360,2194,2466,8589,813,5552,606
20260210,cod,FCY,47,5579,9498,9693,8237,9487,6786,7725,7244,8648,8418,6858,489,8648,326,8343,147
20260121,cod,WML,111,1591,5485,7892,3721,6517,3057,5792,3548,8651,5947,4530,1288,8651,595,6287,391
20260120,cod,WML,103,1600,6392,9532,4187,7201,3054,5919,3542,8665,6056,4434,1370,8665,696,6604,444
20260215,cod,FCY,29,2370,4391,4472,4804,5494,6725,7826,7133,8688,8882,7003,647,8688,499,8864,196
20260119,cod,WML,149,1347,6667,10247,4478,7809,3169,6036,3707,8690,6499,4608,1403,8690,625,6158,395
20260401,cod,CMD,0,7633,11112,11285,1466,8049,1119,4400,1419,8692,4288,3195,2479,8692,619,4928,433
20260109,cod,FCY,32,5326,8862,9022,7370,8602,6924,7864,7308,8694,9665,7039,452,8694,763,8462,585
20260316,cod,WML,145,1087,4469,6951,2995,5612,2907,5776,3438,8699,5970,4309,1614,8699,847,5754,504
20260212,cod,CMD,162,4855,6062,6092,1578,5544,1561,5555,1833,8715,5976,4332,1864,8715,944,6435,589
20260207,cod,VEH,116,4518,5257,6130,1726,5183,1656,5594,1951,8735,6041,4397,1739,8735,746,5715,548
20260301,cod,PFP,51,1417,3404,3521,405,1919,968,4729,1216,8735,5106,3824,2249,8735,652,5097,432
20260320,cod,FCY,31,4680,7695,7813,6214,7142,6716,7725,7205,8745,8615,6693,496,8745,774,8962,318
20260111,cod,FCY,40,4359,7142,7253,6131,7192,6722,7865,7129,8749,9620,7025,601,8749,668,8890,406
20260308,cod,FCY,68,6162,9143,9296,8651,9840,6871,7889,7290,8858,8829,6903,561,8858,477,8695,232
20260110,cod,FCY,39,4987,8044,8181,7206,8561,7058,8019,7446,8859,9920,7117,451,8859,681,8838,478
20260404,cod,FCY,1,5646,9177,9558,211,9095,7085,7991,7559,8889,8614,7106,480,8889,513,8829,236
20260209,cod,FCY,42,5420,9316,9480,7468,8588,6858,7856,7388,8890,8274,6905,560,8890,369,7863,152
20260323,cod,FCY,40,5025,7991,8136,6517,7594,6668,7629,7331,8898,7832,6221,555,8898,488,7978,225
20260225,cod,GLA,278,5409,8307,8332,2519,7825,1787,5984,2119,8923,6405,4816,1845,8923,837,6559,604
20260108,cod,CMD,171,7564,7762,7797,2453,8202,1710,5625,2003,8936,11805,4316,1811,8936,902,5511,747
20260202,cod,VEH,190,5288,7434,7826,2052,6244,1736,5527,2127,8962,5777,4203,1688,8962,795,6041,540
20260210,cod,VEH,172,4188,4835,5426,1807,5370,1560,5395,1890,8990,5682,4193,1934,8990,680,5573,504
20260323,cod,CIQ,165,3439,4378,4390,878,5976,651,4473,814,9030,4573,3135,2703,9030,850,4503,519
20260309,cod,CMD,477,7789,8752,8769,2617,9439,1462,5487,1765,9066,6188,4180,2217,9066,984,5510,678
20260124,cod,WML,77,1320,4443,6574,2978,5075,3290,6349,3754,9070,6516,4954,1466,9070,700,6107,439
20260211,cod,CMD,187,4539,5245,5262,2140,6628,1613,5726,1922,9078,5906,4407,1930,9078,707,5521,523
20260202,cod,FCY,32,5184,8152,8310,6905,8062,6948,7930,7588,9098,8261,6733,511,9098,420,8687,211
20260209,cod,CMD,203,5558,6645,6693,2265,7246,1444,5461,1761,9099,5468,4118,2208,9099,680,5713,471
20260210,cod,CMD,222,5701,7472,7580,2117,6977,1467,5538,1770,9101,5964,4345,2176,9101,766,5803,553
20260214,cod,FCY,32,5093,8526,8682,7928,9142,7225,8237,7645,9118,8837,7355,524,9118,324,8987,166
20260113,cod,FCY,58,4996,8229,8366,7078,8304,7173,8147,7650,9130,9645,7225,481,9130,447,8906,253
20260302,cod,PFP,133,1220,1660,1667,630,3738,950,5101,1224,9159,5067,4022,2429,9159,526,4928,404
20260209,cod,VEH,139,3889,4671,5855,1793,5025,1658,5642,2062,9170,5708,4345,2032,9170,706,6029,531
20260107,cod,CMD,123,6896,7492,7539,2197,7063,1662,5846,1936,9205,13406,4880,1847,9205,1133,5169,948
20260215,cod,CMD,186,5737,5923,5931,1772,6815,1460,5659,1723,9224,6583,4536,2300,9224,1189,6663,757
20260312,cod,ABE,395,5421,7991,8020,1384,9091,552,3152,748,9233,2836,1902,2968,9233,800,4466,618
20260305,cod,CMD,358,7590,10262,10313,2481,8421,1388,5524,1694,9279,5083,3556,2255,9279,1118,5800,685
20260111,cod,VEH,53,2762,3452,3602,1335,3499,1506,5127,1881,9287,9640,3565,2018,9287,777,6859,545
20260319,cod,FCY,48,4717,7161,7285,6662,7625,7258,8304,7735,9292,9187,7189,521,9292,832,9161,316
20260207,cod,CMD,187,5436,6624,6638,1790,6157,1408,5550,1679,9303,5743,4276,2147,9303,744,6090,521
20260201,cod,CMD,94,4386,5011,5032,1438,4732,1425,5403,1702,9340,6016,4139,2136,9340,988,6961,675
20260320,cod,CIQ,145,4221,5964,5967,725,4588,819,6300,932,9367,7542,5321,2532,9367,1206,6518,834
20260121,cod,PFP,74,2191,2856,2864,1014,2957,1537,5175,1928,9390,4775,3489,2168,9390,706,6106,529
20260324,cod,CIQ,87,1748,2785,2845,364,2601,714,5172,898,9407,5298,3853,2555,9407,990,5313,560
20260307,cod,CMD,434,5719,6229,6416,2116,8175,1394,5393,1690,9418,5232,3928,2244,9418,713,5212,528
20260318,cod,ABE,189,3287,5924,5967,752,4797,635,4761,813,9421,4855,3398,2915,9421,704,4767,519
20260112,cod,FCY,41,4666,8058,8220,6466,7631,7212,8304,7829,9439,9512,7156,544,9439,490,9144,281
20260228,cod,FCY,117,9194,14046,14302,12955,15128,7854,8775,8197,9523,9425,7778,461,9523,375,9087,181
20260213,cod,FCY,28,5485,9470,9630,8117,9271,7752,8718,8165,9550,9297,7786,460,9550,355,8977,163
20260303,cod,FMB,136,2654,6230,6236,1437,3925,1737,5203,2233,9570,5655,4254,2458,9570,874,5788,691
20260315,cod,PFP,57,747,1722,1724,283,1010,748,5145,911,9605,5414,3461,2593,9605,980,5657,732
20260217,cod,FCY,18,3790,6291,6409,5237,6028,7633,8599,8164,9617,9244,7552,499,9617,348,8446,152
20260214,cod,CMD,158,5532,6838,6907,1602,5720,1627,5971,1927,9652,6227,4645,2140,9652,944,6409,705
20260301,cod,CIQ,159,4454,5386,5398,756,4816,621,4969,751,9678,5524,3732,2676,9678,762,5907,525
20260120,cod,PFP,124,2788,3550,3562,1439,4123,1629,6020,2001,9684,6376,4263,2033,9684,850,6324,571
20260213,cod,CMD,195,5599,5862,5894,2051,6816,1718,6390,2041,9697,6729,5023,2094,9697,814,6578,567
20260311,cod,FCY,75,6284,10473,10670,8771,10128,7840,8729,8298,9707,9258,7599,495,9707,593,10362,273
20260315,cod,ABE,27,287,1683,1697,122,495,868,5782,1012,9713,6733,4671,2797,9713,1094,6135,762
20260221,cod,CMD,188,4876,5825,5841,1707,6138,1476,5737,1797,9715,6086,4270,2426,9715,1022,6752,770
20260206,cod,CMD,157,4564,5153,5419,1825,6230,1476,5986,1774,9727,6200,4623,2078,9727,719,6745,522
20260314,cod,ABE,189,2831,3403,3471,701,5016,966,5692,1125,9757,6282,4621,2769,9757,923,5959,718
20260307,cod,FCY,72,6095,9956,10146,8778,10177,7724,8649,8249,9789,9077,7492,537,9789,433,8378,199
20260314,cod,PFP,159,2493,3036,3036,834,4233,928,5707,1112,9807,6496,4179,2512,9807,951,5743,774
20260126,cod,CMD,179,5503,6745,6789,2248,6629,1283,5467,1584,9844,6028,4037,2274,9844,981,5817,652
20260216,cod,FCY,18,3441,5677,5770,5043,5804,7645,8683,8308,9866,9245,7513,573,9866,473,9207,238
20260109,cod,CMD,119,5463,6502,6511,1818,5632,2099,6657,2398,9917,11716,5182,1948,9917,801,6679,568
20260318,cod,FCY,48,5025,7950,8069,6828,7928,7893,8865,8405,9944,9498,7628,540,9944,775,10029,311
20260312,cod,PFP,193,2535,3168,3168,843,3153,712,4799,946,9944,5571,3581,2879,9944,869,4843,615
20260315,cod,FCY,63,5241,8209,8366,7036,8291,7703,8957,8183,9946,10147,7876,738,9946,728,10061,284
20260226,cod,GLA,351,5581,10549,10618,2705,8587,2017,6316,2410,9952,6926,5113,2001,9952,769,6481,534
20260405,cod,CMD,0,6691,6691,8782,0,7784,1682,6946,1904,9957,8485,5886,2487,9957,1506,7639,0
20260309,cod,PFP,417,2467,7948,7967,1511,8827,1421,6761,1584,9961,7461,5603,2528,9961,1025,7452,736
20260111,cod,CMD,136,5045,5252,5266,1867,5807,1719,6226,2035,9968,10178,4905,2172,9968,1312,7520,772
20260312,cod,FCY,73,6739,10752,10927,9346,10821,8062,9082,8501,9984,9823,8024,530,9984,571,9677,250
20260310,cod,CMD,400,7406,10337,10383,1847,8151,1629,6250,1895,10005,6773,4743,2399,10005,1260,7962,884
20260228,cod,PFP,99,1684,2706,2743,511,2181,1329,6182,1593,10024,6434,5088,2286,10024,807,7289,605
20260222,cod,CMD,83,2395,5525,5554,898,2850,1495,6042,1781,10043,6907,4752,2587,10043,1424,7031,975
20260309,cod,FCY,62,6187,10250,10432,8145,9336,7892,8936,8449,10047,9414,7639,568,10047,522,10012,269
20260313,cod,FCY,115,6534,10176,10335,9206,10581,8160,9194,8625,10147,9919,8127,562,10147,585,10135,265
20260311,cod,ROP,195,2105,2259,2260,357,3755,252,4085,323,10153,3931,2540,3045,10153,850,4612,598
20260125,cod,CMD,137,5085,5915,5927,1718,5250,1249,5635,1578,10165,6160,4068,2324,10165,945,6377,682
20260217,cod,CMD,194,4401,6400,7029,1666,5544,1541,6074,1925,10190,6128,4549,2396,10190,805,6403,561
20260218,cod,CMD,287,5578,7236,8125,2133,7889,1507,6127,1839,10204,6628,4820,2382,10204,864,6017,551
20260331,cod,CMD,1,3432,3850,3861,952,4345,1244,5100,1612,10204,4966,3744,2866,10204,696,5511,504
20260313,cod,PFP,123,2268,3909,3965,607,2756,789,5458,965,10215,6298,4045,2904,10215,996,5433,729
20260220,cod,CMD,270,6518,7786,7803,2482,8403,1569,6291,1877,10276,6785,4939,2433,10276,903,6315,632
20260114,cod,CMD,101,3960,4289,4297,1114,4162,1609,6228,1995,10285,8202,4720,2142,10285,1053,6791,672
20260205,cod,CMD,135,4147,5111,5133,1571,4990,1588,6107,1934,10291,6170,4652,2250,10291,702,6210,527
20260204,cod,CMD,114,4757,6421,6507,1554,4876,1619,6400,1968,10303,6705,4895,2271,10303,825,6442,598
20260317,cod,ABE,185,2525,4042,4803,683,4490,737,5427,969,10304,5674,4025,3027,10304,937,5520,626
20260304,cod,SRS,89,3121,6130,6346,2537,4343,2816,6667,3324,10306,8614,5222,2202,10306,3136,10608,1189
20260216,cod,CMD,212,6398,8244,8360,2068,6906,1616,6136,2065,10309,6230,4537,2466,10309,941,6131,628
20260226,cod,CMD,289,6986,7523,7593,2016,7889,1520,5813,1851,10321,6155,4496,2464,10321,813,5942,543
20260310,cod,FCY,77,6606,10448,10609,9328,10665,8238,9248,8763,10327,10062,8227,584,10327,579,9923,302
20260108,cod,VEH,46,2374,3060,4017,1202,3216,1893,6387,2275,10333,12120,4689,2010,10333,934,6566,762
20260321,cod,CIQ,108,2433,2548,2583,744,4173,810,6662,947,10353,7149,5218,2787,10353,1209,7392,912
20260118,cod,CMD,135,4161,5353,5378,1366,4525,1417,6141,1753,10367,7291,4356,2254,10367,1242,7823,860
20260223,cod,FMB,326,5522,8403,8423,3916,9380,2715,7394,3073,10369,8584,6096,2236,10369,1083,7551,776
20260306,cod,FCY,68,6232,10281,10454,9128,10477,7885,8930,8603,10380,8916,7226,622,10380,578,9719,196
20260306,cod,CMD,253,4587,6221,6343,1786,6122,1528,6325,1836,10386,6500,4889,2472,10386,872,5555,574
20260110,cod,CMD,151,5917,7030,7035,1941,6928,2029,6955,2364,10414,11636,5403,2028,10414,883,7338,648
20260227,cod,PFP,221,4115,4621,4649,1011,4777,1663,7080,1884,10430,7500,5992,2277,10430,736,7272,518
20260303,cod,CMD,277,5742,6004,6099,1756,6049,1553,6023,1834,10446,6571,4785,2467,10446,1081,6343,820
20260314,cod,FCY,87,5942,9226,9410,8243,9624,8397,9478,8910,10457,10078,8353,567,10457,578,10180,286
20260115,cod,CMD,245,9896,11856,12630,2926,10538,1597,6337,1942,10462,8188,4624,2209,10462,859,5988,609
20260317,cod,FCY,63,4974,7874,8014,7118,8355,8394,9497,8973,10601,10173,8299,585,10601,673,9936,293
20260109,cod,VEH,56,1615,2636,3034,1168,3033,2248,6891,2598,10655,11458,5267,2076,10655,612,5937,462
20260312,cod,CMD,483,8007,8621,8712,2338,9127,1551,6584,1881,10667,6952,4958,2634,10667,1422,8172,988
20260311,cod,CMD,543,8453,9917,9996,2808,11450,1624,6930,1920,10692,7676,5490,2582,10692,1422,7872,978
20260225,cod,CMD,325,5655,6457,6478,1972,7964,1453,5782,1800,10743,5841,4337,2660,10743,778,5750,541
20260129,cod,CMD,206,5789,5909,6306,2113,6793,1778,6524,2147,10748,6700,4851,2133,10748,738,6335,497
20260219,cod,CMD,186,5115,6911,6931,1991,6825,1671,7004,1942,10763,7276,5533,2474,10763,948,7269,654
20260309,cod,ROP,358,620,2030,2546,266,3147,277,6865,335,10784,8446,5722,3115,10784,1471,7848,999
20260128,cod,CMD,172,5850,6313,6357,1957,6106,1780,6485,2141,10803,6698,4819,2181,10803,875,6488,618
20260107,cod,VEH,87,3040,4297,5017,1754,4898,2056,7316,2411,10819,15131,5884,2007,10819,1821,6351,1592
20260301,cod,FMB,66,1489,3340,3345,640,1855,1958,6037,2464,10835,6369,4740,2955,10835,944,6725,686
20260228,cod,CIQ,120,1664,2392,2397,345,2317,702,5848,882,10866,5942,4330,2698,10866,701,5841,529
20260308,cod,GLA,243,3709,9512,9536,1728,5189,1618,5972,2024,10912,7205,4618,2854,10912,1224,6744,792
20260302,cod,FMB,268,2912,4114,4133,2406,6922,2009,6009,2527,10919,6258,4732,2929,10919,870,6459,713
20260301,cod,FCY,76,5137,7839,7973,8452,9909,8820,10088,9206,10919,11371,9105,667,10919,473,10244,205
20260203,cod,CMD,166,6062,6187,6285,1967,6873,1677,6669,2008,10954,6841,5026,2355,10954,852,6860,595
20260316,cod,ABE,352,4678,6632,6673,1020,6512,960,6453,1192,10965,6806,5010,3112,10965,1050,6744,761
20260227,cod,CMD,258,5667,7401,7437,1921,6219,1701,6875,2012,11003,7481,5467,2585,11003,994,6856,664
20260202,cod,CMD,170,6121,6533,7672,2225,7389,1714,6719,2090,11068,7058,5111,2450,11068,914,6720,636
20260226,cod,ROP,119,532,2297,2324,119,2282,443,3250,759,11088,2646,1722,3330,11088,336,2482,248
20260316,cod,FCY,97,6005,9289,9480,7885,9161,8714,9814,9451,11094,10262,8372,566,11094,698,10217,310
20260113,cod,CMD,172,6242,6638,6659,2301,7416,1816,6793,2186,11098,10131,5267,2249,11098,929,6882,637
20260123,cod,CMD,144,5376,6532,6630,1757,6107,1834,6728,2179,11116,7818,5236,2252,11116,1381,7822,830
20260301,cod,CMD,106,2101,4195,4270,882,2596,1528,6966,1807,11117,7566,5577,2801,11117,1224,7789,867
20260127,cod,CMD,194,7758,8401,8436,2431,8317,1707,6595,2056,11135,6930,4901,2427,11135,884,6302,591
20260110,cod,VEH,49,2246,2781,2958,1030,2833,2242,7112,2636,11141,12053,5338,2117,11141,787,7592,595
20260402,cod,FMB,0,47,47,49,6,93,1820,5345,2434,11146,5362,3764,3114,11146,795,5874,587
20260117,cod,CMD,235,8152,8661,9068,2972,9963,1875,6760,2299,11206,8387,4806,2201,11206,850,6019,653
20260309,cod,ABE,187,2098,3924,3971,635,3225,1374,8094,1551,11256,9026,6339,3169,11256,1235,7641,946
20260302,cod,CIQ,65,785,1570,1577,350,2024,927,6315,1108,11276,6303,4855,3066,11276,798,6490,626
20260130,cod,CMD,159,6455,7266,7414,2088,7210,1892,6779,2279,11285,6950,5149,2290,11285,833,6841,584
20260131,cod,CMD,183,6300,7452,7579,1886,6889,1925,7154,2252,11312,7367,5603,2207,11312,904,7532,681
20260326,cod,FMB,182,6029,10042,10342,2950,7753,1600,5341,2120,11321,5406,3693,3179,11321,678,5130,492
20260310,cod,PFP,445,3159,4061,4061,1302,8640,1275,7322,1492,11338,8124,6085,2832,11338,1108,8064,781
20260106,cod,SRS,129,9459,13622,14577,4209,9459,91,11182,99,11398,,,3107,11398,7928,7966,5688
20260116,cod,CMD,179,6178,8076,8182,2250,7794,1979,7075,2374,11445,9138,5261,2394,11445,1048,6906,708
20260112,cod,CMD,215,8179,9303,9330,2654,8598,1930,7272,2348,11465,11183,5519,2356,11465,1073,7549,745
20260313,cod,CMD,403,7663,8503,8513,2094,8858,1830,7360,2133,11513,8223,5948,2835,11513,1793,8422,1132
20260402,cod,GLA,0,19,19,21,3,46,1475,5520,1996,11514,5673,3881,3145,11514,954,6127,692
20260329,cod,CMD,7,3750,3920,3930,1208,3753,1319,6234,1626,11522,6571,4595,3323,11522,1102,7439,746
20260228,cod,CMD,267,5591,6365,6379,1622,7057,1791,7504,2124,11535,8065,5962,2591,11535,1129,8511,822
20260302,cod,CMD,285,6550,6676,6701,2704,9008,1542,6634,1930,11671,6686,5051,2945,11671,950,6838,698
20260311,cod,ABE,263,4929,8385,8425,1446,7261,730,5221,972,11769,3977,2692,3548,11769,1499,8322,1179
20260224,cod,CMD,292,6457,8196,8374,2301,8582,1669,6701,2064,11775,6856,5079,2847,11775,929,6955,654
20260403,cod,GLA,0,1,1,1,0,7,1884,6631,2299,11791,7060,5192,3173,11791,1177,7561,847
20260330,cod,CMD,3,3642,3937,4070,938,3920,1398,6155,1784,11852,5951,4433,3366,11852,906,6909,681
20260124,cod,CMD,164,5449,5630,5647,1935,6216,1752,7214,2140,11856,7499,5387,2473,11856,1118,7768,798
20260310,cod,ROP,207,2367,4538,4540,350,3756,276,6714,360,11859,7278,4881,3555,11859,1425,7691,1053
20260307,cod,GLA,641,9794,12540,12564,4369,13387,1901,6691,2394,11917,6820,5006,2775,11917,976,6207,705
20260319,cod,CMD,301,7850,9556,9563,2376,9298,1481,6742,1833,11935,7213,4977,3148,11935,1279,7209,990
20260122,cod,CMD,148,4518,5256,5311,1419,5202,1829,7144,2202,11974,7672,5440,2425,11974,962,7616,737
20260311,cod,PFP,157,2204,2818,2828,872,3124,938,7461,1188,11983,7662,6072,3092,11983,1040,8455,687
20260227,cod,GLA,590,5158,7438,7484,3091,10220,2560,8155,2923,12079,8929,6807,2502,12079,1072,8496,767
20260403,cod,FMB,0,,,,0,4,2431,7000,2893,12085,7650,5684,3038,12085,1181,8005,729
20260228,cod,FMB,246,2464,4723,4755,1978,5553,2520,7153,3131,12089,7529,5673,2849,12089,976,8021,735
20260226,cod,CIQ,257,5291,5706,5718,967,6348,709,5089,1059,12142,5286,3514,3162,12142,739,4785,585
20260227,cod,CIQ,190,3611,4276,4376,664,4026,751,6358,963,12191,6739,4805,3006,12191,920,5700,672
20260305,cod,GLA,612,7018,10660,10687,5246,15230,2001,7604,2466,12210,7021,5026,2945,12210,1248,6378,723
20260223,cod,CMD,327,5519,7846,7908,2491,8915,1757,7572,2155,12212,7843,5889,2865,12212,1079,7677,760
20260119,cod,CMD,226,7986,10443,10918,2736,9349,1852,7714,2246,12333,8523,5608,2577,12333,1226,8953,852
20260306,cod,GLA,490,7056,10576,10608,3636,10598,1851,6775,2360,12399,6735,4911,2971,12399,1016,6590,644
20260329,cod,FMB,4,1740,7678,7792,1051,2836,2136,7147,2592,12406,8007,5542,3455,12406,1341,8409,862
20260314,cod,CMD,327,7445,8964,9039,2091,8252,1877,8322,2228,12458,9336,6801,2919,12458,1750,8705,1305
20260327,cod,FMB,111,5235,8267,8283,3426,9257,2246,7332,2682,12486,8021,5791,3344,12486,1072,7238,757
20260326,cod,CMD,133,5922,6006,6014,1668,6558,1556,6606,1948,12518,6773,4812,3476,12518,840,6247,586
20260228,cod,GLA,326,4879,7742,7789,2126,7090,2282,7998,2770,12519,8557,6424,2602,12519,1168,8968,860
20260120,cod,CMD,231,5694,6594,6613,2368,8512,2085,7850,2466,12616,8630,5897,2429,12616,1027,8098,746
20260106,cod,NAP,120,10547,11036,11060,6548,10547,129,12471,136,12718,,,3912,12718,6676,6729,3744
20260328,cod,FMB,98,5603,7849,7861,3485,8796,2282,7648,2779,12737,8134,5959,3226,12737,1067,7921,775
20260308,cod,SRS,92,1502,4125,4268,1919,3366,3708,7985,4283,12802,9068,6319,2623,12802,1367,8444,803
20260121,cod,CMD,171,5251,5914,6484,1691,6199,2135,7993,2527,12827,8684,6134,2568,12827,1108,8623,804
20260303,cod,FCY,29,4534,9121,9311,6228,7146,10353,11740,10906,12879,12862,10513,619,12879,709,12537,412
20260303,cod,GLA,262,4370,6383,6406,2168,6668,1952,7313,2452,12931,8020,5794,3012,12931,1620,8548,1184
20260327,cod,CMD,39,3943,4037,4041,1216,4386,1800,7538,2156,12938,8122,5931,3502,12938,1049,7126,778
20260301,cod,GLA,171,1999,4932,4947,1258,3999,2246,8047,2682,12952,9077,6597,3027,12952,1415,9009,999
20260226,cod,FMB,294,4592,7437,7457,2493,6430,2732,7285,3519,12980,7631,5652,3074,12980,1026,8039,701
20260321,cod,CMD,136,4843,6724,6728,1364,5259,1795,7822,2154,13004,8848,5986,3356,13004,1883,9017,1430
20260204,cod,SRS,254,8079,14093,15310,7456,14645,4189,8518,4842,13113,8647,6606,2270,13113,965,8641,595
20260227,cod,FMB,288,3557,6930,6957,2335,6353,2886,7902,3502,13125,8183,6261,3156,13125,990,8323,763
20260115,cod,SRS,209,6208,9651,10239,4539,9936,3876,8127,4588,13165,11720,6037,2578,13165,1052,7911,613
20260322,cod,CMD,192,4581,5308,5346,1767,6414,1741,8014,2104,13246,9188,6214,3387,13246,1983,9227,1388
20260205,cod,SRS,193,6888,10301,10747,6046,11164,4393,8581,5066,13294,9025,6789,2191,13294,901,8590,566
20260325,cod,CMD,163,5582,6896,7004,1519,6204,1656,7146,2099,13325,7307,5291,3530,13325,1005,6284,661
20260315,cod,CMD,288,4454,5588,5593,1398,5120,1846,8691,2173,13334,10266,7190,3460,13334,2215,10137,1458
20260302,cod,FCY,39,5254,8628,8776,7114,8138,10919,12253,11613,13475,12972,10719,633,13475,519,12231,333
20260328,cod,CMD,32,4110,4479,4791,1241,4169,1880,8129,2273,13487,8714,6422,3486,13487,1202,8729,913
20260401,cod,GLA,0,373,391,424,228,1068,1905,6810,2448,13493,6872,4980,3710,13493,1059,7093,702
20260325,cod,FMB,235,4694,6293,6298,3035,8372,2096,6736,2692,13535,6362,4710,3642,13535,937,6748,636
20260320,cod,CMD,266,7107,7970,7977,2364,8662,1874,8397,2205,13558,9425,6643,3420,13558,1652,8961,1198
20260224,cod,FMB,346,5219,6941,6948,3306,8456,3503,9688,4012,13568,10674,7936,2912,13568,1337,10186,965
20260203,cod,SRS,248,7457,13357,15571,6778,12197,3937,8483,4695,13634,8733,6553,2386,13634,1003,9016,598
20260310,cod,ABE,292,4536,7041,7081,1334,6313,1146,8723,1407,13755,10936,6943,3836,13755,1569,9309,1143
20260401,cod,FMB,1,549,595,627,114,1140,2633,7707,3273,13762,7876,5959,3597,13762,1003,8294,736
20260318,cod,CMD,343,7363,8305,8334,2308,9571,1887,8016,2318,13873,8425,6066,3555,13873,1427,8158,1030
20260122,cod,SRS,188,6820,11138,11449,5605,10994,4116,8722,4818,13943,9969,6764,2764,13943,1224,9220,839
20260312,cod,FMB,454,6158,11115,11118,3957,10608,2418,7815,3092,13963,8315,5960,3809,13963,1737,8622,1076
20260118,cod,CIQ,198,3165,11636,11701,2645,6222,2246,7777,2859,13978,9703,5189,3417,13978,1592,10357,1086
20260118,cod,SRS,120,1310,3807,3919,1565,3209,3776,9069,4358,14022,11070,6834,2824,14022,1431,10617,872
20260330,cod,FMB,96,4244,5556,5591,3827,11402,2610,8022,3236,14089,8293,6014,3736,14089,1149,8001,742
20260212,cod,SRS,181,6198,12730,13450,5572,10074,4347,8730,5056,14224,9176,6593,2786,14224,1224,9471,677
20260307,cod,SRS,569,6902,10858,11866,6725,15601,3946,8540,4785,14242,8195,6251,2841,14242,1207,8320,734
20260123,cod,SRS,168,7112,13123,13597,5482,11272,4121,9495,4775,14244,11427,7710,2835,14244,1738,10522,977
20260317,cod,CMD,294,7516,10235,10251,2311,8531,1846,8270,2257,14259,8891,6381,3754,14259,1586,8552,1093
20260114,cod,SRS,188,5996,10101,10671,4482,9249,4357,8902,5111,14287,13327,6691,2666,14287,1109,9466,686
20260201,cod,SRS,32,713,2486,2572,1150,1973,4260,9542,4825,14303,10453,7538,2705,14303,1316,10808,809
20260316,cod,CMD,546,9270,10361,10379,2722,11211,1933,8563,2422,14335,9126,6434,3742,14335,1636,9000,1157
20260331,cod,FMB,15,1902,2440,2481,741,3191,2744,8398,3398,14422,8613,6443,3762,14422,1018,8417,745
20260314,cod,FMB,440,7361,9843,9853,4054,11462,2750,8903,3373,14451,9441,6976,3663,14451,1966,9994,1277
20260222,cod,CIQ,88,718,4737,4741,212,1575,2074,8160,2704,14469,9768,5875,3788,14469,2370,10377,1715
20260302,cod,GLA,351,5502,7763,7785,2963,9270,2436,8745,3012,14474,9161,6882,3289,14474,1320,9412,999
20260309,cod,FMB,553,5503,8568,8577,3969,12402,3688,10634,4130,14513,12299,8816,3426,14513,1734,11104,1243
20260315,cod,FMB,162,2141,11345,11350,1439,3595,2687,8834,3245,14533,9987,7151,3911,14533,1978,9527,1258
20260324,cod,CMD,292,7111,7676,7697,2837,10816,1900,8300,2369,14543,8040,5984,3737,14543,1342,8984,897
20260305,cod,FCY,68,5460,9701,9860,10075,11700,11694,13313,12444,14626,11727,9381,767,14626,814,10849,257
20260212,cod,CIQ,273,7969,12355,12418,3939,10518,2765,8439,3492,14627,8931,6240,3407,14627,1318,8802,912
20260225,cod,FMB,263,4106,5950,5967,2291,5909,3602,9603,4222,14664,9926,7672,3345,14664,1296,10512,959
20260304,cod,NAP,87,3099,8602,8729,2361,3918,5107,9951,6123,14694,12294,8016,2977,14694,3956,14482,1680
20260405,cod,SRS,0,6019,6019,12096,0,7461,4093,9278,4695,14719,10652,7276,3214,14719,1545,10811,0
20260121,cod,SRS,211,7998,11810,12283,5841,11450,4286,9180,5102,14775,10316,7098,2763,14775,1152,10100,735
20260219,cod,CIQ,271,5822,9399,9413,2425,9672,2617,8219,3341,14908,8700,5852,3617,14908,1138,8266,804
20260313,cod,FMB,346,4795,8927,8932,3465,9767,2716,8971,3363,14915,9850,7187,3962,14915,1831,10114,1132
20260311,cod,FMB,484,7366,11366,11370,3748,10478,2759,8834,3486,14987,9283,6777,3916,14987,1841,10618,1148
20260115,cod,CIQ,267,4246,8696,8708,3818,10159,2606,8021,3389,14989,12446,5345,3467,14989,1121,7864,749
20260324,cod,FMB,170,5095,9000,9018,2667,7899,2228,7510,2882,15016,7320,5309,4124,15016,1005,7143,683
20260117,cod,SRS,193,6716,9519,9763,5203,10243,4345,9820,5103,15048,12135,7507,2831,15048,1110,9309,744
20260323,cod,CMD,201,7012,10107,10339,2135,7895,1989,8899,2493,15069,8930,6494,3743,15069,1742,9233,1159
20260319,cod,FMB,216,3976,5098,5106,1711,5341,2470,8738,3107,15107,9636,6659,4124,15107,1871,9594,1217
20260206,cod,SRS,233,6787,12118,13092,5635,12076,5309,10947,5982,15127,11702,9014,2420,15127,1048,10889,654
20260316,cod,FMB,683,4424,12666,12687,4826,14523,2826,8760,3516,15154,9388,6755,4116,15154,1893,9548,1119
20260331,cod,GLA,0,3065,3754,3977,948,4330,2023,7496,2751,15185,7272,5202,4176,15185,1089,8013,782
20260120,cod,SRS,273,9087,12953,14342,6459,13320,4245,9597,5051,15236,10789,7357,2803,15236,1128,10226,668
20260119,cod,SRS,306,9436,13496,14056,6533,13320,4505,10179,5314,15266,11478,7560,2705,15266,1142,10256,669
20260130,cod,SRS,124,5672,8739,9189,4760,8641,4531,9651,5286,15301,9849,7465,2574,15301,973,10405,605
20260312,cod,GLA,695,10879,14060,14144,4565,13949,2481,8688,3181,15426,9524,6605,3951,15426,1557,9303,1117
20260221,cod,CIQ,382,6289,7706,7713,947,9086,2811,9226,3532,15428,9945,6666,3745,15428,1415,9884,1086
20260129,cod,SRS,201,6063,9013,9345,5459,10137,4229,9492,4997,15458,9841,7241,2666,15458,990,9247,652
20260306,cod,SRS,416,7376,14687,15972,6580,13578,4204,9307,5136,15478,9162,6747,3086,15478,1367,9014,720
20260208,cod,SRS,73,1620,4808,5068,2108,3586,4815,10996,5456,15489,12250,8925,2955,15489,1603,12271,991
20260215,cod,SRS,85,2757,7570,7720,2181,4874,4761,10392,5357,15536,11746,8293,3379,15536,1694,11761,1051
20260131,cod,SRS,147,4764,7177,7398,4373,8303,4773,10344,5461,15557,11004,8288,2629,15557,1088,10765,743
20260220,cod,CIQ,433,6397,9193,9194,1335,10046,3026,9637,3639,15563,10630,7329,3674,15563,1370,9884,986
20260116,cod,SRS,168,6260,10121,10643,5348,10291,4489,10062,5230,15581,13183,7694,2985,15581,1317,10427,826
20260310,cod,FMB,393,5888,9255,9257,3204,8972,3268,10073,3982,15606,10586,7694,3866,15606,1926,11787,1327
20260202,cod,SRS,234,11396,17795,18740,7609,14458,4717,9832,5677,15632,9585,7298,2697,15632,1147,10159,742
20260225,cod,CIQ,231,5446,6503,6531,1083,6133,1118,7940,1579,15655,7738,5759,4127,15655,1387,8990,1003
20260207,cod,SRS,222,6573,9941,10348,5776,11315,5339,11127,6086,15749,11785,8899,2617,15749,1198,11697,831
20260309,cod,GLA,688,9670,13160,13209,5172,16405,3146,10463,3632,15818,11645,8513,3788,15818,1825,11630,1313
20260117,cod,CIQ,386,7630,13148,13174,5500,13533,2990,8929,3759,15821,12400,6125,3480,15821,996,7336,707
20260128,cod,SRS,211,6345,9649,10013,6467,12202,4131,9731,4994,15921,9755,7238,2845,15921,1104,9703,733
20260309,cod,SRS,543,10445,23464,25585,7663,16387,4661,10632,5474,15931,11444,8348,3136,15931,1439,10510,980
20260213,cod,SRS,267,6923,11548,12433,6619,13303,5121,10648,5833,15937,11119,8333,3059,15937,1273,10541,834
20260317,cod,FMB,612,7188,11144,11152,4690,15610,2915,9521,3578,15975,10474,7475,4282,15975,1635,9596,1059
20260211,cod,CIQ,356,6874,9420,9461,4492,12348,3054,9402,3824,16015,9708,7112,3716,16015,1236,9565,869
20260208,cod,CIQ,164,4302,9224,9246,2102,5255,2905,9443,3524,16049,10348,7298,4014,16049,1656,10856,1113
20260403,cod,SRS,5,5827,8528,14385,763,9443,4252,9821,5026,16055,11335,7818,3412,16055,1598,11216,983
20260113,cod,SRS,199,6979,10562,11844,5820,11182,5015,9833,5991,16079,15057,7513,2936,16079,1267,10291,824
20260125,cod,SRS,103,4254,6183,6321,3113,7025,4564,10745,5259,16142,11753,8400,3227,16142,1519,11406,996
20260219,cod,SRS,232,7101,13207,13773,6051,12742,4637,10233,5483,16167,10640,7804,3100,16167,1212,10789,770
20260310,cod,SRS,557,7219,14167,15218,6282,14980,4363,10599,5137,16167,11474,8196,3278,16167,1769,11661,1188
20260312,cod,SRS,559,7208,13420,13845,6471,15184,4281,10109,5046,16205,10769,7562,3463,16205,1664,10928,1064
20260211,cod,SRS,222,7160,11186,11967,6466,11722,4739,10580,5526,16207,10770,8298,3109,16207,1126,10621,752
20260402,cod,SRS,0,5917,8993,9689,1944,11856,4150,9502,5038,16345,9593,7105,3620,16345,1198,9980,809
20260126,cod,SRS,84,2271,7758,8010,2140,5057,4426,10138,5331,16355,11103,7758,3341,16355,1373,10282,883
20260310,cod,GLA,587,8868,14988,15050,3923,12534,2929,9982,3530,16378,10688,7802,4035,16378,1560,10497,1126
20260214,cod,SRS,286,6215,10110,10563,6113,12203,5359,10971,6130,16407,11452,8685,3161,16407,1273,11267,831
20260303,cod,SRS,221,4480,7787,8049,4337,8365,4446,10397,5268,16434,11153,8373,3276,16434,1695,11414,1156
20260318,cod,FMB,373,5895,7257,7258,2982,9860,3054,9865,3756,16447,10357,7639,4238,16447,1759,10321,1178
20260213,cod,CIQ,280,6123,8283,8300,3972,10540,3372,10423,3971,16466,11364,8196,3761,16466,1565,11119,1146
20260210,cod,SRS,215,6759,11142,11854,6400,11759,4478,10565,5380,16507,10679,8127,3320,16507,1229,11279,771
20260124,cod,SRS,186,7256,10224,10598,5510,10717,4877,11306,5615,16548,12167,8715,3119,16548,1558,11508,1022
20260329,cod,GLA,4,1725,7138,7146,740,2412,2381,9179,2963,16586,10092,6822,4489,16586,1714,10325,1184
20260111,cod,SRS,71,1295,4656,5161,1747,3084,5135,11212,5832,16628,19853,8795,3262,16628,1912,13839,1234
20260404,cod,SRS,0,11251,12462,15014,135,14746,4698,10612,5508,16679,11634,8297,3405,16679,1610,12084,1101
20260116,cod,CIQ,375,8288,14003,14037,5313,13620,3243,9921,3955,16687,14917,7268,3829,16687,1608,10690,1007
20260215,cod,CIQ,136,2616,9163,9189,2026,5203,2973,9886,3635,16694,11731,7792,4395,16694,1977,11239,1234
20260218,cod,CIQ,356,8153,11903,11958,3641,10231,2895,9173,3693,16717,9519,6707,4077,16717,1313,9398,923
20260322,cod,FMB,48,1828,5613,5615,908,2055,2257,8929,2886,16728,9677,6665,4742,16728,2339,10921,1375
20260305,cod,SRS,364,8430,16408,17560,6499,13240,5046,11443,5898,16817,10534,7962,3229,16817,1430,9950,808
20260323,cod,FMB,275,5543,8372,8537,3817,10832,2377,8296,3160,16818,7732,5567,4664,16818,1206,7875,843
20260223,cod,CIQ,378,3011,4959,4959,866,7550,2165,9993,2869,16838,10085,6976,4210,16838,1665,10387,1168
20260311,cod,GLA,758,10148,13260,13292,5668,16424,2984,10417,3594,16931,11083,8255,4125,16931,1767,11928,1281
20260114,cod,CIQ,112,2800,8362,8374,1255,3808,3240,9385,4113,17017,12974,6590,3838,17017,1407,9762,950
20260311,cod,SRS,825,6563,12357,13592,6823,14996,4718,11432,5437,17041,12117,8876,3439,17041,1880,12491,1248
20260108,cod,SRS,220,6729,10617,11247,5617,10459,5261,11371,6056,17065,22679,8909,3171,17065,2813,12038,2387
20260328,cod,GLA,33,5308,6988,6998,2281,7338,2652,9550,3303,17077,10381,7166,4396,17077,1374,9225,1046
20260225,cod,ROP,107,1356,3107,3175,187,2319,814,4675,1322,17086,3584,2536,5175,17086,602,4011,447
20260301,cod,SRS,114,1871,4321,5936,2157,4912,4791,11013,5487,17099,11728,8766,3570,17099,1359,12153,843
20260405,cod,NAP,0,10565,10565,11684,0,11296,5042,10551,6157,17134,11368,8296,3781,17134,1756,11797,0
20260330,cod,GLA,6,5529,6791,6897,3268,11971,2496,8960,3206,17162,8770,6234,4642,17162,1411,9809,1024
20260210,cod,CIQ,386,6021,11281,11355,4655,12848,3084,9874,3950,17171,10314,7589,4257,17171,1416,10509,969
20260315,cod,NAP,318,12133,12926,12975,7828,13194,5244,10570,6393,17256,11720,8485,3867,17256,1893,11609,1165
20260220,cod,SRS,211,6705,12435,12995,6402,12890,5434,11788,6185,17267,12891,9423,3124,17267,1406,11660,933
20260127,cod,SRS,240,8582,14548,16062,8038,15268,4396,10564,5455,17282,10755,7752,3283,17282,1133,9914,722
20260218,cod,SRS,283,7147,12548,13409,6730,13240,4875,10974,5745,17355,11152,8367,3372,17355,1274,11345,869
20260109,cod,SRS,182,6991,10308,10730,6216,10847,5650,11917,6453,17413,21642,9407,3181,17413,2179,13708,1713
20260327,cod,GLA,119,5612,7599,7617,2562,8148,2587,9456,3206,17441,10271,7220,4788,17441,1561,9794,1170
20260209,cod,SRS,267,9326,14598,15906,7307,13871,5430,11553,6478,17482,11635,8821,3366,17482,1271,11412,821
20260110,cod,SRS,150,6233,8839,9096,5569,9505,5743,11910,6592,17512,21379,9457,3113,17512,1925,13709,1504
20260119,cod,CIQ,538,8490,14894,14944,7695,19330,3493,10754,4233,17515,13076,8118,3971,17515,1839,11959,1203
20260329,cod,SRS,6,1357,5233,5651,1880,3974,4348,10734,5095,17567,12008,8447,4203,17567,1641,12048,1017
20260217,cod,SRS,276,9532,16259,16800,7246,14943,4856,11071,5866,17621,11315,8360,3536,17621,1320,10874,843
20260326,cod,GLA,192,5505,8051,8066,2839,8818,2474,8627,3200,17716,8766,6092,4945,17716,1260,8960,968
20260308,cod,NAP,266,11746,13179,13274,7333,12045,5252,10608,6505,17728,11924,8198,3710,17728,1523,11375,953
20260217,cod,CIQ,261,6956,9090,9115,3574,9838,3210,9759,4155,17774,9949,7105,4382,17774,1378,9974,962
20260214,cod,CIQ,270,7749,10876,10878,3725,9872,3418,10842,4188,17785,11566,8459,4137,17785,1576,11611,1212
20260107,cod,SRS,192,8541,12898,13470,6514,12016,5535,12608,6256,17794,26393,10477,3247,17794,3922,11761,3456
20260224,cod,CIQ,238,5319,5973,6300,808,7314,1516,10347,2107,17797,10393,7647,4306,17797,1701,11102,1226
20260320,cod,FMB,286,8363,10212,10284,3163,9481,3097,11107,3712,17797,12883,9000,4696,17797,2352,12025,1706
20260313,cod,SRS,470,6543,12924,18188,6243,13817,5285,12085,6014,17798,13106,9522,3760,17798,1943,12407,1256
20260314,cod,NAP,235,11797,12811,12873,7379,12369,5825,11239,7063,17962,11676,8905,3852,17962,1660,12061,1113
20260401,cod,SRS,0,5135,8546,9047,2869,9388,4505,10809,5350,17981,10979,8206,4022,17981,1412,11205,924
20260209,cod,CIQ,378,7595,14597,14666,4805,12881,3425,10496,4352,18064,10870,7988,4482,18064,1414,10716,1020
20260222,cod,SRS,134,3679,7874,8584,2750,6282,5142,12093,5841,18092,13383,9510,3761,18092,1710,13965,1089
20260302,cod,SRS,244,7488,13105,14469,5798,11550,5282,11227,6311,18101,11217,8618,3621,18101,1152,11237,796
20260216,cod,SRS,308,8748,14641,16274,7746,15248,5292,11272,6474,18123,11461,8418,3627,18123,1323,11214,837
20260207,cod,CIQ,259,6287,7594,7597,3745,9759,3582,10500,4435,18136,11115,8104,4131,18136,1355,11324,1014
20260120,cod,CIQ,389,8702,14553,14635,6066,15141,3767,11195,4606,18153,13176,8491,3967,18153,1675,12048,1159
20260112,cod,SRS,263,9786,13987,15136,6855,14026,5751,11639,6857,18153,18398,8729,3410,18153,1617,12056,1107
20260319,cod,GLA,432,7955,11714,11772,3674,12022,2588,9754,3362,18172,10537,7212,4891,18172,1547,10150,1191
20260221,cod,SRS,287,6616,11555,11851,6167,13184,5512,12523,6277,18194,13131,9683,3504,18194,1505,12877,994
20260404,cod,NAP,0,8791,9461,9572,47,9138,5647,11180,7022,18373,11363,8656,3821,18373,1497,12010,963
20260331,cod,SRS,7,7355,13681,14205,4898,13547,4614,10843,5567,18420,11000,8119,4214,18420,1362,11184,885
20260226,cod,SRS,264,6835,11011,11611,6816,12456,5069,11503,5861,18425,11896,8917,3654,18425,1221,12172,793
20260321,cod,NAP,166,12384,13777,13854,7751,12851,5372,11232,6675,18434,11985,8410,4197,18434,1823,12362,1300
20260111,cod,NAP,227,12373,13296,13366,8092,13133,5892,11694,7109,18559,18776,8982,3782,18559,1519,13046,960
20260321,cod,FMB,143,3144,4975,4980,1949,4982,2931,11248,3596,18574,12453,8770,4904,18574,2475,12684,1859
20260326,cod,SRS,188,7726,14301,14865,5571,11900,4385,10026,5334,18591,10435,7520,4532,18591,1194,9759,804
20260206,cod,CIQ,370,7631,11032,11048,4279,11780,3714,11037,4533,18619,11326,8460,4255,18619,1364,11641,977
20260315,cod,SRS,174,1739,3717,3791,3006,7238,4903,12440,5613,18667,13917,9825,4223,18667,2545,14374,1679
20260321,cod,GLA,262,7838,10975,10996,3467,9902,2577,10689,3235,18706,12230,8041,5099,18706,2145,11236,1664
20260313,cod,GLA,577,11253,14809,14839,4808,14268,3532,12243,4106,18712,13737,10094,4617,18712,2268,13498,1604
20260313,cod,NAP,264,11499,12243,12322,7617,12914,6025,11619,7329,18720,11865,9064,3981,18720,1627,12467,1077
20260216,cod,CIQ,315,5564,8475,8501,4542,12568,3420,10745,4391,18735,10697,7610,4681,18735,1649,10940,1080
20260317,cod,NAP,237,11280,11897,12017,7045,11993,5980,11712,7422,18783,12549,9210,3945,18783,1736,11880,1128
20260403,cod,NAP,0,8046,8254,8290,650,8498,5872,11500,7181,18829,12266,9218,3921,18829,1520,11896,982
20260122,cod,CIQ,362,9959,13728,13759,5958,14566,3964,11107,4875,18852,13304,8629,4242,18852,1517,10960,1169
20260327,cod,SRS,131,6270,12038,12376,5925,12607,4509,11598,5288,18940,12324,9010,4625,18940,1562,11996,1031
20260115,cod,NAP,249,11277,12882,12954,7755,12975,6243,12094,7549,18949,16647,8914,3560,18949,1483,11712,941
20260314,cod,SRS,476,7567,16670,17234,6045,12846,5395,12846,6226,18951,13895,10026,3905,18951,2212,13475,1511
20260215,cod,NAP,212,12005,13201,13281,7874,12785,5890,11890,7097,18957,13144,9518,4029,18957,1721,13440,1116
20260314,cod,GLA,501,8971,12600,12627,4016,12399,3380,12189,4077,18978,13366,9729,4647,18978,2207,13129,1703
20260225,cod,SRS,296,7607,14322,15703,6513,12242,4987,11830,5833,19046,12132,9219,3729,19046,1283,12639,834
20260222,cod,NAP,215,12235,13229,13329,8156,13325,5955,11921,7245,19054,12940,9381,4077,19054,1567,13428,1050
20260328,cod,SRS,63,6336,12958,13281,5420,11941,4788,11640,5671,19066,12284,9013,4444,19066,1492,11987,1068
20260320,cod,GLA,417,8959,11414,11430,3838,12431,2950,11044,3657,19107,12492,8486,5136,19107,2123,11853,1618
20260316,cod,NAP,301,13392,13975,14032,8412,14100,6257,12004,7744,19117,12549,9413,4060,19117,1710,12039,1132
20260227,cod,SRS,302,6637,10644,11689,5809,12492,5583,12594,6337,19126,13244,10059,3863,19126,1374,13082,906
20260322,cod,NAP,166,12320,13357,13451,7970,13885,5697,11886,6947,19133,12731,9097,4342,19133,2123,13351,1369
20260113,cod,CIQ,251,7162,9567,9597,3753,9851,3541,10608,4590,19147,18605,7723,4227,19147,1504,10368,1033
20260228,cod,SRS,228,6643,10995,12166,5530,10864,5700,12954,6465,19235,13449,10401,3618,19235,1484,13566,1057
20260118,cod,NAP,220,13161,14403,14485,8459,14039,5655,11810,6941,19252,13273,8274,4306,19252,1977,14764,1307
20260330,cod,SRS,14,8519,12994,13474,5914,15131,4850,11429,5897,19269,11708,8508,4484,19269,1356,11263,948
20260106,cod,CIQ,210,10450,14569,14724,3960,10450,86,18989,91,19353,,,5604,19353,10474,10500,6608
20260114,cod,NAP,208,10561,12908,12997,6534,11263,6447,12369,7871,19430,17004,9393,3766,19430,1629,12913,1079
20260402,cod,NAP,0,8202,8532,8582,1554,8614,6048,11777,7493,19444,12099,9240,4042,19444,1349,12393,968
20260212,cod,NAP,221,12225,13106,13196,7788,12660,6412,12367,7831,19475,13191,9696,3862,19475,1933,13491,1023
20260205,cod,CIQ,282,5498,9643,9654,4112,10804,3448,9967,4541,19497,9992,7202,4513,19497,1122,9598,775
20260110,cod,NAP,265,12798,13551,13646,8030,13304,6463,12397,7877,19504,18208,9110,3725,19504,1413,13445,1002
20260224,cod,SRS,357,9561,14871,15711,7131,15048,5098,12088,6092,19556,12221,9207,3915,19556,1222,12430,812
20260312,cod,NAP,305,11071,12289,12363,7056,11657,6326,12089,7726,19583,12672,9617,4130,19583,1821,12931,1219
20260329,cod,NAP,16,9930,11277,11343,5966,10564,5576,11917,6832,19589,12786,9296,4429,19589,1890,14008,1235
20260121,cod,CIQ,327,7687,12049,12115,5386,13472,4421,12340,5268,19684,14110,9746,4254,19684,1770,12916,1225
20260321,cod,SRS,236,5419,7778,8216,4622,9767,4806,12657,5679,19688,14461,9851,4520,19688,2453,14241,1764
20260319,cod,SRS,340,8183,16976,18611,5515,12808,5157,12364,6039,19804,13083,9363,4260,19804,1773,12927,1229
20260320,cod,NAP,201,13522,14248,14335,8153,13801,6249,12395,7595,19842,13217,9693,4156,19842,1892,13334,1317
20260221,cod,NAP,239,13136,13958,14046,8537,13928,6485,12623,7865,19859,12828,9656,4022,19859,1385,13704,1012
20260125,cod,NAP,267,13485,14897,14996,9822,15791,5954,12259,7240,19904,13421,9362,4286,19904,1687,13216,1158
20260325,cod,GLA,271,5999,9320,9350,3186,9981,2730,9871,3542,19915,9942,7100,5594,19915,1423,10102,1057
20260220,cod,NAP,230,13079,14076,14149,8367,13797,6710,12790,8097,19984,13521,10076,3818,19984,1383,13218,938
20260112,cod,NAP,313,13771,14446,14608,8871,14606,6446,12656,7921,20036,18924,9093,3927,20036,1634,13570,955
20260401,cod,NAP,0,11150,11805,11910,3861,11961,6149,12213,7534,20089,12422,9501,4264,20089,1429,12541,1010
20260307,cod,NAP,318,12610,12895,12960,8215,13609,6210,11982,7785,20092,12037,9115,3926,20092,1431,10698,899
20260319,cod,NAP,187,10406,10802,10868,6423,10808,6631,12924,8036,20100,13493,10188,4150,20100,1613,13173,1134
20260117,cod,NAP,230,12647,13539,13630,8256,13485,6382,12562,7891,20106,15717,9090,4005,20106,1413,11981,968
20260325,cod,SRS,249,6984,10692,11076,5732,11922,4475,10860,5524,20119,10616,7992,4832,20119,1420,10861,928
20260318,cod,NAP,238,12078,12501,12592,7283,12828,6853,13158,8209,20127,13703,10405,4157,20127,1653,12963,1147
20260303,cod,NAP,226,10335,12029,12139,6609,11039,6635,12816,7962,20137,13814,10293,3769,20137,2176,14264,1487
20260322,cod,GLA,121,1961,6320,6329,1349,3872,2633,11946,3271,20137,13056,8991,5699,20137,2628,14473,1796
20260123,cod,CIQ,335,11142,15148,15197,6086,14938,4463,12973,5260,20163,15553,10306,4450,20163,2778,15026,1621
20260311,cod,NAP,369,11647,12499,12559,7266,12098,6392,12375,7813,20175,12307,9353,4190,20175,1781,15537,1225
20260227,cod,NAP,367,13493,14217,14307,8699,14970,6747,12625,8153,20205,13009,9934,3816,20205,1321,13561,890
20260322,cod,SRS,65,1621,5803,5913,1798,3185,4738,13117,5504,20247,14657,10033,4916,20247,3037,15683,2024
20260214,cod,NAP,223,11558,12423,12540,7533,12261,6586,12722,7986,20277,12964,9899,4043,20277,1453,13480,1048
20260318,cod,SRS,480,7507,11776,13410,6252,15620,5128,12979,6039,20314,13999,9991,4565,20314,1980,13781,1362
20260228,cod,NAP,342,14210,14875,14966,8923,15052,6958,13240,8313,20315,13866,10574,3775,20315,1422,13795,1002
20260328,cod,NAP,39,11448,12180,12274,7294,12575,5996,12118,7543,20328,12346,9172,4308,20328,1453,12508,1048
20260301,cod,NAP,284,12882,13922,14037,7964,13389,6682,13300,7921,20340,14487,10819,4017,20340,1708,14070,1125
20260324,cod,NAP,178,12268,13219,13308,7481,13545,6254,12393,7804,20370,12655,9412,4287,20370,1793,12790,1060
20260317,cod,SRS,477,9098,15398,17144,6782,15767,4947,12372,5979,20409,13309,9362,4694,20409,2034,13093,1312
20260331,cod,NAP,1,11813,12371,12496,5747,12446,6035,12031,7656,20414,12303,9218,4395,20414,1285,12140,859
20260126,cod,NAP,168,8409,11310,11366,5732,9216,6179,12204,7784,20416,13386,9225,4324,20416,1679,12753,1043
20260219,cod,NAP,214,12089,12799,12914,7794,12913,6990,13000,8452,20443,13332,10058,3910,20443,1314,12725,906
20260223,cod,SRS,362,9774,14827,17213,7265,15500,5710,13054,6914,20459,13160,9820,3984,20459,1480,13366,976
20260208,cod,NAP,202,12253,13462,13542,8041,13119,6620,13264,7901,20517,14537,10568,4280,20517,1756,14516,1086
20260116,cod,NAP,290,13568,14232,14392,9456,15379,6729,13451,8072,20664,16439,9722,4111,20664,1811,14682,1249
20260113,cod,NAP,284,12377,13103,13201,7822,13067,7166,13451,8510,20705,18352,10364,3874,20705,1376,13108,958
20260123,cod,NAP,219,13908,15219,15357,8812,14475,6860,13192,8272,20709,14741,10363,4221,20709,1686,14167,1107
20260213,cod,NAP,239,13110,13764,13857,8484,13998,7184,13465,8611,20713,13660,10404,3971,20713,1456,13240,975
20260217,cod,NAP,217,11277,11972,12057,7487,12411,6701,12805,8264,20748,13261,9958,4118,20748,1420,12290,938
20260216,cod,NAP,214,12050,13055,13165,8227,13114,6531,12729,8212,20783,12763,9572,4238,20783,1457,13112,978
20260320,cod,SRS,421,7075,10198,10538,6392,14421,5591,13311,6506,20936,14358,10351,4549,20936,2030,14536,1443
20260223,cod,NAP,243,12893,13735,13863,8628,13795,6773,13036,8415,20968,13055,9897,4123,20968,1439,13611,938
20260109,cod,NAP,212,12506,13056,13289,7939,13013,7366,13883,8720,20987,21198,10571,3816,20987,1431,13581,990
20260224,cod,NAP,245,12681,13546,13647,8085,13476,6796,13159,8308,20988,13491,10304,4015,20988,1432,13353,984
20260323,cod,NAP,181,13285,14516,14626,8517,14266,6227,12719,7962,20997,12743,9461,4594,20997,1815,13066,1200
20260112,cod,CIQ,412,6695,9514,9579,5705,15029,4123,11656,5287,21012,20607,7772,4790,21012,1536,12021,1049
20260207,cod,NAP,235,12773,13598,13691,8256,13336,6813,13223,8263,21027,13780,10316,4111,21027,1492,14356,1006
20260108,cod,NAP,188,12193,12742,12815,7744,12871,7249,13661,8683,21040,22255,10432,3823,21040,1725,13488,1267
20260325,cod,NAP,148,11611,12377,12468,7255,12704,6671,13226,8104,21059,13792,10371,4488,21059,1760,13042,1002
20260315,cod,GLA,329,4655,10809,10817,2162,6895,3792,13448,4470,21064,15483,11119,5555,21064,3038,15396,1991
20260120,cod,NAP,221,12347,12952,13034,7972,13157,6835,13222,8433,21133,15222,10156,4148,21133,1505,13267,1000
20260327,cod,NAP,63,11660,12455,12563,7195,12266,6530,13127,7970,21157,13590,10174,4581,21157,1370,12345,975
20260119,cod,NAP,220,12882,13665,13824,8874,14472,6508,12949,8267,21178,14337,9488,4360,21178,1460,13050,972
20260211,cod,NAP,222,12034,12548,12628,7810,12680,7242,13514,8742,21216,13914,10651,4183,21216,1391,13539,939
20260225,cod,NAP,275,13732,14792,14950,8556,14315,7147,13523,8615,21241,14088,10742,4050,21241,1361,13771,918
20260129,cod,CIQ,288,8162,15663,16104,5450,13304,4246,11824,5530,21246,12924,8934,4740,21246,1316,10497,915
20260218,cod,NAP,199,12295,12986,13096,7839,12872,7232,13501,8703,21251,14182,10700,4116,21251,1336,13354,904
20260318,cod,GLA,429,7551,11569,11605,3547,12836,3334,11753,4252,21268,12003,8931,5588,21268,1865,11878,1376
20260316,cod,SRS,551,12163,19153,19893,8265,17868,5446,13611,6569,21297,14155,10243,4702,21297,2315,14003,1427
20260306,cod,NAP,254,11117,12028,12106,7352,12328,6556,12748,8300,21302,12223,9382,4220,21302,1584,12219,979
20260124,cod,NAP,213,12649,14817,14957,8366,13788,6824,13251,8439,21323,13887,10046,4167,21323,1586,14106,1115
20260226,cod,NAP,305,13484,14482,14568,8697,14306,7304,13678,8831,21388,13968,10803,4034,21388,1401,14001,953
20260330,cod,NAP,6,12465,13334,13460,7265,13910,6319,12959,7842,21421,13116,9936,4639,21421,1407,13133,977
20260326,cod,NAP,107,11580,12406,12517,7255,12309,6792,13396,8354,21497,13858,10382,4367,21497,1505,13417,1030
20260201,cod,NAP,159,13032,13815,13904,8248,13464,6816,13677,8199,21540,14555,10625,4490,21540,1870,16919,1219
20260111,cod,CIQ,105,2557,8297,8342,1353,3566,4269,12569,5256,21588,21618,8975,5025,21588,2001,14662,1273
20260107,cod,NAP,165,12112,12763,12846,7529,12528,7592,14573,8922,21588,25914,11862,3965,21588,2405,10507,1974
20260125,cod,CIQ,143,3819,9416,9429,2809,6399,4044,12630,5091,21596,14313,9703,5421,21596,2159,13932,1573
20260121,cod,NAP,231,12214,12638,12718,7792,12847,7278,13738,8730,21608,15413,10646,4259,21608,1580,14271,1075
20260206,cod,NAP,243,13115,14023,14125,8473,13696,7149,13810,8624,21619,14026,10676,4125,21619,1399,14651,931
20260324,cod,GLA,288,6456,10176,10206,3228,10064,2974,11479,3830,21688,11532,8395,5976,21688,1711,11259,1222
20260310,cod,NAP,291,11114,11538,11612,7065,11854,7147,13726,8655,21697,14269,10780,4298,21697,1638,13257,1115
20260210,cod,NAP,267,12108,12675,12761,7817,13015,7230,13707,8813,21708,14170,10829,4398,21708,1463,13750,968
20260128,cod,NAP,220,12604,13285,13388,8566,14188,7144,13679,8791,21748,14483,10347,4162,21748,1423,12645,916
20260302,cod,NAP,281,12901,13735,13832,8568,14099,7232,13887,8963,21878,14160,10875,4120,21878,1645,14169,1199
20260309,cod,NAP,282,11088,11878,11945,7766,12521,7314,14287,8722,21888,14588,10918,4337,21888,1729,13787,1211
20260204,cod,CIQ,269,6528,11679,11697,4193,10859,4151,12204,5312,21953,11942,8933,5079,21953,1573,13227,1085
20260324,cod,SRS,263,7377,11933,12290,6283,12691,4835,12831,5932,21991,12391,9325,5257,21991,1909,13124,1221
20260122,cod,NAP,156,13175,13834,13910,8367,13646,7550,14228,9125,22001,15360,11006,4239,22001,1488,14765,1033
20260204,cod,NAP,208,13028,13402,13458,8618,14093,7583,14547,9145,22071,15027,11366,4109,22071,1483,14424,1002
20260209,cod,NAP,244,13557,14242,14390,9088,14748,7182,13808,9061,22118,13555,10342,4556,22118,1543,14532,1020
20260316,cod,GLA,705,7558,12235,12340,4162,15086,3676,12994,4632,22168,13827,10034,5989,22168,2503,14287,1759
20260127,cod,NAP,309,16883,18360,18446,12407,20071,7182,13876,8870,22190,14569,10410,4317,22190,1443,12722,1016
20260317,cod,GLA,515,8479,13760,13811,3540,13408,3792,12868,4718,22322,13834,10066,5747,22322,2269,13645,1565
20260203,cod,NAP,197,13612,14410,14483,9140,14918,7492,14227,9112,22468,14703,11072,4156,22468,1539,14817,988
20260129,cod,NAP,208,12921,14029,14122,8369,13680,7835,14523,9460,22636,15002,11032,4042,22636,1245,12127,839
20260130,cod,NAP,221,13980,14422,14513,9393,15328,7373,14149,8989,22638,14652,10670,4158,22638,1476,16452,998
20260202,cod,NAP,218,13526,15059,15179,8759,14293,7259,13769,9230,22652,13742,10244,4374,22652,1799,15062,1066
20260305,cod,NAP,512,17212,18106,18216,14083,23432,7836,15564,9379,22657,14901,11257,4393,22657,2104,13944,1248
20260205,cod,NAP,211,13904,14468,14588,8729,14325,7814,14510,9423,22696,14843,11268,4188,22696,1465,15002,988
20260323,cod,GLA,424,8799,12295,12407,4625,14737,3021,12686,3908,22752,12964,9325,6149,22752,2441,13775,1585
20260126,cod,CIQ,302,8590,17395,17432,6178,14130,4433,13337,5605,22811,14919,10224,5500,22811,2131,13917,1353
20260131,cod,NAP,172,13533,14090,14185,8668,14024,7585,14607,9189,22816,15061,11181,4246,22816,1646,17367,1209
20260124,cod,CIQ,306,10330,14506,14517,5778,14269,4984,14395,6029,22864,15312,10775,5201,22864,2085,14344,1545
20260128,cod,CIQ,419,11209,16378,16831,6854,18173,4589,13207,5859,23002,13096,9797,5175,23002,1622,13010,1089
20260323,cod,SRS,380,11162,16716,18101,6792,15779,5255,13871,6472,23310,13663,9930,5380,23310,2197,14614,1390
20260118,cod,ROP,218,3579,28440,28572,2505,7126,2869,12449,3635,23469,15765,8371,5586,23469,2646,16832,1776
20260108,cod,CIQ,215,6141,9814,9984,3528,9149,5171,14269,6213,23593,28846,10118,5086,23593,1899,13370,1434
20260130,cod,CIQ,398,9816,15382,15429,6983,17035,5163,14618,6216,23787,15945,11223,5294,23787,1671,15029,1176
20260127,cod,CIQ,502,12715,19601,19727,8981,23158,4728,13844,6086,23903,14106,9926,5519,23903,2025,14546,1324
20260201,cod,CIQ,167,5243,10264,10335,2724,6495,4473,14413,5567,24128,16115,11039,5793,24128,2443,16640,1564
20260110,cod,CIQ,238,6016,9708,9716,3561,9064,5517,15539,6571,24354,26495,11090,5108,24354,1736,15767,1297
20260109,cod,CIQ,283,8088,11083,11106,4217,11689,5949,16023,6911,24748,29805,12023,5170,24748,1779,15132,1257
20260224,cod,ROP,77,823,1784,1833,151,1986,1335,7333,2228,24875,5249,3762,7432,24875,972,7183,689
20260203,cod,CIQ,299,7800,11903,11975,4665,11517,5073,14890,6367,25498,15085,11194,5763,25498,1838,16172,1302
20260115,cod,ROP,556,10144,19764,19806,5404,19213,3184,13533,4140,25582,21935,9155,5816,25582,2048,13112,1390
20260107,cod,CIQ,362,10737,13635,13906,5590,14711,5715,16207,6797,25899,34735,12729,5524,25899,3043,13753,2518
20260202,cod,CIQ,327,7351,10852,10977,4962,12751,5221,15223,6620,26455,15074,10916,6127,26455,2048,16060,1387
20260117,cod,ROP,552,10943,17618,17690,6169,20575,3920,15354,4879,26875,20444,10569,5689,26875,1741,12714,1253
20260131,cod,CIQ,337,7573,9469,9515,5038,13051,6043,18026,7153,27172,19224,14329,5672,27172,2178,19305,1675
20260116,cod,ROP,587,12504,22611,23570,6719,22849,3860,15888,4763,27919,23398,11383,6261,27919,2597,16343,1758
20260114,cod,ROP,166,3533,11986,12021,1400,5943,3878,15225,4941,27941,22091,10607,6241,27941,2565,16685,1811
20260106,cod,ROP,208,10539,20512,20610,3333,10539,73,29001,78,29541,,,7468,29541,16243,16268,10801
20260119,cod,ROP,1019,12099,24539,25705,11062,41181,4673,18837,5654,30482,22552,14131,6790,30482,2729,20021,1849
20260120,cod,ROP,595,13667,23845,23910,7674,26767,4869,18720,5959,30983,21406,14041,6577,30983,2569,20133,1742
20260111,cod,ROP,264,2931,12846,12964,1871,7647,4757,18153,5698,31333,33000,12711,7023,31333,3163,21092,2008
20260121,cod,ROP,600,13778,23343,23428,6696,24015,5066,19492,6132,32305,21911,15130,6964,32305,2599,20000,1832
20260113,cod,ROP,462,10740,16069,17529,5131,17154,4678,18899,5859,32400,29509,13814,6859,32400,2952,20130,1950
20260122,cod,ROP,514,13231,20929,20992,6237,22952,4996,19633,6020,32524,23512,15543,7194,32524,2564,19733,1916
20260108,cod,ROP,475,11194,20777,20909,5120,18787,4977,18733,5940,33047,41524,12291,6830,33047,2576,16665,2016
20260110,cod,ROP,474,9663,15727,15787,4468,15171,5636,20120,6590,33268,38721,13883,6799,33268,2412,19762,1838
20260109,cod,ROP,521,10453,15557,15668,5289,19525,5119,20355,5920,33537,41887,14668,6916,33537,2581,20165,1845
20260112,cod,ROP,674,12053,18378,18566,6728,23348,5330,19836,6647,33956,36656,13813,7306,33956,2878,20692,1915
20260107,cod,ROP,428,10993,18442,18650,5873,20746,4590,21264,5528,35397,49687,16173,7181,35397,4881,18996,4144
20260223,cod,ROP,100,218,1367,1370,254,2735,3271,16338,4423,36332,13699,10266,9797,36332,2344,18544,1616
20260123,cod,ROP,681,22478,33257,33528,7833,30145,5912,24182,6927,36728,28964,19522,8062,36728,4878,27349,2805
20260212,cod,ROP,712,19878,30961,31027,6175,26102,4810,21805,5911,38519,23739,16364,9261,38519,3226,22052,2128
20260219,cod,ROP,470,4898,5572,5595,3818,16759,4212,21228,5344,38852,22716,15748,9911,38852,2702,21374,1895
20260125,cod,ROP,556,7994,33418,33483,5107,30099,5194,23324,6369,39875,26494,18353,9996,39875,3888,26383,2762
20260208,cod,ROP,343,7613,22217,22490,3585,12835,4326,23421,5354,40103,25916,17914,9929,40103,3850,26867,2559
20260211,cod,ROP,739,15735,21952,22097,7460,26025,4757,22603,5877,40785,23029,16735,10116,40785,3144,24252,2188
20260124,cod,ROP,825,29014,60089,62347,8299,39787,6302,25870,7532,41342,26399,19066,9329,41342,3515,27993,2578
20260222,cod,ROP,21,1,2444,2444,31,447,4007,22545,4976,41398,24249,16869,10872,41398,5554,28848,4185
20260205,cod,ROP,865,16318,24290,24352,6031,30313,5287,22874,6520,41798,23545,16931,9445,41798,2776,23907,1900
20260204,cod,ROP,769,15301,29457,29557,6484,28623,5326,23156,6597,41982,23753,16945,9499,41982,2860,23826,2080
20260206,cod,ROP,923,17028,24451,24515,5502,24994,5821,25879,6944,42399,27197,20036,9482,42399,3249,29110,2283
20260215,cod,ROP,310,7041,24549,24672,3070,13693,5083,23908,6172,42441,27335,18402,11210,42441,4247,28129,2784
20260126,cod,ROP,781,11711,33296,33506,8769,37104,5335,24544,6787,42657,28670,19040,10249,42657,4001,26263,2586
20260207,cod,ROP,558,11685,21467,21628,5286,19059,5291,26007,6452,43469,28136,20185,9955,43469,3309,27052,2482
20260106,cod,SDL,383,58554,64476,65061,41485,58554,610,43069,640,43967,,,10808,43967,24099,24320,14042
20260220,cod,ROP,71,1254,1885,1887,167,2113,5596,27820,6486,44010,31373,22153,10547,44010,3530,27299,2511
20260218,cod,ROP,975,23529,35570,36246,7124,30265,5161,25044,6423,44159,25848,19171,11185,44159,3275,26220,2232
20260210,cod,ROP,819,21350,31607,31851,7907,33083,4622,24863,5834,44337,24943,18282,11511,44337,3516,27598,2552
20260304,cod,SDL,202,6660,16985,17751,7315,10080,19128,31391,22296,44609,44926,24006,6572,44609,19194,57282,6909
20260209,cod,ROP,1043,20761,32313,32416,9951,39981,4892,25386,6231,44989,26753,18864,11893,44989,3652,25164,2611
20260213,cod,ROP,706,16876,24096,24151,7012,28050,6407,28751,7421,44994,30648,22368,10581,44994,3491,29649,2466
20260217,cod,ROP,896,23354,30077,30670,7178,35704,5255,25124,6610,45015,25531,18822,11274,45015,2890,25042,2063
20260221,cod,ROP,28,487,1012,1013,94,1118,5246,27597,6398,45256,27749,20228,11064,45256,4015,31242,3004
20260203,cod,ROP,695,17197,30622,31278,6231,25749,5728,25525,7146,46798,25457,18510,10482,46798,3121,29032,2220
20260216,cod,ROP,920,15347,27670,27786,8156,34951,5748,26395,7272,46962,25818,18758,11978,46962,3536,27446,2412
20260214,cod,ROP,618,16102,24694,24776,5766,23131,6388,29704,7648,48143,31212,23201,11261,48143,3508,30605,2677
20260201,cod,ROP,251,6767,19471,19603,3730,10657,5129,26028,6284,48815,28701,19259,11937,48815,4324,33926,2845
20260319,cod,SDL,1248,66114,73704,76032,49787,72619,17321,28557,21593,48922,28044,20396,7879,48922,4215,30552,2589
20260127,cod,ROP,931,15064,24797,30799,9052,41220,6170,29927,7721,49761,31658,22232,11340,49761,4280,33156,2743
20260320,cod,SDL,1086,64140,69043,70936,49746,72165,19812,32722,23128,50347,36449,25545,7711,50347,5258,33569,3434
20260202,cod,ROP,875,20864,29387,29491,9132,35539,5950,27555,7537,51636,27057,19241,12048,51636,3544,29648,2420
20260128,cod,ROP,673,16259,25817,30203,7253,29451,6524,33228,8091,53725,33871,25361,11562,53725,3870,34840,2600
20260129,cod,ROP,538,14337,20467,20605,6784,24518,6056,32843,7533,54704,34949,25560,12161,54704,3658,33958,2409
20260130,cod,ROP,575,19684,28768,28952,6752,26205,6338,32706,7643,56662,33974,24658,12992,56662,3826,38763,2603
20260131,cod,ROP,581,15283,21052,21140,6810,24316,6660,33149,7911,56806,34857,25251,12861,56806,3993,38895,2905
20260321,cod,SDL,768,56512,61554,63173,42555,61025,26265,44236,29404,60135,50781,35743,8942,60135,7807,46020,5328
20260308,cod,SDL,1164,43701,59773,61590,34516,48063,23790,39671,28516,62789,43887,29917,9348,62789,6141,43129,3476
20260318,cod,SDL,1401,65827,72212,73931,48350,70452,22780,36313,28722,62832,33357,25839,9690,62832,4582,38358,2881
20260118,cod,SDL,572,37831,47169,48108,30548,42285,30369,49392,35392,72119,58151,37255,10008,72119,6713,59814,3995
20260322,cod,SDL,389,29576,42956,44324,22844,32539,33012,55173,37126,73498,62328,44632,10930,73498,9502,58331,5669
20260307,cod,SDL,1973,73694,80624,83309,56972,80095,31427,50594,37404,76754,48339,37466,9921,76754,5718,45782,3609
20260115,cod,SDL,860,52971,61875,63217,42868,60708,34901,54680,39993,77547,68400,40164,9749,77547,5804,53401,3565
20260303,cod,SDL,974,44292,49746,51451,34915,50308,33646,54054,39099,79040,57451,42680,9847,79040,7705,60407,5527
20260117,cod,SDL,1020,67172,72584,74140,53355,74298,35162,55231,40927,79599,63447,41131,9784,79599,5545,51634,3677
20260114,cod,SDL,594,34804,42251,43288,27929,39400,37347,57324,42946,80904,72889,43702,9576,80904,6543,61141,4089
20260226,cod,SDL,1219,56016,62110,63811,43903,63630,36238,56314,41594,81245,58973,44197,9810,81245,5024,56048,3186
20260116,cod,SDL,914,56489,63198,64986,46401,65552,36001,57395,41646,81638,67820,42064,10379,81638,6712,60990,4033
20260309,cod,SDL,2908,95494,107276,110763,80372,113360,37734,60119,42649,82787,62451,47317,10865,82787,7248,61396,4565
20260305,cod,SDL,1834,71954,79958,82120,57970,83118,37332,61265,42638,82879,54370,39885,10820,82879,8586,51224,4421
20260108,cod,SDL,640,63386,70274,71727,50294,69068,37061,58784,42621,83190,88401,45893,10012,83190,6095,52826,4369
20260306,cod,SDL,1490,51397,57693,60027,41676,60743,34617,56753,41050,83334,55507,42096,11138,83334,7861,54380,4174
20260111,cod,SDL,501,33295,39890,40893,25841,35757,37576,59628,42946,83574,82135,47205,10884,83574,7236,65817,4197
20260219,cod,SDL,1053,66152,71624,73051,51403,72159,36277,57368,42220,83653,59493,44521,10452,83653,5569,57968,3563
20260317,cod,SDL,1165,54773,60220,61775,39311,57464,33850,52716,41260,83990,50317,39306,12053,83990,6999,55479,4238
20260225,cod,SDL,1354,65872,73948,75547,52394,73725,36231,56901,42118,84063,57629,44173,10310,84063,5172,58407,3375
20260128,cod,SDL,1148,71672,77715,79323,58163,80830,35770,56558,42569,84627,57199,43186,10314,84627,5419,55886,3314
20260129,cod,SDL,1050,67068,72855,74391,53144,73575,37534,58841,43690,85283,61924,46562,9992,85283,4858,53619,2992
20260120,cod,SDL,989,67956,73592,75295,54261,76132,39527,61770,45451,86254,68439,48366,10279,86254,6090,63209,3742
20260119,cod,SDL,1319,83921,92266,94195,67526,93771,38764,61182,44949,86261,67110,46655,10778,86261,6277,63295,3917
20260222,cod,SDL,512,30503,41231,42423,23916,33539,37489,60573,43339,86971,66287,47846,11798,86971,9427,69030,6237
20260212,cod,SDL,1086,59708,65539,66791,47552,66434,40264,62380,46139,86988,65858,49637,10376,86988,6747,62666,3961
20260310,cod,SDL,2047,72049,81356,83820,60052,83923,39754,62628,45363,87035,66068,50047,11099,87035,8032,64685,4998
20260109,cod,SDL,843,59490,65110,66595,48158,66185,40131,63484,45336,87052,89713,50163,10317,87052,5989,63908,3949
20260208,cod,SDL,529,33947,41904,42967,26549,36946,38872,62373,44545,87371,67508,50472,11556,87371,7493,68435,4517
20260110,cod,SDL,882,60134,64576,66115,47934,65916,40488,63412,46135,87734,85417,49471,10480,87734,6040,65620,4111
20260107,cod,SDL,515,57661,63241,64624,45234,63149,39789,64748,45236,88239,101710,53426,10373,88239,8796,44931,6854
20260224,cod,SDL,1223,64601,71949,73431,52923,73786,37595,59291,44230,88561,58872,45228,11040,88561,5412,59987,3490
20260211,cod,SDL,1255,76281,82859,84499,61534,83804,40994,63717,47358,89513,64998,50595,10830,89513,6272,64487,4039
20260301,cod,SDL,755,29221,38094,39408,21948,32429,41091,65180,46632,89638,69615,52153,11362,89638,6905,69532,4370
20260123,cod,SDL,769,50516,55809,56859,38740,54496,41739,65673,46981,89676,74466,52872,11095,89676,9414,73132,5011
20260126,cod,SDL,654,45495,60065,61350,36546,50762,37425,60429,44414,89859,64503,46263,12320,89859,6931,61949,4178
20260220,cod,SDL,875,51195,55635,56811,40233,56694,40780,64899,46331,89889,68539,51643,11113,89889,6396,66083,4201
20260122,cod,SDL,766,53702,58046,59133,42015,59043,42339,64858,48261,90403,71426,51818,11054,90403,5669,62954,3829
20260323,cod,SDL,1192,96303,108360,111707,78130,110975,40383,65812,46884,90502,67632,51042,12079,90502,9002,64928,5185
20260113,cod,SDL,821,50291,55577,56918,40189,56381,42262,64508,48646,90607,82032,50292,10329,90607,6250,65638,4036
20260121,cod,SDL,949,66882,71971,73325,52328,73114,42521,66147,48380,91016,72064,52580,10730,91016,6185,67929,3960
20260210,cod,SDL,1275,76696,84137,86127,61931,85163,40288,63590,47004,91128,64606,50250,12080,91128,6594,66338,4039
20260227,cod,SDL,1298,53233,57605,59118,40342,58886,44021,68132,49154,91699,71573,55157,10456,91699,6194,69174,4046
20260130,cod,SDL,916,69662,75718,77302,54656,75261,42103,65702,48015,91998,68927,52405,10700,91998,5842,70070,3787
20260127,cod,SDL,1367,90477,99812,101935,77709,107577,38279,60966,45902,92067,59895,44613,11810,92067,5838,59448,3506
20260402,cod,SDL,0,64990,71358,73145,13126,73014,38819,61116,46012,92267,62143,47682,12584,92267,6851,65697,4185
20260302,cod,SDL,1677,64819,71332,73440,51824,75624,41088,65021,47754,92337,63659,49460,11114,92337,6090,67094,4385
20260205,cod,SDL,964,62114,68286,69716,48641,68081,41072,63565,47831,92372,65295,50338,10773,92372,5504,63652,3501
20260221,cod,SDL,909,53687,58201,59516,40676,58049,42078,66454,48154,92492,68047,52013,11818,92492,6994,69891,4869
20260228,cod,SDL,1277,50877,55239,56785,37353,55680,44287,68119,50134,92521,70388,54121,10616,92521,6295,71033,4333
20260218,cod,SDL,1240,65462,71369,72814,50588,71720,40334,63159,47040,92604,63885,49020,11455,92604,6076,63344,3766
20260324,cod,SDL,831,76622,86370,88672,62682,88062,39962,65431,46614,92662,66158,50441,12399,92662,7472,63250,4485
20260326,cod,SDL,634,68659,75747,77555,53181,75809,39199,62930,45947,92851,65748,48836,12402,92851,6465,62085,4198
20260311,cod,SDL,2049,71527,79717,82155,58252,81004,44161,68979,49887,93478,72821,55788,11887,93478,9452,74437,5775
20260207,cod,SDL,982,57724,62010,63333,45371,63741,42323,66238,48754,93604,67945,52738,11072,93604,6360,69606,4314
20260223,cod,SDL,1513,81077,90631,92712,65755,92948,40533,64482,47593,93609,63182,47997,11964,93609,6517,66633,4253
20260125,cod,SDL,512,36123,43579,44639,28262,39242,40366,65484,46956,93871,70530,51609,12458,93871,7629,69779,4983
20260325,cod,SDL,684,69553,76426,78022,56212,80119,40243,65276,46960,94877,66434,50905,12639,94877,7172,63038,4304
20260112,cod,SDL,1117,65027,71336,72928,52451,73363,43994,68094,50781,94895,87471,51640,11303,94895,6449,68207,4026
20260206,cod,SDL,1035,61480,67442,69028,47795,67543,44788,69791,50612,95906,72331,56496,11186,95906,6170,71785,3916
20260209,cod,SDL,1552,95943,104574,107189,75541,104902,43137,67639,50522,95969,67740,52617,12650,95969,6631,68691,4194
20260204,cod,SDL,917,62942,68917,70249,49699,69349,44465,68630,51272,96296,69002,54188,11323,96296,6353,70995,4149
20260312,cod,SDL,2094,74885,85093,87102,60238,83496,45433,70421,51714,96524,75079,56767,12062,96524,9479,72529,6027
20260405,cod,SDL,0,32446,32446,45598,0,35642,41765,68493,48014,97045,74675,56171,14022,97045,9983,74517,0
20260217,cod,SDL,1034,60028,66185,67573,46810,66410,41773,65446,49769,97420,65333,49960,12208,97420,6329,64598,3968
20260215,cod,SDL,523,30888,40325,41311,23746,33548,44263,70332,50501,97582,78469,57330,13454,97582,9562,77281,5406
20260201,cod,SDL,510,34476,42880,43861,28168,38893,45065,71940,51254,98358,78213,58200,12945,98358,8513,79998,5044
20260401,cod,SDL,1,67411,75954,78095,30736,74729,42604,67648,50165,100887,68054,53367,13761,100887,6925,71296,4485
20260403,cod,SDL,0,63176,68401,70282,4707,69885,45834,72459,52131,101418,76785,59790,13415,101418,8672,77777,5064
20260404,cod,SDL,0,63283,66199,69395,579,69060,45060,71039,52342,101797,72326,56442,13528,101797,8243,75176,5081
20260124,cod,SDL,797,57023,60835,61988,44482,62639,47440,74134,54284,101881,76170,57215,12255,101881,7501,74283,4943
20260203,cod,SDL,927,60363,66800,68473,47621,67037,45974,71281,53517,101887,72197,56175,11858,101887,6808,74412,4310
20260213,cod,SDL,1062,60021,65014,66441,46885,66029,50580,77771,56438,102088,81231,63385,11790,102088,7371,78217,4683
20260315,cod,SDL,255,7104,9815,10134,6075,9239,45806,72310,52539,102147,78175,58451,14774,102147,12175,79784,6982
20260131,cod,SDL,934,68014,73174,74794,53625,74254,50020,76835,56214,102590,80974,62717,11578,102590,7123,80929,4783
20260316,cod,SDL,659,17886,20563,21195,14315,21657,46103,71127,54789,104202,70063,54439,13991,104202,9320,72605,5769
20260216,cod,SDL,1388,77011,83416,85190,61035,87119,46286,72557,54749,104496,70420,53783,13295,104496,7459,72416,4421
20260202,cod,SDL,1228,81684,88335,90114,64926,90783,48169,74448,56714,105938,74359,57248,12423,105938,7600,76971,4622
20260214,cod,SDL,1108,60490,64083,65493,46235,65744,50986,77795,57971,105963,79858,62632,12418,105963,7691,79414,5290
20260327,cod,SDL,413,63651,72269,73922,49689,71074,48533,77057,54799,106488,81404,62275,14160,106488,7700,77166,4858
20260331,cod,SDL,1,64135,70813,72929,39493,71982,44752,70940,53055,106962,70347,54741,14760,106962,6765,72569,4393
20260313,cod,SDL,1172,40209,45303,46422,35175,49611,51751,80339,58105,107179,85189,65647,13808,107179,10980,85739,6883
20260329,cod,SDL,37,30882,38846,39817,22944,33705,45938,75288,52873,107605,81052,60512,15634,107605,9247,82020,5481
20260314,cod,SDL,515,14346,16750,17258,13494,19768,52228,80547,59644,110347,83450,64903,14176,110347,10498,84530,7173
20260328,cod,SDL,251,65319,69617,71522,51430,74377,49614,78567,56916,110409,80726,62104,14301,110409,8123,79328,5490
20260330,cod,SDL,30,91026,99097,101603,62760,100044,49091,78528,58091,115103,77901,60250,15649,115103,7293,77806,4786
20260119,prepaid,CLS,0,3,3,3,7,7,,,,,,,,,,,
20260401,prepaid,SDB,0,,,,0,1,,,,,,,,,,,
20260315,prepaid,CUL,0,1,1,1,1,1,,,,,,,,,,,
20260108,prepaid,DSP,0,,,,1,1,,,,,,,,,,,
20260327,prepaid,FLS,0,4,4,4,2,4,,,,,,,,,0,2,0
20260213,prepaid,GKS,0,5,5,5,5,5,,,,,,,,,,,
20260214,prepaid,NMB,0,2,2,4,2,2,,,,,,,,,,,
20260204,prepaid,MNM,0,,,,23,23,,,,,,,,,,,
20260306,prepaid,HSW,0,,,,1,1,,,,,,,,,,,
20260204,prepaid,BBW,0,,,,2,2,,,,,,,,,,,
20260303,prepaid,PFP,0,,,,5,6,,,,,1,0,,,1,1,1
20260402,prepaid,NIR,0,2,2,2,0,2,,,,,,,,,,,
20260131,prepaid,DSP,0,,,,1,1,,,,,1,0,,,,,
20260314,prepaid,MYR,0,0,5,5,9,9,,,,,,,,,,,
20260403,prepaid,BBW,0,1,2,2,1,1,,,,,,,,,,,
20260203,prepaid,BBW,0,10,12,12,10,10,,,,,,,,,,,
20260218,prepaid,NIR,0,1,2,2,1,1,,,,,1,0,,,0,2,0
20260223,prepaid,AGI,0,,,,2,2,,,,,1,0,,,,,
20260208,prepaid,AGI,0,1,1,1,1,1,,,,,,,,,,,
20260313,prepaid,GKM,0,,,,1,1,,,,,,,,,,,
20260213,prepaid,CMA,0,11,11,11,10,11,,,,,,,,,,,
20260313,prepaid,MYR,0,0,10,12,3,3,,,,,,,,,,,
20260209,prepaid,GKP,0,2,2,2,2,2,,,,,,,,,,,
20260326,prepaid,MWP,0,2,3,3,4,4,,,,,2,0,,,,,
20260128,prepaid,SDB,0,0,1,1,1,1,,,,,1,0,,,,,
20260315,prepaid,DSP,0,1,1,1,1,1,,,,,1,0,,,1,2,0
20260319,prepaid,SIS,0,1,1,2,1,1,,,,,,,,,,,
20260313,prepaid,VEB,0,3,3,4,3,3,,,,,,,,,,,
20260317,prepaid,BBW,0,2,2,2,2,2,,,,,,,,,0,1,0
20260327,prepaid,NIR,0,1,1,1,0,1,,,,,,,,,,,
20260313,prepaid,SDB,0,,,,7,7,,,,,,,,,0,1,0
20260303,prepaid,CDM,0,0,2,2,8,8,,,,,1,0,,,1,1,1
20260303,prepaid,CLS,0,1,1,1,1,1,,,,,,,,,,,
20260401,prepaid,SIS,0,,,,0,2,,,,,,,,,,,
20260302,prepaid,NIR,0,4,4,4,4,4,,,,,1,0,,,0,1,0
20260404,prepaid,MYR,0,0,0,1,0,1,,,,,,,,,0,1,0
20260311,prepaid,MYR,0,3,3,3,6,6,,,,,,,,,,,
20260224,prepaid,CLS,1,1,1,1,0,1,,,,,,,,,,,
20260210,prepaid,CLS,1,2,2,2,1,2,,,,,1,0,,,,,
20260311,prepaid,LFS,0,3,346,408,17,18,,,,,,,,,,,
20260211,prepaid,EMC,0,22,30,30,22,22,,,,,,,,,,,
20260309,prepaid,CUL,0,2,2,2,3,3,,,,,,,,,,,
20260208,prepaid,GKP,0,,,,4,4,,,,,,,,,,,
20260402,prepaid,SIS,0,3,3,3,1,3,,,,,,,,,,,
20260306,prepaid,SDB,0,0,0,1,1,1,,,,,,,,,,,
20260325,prepaid,NIR,0,1,1,1,0,1,,,,,,,,,,,
20260329,prepaid,BBW,0,2,2,3,3,3,,,,,1,0,,,,,
20260327,prepaid,BBW,0,1,2,2,1,1,,,,,,,,,0,1,0
20260225,prepaid,NIR,0,3,3,3,3,3,,,,,,,,,,,
20260224,prepaid,AGI,0,0,1,5,2,2,,,,,1,0,,,,,
20260211,prepaid,CLS,0,1,1,1,1,1,,,,,2,0,,,3,3,3
20260216,prepaid,DSP,0,1,1,1,2,2,,,,,,,,,,,
20260311,prepaid,SDB,0,0,2,2,1,1,,,,,,,,,,,
20260323,prepaid,KTH,0,3,4,4,3,3,,,,,,,,,0,1,0
20260317,prepaid,CUL,0,17,19,19,17,17,,,,,,,,,,,
20260201,prepaid,VEB,0,0,6,6,1,1,,,,,,,,,,,
20260211,prepaid,FLN,0,,,,65,65,,,,,,,,,,,
20260219,prepaid,NYK,0,364,467,467,475,481,,,,,,,,,,,
20260129,prepaid,DSP,0,,,,1,1,,,,,,,,,,,
20260130,prepaid,MYR,0,2,2,2,2,2,,,,,,,,,,,
20260106,prepaid,AVH,0,21,21,21,20,21,,,,,,,,,,,
20260109,prepaid,CLS,0,2,3,3,2,2,,,,,1,0,,,,,
20260321,prepaid,DSP,0,,,,1,1,,,,,,,,,0,2,0
20260116,prepaid,MWP,0,2,3,3,2,2,,,,,,,,,0,1,0
20260319,prepaid,HSW,0,0,1,1,1,1,,,,,,,,,,,
20260218,prepaid,MJH,0,30,30,30,26,30,,,,,,,,,,,
20260312,prepaid,AGI,1,2,3,5,2,3,,,,,1,0,,,0,1,0
20260221,prepaid,NMB,0,1,2,3,17,17,,,,,1,0,,,1,2,1
20260119,prepaid,SIS,0,1,1,1,1,1,,,,,,,,,,,
20260303,prepaid,BBW,0,,,,1,1,,,,,,,,,0,1,0
20260330,prepaid,VEB,0,2,2,2,2,2,,,,,,,,,1,2,1
20260321,prepaid,HSW,0,,,,1,1,,,,,,,,,,,
20260317,prepaid,SME,0,0,0,399,1,1,,,,,,,,,,,
20260326,prepaid,DSP,0,1,1,2,1,1,,,,,,,,,0,1,0
20260330,prepaid,HSW,0,,,,1,1,,,,,,,,,,,
20260225,prepaid,MWP,0,1,1,1,2,2,,,,,1,0,,,0,1,0
20260313,prepaid,FLN,0,1,1,1,1,1,,,,,,,,,0,4,0
20260220,prepaid,GKA,0,,,,3,3,,,,,,,,,,,
20260106,prepaid,RPS,0,12,16,17,12,12,,,,,,,,,1,1,0
20260106,prepaid,FBD,0,79,130,130,76,79,,,,,,,,,,,
20260212,prepaid,NIR,0,3,3,3,2,3,,,,,,,,,,,
20260202,prepaid,CLS,0,2,2,2,1,2,,,,,,,,,,,
20260221,prepaid,AGI,0,3,5,5,8,8,,,,,,,,,,,
20260302,prepaid,CQN,0,,,,9,9,,,,,1,0,,,1,1,0
20260213,prepaid,FLS,0,0,1,1,59,62,,,,,,,,,,,
20260223,prepaid,ROM,0,0,6,7,12,12,,,,,,,,,,,
20260117,prepaid,MWP,0,2,4,5,3,3,,,,,,,,,,,
20260225,prepaid,CUL,0,2,2,2,2,2,,,,,,,,,,,
20260212,prepaid,SSI,0,,,,1,1,,,,,,,,,,,
20260224,prepaid,ROM,0,1,24,24,2,2,,,,,,,,,,,
20260323,prepaid,MNM,0,0,2,2,1,1,,,,,1,0,,,,,
20260210,prepaid,BBW,0,1,2,2,2,2,,,,,1,0,,,,,
20260117,prepaid,DSP,0,,,,1,1,,,,,,,,,,,
20260302,prepaid,CDM,0,2,9,9,8,8,,,,,1,0,,,,,
20260228,prepaid,CDM,0,14,16,16,16,17,,,,,,,,,,,
20260208,prepaid,BBW,0,0,1,1,1,1,,,,,,,,,,,
20260307,prepaid,FLS,0,2,2,2,2,2,,,,,1,0,,,,,
20260314,prepaid,CQN,0,12,15,15,13,13,,,,,,,,,,,
20260404,prepaid,NMB,0,1,2,2,0,4,,,,,2,0,,,2,2,2
20260215,prepaid,NIR,0,1,2,2,1,1,,,,,1,0,,,1,2,1
20260223,prepaid,BBW,0,1,1,1,2,2,,,,,1,0,,,0,2,0
20260211,prepaid,AGI,0,0,1,1,1,1,,,,,1,0,,,,,
20260331,prepaid,SIS,0,1,2,2,0,1,,,,,,,,,,,
20260404,prepaid,DSP,0,1,1,1,0,1,,,,,,,,,,,
20260307,prepaid,SDB,0,,,,1,1,,,,,,,,,,,
20260310,prepaid,SDB,0,0,2,2,1,1,,,,,,,,,,,
20260310,prepaid,GKA,0,6,6,6,6,6,,,,,,,,,,,
20260225,prepaid,ROM,0,5,8,8,14,14,,,,,,,,,,,
20260404,prepaid,FKA,0,1,1,1,0,1,,,,,,,,,,,
20260323,prepaid,BBW,0,,,,1,1,,,,,,,,,0,1,0
20260304,prepaid,MWP,0,0,2,2,1,1,,,,,,,,,1,3,1
20260308,prepaid,NIR,0,1,1,1,1,1,,,,,,,,,0,1,0
20260328,prepaid,ROP,0,,,,1,1,,,,,,,,,,,
20260226,prepaid,AIL,0,2,9,9,7,7,,,,,2,0,,,1,4,0
20260210,prepaid,NMA,0,,,,0,1,,,,,,,,,,,
20260227,prepaid,CQN,0,4,25,25,4,4,,,,,,,,,,,
20260325,prepaid,FLN,0,7,7,7,7,7,,,,,,,,,,,
20260219,prepaid,ABE,0,12,25,28,11,12,,,,,,,,,,,
20260220,prepaid,KTH,0,7,7,7,7,7,,,,,,,,,,,
20260228,prepaid,SDB,0,0,2,2,3,3,,,,,,,,,,,
20260309,prepaid,KTH,0,3,4,4,4,4,,,,,,,,,,,
20260214,prepaid,GKS,0,3,3,3,3,3,,,,,,,,,,,
20260307,prepaid,MWP,0,15,17,17,19,19,,,,,1,0,,,0,1,0
20260123,prepaid,DSP,0,,,,4,4,,,,,,,,,,,
20260120,prepaid,SIS,0,1,1,1,1,1,,,,,,,,,,,
20260312,prepaid,FLS,0,11,11,11,14,14,,,,,,,,,,,
20260402,prepaid,ROM,0,1,5,5,0,3,,,,,,,,,0,2,0
20260326,prepaid,MNM,0,2,2,2,3,3,,,,,2,0,,,0,5,0
20260305,prepaid,DSP,0,1,1,1,1,1,,,,,,,,,,,
20260304,prepaid,CLS,0,1,1,1,1,1,,,,,,,,,,,
20260202,prepaid,VEB,0,2,5,5,2,2,,,,,,,,,,,
20260403,prepaid,MYR,0,,,,0,1,,,,,,,,,,,
20260216,prepaid,NIR,0,1,1,1,2,2,,,,,2,0,,,1,1,0
20260209,prepaid,BBW,0,2,3,3,3,3,,,,,,,,,,,
20260306,prepaid,SCR,0,1,1,1,1,1,,,,,,,,,,,
20260227,prepaid,BBW,0,,,,1,1,,,,,,,,,0,1,0
20260312,prepaid,MYR,0,1,9,10,3,3,,,,,,,,,,,
20260206,prepaid,AGI,0,,,,1,1,,,,,,,,,,,
20260130,prepaid,VEB,0,1,1,1,1,1,,,,,,,,,,,
20260214,prepaid,MYR,0,,,,1,1,,,,,,,,,,,
20260106,prepaid,NMB,0,1,4,4,1,1,,,,,,,,,,,
20260106,prepaid,CLS,0,1,1,1,1,1,,,,,,,,,,,
20260206,prepaid,FRD,0,6,19,19,6,6,,,,,,,,,,,
20260405,prepaid,AGI,0,,,,0,1,,,,,,,,,0,1,0
20260218,prepaid,BBW,0,3,3,3,3,3,,,,,,,,,0,1,0
20260106,prepaid,PFP,0,1,1,1,1,1,,,,,,,,,,,
20260314,prepaid,CDM,0,2,7,102,5,5,,,,,1,0,,,1,1,1
20260123,prepaid,FLN,1,,,,102,107,,,,,,,,,,,
20260223,prepaid,FLN,0,10,13,13,10,10,,,,,,,,,,,
20260213,prepaid,NIR,0,1,1,1,1,1,,,,,,,,,,,
20260117,prepaid,SDB,0,0,4,4,2,2,,,,,,,,,,,
20260320,prepaid,SDB,0,5,6,6,7,7,,,,,,,,,1,1,1
20260214,prepaid,AVH,0,,,,1,1,,,,,,,,,,,
20260223,prepaid,CLS,0,2,2,2,2,2,,,,,,,,,,,
20260314,prepaid,VEB,0,1,1,1,1,1,,,,,,,,,,,
20260226,prepaid,ROM,0,0,24,25,2,2,,,,,,,,,,,
20260212,prepaid,GKP,0,73,78,78,104,106,,,,,2,0,,,1,1,0
20260128,prepaid,NIR,0,1,1,1,0,1,,,,,,,,,0,2,0
20260214,prepaid,AGI,0,,,,1,1,,,,,,,,,,,
20260304,prepaid,BBW,0,2,3,3,2,2,,,,,,,,,,,
20260223,prepaid,MYR,0,2,3,3,2,2,,,,,,,,,,,
20260331,prepaid,DSP,0,2,2,3,2,2,,,,,,,,,,,
20260220,prepaid,AGI,0,0,3,3,1,1,,,,,,,,,0,1,0
20260318,prepaid,GKA,2,90,90,92,82,90,,,,,,,,,,,
20260312,prepaid,CDM,0,2,6,6,16,17,,,,,1,0,,,0,1,0
20260113,prepaid,CMA,0,5,6,6,5,5,,,,,,,,,,,
20260214,prepaid,VEB,0,1,1,1,1,1,,,,,,,,,,,
20260217,prepaid,MJH,0,15,15,15,14,15,,,,,,,,,,,
20260220,prepaid,ABE,0,10,24,25,20,20,,,,,,,,,,,
20260209,prepaid,AGI,0,1,1,1,2,2,,,,,,,,,,,
20260203,prepaid,MNM,0,10,33,35,9,10,,,,,,,,,,,
20260308,prepaid,SIS,0,1,1,2,1,1,,,,,,,,,,,
20260303,prepaid,NMA,0,,,,1,1,,,,,,,,,,,
20260221,prepaid,MYR,0,,,,1,1,,,,,,,,,,,
20260309,prepaid,NIR,0,2,2,2,2,2,,,,,,,,,,,
20260210,prepaid,TTN,0,0,3,3,1,1,0,0,0,0,1,0,0,0,0,3,0
20260326,prepaid,PLN,0,1,11,20,50,50,0,0,0,0,142,0,0,0,28,28,28
20260131,prepaid,TTN,0,5,8,8,4,5,0,0,0,0,1,0,0,0,,,
20260314,prepaid,PLN,1,0,48,59,7,19,0,0,0,0,111,0,0,0,,,
20260316,prepaid,PLN,12,10,86,94,29,78,0,0,0,0,180,0,0,0,,,
20260321,prepaid,PLN,3,5,42,56,5,8,0,0,0,0,184,0,0,0,19,19,19
20260315,prepaid,PLN,1,0,42,43,0,16,0,0,0,0,130,0,0,0,,,
20260302,prepaid,CUL,0,1,1,1,2,2,0,0,0,0,1,0,0,0,,,
20260322,prepaid,PLN,0,10,63,76,15,15,0,0,0,0,201,0,0,0,62,62,62
20260309,prepaid,DSP,0,2,2,2,3,3,0,1,0,1,1,1,0,1,,,
20260213,prepaid,AGI,0,1,2,2,2,2,0,0,1,1,,,0,1,,,
20260318,prepaid,AGI,0,,,,5,7,1,1,1,1,,,0,1,0,1,0
20260306,prepaid,AGI,3,0,1,1,1,4,0,1,0,1,1,1,1,1,0,1,0
20260216,prepaid,CLS,0,1,3,3,1,1,1,1,1,1,,,0,1,,,
20260131,prepaid,NIR,0,1,2,2,1,2,0,1,0,1,,,1,1,1,1,1
20260331,prepaid,MWP,0,3,4,4,5,5,1,1,1,1,1,1,0,1,0,2,0
20260331,prepaid,BFK,0,2,3,3,2,2,0,0,1,1,,,0,1,0,1,0
20260325,prepaid,PLN,0,15,57,77,263,273,0,1,0,1,162,1,0,1,163,164,163
20260305,prepaid,FLS,2,1,1,1,11,13,0,1,0,1,1,1,0,1,0,1,0
20260221,prepaid,KTH,0,2,4,4,3,3,1,1,1,1,1,1,0,1,0,1,0
20260226,prepaid,SDB,0,,,,1,1,1,1,1,1,1,1,0,1,1,2,0
20260316,prepaid,MYR,0,,,,13,13,1,1,1,1,2,1,0,1,0,1,0
20260325,prepaid,BBW,0,,,,1,1,1,1,1,1,1,1,0,1,,,
20260204,prepaid,MWP,0,3,6,6,7,7,1,1,1,1,4,1,0,1,0,2,0
20260307,prepaid,FLN,1,,,,19,22,0,0,1,1,,,0,1,,,
20260223,prepaid,NIR,0,2,2,2,2,2,0,0,1,1,1,0,0,1,1,1,1
20260320,prepaid,CLS,0,2,2,3,2,2,1,1,1,1,1,1,0,1,0,1,0
20260207,prepaid,NIR,0,2,2,2,2,2,1,1,1,1,1,1,0,1,0,1,0
20260323,prepaid,CLS,0,1,1,1,1,1,1,1,1,1,1,1,0,1,0,1,0
20260128,prepaid,MWP,0,4,5,5,7,7,1,1,1,1,1,1,0,1,0,3,0
20260209,prepaid,FRD,4,,,,3,7,1,1,1,1,1,1,0,1,,,
20260217,prepaid,CLS,0,1,1,2,1,1,1,1,1,1,1,1,0,1,0,1,0
20260112,prepaid,NIR,0,1,1,1,1,1,1,1,1,1,2,1,0,1,0,2,0
20260329,prepaid,CLS,0,11,13,13,12,13,1,1,1,1,1,1,0,1,,,
20260317,prepaid,VEB,0,1,1,2,3,3,1,1,1,1,1,1,0,1,0,2,0
20260311,prepaid,FLS,0,2,2,2,13,13,1,1,1,1,,,0,1,0,2,0
20260228,prepaid,FLS,0,,,,2,2,0,0,0,1,,,1,1,,,
20260302,prepaid,BBW,0,2,3,3,2,2,0,0,1,1,,,0,1,0,2,0
20260328,prepaid,CLS,0,8,10,10,8,8,1,1,1,1,1,1,0,1,0,1,0
20260107,prepaid,CLS,0,2,3,3,2,2,1,1,1,1,4,1,0,1,,,
20260324,prepaid,HSW,0,,,,1,1,1,1,1,1,1,1,0,1,0,1,0
20260119,prepaid,SDB,0,0,4,4,1,1,1,1,1,1,2,1,0,1,0,1,0
20260114,prepaid,HSW,0,0,16,16,22,23,0,1,0,1,3,1,1,1,1,4,1
20260312,prepaid,MNM,0,1,3,3,3,3,1,1,1,1,2,1,0,1,0,1,0
20260110,prepaid,SDB,0,0,3,4,2,2,1,1,1,1,1,1,0,1,1,3,0
20260312,prepaid,ILM,0,2,7,7,5,5,0,1,0,1,1,0,1,1,0,1,0
20260317,prepaid,MYR,0,2,6,6,3,3,0,1,0,1,,,1,1,0,1,0
20260402,prepaid,ILM,0,0,0,1,1,3,0,1,0,1,2,1,1,1,0,2,0
20260326,prepaid,BBW,0,1,1,1,1,1,1,1,1,1,1,1,0,1,0,1,0
20260326,prepaid,CLS,0,1,2,2,1,1,1,1,1,1,1,1,0,1,0,1,0
20260109,prepaid,PFP,0,12,15,15,13,13,1,1,1,1,,,0,1,1,2,0
20260402,prepaid,NMB,0,1,4,6,0,3,1,1,1,1,1,1,0,1,0,2,0
20260128,prepaid,CLS,0,1,1,1,1,1,1,1,1,1,,,0,1,,,
20260330,prepaid,CLS,0,46,50,50,47,48,1,1,1,1,3,1,0,1,1,2,0
20260207,prepaid,FRD,0,,,,6,6,1,1,1,1,1,1,0,1,0,1,0
20260130,prepaid,NIR,0,1,2,2,1,1,0,0,0,1,1,0,0,1,,,
20260319,prepaid,MWP,0,1,2,2,1,1,0,1,0,1,2,1,1,1,0,2,0
20260202,prepaid,TTN,0,17,18,18,23,23,1,1,1,1,3,1,0,1,0,1,0
20260403,prepaid,NMB,0,1,1,2,0,3,1,1,1,1,1,1,0,1,0,1,0
20260305,prepaid,CUL,0,,,,1,1,1,1,1,1,2,1,0,1,,,
20260318,prepaid,SDB,1,1,1,2,5,6,1,1,1,1,1,1,0,1,0,1,0
20260228,prepaid,CUL,0,1,1,1,1,1,0,0,1,1,,,0,1,,,
20260228,prepaid,CQN,0,,,,2,2,1,1,1,1,1,1,0,1,0,1,0
20260107,prepaid,FBD,0,93,94,98,144,144,1,1,1,1,2,1,0,1,0,1,0
20260324,prepaid,VEB,0,4,4,4,4,4,0,0,0,1,1,0,1,1,,,
20260124,prepaid,MWP,0,4,7,7,4,4,1,1,1,1,1,1,0,1,0,1,0
20260116,prepaid,CMA,0,,,,1,1,1,1,1,1,2,1,0,1,,,
20260304,prepaid,MNM,0,2,3,3,3,3,1,1,1,1,1,0,0,1,0,1,0
20260106,prepaid,ILM,0,8,28,28,8,8,0,1,0,1,,,1,1,3,3,1
20260308,prepaid,ROP,1,12,12,12,10,12,0,0,0,1,,,0,1,,,
20260313,prepaid,NIR,0,3,3,3,3,3,0,0,0,1,,,0,1,,,
20260123,prepaid,MWP,0,3,3,3,3,3,1,1,1,1,1,1,0,1,0,1,0
20260312,prepaid,SDB,0,0,5,5,1,1,1,1,1,1,1,1,0,1,,,
20260318,prepaid,VEB,0,1,1,1,1,1,1,1,1,1,1,1,0,1,0,2,0
20260203,prepaid,VEB,0,2,3,3,13,13,0,1,0,1,1,1,1,1,0,1,0
20260219,prepaid,NMB,0,1,1,4,2,2,1,1,1,1,1,1,0,1,,,
20260207,prepaid,CLS,0,1,1,1,2,2,0,0,0,1,,,0,1,1,1,1
20260312,prepaid,GKA,0,,,,10,11,1,1,1,1,3,1,0,1,4,5,0
20260115,prepaid,SDB,0,0,1,1,1,1,1,1,1,1,1,1,0,1,0,2,0
20260405,prepaid,MWP,0,6,6,9,0,7,1,1,1,1,,,0,1,0,1,0
20260227,prepaid,SDB,0,0,2,2,2,2,1,1,1,1,1,1,0,1,0,2,0
20260307,prepaid,CLS,0,1,1,1,0,1,0,1,0,1,,,1,1,0,2,0
20260310,prepaid,AGI,0,0,0,2,1,1,0,0,0,1,,,1,1,1,1,1
20260302,prepaid,PFP,0,0,6,6,2,2,1,1,1,1,1,1,0,1,0,1,0
20260225,prepaid,MYR,0,2,2,2,2,2,1,1,1,1,2,1,0,1,0,1,0
20260311,prepaid,AGI,0,2,3,4,3,3,1,1,1,1,2,1,0,1,1,1,1
20260224,prepaid,MNM,0,2,6,6,3,3,1,1,1,1,2,0,0,1,1,4,0
20260224,prepaid,FLN,1,0,0,1,2,3,1,1,1,1,2,1,0,1,1,2,0
20260205,prepaid,SDB,0,0,2,3,3,3,1,1,1,1,1,1,0,1,0,3,0
20260217,prepaid,BBW,0,2,2,2,2,2,1,1,1,1,1,1,0,1,0,1,0
20260309,prepaid,CLS,0,2,2,2,2,2,0,0,0,1,1,0,0,1,,,
20260324,prepaid,CLS,0,,,,1,1,1,1,1,1,,,0,1,,,
20260228,prepaid,ROM,0,5,10,11,20,20,1,1,1,1,1,1,0,1,0,2,0
20260224,prepaid,ILM,0,7,8,9,15,15,1,1,1,1,4,1,0,1,0,1,0
20260301,prepaid,MWP,0,1,1,1,1,1,1,1,1,1,2,1,0,1,0,1,0
20260328,prepaid,BBW,0,1,2,2,0,2,1,1,1,1,1,1,0,1,0,1,0
20260307,prepaid,KTH,0,1,1,1,1,1,1,1,1,1,2,1,0,1,0,2,0
20260224,prepaid,MYR,0,1,3,5,2,2,1,1,1,1,1,1,0,1,0,1,0
20260306,prepaid,CQN,0,,,,6,8,0,1,0,1,1,1,0,1,,,
20260226,prepaid,PFP,0,1,1,1,3,3,1,1,1,1,3,1,0,1,1,1,1
20260315,prepaid,KTH,0,5,5,5,8,8,0,1,0,1,2,1,0,1,0,1,0
20260401,prepaid,MWP,0,1,1,3,2,2,1,1,1,1,,,0,1,,,
20260213,prepaid,CLS,0,1,1,1,2,2,1,1,1,1,,,0,1,,,
20260310,prepaid,DSP,0,2,2,2,2,2,1,1,1,1,1,1,0,1,0,1,0
20260214,prepaid,MNM,0,2,2,2,3,3,1,1,1,1,,,0,1,0,3,0
20260106,prepaid,NIR,0,1,3,3,1,1,0,1,0,1,,,1,1,1,1,0
20260319,prepaid,SDB,0,3,6,7,3,3,1,1,1,1,1,1,0,1,0,2,0
20260314,prepaid,MNM,0,4,5,5,7,7,1,1,1,1,1,1,0,1,0,1,0
20260401,prepaid,DSP,0,0,0,1,1,1,1,1,1,1,1,1,0,1,,,
20260315,prepaid,BBW,0,1,1,1,1,1,1,1,1,1,1,1,0,1,0,1,0
20260404,prepaid,MWP,0,4,5,6,0,7,1,1,1,1,1,0,0,1,0,3,0
20260106,prepaid,RDT,0,12,12,12,11,12,0,1,0,1,,,1,1,,,
20260307,prepaid,NIR,0,1,1,1,2,2,1,1,1,1,,,0,1,,,
20260228,prepaid,CIQ,1,10,10,10,8,10,0,0,1,1,,,0,1,0,3,0
20260219,prepaid,GKS,0,0,12,12,1,1,1,1,1,1,3,1,0,1,0,4,0
20260218,prepaid,NMB,0,0,1,3,1,1,1,1,1,1,1,1,0,1,0,3,0
20260122,prepaid,SDB,0,0,2,4,4,4,1,1,1,1,1,1,0,1,0,1,0
20260106,prepaid,MWP,0,7,7,7,7,7,0,1,0,1,,,0,1,1,1,1
20260216,prepaid,NMB,0,1,3,5,1,1,1,1,1,1,1,0,0,1,1,2,1
20260227,prepaid,MNM,0,2,2,2,3,3,1,1,1,1,,,0,1,0,3,0
20260226,prepaid,AGI,0,0,2,2,2,2,0,0,1,1,1,0,0,1,2,2,0
20260208,prepaid,MWP,0,1,2,2,2,2,1,1,1,1,7,1,0,1,3,6,0
20260404,prepaid,SIS,0,1,1,2,0,1,1,1,1,1,1,1,0,1,0,1,0
20260221,prepaid,MWP,0,2,3,3,2,2,0,0,0,1,2,0,0,1,0,1,0
20260201,prepaid,NIR,0,,,,1,1,0,0,0,1,,,1,1,,,
20260321,prepaid,NIR,0,1,1,1,1,1,1,1,1,1,1,1,0,1,0,1,0
20260303,prepaid,KTH,0,2,2,2,2,2,1,1,1,1,,,0,1,0,1,0
20260306,prepaid,NMB,0,0,3,18,2,3,0,1,0,1,2,1,0,1,,,
20260331,prepaid,FLS,0,,,,8,10,1,1,1,1,1,0,0,1,2,2,2
20260306,prepaid,PFP,0,2,7,7,8,8,1,1,1,1,1,1,0,1,0,2,0
20260218,prepaid,MWP,0,2,2,2,2,2,1,1,1,1,1,1,0,1,0,2,0
20260305,prepaid,ROP,0,,,,1,1,0,0,1,1,,,0,1,,,
20260222,prepaid,BBW,0,0,1,1,2,2,1,1,1,1,,,0,1,0,1,0
20260214,prepaid,BBW,0,1,1,1,1,1,1,1,1,1,1,1,0,1,1,4,1
20260211,prepaid,SDB,0,0,4,6,4,4,1,1,1,1,2,1,0,1,0,1,0
20260206,prepaid,NIR,1,4,4,4,3,4,0,0,0,1,1,0,1,1,,,
20260129,prepaid,HSW,0,0,7,7,14,14,1,1,1,1,2,1,0,1,4,4,1
20260324,prepaid,NIR,0,2,2,2,2,2,1,1,1,1,1,1,0,1,0,1,0
20260311,prepaid,BBW,0,1,1,1,1,1,0,0,1,1,,,0,1,1,1,1
20260208,prepaid,SDB,0,,,,2,2,1,1,1,1,2,1,0,1,0,2,0
20260302,prepaid,KTH,0,5,5,5,5,5,1,1,1,1,2,1,0,1,0,3,0
20260113,prepaid,SDB,0,0,1,1,1,1,1,1,1,1,1,1,0,1,0,1,0
20260121,prepaid,CLS,0,1,1,1,1,1,1,1,1,1,1,1,0,1,0,2,0
20260305,prepaid,MWP,0,2,9,9,3,3,1,1,1,1,3,1,0,1,0,1,0
20260131,prepaid,SDB,0,,,,3,3,1,1,1,1,1,1,0,1,0,1,0
20260305,prepaid,PFP,0,2,8,8,3,3,1,1,1,1,1,1,0,1,,,
20260306,prepaid,FLS,1,1,1,1,0,1,0,0,1,1,,,0,1,,,
20260309,prepaid,HSW,0,,,,1,1,1,1,1,1,1,1,0,1,0,1,0
20260321,prepaid,VEB,0,1,2,2,1,1,0,1,0,1,3,1,0,1,1,2,1
20260405,prepaid,NMB,0,0,0,1,0,1,1,1,1,1,2,1,0,1,,,
20260218,prepaid,DSP,0,,,,1,1,1,1,1,1,1,1,0,1,0,1,0
20260107,prepaid,SDB,0,0,2,2,2,2,0,0,0,1,,,1,1,,,
20260310,prepaid,KTH,0,3,4,4,4,4,1,1,1,1,1,1,0,1,0,1,0
20260324,prepaid,CIQ,0,2,4,4,3,3,1,1,1,1,1,1,0,1,,,
20260308,prepaid,MNM,0,1,2,2,1,1,0,0,1,1,5,0,0,1,0,2,0
20260312,prepaid,BBW,0,1,1,1,1,1,1,1,1,1,2,1,0,1,,,
20260118,prepaid,SDB,0,0,2,2,1,1,1,1,1,1,1,1,0,1,0,1,0
20260319,prepaid,VEB,0,2,2,2,2,2,1,1,1,1,1,1,0,1,,,
20260404,prepaid,BBW,0,,,,0,1,1,1,1,1,1,1,0,1,0,1,0
20260204,prepaid,CLS,0,0,1,1,1,1,0,0,0,1,,,0,1,,,
20260214,prepaid,CMA,0,6,7,7,6,6,1,1,1,1,1,1,0,1,,,
20260218,prepaid,CLS,0,,,,2,2,1,1,1,1,1,1,0,1,0,1,0
20260323,prepaid,HSW,0,0,1,1,1,1,1,1,1,1,1,1,0,1,0,1,0
20260316,prepaid,DSP,0,1,1,1,1,1,1,1,1,1,,,0,1,,,
20260321,prepaid,BBW,0,,,,1,1,1,1,1,1,1,1,0,1,0,1,0
20260325,prepaid,ILM,0,0,2,2,6,6,1,1,1,1,1,1,0,1,0,1,0
20260324,prepaid,PLN,0,16,191,199,32,33,0,1,0,1,131,0,0,1,25,26,25
20260308,prepaid,BBW,0,2,2,2,2,2,1,1,1,1,1,1,0,1,,,
20260205,prepaid,VEB,0,,,,2,2,1,1,1,1,1,1,0,1,0,1,0
20260313,prepaid,AGI,0,2,2,2,3,3,1,1,1,1,1,1,0,1,3,3,3
20260305,prepaid,BBW,0,0,1,1,1,1,1,1,1,1,2,1,0,1,,,
20260310,prepaid,MWP,0,4,4,4,5,6,1,1,1,1,8,1,0,1,1,3,0
20260111,prepaid,SDB,0,0,1,3,1,1,2,2,2,2,2,2,0,2,1,2,0
20260131,prepaid,MWP,1,6,6,6,5,6,2,2,2,2,,,0,2,1,4,0
20260302,prepaid,SDB,0,0,1,1,1,1,1,1,2,2,1,1,0,2,,,
20260220,prepaid,SDB,0,1,3,3,7,7,1,1,1,2,1,1,0,2,0,1,0
20260331,prepaid,ILM,0,0,2,2,5,5,1,2,1,2,2,2,1,2,0,1,0
20260110,prepaid,CLS,0,,,,2,2,2,2,2,2,2,2,0,2,1,3,0
20260306,prepaid,BBW,0,0,1,1,1,1,1,2,1,2,1,1,1,2,,,
20260127,prepaid,MWP,0,1,4,4,4,4,1,1,2,2,,,0,2,0,3,0
20260118,prepaid,NIR,0,,,,2,2,0,1,1,2,1,1,0,2,0,1,0
20260121,prepaid,MWP,0,2,3,3,2,2,2,2,2,2,2,2,0,2,0,2,0
20260318,prepaid,CLS,0,1,1,1,3,3,0,1,1,2,,,0,2,0,1,0
20260328,prepaid,PLN,0,0,5,5,9,10,0,2,0,2,139,0,0,2,36,38,36
20260217,prepaid,MWP,0,3,3,3,3,3,1,1,1,2,1,1,1,2,0,5,0
20260125,prepaid,SDB,0,0,2,2,1,2,2,2,2,2,2,2,0,2,1,5,0
20260310,prepaid,GKS,0,1,47,47,1,1,1,1,2,2,3,0,0,2,1,4,1
20260304,prepaid,KTH,0,2,2,2,2,2,2,2,2,2,2,2,0,2,0,2,0
20260122,prepaid,AIL,0,1,3,3,3,3,1,1,1,2,2,1,0,2,0,3,0
20260122,prepaid,NIR,0,1,1,1,1,1,1,1,1,2,2,0,0,2,1,2,1
20260215,prepaid,POP,0,3,4,4,4,4,0,2,0,2,2,2,2,2,0,2,0
20260116,prepaid,SDB,0,0,2,2,2,2,2,2,2,2,2,2,0,2,0,3,0
20260327,prepaid,AGI,0,2,2,3,4,4,0,0,1,2,,,0,2,0,1,0
20260404,prepaid,KAL,0,5,7,7,0,5,2,2,2,2,2,1,0,2,1,2,0
20260227,prepaid,ROM,0,,,,17,17,2,2,2,2,2,2,0,2,,,
20260215,prepaid,GKS,0,3,3,3,3,3,2,2,2,2,2,2,0,2,,,
20260123,prepaid,NIR,0,1,1,1,1,1,2,2,2,2,4,2,0,2,1,2,1
20260106,prepaid,KTH,1,39,41,41,38,39,2,2,2,2,,,0,2,1,2,0
20260330,prepaid,MWP,0,2,4,5,3,3,1,1,2,2,,,0,2,0,2,0
20260326,prepaid,AGI,0,2,5,5,3,4,1,2,1,2,2,2,0,2,0,2,0
20260129,prepaid,ILM,0,0,6,7,14,14,2,2,2,2,1,1,0,2,0,2,0
20260127,prepaid,SDB,0,0,3,6,0,1,2,2,2,2,2,2,0,2,0,1,0
20260305,prepaid,CDM,2,0,0,2,1,3,2,2,2,2,2,2,0,2,0,2,0
20260330,prepaid,FLS,0,20,30,30,18,20,2,2,2,2,3,2,0,2,0,4,0
20260221,prepaid,BBW,0,0,2,2,1,1,2,2,2,2,3,2,0,2,0,1,0
20260314,prepaid,KTH,1,9,12,12,10,11,2,2,2,2,2,2,0,2,0,2,0
20260403,prepaid,ROM,0,1,1,3,0,7,1,1,2,2,4,1,0,2,,,
20260212,prepaid,AGI,0,0,1,1,1,1,1,2,1,2,1,1,1,2,0,2,0
20260221,prepaid,MNM,1,3,3,3,2,3,2,2,2,2,4,1,0,2,0,3,0
20260217,prepaid,SDB,0,0,1,2,2,2,2,2,2,2,2,2,0,2,0,2,0
20260225,prepaid,AIL,0,8,8,8,13,13,1,1,1,2,1,1,1,2,0,3,0
20260225,prepaid,KTH,0,5,5,5,5,5,2,2,2,2,3,2,0,2,0,2,0
20260311,prepaid,NMB,0,2,3,6,7,7,1,1,2,2,,,0,2,1,3,0
20260316,prepaid,NIR,0,4,4,4,4,4,1,1,1,2,2,1,0,2,,,
20260228,prepaid,FLN,0,10,10,10,10,10,2,2,2,2,2,2,0,2,0,1,0
20260323,prepaid,FLS,0,1,1,1,1,1,2,2,2,2,2,2,0,2,0,1,0
20260204,prepaid,SDB,0,0,1,1,1,1,2,2,2,2,2,2,0,2,0,1,0
20260218,prepaid,AGI,0,1,1,1,1,1,2,2,2,2,1,1,0,2,0,3,0
20260326,prepaid,AIL,0,3,7,8,5,5,1,2,1,2,1,0,0,2,0,1,0
20260224,prepaid,POP,0,6,6,6,7,7,2,2,2,2,2,2,0,2,0,3,0
20260320,prepaid,MWP,0,3,3,3,4,4,1,1,1,2,1,0,1,2,0,1,0
20260305,prepaid,KTH,0,2,2,2,2,2,2,2,2,2,2,2,0,2,0,2,0
20260403,prepaid,NIR,0,2,2,2,0,2,1,1,1,2,1,1,1,2,0,1,0
20260324,prepaid,ILM,0,2,7,10,10,11,2,2,2,2,1,1,0,2,0,1,0
20260228,prepaid,MNM,0,2,2,2,2,2,2,2,2,2,6,1,0,2,0,1,0
20260310,prepaid,MNM,0,2,2,2,2,2,2,2,2,2,2,1,0,2,1,5,0
20260118,prepaid,MWP,0,3,5,5,5,5,2,2,2,2,3,2,0,2,1,2,1
20260112,prepaid,CLS,0,5,5,5,4,5,2,2,2,2,2,2,0,2,1,2,0
20260108,prepaid,CLS,0,1,1,1,1,1,2,2,2,2,3,2,0,2,0,3,0
20260315,prepaid,MNM,0,6,6,6,7,7,2,2,2,2,5,2,0,2,0,2,0
20260222,prepaid,POP,0,1,7,7,1,1,2,2,2,2,2,2,0,2,0,4,0
20260215,prepaid,MNM,0,7,8,8,7,7,2,2,2,2,3,2,0,2,1,1,0
20260308,prepaid,GLA,0,2,5,5,2,2,1,1,1,2,1,0,0,2,0,2,0
20260312,prepaid,NIR,0,3,3,3,2,3,1,1,1,2,2,1,1,2,1,2,1
20260212,prepaid,FRD,32,253,801,805,794,866,1,1,2,2,1,1,0,2,0,2,0
20260330,prepaid,MNM,0,2,5,5,3,3,2,2,2,2,2,2,0,2,0,1,0
20260324,prepaid,MWP,0,4,4,4,6,6,1,1,2,2,,,0,2,,,
20260129,prepaid,SDB,0,0,4,5,2,2,2,2,2,2,2,1,0,2,0,2,0
20260316,prepaid,SDB,0,,,,0,1,2,2,2,2,2,2,0,2,0,1,0
20260402,prepaid,MWP,0,1,2,2,0,1,2,2,2,2,3,2,0,2,0,2,0
20260224,prepaid,NMB,0,2,10,13,5,5,0,1,0,2,2,1,1,2,0,2,0
20260228,prepaid,NIR,0,3,3,3,3,3,2,2,2,2,3,1,0,2,1,2,0
20260306,prepaid,MWP,0,5,9,9,12,13,2,2,2,2,,,0,2,,,
20260214,prepaid,NIR,0,1,1,1,1,1,2,2,2,2,2,2,0,2,0,1,0
20260218,prepaid,PFP,0,2,2,2,3,3,2,2,2,2,3,2,0,2,1,3,1
20260327,prepaid,NMB,0,0,3,3,1,1,1,1,1,2,2,1,1,2,1,4,1
20260319,prepaid,MYR,0,1,4,4,5,5,2,2,2,2,1,0,0,2,0,5,0
20260403,prepaid,KAL,0,5,5,5,4,7,2,2,2,2,2,2,0,2,0,4,0
20260212,prepaid,MWP,0,0,2,2,8,8,2,2,2,2,2,2,0,2,0,3,0
20260330,prepaid,PLN,0,10,16,16,53,56,0,2,0,2,247,0,0,2,125,127,125
20260303,prepaid,AGI,0,1,1,1,3,3,2,2,2,2,1,1,0,2,1,3,0
20260316,prepaid,AGI,0,3,3,6,4,5,1,2,1,2,2,2,1,2,0,2,0
20260203,prepaid,NIR,0,1,1,1,1,1,0,1,0,2,1,0,1,2,,,
20260108,prepaid,SDB,0,0,2,3,2,2,1,1,1,2,1,1,1,2,0,1,0
20260327,prepaid,AIL,0,1,3,4,4,5,1,1,1,2,1,0,0,2,0,3,0
20260301,prepaid,CIQ,0,9,9,9,9,9,1,2,1,2,3,2,0,2,0,2,0
20260302,prepaid,MNM,0,3,5,5,5,5,2,2,2,2,3,1,0,2,0,5,0
20260207,prepaid,NMB,0,3,4,5,3,3,1,2,1,2,4,2,0,2,3,5,2
20260401,prepaid,BFK,0,1,1,1,1,2,0,0,0,2,2,0,0,2,,,
20260228,prepaid,MWP,0,2,2,2,3,3,2,2,2,2,2,2,0,2,0,2,0
20260130,prepaid,ILM,0,0,2,2,7,7,2,2,2,2,3,2,0,2,0,1,0
20260221,prepaid,ILM,0,3,9,9,5,5,2,2,2,2,2,2,0,2,0,2,0
20260227,prepaid,MWP,0,1,2,2,1,1,2,2,2,2,,,0,2,0,1,0
20260402,prepaid,KAL,0,2,4,4,1,2,1,1,1,2,1,1,1,2,0,1,0
20260325,prepaid,CIQ,0,1,1,1,2,3,2,2,2,2,2,1,0,2,0,2,0
20260213,prepaid,AIL,1,0,6,7,2,3,2,2,2,2,4,1,0,2,0,1,0
20260322,prepaid,SDB,0,,,,2,2,2,2,2,2,2,2,0,2,0,1,0
20260121,prepaid,SDB,0,0,5,5,4,4,2,2,2,2,1,1,0,2,0,1,0
20260209,prepaid,SDB,0,0,8,9,1,1,1,2,1,2,1,1,0,2,0,2,0
20260130,prepaid,POP,0,6,9,9,8,8,2,2,2,2,3,2,0,2,1,10,0
20260126,prepaid,SDB,0,,,,1,1,2,2,2,2,2,2,0,2,0,1,0
20260106,prepaid,AIL,0,3,14,14,3,3,1,2,1,2,,,1,2,3,3,2
20260302,prepaid,AGI,0,1,3,3,0,1,2,2,2,2,3,2,0,2,0,1,0
20260304,prepaid,CUL,0,1,2,2,1,1,2,2,2,2,,,0,2,,,
20260120,prepaid,NMB,1,3,6,9,4,6,1,1,2,2,5,1,0,2,0,2,0
20260226,prepaid,NIR,0,3,3,3,3,3,2,2,2,2,3,2,0,2,1,3,1
20260210,prepaid,MNM,0,6,7,12,14,14,2,2,2,2,2,2,0,2,0,2,0
20260106,prepaid,NMP,0,9,10,10,9,9,0,2,0,2,,,2,2,,,
20260208,prepaid,MNM,0,1,2,2,5,5,2,2,2,2,,,0,2,0,2,0
20260307,prepaid,PFP,1,,,,2,5,2,2,2,2,4,2,0,2,1,2,1
20260120,prepaid,SDB,1,0,1,2,5,6,2,2,2,2,2,2,0,2,0,2,0
20260224,prepaid,MWP,0,2,3,3,2,2,1,1,1,2,,,1,2,1,3,1
20260227,prepaid,CIQ,0,24,24,24,24,24,0,0,0,2,,,1,2,,,
20260109,prepaid,SDB,0,0,1,1,1,1,2,2,2,2,2,2,0,2,0,1,0
20260220,prepaid,BBW,0,1,2,2,1,1,2,2,2,2,2,2,0,2,0,1,0
20260211,prepaid,PFP,0,,,,5,6,1,2,1,2,2,2,1,2,,,
20260206,prepaid,CLS,0,1,1,1,3,3,1,1,1,2,,,0,2,0,2,0
20260401,prepaid,NIR,0,2,2,2,2,2,0,0,0,2,,,1,2,,,
20260111,prepaid,NIR,0,1,1,2,1,2,1,1,2,2,1,1,0,2,1,2,1
20260328,prepaid,NIR,0,1,1,1,1,1,1,2,1,2,2,2,0,2,0,2,0
20260211,prepaid,BBW,1,1,1,1,1,2,2,2,2,2,1,1,0,2,0,2,0
20260326,prepaid,VEB,0,2,2,2,2,2,1,1,2,2,2,1,0,2,0,1,0
20260130,prepaid,SDB,0,0,1,3,4,4,1,2,1,2,2,2,0,2,0,3,0
20260303,prepaid,MWP,0,2,3,3,2,2,2,2,2,2,2,2,0,2,0,1,0
20260331,prepaid,NMB,0,1,2,4,2,2,1,2,1,2,5,2,1,2,0,2,0
20260311,prepaid,PFP,0,20,20,20,20,20,2,2,2,2,3,2,0,2,1,5,1
20260325,prepaid,AGI,0,0,2,2,2,2,1,2,1,2,1,1,0,2,0,1,0
20260310,prepaid,CDM,0,0,5,5,4,4,1,1,2,2,1,0,0,2,0,1,0
20260309,prepaid,AGI,1,2,4,4,2,3,1,1,1,2,,,1,2,1,1,1
20260301,prepaid,SDB,0,0,1,1,2,2,1,2,1,2,2,2,1,2,1,3,0
20260311,prepaid,GKS,0,23,26,26,75,77,1,2,1,2,1,0,0,2,2,3,1
20260217,prepaid,GKS,0,2,7,7,2,2,2,2,2,2,3,2,0,2,0,3,0
20260323,prepaid,VEB,0,2,2,2,3,3,1,1,1,2,,,1,2,,,
20260310,prepaid,NIR,0,1,1,1,1,1,1,2,1,2,2,2,0,2,0,2,0
20260106,prepaid,POP,0,5,9,9,5,5,1,2,1,2,,,0,2,1,1,1
20260318,prepaid,MWP,0,1,1,1,1,1,2,2,2,2,2,2,0,2,0,1,0
20260127,prepaid,CLS,0,2,2,2,2,2,0,1,1,2,1,0,0,2,0,1,0
20260206,prepaid,SDB,0,,,,2,2,2,2,2,2,2,2,0,2,0,2,0
20260219,prepaid,MJH,0,17,17,17,17,17,2,2,2,2,3,2,0,2,0,2,0
20260213,prepaid,NMB,0,2,2,3,2,2,1,1,2,2,1,1,0,2,0,1,0
20260217,prepaid,MNM,0,3,4,4,3,3,2,2,2,2,4,2,0,2,1,5,0
20260303,prepaid,NIR,0,3,3,3,3,3,1,2,1,2,3,2,0,2,1,2,0
20260213,prepaid,BBW,0,1,1,1,1,1,2,2,2,2,2,1,0,2,1,1,1
20260313,prepaid,FLS,0,3,3,3,3,3,2,2,2,2,2,1,0,2,0,1,0
20260223,prepaid,SDB,0,0,0,1,1,1,2,2,2,2,2,2,0,2,0,5,0
20260322,prepaid,MNM,0,3,4,4,5,5,2,2,2,2,,,0,2,1,5,1
20260311,prepaid,KTH,0,6,8,8,7,7,2,2,2,2,2,2,0,2,1,3,0
20260309,prepaid,MWP,0,6,8,8,12,12,2,2,2,2,2,2,0,2,2,5,2
20260227,prepaid,MYR,0,,,,2,2,2,2,2,2,2,2,0,2,0,2,0
20260216,prepaid,AIL,0,2,16,16,6,6,1,1,1,3,3,1,1,3,3,6,1
20260325,prepaid,VEB,0,2,2,2,1,2,2,2,2,3,1,1,1,3,0,2,0
20260115,prepaid,NIR,0,,,,1,1,1,2,1,3,3,2,0,3,0,2,0
20260330,prepaid,FLN,0,,,,9,10,3,3,3,3,3,3,0,3,0,3,0
20260212,prepaid,EMC,0,0,3,3,6,6,3,3,3,3,4,3,0,3,,,
20260120,prepaid,POP,0,7,11,11,8,9,2,2,3,3,3,2,0,3,1,2,0
20260403,prepaid,FLS,0,1,1,1,0,2,3,3,3,3,6,3,0,3,1,8,0
20260126,prepaid,AIL,0,0,3,3,2,2,2,3,2,3,3,2,1,3,2,6,0
20260113,prepaid,NIR,0,2,4,4,2,2,1,3,1,3,3,2,2,3,1,4,1
20260211,prepaid,FRD,3,120,1402,1417,114,120,2,3,2,3,3,3,1,3,0,4,0
20260317,prepaid,MWP,0,2,2,2,2,2,2,2,3,3,1,1,0,3,0,12,0
20260404,prepaid,POP,0,8,8,9,0,11,2,3,2,3,7,2,1,3,1,3,1
20260331,prepaid,CLS,0,47,48,48,47,52,3,3,3,3,3,1,0,3,1,2,0
20260323,prepaid,MWP,0,1,3,3,1,1,2,3,2,3,1,0,1,3,0,2,0
20260321,prepaid,SDB,0,0,0,1,0,1,3,3,3,3,3,3,0,3,1,4,1
20260325,prepaid,KTH,0,7,7,7,7,9,3,3,3,3,3,3,0,3,0,3,0
20260214,prepaid,POP,0,0,1,1,1,2,3,3,3,3,,,0,3,0,1,0
20260330,prepaid,CIQ,0,1,2,2,1,2,2,2,3,3,4,2,0,3,0,1,0
20260223,prepaid,KTH,0,3,3,3,3,3,3,3,3,3,3,3,0,3,0,2,0
20260304,prepaid,CQN,0,,,,1,2,3,3,3,3,4,2,0,3,5,7,1
20260401,prepaid,MNM,0,1,3,3,0,3,2,2,3,3,1,1,0,3,0,2,0
20260222,prepaid,MWP,0,,,,1,1,3,3,3,3,5,1,0,3,2,2,1
20260220,prepaid,ILM,0,1,4,4,5,5,2,2,3,3,2,2,0,3,0,2,0
20260302,prepaid,ROM,1,3,26,27,26,28,3,3,3,3,5,3,0,3,0,1,0
20260222,prepaid,KTH,0,2,2,2,4,4,3,3,3,3,3,3,0,3,0,3,0
20260303,prepaid,SDB,0,,,,1,1,3,3,3,3,3,3,0,3,0,3,0
20260405,prepaid,MNM,0,4,4,12,0,6,3,3,3,3,9,3,0,3,0,3,0
20260209,prepaid,NIR,0,1,1,1,1,1,3,3,3,3,3,2,0,3,1,3,1
20260212,prepaid,NMB,0,1,2,6,3,3,1,1,2,3,1,1,1,3,0,2,0
20260320,prepaid,KTH,0,4,4,4,4,4,3,3,3,3,3,2,0,3,0,7,0
20260106,prepaid,NMS,0,20,29,34,20,20,0,3,0,3,,,0,3,1,1,0
20260220,prepaid,FLS,0,,,,19,19,1,2,2,3,1,1,0,3,0,2,0
20260122,prepaid,MWP,0,1,1,1,4,4,3,3,3,3,2,2,0,3,0,4,0
20260323,prepaid,AGI,0,0,3,3,1,1,1,1,1,3,1,1,0,3,0,4,0
20260129,prepaid,AIL,0,2,4,5,5,5,3,3,3,3,6,2,0,3,2,7,0
20260112,prepaid,MWP,0,2,2,2,3,3,2,2,3,3,3,1,0,3,2,5,1
20260219,prepaid,MNM,0,2,3,3,2,2,3,3,3,3,3,2,0,3,0,5,0
20260220,prepaid,MNM,0,2,2,2,3,3,3,3,3,3,3,3,0,3,0,3,0
20260116,prepaid,NIR,0,1,1,1,1,1,2,2,3,3,1,1,0,3,0,1,0
20260304,prepaid,NMB,0,1,1,1,1,1,0,1,2,3,3,1,1,3,1,2,0
20260227,prepaid,NIR,0,2,2,2,2,2,3,3,3,3,2,2,0,3,0,2,0
20260316,prepaid,POP,0,45,47,48,51,52,2,2,3,3,1,0,0,3,1,2,1
20260321,prepaid,NMB,0,2,2,4,5,5,2,2,3,3,4,2,0,3,1,1,1
20260210,prepaid,HSW,0,0,1,1,1,1,3,3,3,3,3,3,0,3,3,6,0
20260328,prepaid,ROM,0,3,11,12,2,3,1,2,2,3,1,1,0,3,1,9,0
20260321,prepaid,AGI,0,0,1,1,2,2,1,3,1,3,4,2,2,3,1,3,0
20260129,prepaid,MWP,0,1,2,2,1,1,2,3,2,3,7,2,1,3,2,4,1
20260320,prepaid,NMB,0,1,2,2,2,2,2,2,3,3,1,1,0,3,1,4,1
20260318,prepaid,FLS,0,,,,1,1,3,3,3,3,3,3,0,3,0,1,0
20260403,prepaid,BFK,0,1,1,1,0,1,0,1,0,3,1,0,0,3,,,
20260210,prepaid,SDB,0,0,7,8,9,9,2,2,3,3,2,2,0,3,0,2,0
20260219,prepaid,PFP,0,2,5,5,2,2,3,3,3,3,3,3,0,3,0,3,0
20260322,prepaid,KTH,0,4,4,4,5,5,3,3,3,3,2,2,0,3,2,7,2
20260324,prepaid,AGI,0,0,1,2,2,2,1,1,1,3,1,0,0,3,0,1,0
20260111,prepaid,MWP,0,2,3,3,3,3,1,2,1,3,3,1,1,3,0,1,0
20260203,prepaid,MWP,0,9,12,12,9,9,3,3,3,3,3,3,0,3,0,3,0
20260327,prepaid,PLN,0,10,19,19,35,35,0,3,0,3,354,3,0,3,124,127,124
20260315,prepaid,AGI,0,0,1,2,1,1,3,3,3,3,4,3,0,3,,,
20260331,prepaid,KAL,0,1,1,1,3,3,3,3,3,3,4,3,0,3,1,4,1
20260329,prepaid,MNM,0,1,2,2,4,4,3,3,3,3,2,2,0,3,0,2,0
20260310,prepaid,POP,0,5,7,7,5,5,3,3,3,3,3,2,0,3,2,4,0
20260216,prepaid,CMA,0,26,27,27,27,27,3,3,3,3,5,3,0,3,0,2,0
20260307,prepaid,BBW,0,,,,1,1,2,2,3,3,2,2,0,3,0,4,0
20260202,prepaid,MWP,0,2,3,4,4,4,2,2,2,3,2,1,0,3,1,1,1
20260212,prepaid,AIL,0,3,7,7,6,6,3,3,3,3,5,3,0,3,0,3,0
20260108,prepaid,NIR,0,3,6,6,3,3,2,2,3,3,3,2,0,3,1,2,1
20260202,prepaid,SDB,0,0,4,4,1,1,3,3,3,3,3,3,0,3,0,3,0
20260328,prepaid,NMB,0,3,3,3,5,5,2,2,3,3,3,2,0,3,1,3,1
20260327,prepaid,ILM,0,2,4,4,5,5,3,3,3,3,3,2,0,3,,,
20260307,prepaid,MNM,0,1,2,2,1,1,2,3,2,3,2,2,0,3,1,2,1
20260114,prepaid,NIR,0,1,2,2,1,3,1,1,2,3,1,1,0,3,0,1,0
20260327,prepaid,CIQ,0,4,5,5,4,4,3,3,3,3,4,2,0,3,2,6,2
20260314,prepaid,NMB,1,3,7,14,3,4,3,3,3,3,4,3,0,3,3,7,2
20260309,prepaid,POP,0,6,6,6,7,7,2,3,2,3,1,1,1,3,1,2,0
20260115,prepaid,NMB,0,1,5,6,6,6,2,2,3,3,4,1,0,3,0,3,0
20260213,prepaid,POP,0,0,2,2,1,1,3,3,3,3,7,3,0,3,4,11,1
20260212,prepaid,MNM,0,2,3,3,3,3,2,2,2,3,3,2,0,3,0,2,0
20260226,prepaid,MNM,0,2,3,3,2,2,3,3,3,3,3,1,0,3,1,4,1
20260217,prepaid,NIR,0,1,1,1,1,1,2,3,2,3,1,1,0,3,,,
20260119,prepaid,NIR,0,4,5,5,3,4,1,2,1,3,1,1,0,3,,,
20260404,prepaid,FLN,0,,,,0,9,2,2,3,3,1,1,0,3,0,1,0
20260307,prepaid,AGI,0,1,2,2,1,2,2,2,2,3,3,2,1,3,0,2,0
20260326,prepaid,MYR,0,,,,1,1,2,2,2,3,2,2,0,3,0,1,0
20260112,prepaid,SDB,0,0,3,4,2,2,3,3,3,3,4,3,0,3,0,2,0
20260113,prepaid,MWP,0,1,1,1,1,1,2,2,3,3,2,1,0,3,0,1,0
20260305,prepaid,NMB,0,2,5,33,4,4,2,2,2,3,,,0,3,1,2,1
20260401,prepaid,ILM,0,1,1,1,0,2,2,2,3,3,2,2,0,3,1,5,1
20260219,prepaid,NIR,0,,,,0,1,2,2,2,3,2,2,1,3,0,2,0
20260321,prepaid,MNM,0,2,4,4,3,3,3,3,3,3,6,3,0,3,0,3,0
20260305,prepaid,NIR,0,1,1,1,0,1,3,3,3,3,3,2,0,3,0,1,0
20260109,prepaid,NIR,0,1,1,1,3,4,3,3,3,3,5,3,0,3,0,5,0
20260325,prepaid,FLS,0,2,2,2,2,2,3,3,3,3,3,3,0,3,0,1,0
20260303,prepaid,MNM,0,0,1,1,2,2,3,3,3,3,2,1,0,3,0,3,0
20260205,prepaid,CLS,1,0,2,2,0,1,1,2,2,3,3,2,0,3,1,2,0
20260402,prepaid,MNM,0,2,7,7,1,4,3,3,3,3,5,3,0,3,1,4,0
20260225,prepaid,PFP,0,0,2,2,3,3,1,1,3,3,1,1,0,3,0,2,0
20260225,prepaid,BBW,0,,,,2,2,3,3,3,3,3,2,0,3,0,2,0
20260227,prepaid,NMB,0,0,3,12,2,3,1,2,2,3,2,2,0,3,0,4,0
20260211,prepaid,GKP,1,62,102,102,59,62,3,3,3,3,3,3,0,3,0,5,0
20260306,prepaid,POP,0,4,5,5,3,4,3,3,3,3,3,2,0,3,0,2,0
20260106,prepaid,RPG,1,115,133,133,113,115,0,3,0,3,,,1,3,12,12,5
20260324,prepaid,MNM,1,1,2,2,1,2,3,3,3,3,5,2,0,3,0,1,0
20260216,prepaid,GKS,0,3,3,3,3,3,3,3,3,3,3,3,0,3,0,2,0
20260306,prepaid,NIR,0,1,2,2,1,1,3,3,3,3,3,2,0,3,0,3,0
20260329,prepaid,AGI,0,0,1,1,1,1,1,1,1,3,2,0,0,3,1,4,1
20260312,prepaid,LFS,4,115,791,880,373,387,3,3,3,3,4,3,0,3,0,3,0
20260226,prepaid,MWP,0,1,1,1,1,1,3,3,3,3,3,2,0,3,0,2,0
20260306,prepaid,NMS,1,22,27,27,22,23,3,3,3,3,3,2,0,3,1,2,1
20260216,prepaid,POP,0,5,7,7,5,6,2,2,3,3,3,2,0,3,0,2,0
20260205,prepaid,NIR,0,1,1,1,1,1,0,0,1,3,,,1,3,0,2,0
20260401,prepaid,ROM,0,1,1,2,1,8,1,2,1,3,1,1,1,3,0,4,0
20260204,prepaid,VEB,0,14,16,16,15,15,2,2,3,3,2,2,0,3,0,2,0
20260401,prepaid,AGI,0,1,1,2,0,1,0,0,2,4,,,1,4,1,2,1
20260222,prepaid,GKS,0,3,3,3,3,3,3,4,3,4,6,4,1,4,2,5,1
20260315,prepaid,NIR,0,1,1,1,1,1,2,2,2,4,2,2,0,4,0,2,0
20260317,prepaid,NMB,0,1,4,9,1,1,1,3,1,4,4,1,2,4,3,4,0
20260219,prepaid,MWP,0,4,4,4,4,4,2,3,2,4,2,1,2,4,0,1,0
20260218,prepaid,GKS,0,,,,4,4,4,4,4,4,3,3,0,4,0,2,0
20260328,prepaid,AGI,0,1,2,2,1,1,2,3,3,4,4,3,0,4,,,
20260217,prepaid,POP,0,2,2,2,2,3,4,4,4,4,3,3,0,4,0,3,0
20260221,prepaid,SDB,0,0,1,1,2,2,3,3,3,4,3,3,1,4,0,2,0
20260114,prepaid,POP,0,3,5,5,3,4,2,3,2,4,6,3,1,4,1,4,1
20260405,prepaid,KAL,0,1,1,2,0,3,4,4,4,4,6,4,0,4,2,5,0
20260313,prepaid,KTH,0,5,7,7,5,5,4,4,4,4,4,4,0,4,0,4,0
20260224,prepaid,KTH,0,9,9,9,9,9,4,4,4,4,4,4,0,4,0,5,0
20260222,prepaid,SDB,0,,,,1,1,3,3,3,4,3,3,1,4,0,2,0
20260120,prepaid,NIR,0,5,6,6,6,6,0,2,0,4,1,1,1,4,0,2,0
20260113,prepaid,NMP,0,13,13,13,29,29,1,2,2,4,2,2,1,4,1,5,1
20260326,prepaid,FLS,0,1,1,1,1,1,4,4,4,4,6,4,0,4,2,6,2
20260109,prepaid,MWP,1,1,1,1,2,3,4,4,4,4,8,4,0,4,2,7,1
20260324,prepaid,FLS,0,3,3,3,3,3,4,4,4,4,4,4,0,4,0,4,0
20260323,prepaid,NMB,0,4,6,13,4,4,2,3,3,4,4,1,1,4,1,4,0
20260330,prepaid,ROM,0,0,4,4,1,3,2,3,3,4,3,3,0,4,0,1,0
20260116,prepaid,NMB,0,3,7,8,6,7,4,4,4,4,4,2,0,4,4,9,4
20260331,prepaid,ROM,0,2,4,4,1,3,2,3,2,4,3,2,0,4,0,2,0
20260221,prepaid,GKS,0,3,4,5,7,7,3,3,4,4,3,3,0,4,1,2,0
20260216,prepaid,PFP,1,1,7,7,4,5,3,3,3,4,3,3,0,4,0,2,0
20260118,prepaid,POP,1,5,7,7,4,5,4,4,4,4,6,4,0,4,0,3,0
20260206,prepaid,MWP,0,,,,4,4,3,4,3,4,3,3,1,4,1,4,1
20260128,prepaid,ILM,0,2,21,21,3,3,3,3,4,4,2,2,0,4,0,5,0
20260305,prepaid,MNM,0,4,6,6,5,5,3,4,3,4,5,3,1,4,0,3,0
20260404,prepaid,MNM,0,7,9,9,0,7,2,3,3,4,5,3,0,4,0,3,0
20260213,prepaid,PFP,0,,,,11,11,0,1,3,4,1,1,0,4,0,2,0
20260315,prepaid,CQN,0,24,30,30,27,27,2,4,2,4,5,4,1,4,2,6,0
20260311,prepaid,NIR,0,1,1,1,1,1,3,3,3,4,3,3,0,4,0,3,0
20260319,prepaid,ILM,0,0,3,5,1,1,4,4,4,4,3,3,0,4,1,4,0
20260403,prepaid,AGI,0,,,,0,1,1,2,3,4,,,1,4,0,1,0
20260228,prepaid,POP,0,9,10,10,10,10,3,3,4,4,4,3,0,4,0,4,0
20260307,prepaid,GKS,0,3,3,3,4,5,2,3,2,4,3,3,2,4,1,8,0
20260310,prepaid,NMB,1,3,9,10,10,12,2,3,3,4,2,1,1,4,0,5,0
20260216,prepaid,MNM,0,1,1,1,2,2,4,4,4,4,3,3,0,4,0,2,0
20260222,prepaid,MNM,0,6,6,6,6,6,4,4,4,4,3,1,0,4,0,1,0
20260402,prepaid,AIL,0,4,7,8,1,8,4,4,4,4,4,4,0,4,0,3,0
20260207,prepaid,HSW,0,,,,10,10,3,3,4,4,,,0,4,0,4,0
20260107,prepaid,MWP,0,2,3,3,2,2,3,3,4,4,2,2,0,4,0,2,0
20260320,prepaid,MNM,0,1,2,2,2,2,3,3,4,4,2,1,0,4,1,4,1
20260311,prepaid,KAL,0,2,2,2,2,2,4,4,4,4,5,4,0,4,1,6,0
20260313,prepaid,NMB,0,0,3,9,1,1,4,4,4,4,6,4,0,4,1,4,1
20260330,prepaid,AGI,0,1,1,1,3,3,0,4,0,4,4,0,4,4,1,3,0
20260331,prepaid,MNM,0,5,7,7,7,8,3,4,3,4,5,4,1,4,0,2,0
20260226,prepaid,KTH,0,5,5,5,5,5,3,4,3,4,3,3,0,4,0,3,0
20260403,prepaid,MNM,0,1,1,1,1,6,4,4,4,4,2,2,0,4,0,4,0
20260216,prepaid,SDB,0,0,2,4,2,3,3,3,4,4,3,3,0,4,0,3,0
20260210,prepaid,NMP,1,4,19,21,4,5,3,3,3,4,3,2,1,4,1,5,1
20260205,prepaid,NMP,0,2,7,7,9,9,1,2,1,4,4,2,3,4,0,3,0
20260120,prepaid,NMS,0,3,5,5,10,10,4,4,4,4,4,3,0,4,2,5,0
20260217,prepaid,NMB,0,0,1,1,1,2,4,4,4,4,3,3,0,4,0,1,0
20260321,prepaid,CIQ,0,,,,2,2,3,3,3,4,3,3,0,4,0,1,0
20260107,prepaid,NIR,0,3,3,3,4,5,3,3,3,4,3,2,1,4,0,1,0
20260306,prepaid,KTH,0,2,2,2,2,2,4,4,4,4,4,4,0,4,0,3,0
20260117,prepaid,POP,0,4,4,4,13,13,3,4,3,4,3,3,0,4,0,8,0
20260212,prepaid,TTN,0,2,5,5,3,3,3,4,3,4,4,3,0,4,0,2,0
20260328,prepaid,MWP,0,1,1,1,1,1,4,4,4,4,2,2,0,4,0,3,0
20260330,prepaid,KAL,0,4,6,6,3,4,3,3,4,4,4,3,0,4,0,5,0
20260312,prepaid,POP,0,6,7,7,6,7,3,3,3,4,4,3,0,4,0,3,0
20260108,prepaid,PFP,1,22,23,23,19,22,3,3,4,4,4,1,0,4,1,4,1
20260203,prepaid,SDB,0,0,3,5,3,3,4,4,4,4,4,4,0,4,0,3,0
20260219,prepaid,AIL,0,0,11,11,6,6,4,4,4,4,4,2,0,4,1,4,1
20260304,prepaid,GSD,1,1,20,20,17,18,1,4,1,4,6,1,3,4,8,23,3
20260212,prepaid,SDB,0,0,2,3,5,6,2,4,2,4,3,3,0,4,0,3,0
20260116,prepaid,HSW,0,0,24,24,6,6,4,4,4,4,4,2,0,4,3,7,0
20260326,prepaid,CIQ,0,1,1,1,1,1,4,4,4,4,5,3,0,4,0,2,0
20260209,prepaid,TTN,0,1,2,2,13,13,4,4,4,4,3,3,0,4,,,
20260317,prepaid,VEH,0,5,6,6,5,6,3,3,3,4,6,2,0,4,3,7,1
20260215,prepaid,AIL,0,,,,2,2,3,3,3,4,3,3,1,4,0,2,0
20260307,prepaid,AIL,1,4,17,17,8,9,3,3,4,4,1,1,0,4,1,4,1
20260321,prepaid,ILM,0,1,1,1,1,1,3,4,3,4,3,3,1,4,0,4,0
20260314,prepaid,NIR,1,2,2,2,1,2,2,3,2,4,2,2,0,4,0,2,0
20260109,prepaid,NMB,0,1,4,7,4,4,3,4,3,4,5,4,1,4,1,9,0
20260401,prepaid,BBW,0,1,1,1,1,1,1,4,1,4,3,3,1,4,0,3,0
20260311,prepaid,ILM,0,0,3,3,7,7,3,3,4,4,2,2,0,4,1,3,1
20260317,prepaid,POP,0,16,16,16,18,18,2,2,3,4,3,2,1,4,0,2,0
20260313,prepaid,MNM,0,3,6,6,5,5,4,4,4,4,2,2,0,4,0,3,0
20260317,prepaid,NIR,0,1,1,1,1,1,3,3,3,4,3,2,0,4,1,4,1
20260213,prepaid,TTN,0,48,76,80,51,51,3,3,4,4,8,3,0,4,0,2,0
20260327,prepaid,MWP,0,0,0,1,1,1,3,4,3,4,3,1,0,4,0,1,0
20260405,prepaid,PLN,0,0,0,44,0,7,4,4,4,4,119,4,0,4,4,34,0
20260312,prepaid,RDD,1,55,57,57,56,57,4,4,4,4,6,4,0,4,2,11,1
20260327,prepaid,MNM,0,4,4,4,4,4,3,4,3,4,2,1,0,4,1,3,1
20260212,prepaid,CIQ,1,10,13,13,15,18,2,2,3,4,1,1,0,4,0,2,0
20260308,prepaid,MWP,0,3,9,10,5,5,4,4,4,4,4,3,0,4,,,
20260221,prepaid,ABE,0,8,16,16,22,24,4,4,4,4,5,4,0,4,1,5,0
20260311,prepaid,ROP,0,5,5,5,5,5,2,4,2,4,4,3,1,4,0,2,0
20260207,prepaid,MWP,0,5,7,7,4,5,3,3,4,4,4,3,0,4,2,6,2
20260319,prepaid,NMB,0,1,2,2,5,5,2,2,2,4,2,2,2,4,1,1,1
20260308,prepaid,KTH,0,1,2,2,1,1,4,4,4,4,3,3,0,4,0,4,0
20260309,prepaid,GKS,1,4,12,12,6,7,1,2,2,4,2,1,0,4,0,3,0
20260312,prepaid,NMB,0,2,3,13,4,4,2,3,2,4,3,3,1,4,0,2,0
20260313,prepaid,POP,0,2,10,10,4,4,4,4,4,4,3,3,0,4,2,2,2
20260106,prepaid,CIQ,1,90,204,204,87,90,2,5,2,5,,,3,5,1,1,0
20260226,prepaid,GKS,0,8,8,8,8,8,5,5,5,5,7,5,0,5,1,6,0
20260127,prepaid,AIL,1,4,17,17,11,12,4,4,5,5,3,2,0,5,,,
20260223,prepaid,PFP,1,7,7,7,6,7,4,4,4,5,3,3,1,5,0,1,0
20260110,prepaid,NIR,0,1,2,2,1,1,4,5,4,5,4,4,1,5,0,4,0
20260312,prepaid,KTH,0,2,2,2,4,4,5,5,5,5,5,5,0,5,0,4,0
20260125,prepaid,MWP,0,2,4,4,5,5,5,5,5,5,5,5,0,5,0,4,0
20260127,prepaid,NMB,0,3,8,11,6,6,2,2,4,5,6,1,1,5,0,6,0
20260317,prepaid,ILM,0,1,2,2,3,3,5,5,5,5,5,4,0,5,0,5,0
20260213,prepaid,MNM,0,2,3,3,3,3,4,4,5,5,4,3,0,5,0,3,0
20260307,prepaid,NMB,0,1,1,16,2,2,2,4,3,5,2,2,2,5,0,2,0
20260124,prepaid,KAL,0,0,98,98,1,1,2,3,2,5,1,1,0,5,,,
20260211,prepaid,NMB,1,0,2,4,2,3,3,4,3,5,2,2,1,5,0,1,0
20260330,prepaid,POP,0,12,13,13,13,14,5,5,5,5,4,3,0,5,0,4,0
20260213,prepaid,SDB,0,0,3,3,3,3,4,4,5,5,4,4,0,5,0,4,0
20260110,prepaid,PFP,0,10,12,12,13,13,5,5,5,5,7,5,0,5,0,2,0
20260318,prepaid,ILM,0,2,3,3,3,3,4,4,5,5,3,3,0,5,1,4,0
20260331,prepaid,PLN,0,3,57,61,8,9,0,5,0,5,110,0,0,5,38,43,32
20260124,prepaid,NMB,0,8,17,18,12,12,4,4,5,5,5,4,0,5,3,8,2
20260119,prepaid,MWP,0,5,5,5,7,7,5,5,5,5,6,5,0,5,0,3,0
20260321,prepaid,VEH,0,19,22,23,22,22,3,3,3,5,4,2,1,5,3,5,2
20260106,prepaid,HKH,1,59,122,126,58,59,3,5,3,5,,,1,5,6,9,1
20260401,prepaid,AIL,0,2,7,7,6,11,4,4,5,5,5,4,0,5,2,5,1
20260331,prepaid,AIL,0,1,10,11,5,6,4,5,4,5,2,2,0,5,0,5,0
20260218,prepaid,MNM,0,3,3,3,4,4,5,5,5,5,4,3,0,5,0,1,0
20260126,prepaid,ILM,0,0,2,2,1,1,4,5,4,5,4,3,0,5,2,5,0
20260307,prepaid,NMS,0,6,11,12,9,11,4,5,4,5,5,5,0,5,0,4,0
20260211,prepaid,ILM,1,4,5,6,7,8,4,4,4,5,4,4,0,5,0,6,0
20260211,prepaid,MWP,0,2,10,11,10,11,4,4,4,5,2,2,0,5,1,5,0
20260319,prepaid,CIQ,0,3,3,3,3,3,1,1,4,5,,,1,5,0,1,0
20260220,prepaid,MWP,0,2,2,2,2,2,3,3,4,5,2,2,1,5,0,2,0
20260321,prepaid,KTH,0,3,4,4,3,3,5,5,5,5,5,4,0,5,1,6,1
20260304,prepaid,POP,0,2,7,7,2,2,3,3,3,5,2,2,1,5,3,7,1
20260326,prepaid,NMB,0,2,2,5,4,5,2,2,4,5,2,2,1,5,0,1,0
20260202,prepaid,NMB,0,3,3,7,6,7,5,5,5,5,3,2,0,5,0,2,0
20260204,prepaid,NIR,0,1,1,1,1,1,1,2,1,5,1,1,1,5,,,
20260217,prepaid,FLN,1,,,,17,18,4,4,5,5,3,3,0,5,0,6,0
20260218,prepaid,POP,0,3,3,3,4,4,4,5,4,5,5,4,0,5,0,5,0
20260226,prepaid,ILM,0,6,19,20,6,6,5,5,5,5,5,5,0,5,0,5,0
20260323,prepaid,ILM,0,1,9,10,1,1,5,5,5,5,5,4,0,5,1,4,0
20260306,prepaid,MNM,0,1,1,1,3,3,3,4,4,5,4,2,0,5,0,5,0
20260204,prepaid,ILM,0,,,,3,3,4,5,4,5,3,2,1,5,0,6,0
20260121,prepaid,NIR,1,3,3,3,3,4,2,2,2,5,6,3,2,5,1,3,0
20260318,prepaid,VEH,0,4,6,6,3,4,2,5,2,5,1,0,1,5,0,3,0
20260131,prepaid,POP,0,6,6,6,9,9,4,5,4,5,5,4,0,5,1,5,1
20260303,prepaid,POP,0,5,5,5,5,5,2,3,2,5,5,3,0,5,0,3,0
20260321,prepaid,FLS,0,14,14,14,13,14,5,5,5,5,3,3,0,5,0,4,0
20260219,prepaid,POP,0,1,1,1,1,1,3,4,3,5,4,3,1,5,0,2,0
20260305,prepaid,POP,0,5,5,5,8,9,3,3,5,5,4,2,0,5,0,1,0
20260123,prepaid,AIL,0,3,5,5,3,3,5,5,5,5,3,3,0,5,2,6,1
20260330,prepaid,AIL,0,7,10,10,11,12,5,5,5,5,6,4,0,5,0,7,0
20260125,prepaid,NMB,0,0,1,1,6,6,4,5,4,5,5,4,1,5,0,4,0
20260316,prepaid,ILM,0,1,3,4,8,8,5,5,5,5,6,5,0,5,0,3,0
20260217,prepaid,PFP,0,10,11,11,16,16,4,4,4,5,4,4,0,5,0,5,0
20260324,prepaid,NMB,0,0,2,4,0,1,4,5,4,5,2,2,1,5,3,5,2
20260225,prepaid,AGI,0,1,3,4,2,2,4,5,4,5,3,3,1,5,0,4,0
20260330,prepaid,NMB,0,3,4,6,2,3,4,4,5,5,4,2,0,5,1,4,0
20260114,prepaid,NMB,0,2,5,8,7,7,4,5,4,5,6,5,0,5,2,8,1
20260317,prepaid,KTH,0,6,6,6,9,9,5,5,5,5,5,5,0,5,1,3,0
20260328,prepaid,AIL,0,0,2,2,2,2,5,5,5,5,5,4,0,5,1,4,0
20260301,prepaid,POP,0,,,,1,1,3,5,3,5,4,4,0,5,0,5,0
20260211,prepaid,AIL,0,1,4,4,4,4,2,2,5,5,2,2,0,5,1,2,0
20260220,prepaid,POP,0,5,8,8,5,5,2,4,3,5,3,3,1,5,0,4,0
20260404,prepaid,ROM,0,0,0,1,0,1,3,4,3,5,2,2,0,5,0,1,0
20260331,prepaid,CIQ,0,14,14,18,13,15,3,5,3,5,3,3,2,5,0,2,0
20260220,prepaid,GKS,0,5,6,6,13,13,4,5,4,5,3,3,1,5,0,5,0
20260313,prepaid,CDM,0,0,3,3,4,4,1,2,4,5,1,1,0,5,0,2,0
20260225,prepaid,MNM,0,1,1,1,5,5,5,5,5,5,6,4,0,5,0,2,0
20260131,prepaid,ILM,0,4,5,5,7,7,5,5,5,5,5,4,0,5,1,5,1
20260313,prepaid,ILM,0,2,7,7,9,9,5,5,5,5,5,4,0,5,1,6,0
20260330,prepaid,ILM,0,4,10,10,6,7,5,5,5,5,4,4,0,5,0,6,0
20260214,prepaid,MWP,1,0,1,1,3,4,4,5,4,5,6,4,1,5,0,4,0
20260326,prepaid,KTH,0,31,42,42,30,31,5,5,5,5,3,3,0,5,0,5,0
20260227,prepaid,PFP,0,2,2,2,2,2,5,5,5,5,6,4,0,5,1,7,0
20260316,prepaid,NMB,1,2,3,14,6,7,2,3,3,5,3,3,2,5,0,2,0
20260320,prepaid,ILM,0,0,1,1,3,3,5,5,5,5,6,5,0,5,0,4,0
20260218,prepaid,CIQ,0,5,13,13,5,5,3,5,3,5,8,5,1,5,3,8,3
20260215,prepaid,MWP,1,1,1,1,1,2,4,4,4,5,6,2,1,5,0,4,0
20260322,prepaid,NMB,0,0,0,1,1,1,4,5,4,5,5,4,1,5,1,6,0
20260223,prepaid,MWP,0,1,1,1,1,1,5,5,5,5,3,2,0,5,0,6,0
20260218,prepaid,ILM,0,1,9,9,2,2,3,4,4,5,5,3,1,5,2,9,0
20260213,prepaid,ILM,0,3,12,12,6,6,3,4,4,6,5,4,0,6,0,7,0
20260204,prepaid,NMB,0,5,6,7,7,7,5,6,5,6,2,2,1,6,2,9,0
20260307,prepaid,GLA,0,12,13,13,8,12,4,5,5,6,3,1,1,6,1,3,1
20260227,prepaid,AGI,0,1,1,2,3,3,6,6,6,6,5,5,0,6,0,3,0
20260203,prepaid,ILM,0,3,4,4,7,7,6,6,6,6,9,6,0,6,1,7,1
20260301,prepaid,RDD,0,1,4,5,1,1,5,6,5,6,8,5,0,6,1,15,1
20260403,prepaid,MWP,0,1,4,4,0,2,6,6,6,6,6,5,0,6,0,3,0
20260318,prepaid,MYR,0,0,3,3,2,2,5,5,6,6,7,5,0,6,0,1,0
20260323,prepaid,CIQ,0,2,3,3,12,12,3,5,4,6,1,1,0,6,0,2,0
20260131,prepaid,NMB,0,3,5,5,9,9,6,6,6,6,6,4,0,6,2,8,2
20260224,prepaid,PFP,0,1,4,4,1,1,4,5,4,6,5,5,0,6,0,5,0
20260311,prepaid,POP,0,2,3,3,3,3,5,5,6,6,5,4,0,6,1,4,1
20260123,prepaid,NMB,0,1,7,9,4,5,3,4,4,6,3,3,1,6,0,4,0
20260316,prepaid,KTH,1,9,12,12,5,9,5,5,6,6,4,4,0,6,2,6,0
20260210,prepaid,MWP,0,3,12,12,4,5,5,5,6,6,5,3,0,6,1,3,0
20260112,prepaid,POP,0,5,6,6,6,7,5,6,5,6,4,4,0,6,1,10,0
20260203,prepaid,AIL,1,14,25,26,13,15,5,6,5,6,6,3,0,6,0,7,0
20260316,prepaid,MNM,0,3,4,4,3,3,4,5,4,6,3,2,1,6,1,3,0
20260312,prepaid,GKS,0,21,22,22,22,24,5,6,5,6,7,5,0,6,3,6,0
20260205,prepaid,NMB,0,0,0,1,2,2,3,5,4,6,4,2,2,6,1,3,0
20260318,prepaid,NMB,0,5,7,18,5,5,4,4,5,6,1,1,1,6,0,2,0
20260129,prepaid,NMB,1,2,6,8,4,5,4,4,5,6,6,3,1,6,1,3,0
20260304,prepaid,AIL,0,2,7,7,3,3,5,6,5,6,5,4,1,6,2,8,1
20260111,prepaid,PFP,0,5,7,7,7,7,6,6,6,6,8,5,0,6,0,6,0
20260222,prepaid,ABE,0,3,15,15,7,7,5,6,5,6,6,5,1,6,0,2,0
20260227,prepaid,ILM,0,0,13,13,9,9,6,6,6,6,7,6,0,6,1,7,1
20260303,prepaid,NMS,0,1,1,35,5,5,4,4,6,6,6,4,0,6,0,5,0
20260226,prepaid,POP,0,3,3,3,3,3,6,6,6,6,6,5,0,6,0,7,0
20260106,prepaid,SHC,0,12,73,75,10,12,0,6,0,6,,,5,6,5,5,1
20260207,prepaid,POP,0,5,6,6,9,9,5,5,6,6,4,4,0,6,0,5,0
20260228,prepaid,AIL,1,10,18,19,12,13,5,5,6,6,6,5,0,6,0,2,0
20260119,prepaid,NMB,0,2,4,9,6,6,5,6,5,6,6,4,0,6,1,5,1
20260403,prepaid,POP,0,9,12,12,1,10,4,5,5,6,4,4,1,6,1,7,1
20260126,prepaid,NMB,0,0,1,2,1,1,4,6,4,6,8,6,2,6,1,4,0
20260309,prepaid,MNM,0,1,1,1,3,3,5,5,6,6,3,2,0,6,2,4,2
20260205,prepaid,HSW,0,0,12,12,18,18,5,6,5,6,8,5,1,6,1,4,1
20260310,prepaid,PFP,0,29,29,29,24,29,4,4,6,6,5,3,0,6,1,7,1
20260403,prepaid,ILM,0,1,1,1,0,1,5,5,6,6,6,5,0,6,2,6,1
20260216,prepaid,ILM,0,0,2,2,2,2,3,4,4,6,2,2,1,6,2,7,0
20260404,prepaid,BFK,0,3,3,3,0,3,3,3,4,6,2,2,0,6,,,
20260210,prepaid,FMB,0,3,28,28,3,3,3,4,5,6,3,3,1,6,0,3,0
20260219,prepaid,CIQ,0,,,,7,8,5,5,6,6,5,4,0,6,0,3,0
20260309,prepaid,NMB,0,2,6,14,3,3,3,4,4,6,5,3,2,6,0,2,0
20260204,prepaid,HSW,0,0,17,17,6,6,3,4,5,6,4,3,0,6,0,6,0
20260201,prepaid,CIQ,0,3,5,5,3,4,3,3,4,6,7,3,0,6,1,4,1
20260223,prepaid,POP,0,4,5,5,10,10,5,5,5,6,7,5,0,6,2,6,2
20260211,prepaid,TTN,0,2,3,3,5,5,6,6,6,6,9,6,0,6,2,10,1
20260314,prepaid,ILM,0,3,7,7,4,4,5,5,5,6,5,5,1,6,0,5,0
20260306,prepaid,NMP,0,3,17,17,73,73,6,6,6,6,8,6,0,6,0,4,0
20260325,prepaid,MNM,0,,,,1,1,6,6,6,6,3,3,0,6,0,2,0
20260301,prepaid,MNM,0,3,5,5,3,3,6,6,6,6,2,2,0,6,0,4,0
20260124,prepaid,SDB,0,0,2,2,2,2,6,6,6,6,6,6,0,6,0,5,0
20260302,prepaid,POP,0,4,4,4,4,4,3,4,4,6,5,4,1,6,2,4,1
20260324,prepaid,MYR,0,,,,1,1,5,5,5,6,4,3,0,6,0,8,0
20260301,prepaid,KTH,0,1,1,1,1,1,5,5,6,6,4,4,0,6,0,6,0
20260215,prepaid,SDB,0,0,1,1,1,1,5,5,6,6,5,5,0,6,0,8,0
20260403,prepaid,AIL,0,0,2,3,0,3,4,6,4,6,9,6,2,6,1,7,1
20260208,prepaid,POP,0,2,7,7,3,3,4,6,4,6,10,6,2,6,2,11,1
20260320,prepaid,VEH,1,12,17,19,15,16,3,5,3,6,6,4,2,6,2,8,2
20260214,prepaid,AIL,0,2,3,7,4,4,4,6,4,6,3,3,2,6,2,6,1
20260219,prepaid,ILM,0,3,7,7,12,12,4,5,4,6,2,2,2,6,0,1,0
20260328,prepaid,CIQ,0,1,1,1,2,2,4,5,5,6,6,4,0,6,0,4,0
20260314,prepaid,POP,0,4,6,6,11,11,5,6,5,6,8,6,0,6,1,10,1
20260113,prepaid,HSW,0,0,23,23,16,16,6,6,6,6,6,5,0,6,0,5,0
20260113,prepaid,NMB,1,0,6,8,2,3,5,5,6,6,7,5,0,6,0,6,0
20260218,prepaid,AIL,0,4,9,10,24,24,5,5,6,6,6,3,0,6,0,4,0
20260117,prepaid,NMB,0,3,5,8,7,7,5,6,5,6,9,5,1,6,0,4,0
20260222,prepaid,NMB,0,2,3,3,3,3,4,6,5,7,9,6,1,7,2,7,0
20260207,prepaid,AIL,0,2,3,3,3,3,5,7,5,7,12,7,2,7,6,14,4
20260314,prepaid,KAL,0,0,21,21,25,25,6,6,6,7,5,4,0,7,0,4,0
20260112,prepaid,HSW,0,0,16,16,5,5,7,7,7,7,8,7,0,7,1,7,0
20260108,prepaid,MWP,0,4,5,5,4,4,6,7,6,7,7,6,1,7,0,5,0
20260225,prepaid,ILM,0,6,6,6,9,9,6,7,6,7,4,3,0,7,1,6,1
20260223,prepaid,GKS,0,8,10,11,9,9,5,6,6,7,6,4,1,7,1,5,1
20260330,prepaid,TTN,0,1,1,1,1,1,1,3,1,7,2,0,1,7,0,4,0
20260325,prepaid,NMB,0,1,3,5,2,2,2,5,4,7,5,5,3,7,1,5,1
20260206,prepaid,NMB,0,6,6,7,6,6,5,5,7,7,5,4,0,7,0,3,0
20260403,prepaid,VEH,0,4,5,5,3,6,4,4,4,7,5,3,2,7,1,4,0
20260110,prepaid,NMB,1,5,7,7,6,8,6,6,6,7,7,5,1,7,0,5,0
20260303,prepaid,ILM,0,3,7,7,15,15,7,7,7,7,9,7,0,7,7,16,7
20260217,prepaid,HKH,0,9,13,14,11,11,5,5,6,7,7,4,1,7,1,5,0
20260303,prepaid,GLA,0,3,3,3,4,4,5,5,5,7,10,5,1,7,5,11,4
20260317,prepaid,MNM,1,5,6,6,5,6,6,6,7,7,8,5,0,7,0,6,0
20260110,prepaid,HSW,0,0,3,3,2,2,5,5,6,7,3,3,0,7,1,4,0
20260125,prepaid,KAL,0,262,668,668,348,361,2,3,2,7,2,2,2,7,0,2,0
20260324,prepaid,KTH,0,5,7,7,6,6,7,7,7,7,9,7,0,7,0,4,0
20260317,prepaid,CDM,0,21,148,226,29,29,6,7,6,7,5,2,0,7,0,3,0
20260305,prepaid,GKS,0,1,1,1,1,1,7,7,7,7,7,6,0,7,0,11,0
20260404,prepaid,FLS,0,1,1,1,0,1,7,7,7,7,4,4,0,7,1,12,1
20260204,prepaid,TTN,0,5,6,6,5,5,6,7,6,7,7,6,0,7,2,11,1
20260313,prepaid,RDD,0,3,7,7,7,8,7,7,7,7,8,6,0,7,1,6,1
20260211,prepaid,FMB,3,8,23,23,27,33,5,6,6,7,6,6,0,7,1,7,0
20260319,prepaid,VEH,0,2,4,5,3,3,4,6,4,7,7,4,1,7,1,5,1
20260331,prepaid,POP,0,8,9,10,5,9,6,6,6,7,6,5,1,7,0,5,0
20260404,prepaid,VEH,0,15,16,17,1,16,4,5,5,7,7,2,1,7,3,10,1
20260217,prepaid,FMB,0,0,5,5,1,1,2,3,4,7,2,1,2,7,0,4,0
20260311,prepaid,RDD,2,75,82,82,90,94,7,7,7,7,8,7,0,7,1,11,1
20260228,prepaid,NMS,0,4,5,6,5,5,4,5,6,7,6,5,0,7,0,4,0
20260126,prepaid,POP,0,1,4,5,3,3,4,6,4,7,5,4,2,7,0,11,0
20260125,prepaid,HSW,0,0,5,5,5,6,7,7,7,7,6,5,0,7,10,12,1
20260111,prepaid,POP,0,2,4,4,7,7,7,7,7,7,8,5,0,7,0,6,0
20260116,prepaid,POP,0,3,10,10,4,4,4,5,6,7,6,5,0,7,1,7,1
20260305,prepaid,GLA,0,10,10,12,11,11,4,5,5,7,5,3,1,7,0,3,0
20260318,prepaid,MNM,0,1,1,1,2,2,6,7,6,7,6,4,1,7,1,5,0
20260113,prepaid,RPS,0,16,38,41,22,22,7,7,7,7,11,6,0,7,4,18,1
20260317,prepaid,PLN,54,53,227,229,36,90,7,7,7,7,170,7,0,7,1,8,0
20260310,prepaid,ILM,0,2,9,9,2,3,7,7,7,7,6,5,0,7,0,6,0
20260207,prepaid,ILM,0,5,14,14,9,9,6,7,6,7,6,6,0,7,0,7,0
20260209,prepaid,NMB,0,2,2,3,3,3,5,5,5,7,3,2,1,7,2,4,1
20260224,prepaid,GKS,1,3,5,5,5,6,6,6,7,7,6,5,0,7,1,8,1
20260221,prepaid,POP,0,4,4,4,7,7,6,6,7,7,5,5,0,7,0,5,0
20260225,prepaid,GKS,0,4,4,4,6,6,7,7,7,7,5,5,0,7,0,2,0
20260209,prepaid,AIL,0,2,3,4,5,5,4,7,4,7,7,6,1,7,0,7,0
20260205,prepaid,AIL,0,0,4,4,2,2,4,4,7,7,3,2,0,7,0,5,0
20260318,prepaid,NMS,0,6,19,19,53,56,4,5,5,7,8,5,0,7,0,7,0
20260309,prepaid,PFP,2,2,2,2,23,27,5,7,5,7,4,4,1,7,1,5,1
20260305,prepaid,AIL,1,3,9,9,9,11,6,6,7,7,7,5,0,7,1,9,0
20260209,prepaid,NMP,0,8,10,10,33,33,7,7,7,7,7,6,0,7,0,7,0
20260321,prepaid,NMP,0,20,24,25,21,21,4,4,6,7,10,4,1,7,3,6,2
20260128,prepaid,AIL,1,13,16,17,24,25,7,7,7,7,6,6,0,7,1,2,1
20260227,prepaid,POP,0,1,2,2,1,1,6,7,6,7,5,5,1,7,0,4,0
20260111,prepaid,HSW,0,0,4,4,6,7,6,6,6,7,7,6,0,7,3,7,0
20260328,prepaid,VEB,0,1,1,1,0,1,6,7,6,7,5,5,0,7,0,4,0
20260224,prepaid,AIL,0,1,9,9,3,3,6,6,7,7,6,6,0,7,0,3,0
20260210,prepaid,PFP,0,3,9,9,3,3,6,6,7,7,5,4,0,7,0,6,0
20260310,prepaid,AIL,1,8,14,15,15,16,6,7,6,7,8,5,0,7,1,7,0
20260220,prepaid,AIL,0,9,11,11,21,21,6,7,6,7,6,4,0,7,2,6,0
20260303,prepaid,AIL,0,1,7,9,2,3,7,7,7,8,9,4,1,8,1,7,0
20260228,prepaid,KAL,0,1,2,2,5,5,7,8,7,8,6,6,0,8,2,7,1
20260209,prepaid,ILM,0,1,3,3,11,11,7,7,7,8,9,7,0,8,0,7,0
20260213,prepaid,MWP,0,4,8,8,6,6,7,8,7,8,9,8,0,8,0,7,0
20260225,prepaid,NMB,1,1,7,10,7,9,6,7,7,8,7,6,1,8,0,4,0
20260122,prepaid,NMB,1,5,10,16,7,9,6,6,6,8,6,6,1,8,0,2,0
20260213,prepaid,CIQ,0,0,11,11,2,3,6,8,6,8,9,7,1,8,2,10,1
20260205,prepaid,TTN,0,2,2,2,3,3,8,8,8,8,11,8,0,8,0,6,0
20260306,prepaid,GLA,0,4,4,4,4,4,6,7,6,8,6,5,0,8,0,6,0
20260106,prepaid,GSD,0,8,19,19,8,8,0,8,0,8,,,0,8,5,5,2
20260227,prepaid,AIL,0,1,3,5,8,8,6,7,7,8,6,6,1,8,1,5,0
20260315,prepaid,POP,0,0,7,7,2,2,4,7,5,8,7,6,2,8,0,6,0
20260127,prepaid,POP,0,1,2,2,4,4,6,6,8,8,6,5,0,8,1,3,0
20260122,prepaid,POP,0,5,6,6,9,9,7,7,8,8,11,7,0,8,3,11,2
20260329,prepaid,POP,0,7,9,9,5,7,5,6,6,8,6,4,2,8,1,7,0
20260215,prepaid,PFP,0,0,4,4,2,2,7,8,7,8,8,8,0,8,0,7,0
20260215,prepaid,ILM,0,0,1,1,2,2,6,6,7,8,5,3,0,8,2,6,2
20260223,prepaid,NMB,0,1,3,12,2,2,6,6,6,8,3,3,2,8,0,2,0
20260217,prepaid,AIL,0,1,9,10,2,2,6,6,6,8,7,5,1,8,1,3,1
20260109,prepaid,POP,0,7,13,13,9,9,3,5,5,8,5,5,0,8,0,11,0
20260307,prepaid,POP,0,,,,2,2,5,8,5,8,6,5,1,8,2,10,1
20260124,prepaid,NMS,0,43,47,55,45,47,7,7,8,8,6,6,0,8,0,7,0
20260124,prepaid,AIL,0,5,11,11,8,8,7,7,8,8,9,7,0,8,4,11,2
20260203,prepaid,NMB,0,3,5,10,5,5,8,8,8,8,12,7,0,8,1,7,0
20260307,prepaid,CDM,0,0,3,4,5,5,6,6,7,8,3,3,1,8,,,
20260210,prepaid,AIL,0,2,5,5,2,2,4,5,6,8,5,5,0,8,0,3,0
20260206,prepaid,ILM,0,3,7,7,13,14,7,7,8,8,7,6,0,8,0,8,0
20260329,prepaid,KAL,0,4,4,4,4,4,6,7,7,8,5,5,0,8,0,5,0
20260303,prepaid,KAL,0,1,11,11,1,2,5,7,5,8,8,6,0,8,1,8,0
20260107,prepaid,NMB,1,2,5,6,4,5,8,8,8,8,9,8,0,8,1,7,0
20260214,prepaid,SDB,0,0,2,2,3,3,7,8,7,8,8,8,0,8,0,5,0
20260106,prepaid,RDD,0,27,178,178,27,27,1,8,1,8,,,4,8,0,1,0
20260129,prepaid,NMP,0,5,8,9,12,13,6,6,8,8,7,6,0,8,1,6,0
20260308,prepaid,VEH,1,5,7,7,3,6,2,2,3,8,3,2,1,8,0,5,0
20260305,prepaid,NMS,0,9,10,10,9,9,8,8,8,8,5,4,0,8,1,4,0
20260215,prepaid,CIQ,0,1,1,1,1,1,4,6,5,8,9,6,2,8,2,4,2
20260226,prepaid,KAL,0,5,9,9,14,14,8,8,8,8,8,7,0,8,0,5,0
20260309,prepaid,ILM,0,0,2,2,5,5,7,7,8,8,7,6,0,8,1,8,0
20260325,prepaid,AIL,0,3,6,6,6,6,5,5,8,8,3,3,0,8,0,3,0
20260217,prepaid,NMS,2,231,444,444,225,234,5,5,6,8,6,5,2,8,0,3,0
20260309,prepaid,KAL,0,6,8,8,7,7,4,5,5,8,5,4,1,8,1,6,0
20260107,prepaid,HSW,0,0,7,7,6,6,6,8,6,8,9,8,0,8,4,9,0
20260126,prepaid,KAL,2,368,659,659,745,761,2,3,2,8,7,2,2,8,1,3,1
20260304,prepaid,VEH,0,,,,1,2,3,5,4,8,10,3,2,8,8,14,2
20260121,prepaid,AIL,0,3,4,5,10,10,6,7,6,8,6,5,1,8,0,6,0
20260205,prepaid,POP,0,9,13,13,11,11,7,8,7,9,9,7,0,9,0,5,0
20260106,prepaid,CMD,0,58,60,61,57,58,0,9,0,9,,,3,9,,,
20260111,prepaid,NMS,0,3,7,21,3,3,7,7,8,9,9,5,1,9,3,7,3
20260119,prepaid,POP,0,10,13,13,10,12,8,8,8,9,5,5,0,9,0,8,0
20260121,prepaid,NMB,0,3,6,7,4,4,7,8,7,9,5,5,1,9,2,11,1
20260304,prepaid,RDD,1,1,2,2,15,16,9,9,9,9,7,6,0,9,2,13,2
20260311,prepaid,FLN,0,,,,1,1,8,9,8,9,10,9,0,9,1,7,1
20260108,prepaid,NMB,0,4,7,11,4,6,9,9,9,9,8,8,0,9,0,3,0
20260404,prepaid,AIL,0,1,1,5,0,5,8,8,8,9,6,6,0,9,1,6,0
20260130,prepaid,AIL,0,1,9,10,3,3,9,9,9,9,6,5,0,9,3,9,1
20260205,prepaid,ILM,0,0,14,15,1,1,9,9,9,9,6,6,0,9,0,5,0
20260126,prepaid,NMP,0,10,12,12,19,19,8,9,8,9,11,8,0,9,2,10,0
20260106,prepaid,WML,0,45,113,127,43,45,0,9,0,9,,,6,9,8,8,3
20260302,prepaid,KAL,0,5,12,12,11,12,6,7,8,9,6,5,0,9,0,5,0
20260214,prepaid,ILM,0,4,8,9,12,12,7,8,7,9,10,6,1,9,0,11,0
20260314,prepaid,RDD,1,47,50,50,49,51,8,9,8,9,11,7,1,9,0,5,0
20260329,prepaid,BFK,0,1,1,1,1,1,5,6,6,9,2,2,1,9,0,13,0
20260228,prepaid,RDD,0,62,62,62,61,62,8,8,9,9,9,6,0,9,0,14,0
20260315,prepaid,RDD,0,2,2,2,2,2,7,8,7,9,8,4,1,9,2,7,1
20260311,prepaid,CIQ,0,0,29,29,14,16,5,8,6,9,10,6,2,9,3,15,2
20260327,prepaid,KAL,0,1,1,1,6,6,7,8,8,9,12,8,0,9,2,10,1
20260327,prepaid,KTH,0,83,113,113,90,94,6,9,6,9,10,9,0,9,0,7,0
20260203,prepaid,POP,0,3,10,10,4,4,7,7,8,9,5,5,0,9,0,7,0
20260201,prepaid,FMB,0,2,13,13,3,3,6,8,6,9,11,7,1,9,2,17,2
20260115,prepaid,HSW,0,0,6,6,14,14,8,8,9,9,8,6,0,9,1,8,1
20260302,prepaid,RDD,0,1,5,7,4,4,8,8,9,9,7,7,0,9,0,3,0
20260203,prepaid,TTN,0,8,8,8,9,9,9,9,9,9,9,8,0,9,0,7,0
20260308,prepaid,CIQ,2,17,17,17,12,17,6,7,8,9,6,4,0,9,2,9,1
20260312,prepaid,KAL,0,9,19,19,9,9,8,9,8,9,9,9,0,9,1,9,0
20260212,prepaid,FMB,0,12,12,12,26,27,7,8,7,9,11,7,0,9,2,6,0
20260301,prepaid,GKS,0,19,19,19,19,19,7,8,8,9,8,7,1,9,0,11,0
20260214,prepaid,TTN,0,49,50,50,74,77,9,9,9,9,11,8,0,9,2,7,0
20260220,prepaid,MJH,0,20,20,20,20,20,9,9,9,9,15,9,0,9,1,5,1
20260202,prepaid,AIL,0,7,7,8,10,10,7,7,9,9,9,5,0,9,2,6,1
20260112,prepaid,GSD,0,21,23,23,39,41,5,6,7,9,8,5,0,9,0,4,0
20260115,prepaid,AIL,0,1,8,8,4,5,7,7,7,9,10,5,1,9,3,9,1
20260202,prepaid,ILM,0,5,10,10,10,10,9,9,9,9,10,8,0,9,1,9,1
20260310,prepaid,ROM,2,1,13,14,3,5,9,9,9,9,9,8,0,9,3,18,0
20260112,prepaid,NMB,0,5,8,9,6,7,8,9,8,9,9,9,1,9,0,6,0
20260115,prepaid,POP,0,6,9,9,8,8,6,8,6,9,9,7,2,9,0,6,0
20260211,prepaid,NMS,0,12,12,12,14,14,5,6,8,9,4,2,0,9,1,8,1
20260201,prepaid,AIL,0,,,,1,1,8,8,9,10,10,6,1,10,7,12,5
20260109,prepaid,HSW,0,0,7,7,7,7,7,8,8,10,9,8,0,10,0,7,0
20260119,prepaid,ILM,0,26,33,33,30,30,6,7,7,10,9,6,2,10,2,10,0
20260309,prepaid,CIQ,2,20,20,20,18,20,6,9,7,10,16,8,1,10,3,13,2
20260310,prepaid,GLA,0,2,4,4,3,4,6,7,8,10,7,5,2,10,1,8,1
20260127,prepaid,ILM,0,0,1,1,3,3,8,9,9,10,10,8,1,10,0,6,0
20260328,prepaid,ILM,0,1,5,5,4,4,8,10,8,10,12,10,2,10,2,9,1
20260307,prepaid,ROM,0,3,13,13,11,11,9,9,10,10,6,5,0,10,1,14,1
20260401,prepaid,POP,0,5,13,14,4,6,7,8,8,10,11,7,1,10,0,7,0
20260330,prepaid,PFP,0,4,16,16,9,9,5,7,6,10,4,3,3,10,0,9,0
20260211,prepaid,HSW,0,,,,1,1,10,10,10,10,10,9,0,10,1,5,0
20260125,prepaid,NMS,0,12,13,13,15,15,9,10,9,10,12,10,0,10,1,9,0
20260127,prepaid,GSD,0,32,44,44,31,32,3,3,6,10,1,1,0,10,0,3,0
20260209,prepaid,PFP,0,3,3,3,3,3,4,5,7,10,6,4,2,10,0,5,0
20260311,prepaid,GLA,1,44,44,45,42,45,6,7,6,10,10,5,3,10,3,11,2
20260204,prepaid,POP,0,4,6,6,11,11,9,9,9,10,10,9,0,10,0,10,0
20260124,prepaid,POP,0,4,6,6,8,8,7,8,8,10,8,7,2,10,0,11,0
20260302,prepaid,NMB,0,1,2,5,2,2,8,10,8,10,10,9,2,10,2,10,0
20260107,prepaid,POP,0,4,6,6,8,8,9,10,9,10,10,10,0,10,0,4,0
20260210,prepaid,ILM,0,1,4,4,6,6,8,9,8,10,7,6,0,10,1,6,1
20260316,prepaid,CDM,1,0,9,46,12,13,8,10,8,10,12,7,1,10,2,9,1
20260119,prepaid,NMS,0,15,22,22,19,19,10,10,10,10,9,8,0,10,0,10,0
20260208,prepaid,AIL,0,0,1,1,1,1,9,9,10,10,6,5,0,10,5,8,3
20260221,prepaid,PFP,0,1,1,1,3,3,7,9,8,10,6,6,1,10,0,16,0
20260324,prepaid,AIL,0,1,4,4,7,7,4,6,8,10,6,3,1,10,2,7,1
20260319,prepaid,CQN,0,9,17,17,10,10,8,8,10,10,12,7,0,10,6,14,1
20260223,prepaid,ILM,0,2,9,10,8,8,9,9,10,10,9,9,0,10,1,12,1
20260312,prepaid,VEH,0,7,9,9,8,8,6,7,7,10,11,6,0,10,3,7,3
20260321,prepaid,GLA,5,341,355,357,371,402,5,6,7,10,11,6,1,10,2,3,2
20260302,prepaid,GKS,0,16,16,16,17,18,9,9,10,10,8,8,0,10,0,9,0
20260217,prepaid,KAL,1,11,28,28,36,37,5,7,6,10,8,6,3,10,1,5,1
20260302,prepaid,AIL,0,6,14,14,11,12,9,10,9,10,11,8,1,10,3,11,1
20260401,prepaid,PFP,0,6,6,6,3,6,5,8,7,10,6,6,3,10,0,3,0
20260131,prepaid,HSW,0,0,9,9,4,4,10,10,10,10,7,6,0,10,3,10,0
20260226,prepaid,NMB,0,9,10,11,12,13,8,9,9,10,8,8,0,10,0,9,0
20260204,prepaid,CIQ,0,6,33,33,14,14,3,5,5,10,8,5,1,10,1,7,1
20260212,prepaid,ILM,0,2,6,6,2,2,8,9,8,10,10,9,0,10,0,3,0
20260219,prepaid,HKH,1,9,23,23,41,42,7,7,9,10,6,5,1,10,0,8,0
20260113,prepaid,POP,0,2,3,3,2,3,9,9,9,10,9,9,1,10,1,7,1
20260220,prepaid,NYK,1,292,354,354,388,395,8,10,8,10,8,8,1,10,,,
20260202,prepaid,POP,0,10,11,11,19,20,7,10,7,10,11,9,2,10,0,10,0
20260220,prepaid,PFP,0,1,3,3,4,4,9,10,9,10,14,10,1,10,1,5,1
20260213,prepaid,NMS,0,6,7,7,8,8,7,8,8,10,8,7,2,10,2,12,0
20260318,prepaid,AIL,2,7,7,7,17,20,7,8,8,10,7,6,1,10,6,13,1
20260216,prepaid,NMS,0,12,14,14,16,17,6,8,6,10,6,5,3,10,1,9,1
20260217,prepaid,CMA,0,21,21,21,20,22,9,10,9,10,9,8,0,10,0,2,0
20260227,prepaid,KAL,0,2,6,6,5,6,8,10,8,10,11,7,1,10,2,11,1
20260209,prepaid,MWP,0,5,6,6,6,6,6,10,7,11,6,4,0,11,0,4,0
20260331,prepaid,SHO,0,2,12,14,9,12,1,4,3,11,3,2,4,11,0,3,0
20260119,prepaid,PFP,0,18,29,29,27,29,10,11,10,11,10,8,1,11,2,16,2
20260214,prepaid,EMC,0,31,36,36,31,31,10,10,11,11,12,10,0,11,1,12,1
20260217,prepaid,CIQ,0,8,8,8,9,10,7,7,8,11,5,5,1,11,0,7,0
20260210,prepaid,CIQ,1,,,,9,11,5,5,9,11,6,4,2,11,1,5,1
20260228,prepaid,GKS,0,6,8,8,7,7,9,10,10,11,11,10,0,11,0,7,0
20260315,prepaid,MWP,0,2,2,2,3,3,10,10,11,11,11,5,0,11,1,19,0
20260309,prepaid,ROM,0,,,,7,7,9,9,11,11,8,8,0,11,0,1,0
20260331,prepaid,PFP,0,6,6,6,14,18,3,5,8,11,3,3,2,11,0,5,0
20260319,prepaid,POP,1,40,41,41,36,41,9,11,9,11,13,10,0,11,1,14,1
20260122,prepaid,NMS,0,6,10,14,10,10,9,10,10,11,10,9,1,11,0,10,0
20260313,prepaid,KAL,0,3,39,39,13,13,9,10,10,11,12,10,1,11,1,12,0
20260316,prepaid,VEH,0,6,7,7,5,8,8,8,9,11,6,5,0,11,1,10,0
20260309,prepaid,NMS,0,6,15,15,12,13,7,9,7,11,11,7,2,11,2,10,1
20260404,prepaid,SHO,0,4,4,13,0,5,8,10,8,11,10,9,0,11,4,13,3
20260227,prepaid,NMS,0,3,3,3,6,6,9,10,10,11,8,8,1,11,1,9,0
20260211,prepaid,MNM,0,0,1,1,1,1,10,11,10,11,11,11,1,11,0,10,0
20260225,prepaid,POP,0,7,7,7,6,7,11,11,11,11,11,9,0,11,1,9,1
20260310,prepaid,RDD,0,5,25,26,6,6,8,9,10,11,8,7,0,11,1,13,1
20260214,prepaid,KAL,0,5,5,5,9,10,9,10,9,11,6,6,0,11,0,2,0
20260311,prepaid,VEH,0,14,15,15,12,15,4,5,5,11,9,5,1,11,2,10,1
20260130,prepaid,MWP,0,1,1,1,2,3,10,10,11,11,7,6,0,11,0,5,0
20260318,prepaid,CIQ,0,,,,2,2,5,7,6,11,5,4,1,11,0,5,0
20260127,prepaid,NMP,0,7,20,20,9,9,9,10,10,11,6,6,0,11,0,7,0
20260313,prepaid,NMP,0,7,12,12,7,7,6,6,8,11,12,6,2,11,0,4,0
20260318,prepaid,PFP,1,30,30,31,27,30,5,7,6,11,6,3,4,11,0,7,0
20260302,prepaid,GLA,0,4,4,4,10,11,5,5,7,11,6,5,2,11,1,5,1
20260106,prepaid,SNI,0,109,169,170,105,109,1,11,1,11,,,6,11,13,14,4
20260206,prepaid,AIL,0,0,2,2,3,3,10,11,10,11,10,10,1,11,2,11,2
20260219,prepaid,NMP,0,18,18,18,34,34,11,11,11,11,14,10,0,11,0,9,0
20260121,prepaid,NMS,0,5,9,10,6,7,10,11,10,11,12,10,0,11,0,6,0
20260303,prepaid,RDD,1,0,15,17,3,4,11,11,11,11,12,10,0,11,1,9,1
20260313,prepaid,MWP,0,15,15,15,14,15,7,9,8,11,17,3,2,11,0,8,0
20260212,prepaid,NMS,0,8,10,10,7,8,7,9,8,11,10,8,1,11,0,7,0
20260328,prepaid,POP,0,5,5,5,6,6,9,10,9,11,7,5,1,11,0,10,0
20260315,prepaid,KAL,1,49,56,56,78,81,9,10,9,11,9,9,1,11,0,10,0
20260120,prepaid,AIL,0,2,10,11,5,5,9,9,9,11,11,9,0,11,4,10,2
20260305,prepaid,RDD,0,11,11,11,11,12,10,11,10,11,14,10,0,11,1,8,1
20260106,prepaid,GSL,0,67,87,88,67,67,0,11,0,11,,,8,11,13,13,5
20260131,prepaid,NMP,1,0,5,5,14,15,9,10,10,11,11,10,1,11,0,9,0
20260206,prepaid,TTN,0,2,2,2,2,2,11,11,11,11,9,7,0,11,0,11,0
20260128,prepaid,POP,1,3,8,8,3,4,10,10,11,11,11,7,0,11,1,9,0
20260402,prepaid,SHO,0,0,7,8,4,12,5,6,7,11,4,3,1,11,0,4,0
20260318,prepaid,GLA,1,12,19,19,15,16,4,8,6,11,8,7,0,11,1,5,0
20260312,prepaid,CIQ,2,,,,25,29,8,10,8,11,15,7,3,11,5,14,4
20260302,prepaid,CIQ,1,9,9,9,8,9,10,10,11,11,11,9,0,11,2,8,1
20260216,prepaid,CIQ,0,9,11,11,9,9,6,7,8,11,6,5,2,11,0,12,0
20260227,prepaid,GKS,0,10,11,11,10,10,10,11,10,11,10,10,0,11,0,8,0
20260320,prepaid,MYR,0,,,,4,4,11,11,11,11,13,10,0,11,1,3,1
20260106,prepaid,RAP,0,70,104,105,69,70,2,11,2,11,,,4,11,8,9,2
20260404,prepaid,RDD,0,11,11,13,0,11,8,9,8,11,9,8,2,11,1,11,1
20260223,prepaid,AIL,0,1,6,10,2,2,8,9,10,11,8,8,0,11,0,12,0
20260210,prepaid,POP,0,1,1,1,1,1,5,7,7,11,8,6,1,11,2,10,1
20260312,prepaid,MWP,0,1,1,1,1,1,9,10,10,11,5,0,1,11,0,3,0
20260311,prepaid,AIL,0,9,18,23,17,17,10,11,11,12,10,9,1,12,1,13,1
20260205,prepaid,FMB,1,3,3,3,2,3,9,10,10,12,14,10,1,12,1,13,1
20260320,prepaid,ROM,0,2,3,3,17,17,9,9,11,12,10,8,1,12,2,13,2
20260402,prepaid,RDD,0,0,17,17,0,5,10,10,11,12,11,9,0,12,1,15,1
20260306,prepaid,GSD,0,1,49,49,8,8,7,7,8,12,7,4,2,12,1,11,1
20260119,prepaid,HSW,0,0,15,15,12,12,8,9,11,12,10,7,0,12,4,9,0
20260108,prepaid,POP,0,4,6,6,6,6,10,10,10,12,10,10,2,12,0,7,0
20260217,prepaid,ILM,0,0,1,1,3,3,8,9,10,12,11,9,0,12,1,6,1
20260214,prepaid,CIQ,0,1,1,1,11,12,8,11,8,12,11,10,2,12,0,8,0
20260310,prepaid,VEH,0,3,4,4,2,4,6,7,7,12,6,6,0,12,0,7,0
20260402,prepaid,VEH,0,8,9,9,6,12,6,8,6,12,7,5,2,12,1,9,1
20260319,prepaid,NMS,0,23,41,42,33,35,9,11,9,12,15,11,3,12,4,13,2
20260114,prepaid,PFP,0,0,2,2,5,5,10,11,10,12,14,9,0,12,1,15,1
20260107,prepaid,NMP,0,11,11,11,12,12,10,11,11,12,14,11,1,12,0,11,0
20260306,prepaid,AIL,0,4,5,7,15,16,9,11,10,12,9,8,1,12,3,7,2
20260115,prepaid,NMS,0,3,5,6,7,7,10,10,10,12,9,7,2,12,0,8,0
20260110,prepaid,AIL,0,7,13,13,13,13,9,10,10,12,14,8,1,12,6,14,2
20260113,prepaid,PFP,1,10,32,32,16,17,10,10,12,12,8,7,0,12,0,9,0
20260122,prepaid,HSW,0,0,20,20,4,4,9,10,10,12,10,8,0,12,3,11,0
20260309,prepaid,VEH,1,10,11,11,9,13,4,7,4,12,7,6,4,12,0,5,0
20260326,prepaid,ROM,0,,,,1,1,9,10,10,12,11,8,1,12,0,8,0
20260110,prepaid,POP,0,4,7,7,8,8,11,11,12,12,11,10,0,12,0,9,0
20260328,prepaid,KAL,0,4,4,4,4,4,9,10,11,12,8,7,1,12,1,8,0
20260215,prepaid,KAL,0,14,23,23,14,14,8,10,8,12,15,10,2,12,3,12,2
20260130,prepaid,NMB,1,4,10,11,7,9,8,9,10,12,10,6,0,12,3,11,1
20260209,prepaid,POP,0,12,12,12,17,17,8,11,9,12,8,7,3,12,0,9,0
20260307,prepaid,GSD,2,7,19,19,43,50,5,7,5,12,5,4,4,12,4,9,4
20260322,prepaid,TTN,0,5,17,17,5,5,8,10,9,12,9,5,2,12,6,68,3
20260123,prepaid,ILM,0,0,8,9,8,8,9,9,10,12,12,7,1,12,0,9,0
20260117,prepaid,HSW,0,0,11,11,25,26,12,12,12,12,13,10,0,12,6,12,2
20260403,prepaid,SHO,0,1,2,6,2,10,7,8,10,12,8,8,0,12,2,7,0
20260307,prepaid,MJH,0,9,15,28,17,18,9,10,9,12,12,9,2,12,1,11,0
20260318,prepaid,NMP,0,27,27,27,31,31,10,10,11,12,10,10,1,12,10,20,0
20260401,prepaid,VEH,0,6,11,11,6,7,8,8,8,12,8,5,0,12,0,6,0
20260315,prepaid,NMS,0,0,5,5,3,4,6,8,7,12,7,5,2,12,3,10,2
20260331,prepaid,VEH,0,7,8,11,9,10,4,7,5,12,5,4,1,12,0,6,0
20260108,prepaid,NMP,1,9,9,9,8,9,10,11,11,12,16,10,1,12,1,11,0
20260128,prepaid,GSD,0,7,7,7,19,20,8,11,8,12,15,11,2,12,3,15,0
20260314,prepaid,GLA,0,10,10,10,12,13,7,10,8,12,8,6,3,12,2,11,2
20260223,prepaid,ABE,1,19,36,36,28,31,10,11,10,12,14,10,0,12,2,14,1
20260321,prepaid,AIL,0,1,2,2,2,3,9,11,9,12,14,11,1,12,4,12,2
20260106,prepaid,DSL,0,90,174,174,90,90,4,12,4,12,,,4,12,10,12,7
20260302,prepaid,ILM,3,0,12,12,30,33,12,12,12,12,9,9,0,12,0,8,0
20260309,prepaid,AIL,0,13,23,25,25,27,11,12,11,12,12,11,1,12,1,14,0
20260116,prepaid,PFP,1,12,26,26,13,14,10,10,12,12,10,8,0,12,0,8,0
20260220,prepaid,HKH,0,6,16,17,20,20,11,11,12,12,10,8,0,12,0,7,0
20260128,prepaid,HSW,0,0,16,16,8,9,11,11,12,12,12,10,0,12,0,7,0
20260310,prepaid,KAL,0,14,14,14,15,16,10,10,11,12,8,8,0,12,0,6,0
20260304,prepaid,KAL,1,11,13,13,29,30,8,9,9,12,10,7,2,12,1,11,0
20260116,prepaid,AIL,0,8,9,10,17,18,10,10,10,12,16,7,0,12,8,15,3
20260106,prepaid,FMB,0,1,2,2,1,1,0,12,0,12,,,5,12,8,8,2
20260225,prepaid,MJH,0,18,22,22,19,20,9,9,9,12,12,8,2,12,0,10,0
20260112,prepaid,AIL,0,6,19,20,13,13,8,10,8,12,14,9,2,12,3,12,1
20260228,prepaid,ILM,2,0,26,26,12,14,11,11,12,12,13,10,0,12,0,6,0
20260117,prepaid,NMP,0,6,7,7,13,13,9,9,12,13,7,6,0,13,0,10,0
20260217,prepaid,EMC,2,36,36,36,32,36,12,13,12,13,13,10,1,13,2,33,2
20260203,prepaid,FMB,1,61,102,102,66,69,10,10,13,13,11,8,0,13,0,8,0
20260225,prepaid,KAL,0,2,11,11,4,4,10,10,13,13,6,6,0,13,0,16,0
20260114,prepaid,AIL,0,7,14,14,11,11,9,9,11,13,9,7,2,13,4,10,2
20260319,prepaid,GKA,3,157,214,216,149,157,11,13,11,13,18,12,0,13,76,89,13
20260117,prepaid,ILM,0,7,9,9,45,45,10,11,11,13,10,8,1,13,0,10,0
20260225,prepaid,NMP,0,15,15,16,23,23,12,12,13,13,13,12,0,13,1,15,0
20260128,prepaid,NMP,0,4,12,12,16,16,10,11,12,13,11,9,1,13,3,12,3
20260207,prepaid,NMP,0,8,14,15,8,8,11,12,12,13,13,11,1,13,0,12,0
20260308,prepaid,KAL,0,2,3,3,8,8,10,10,12,13,10,9,0,13,1,12,0
20260320,prepaid,GKS,0,30,30,30,34,34,10,10,12,13,13,9,0,13,4,17,2
20260121,prepaid,NMP,0,17,17,17,17,17,8,8,12,13,7,7,0,13,1,7,1
20260318,prepaid,POP,1,18,19,19,17,19,11,12,11,13,10,10,0,13,0,7,0
20260204,prepaid,AIL,0,3,4,4,12,13,9,12,10,13,12,10,1,13,2,10,2
20260312,prepaid,AIL,1,4,11,12,11,13,11,12,11,13,14,11,1,13,3,11,2
20260316,prepaid,MWP,0,1,1,1,1,1,9,10,11,13,2,1,1,13,0,14,0
20260206,prepaid,POP,0,3,3,3,3,3,10,11,11,13,11,10,1,13,1,12,0
20260202,prepaid,NMP,0,1,8,8,15,15,10,13,10,13,15,13,1,13,2,13,1
20260314,prepaid,VEH,0,5,5,5,4,6,10,11,11,13,14,8,1,13,1,9,1
20260122,prepaid,NMP,0,10,14,14,10,10,12,13,12,13,18,12,1,13,3,16,1
20260212,prepaid,NMP,0,1,7,7,17,17,12,12,12,13,14,11,0,13,0,9,0
20260221,prepaid,GSD,0,1,11,11,2,2,11,12,11,13,17,12,2,13,1,9,1
20260110,prepaid,NMP,0,7,16,16,9,9,8,12,9,13,12,8,2,13,1,17,1
20260303,prepaid,GKS,0,9,11,13,9,9,12,13,12,13,14,13,0,13,1,12,0
20260319,prepaid,GLA,0,35,39,39,40,42,6,7,10,13,8,6,2,13,1,11,1
20260303,prepaid,ROM,1,3,9,9,16,17,12,13,12,13,16,12,0,13,1,12,1
20260305,prepaid,CIQ,0,0,28,28,10,10,10,13,10,13,12,8,1,13,2,9,1
20260312,prepaid,ROM,1,3,107,114,22,25,12,12,12,13,10,8,1,13,0,5,0
20260123,prepaid,POP,0,3,7,7,4,4,10,13,10,13,12,11,1,13,1,9,1
20260127,prepaid,HSW,0,0,11,11,11,11,12,12,12,13,10,9,1,13,8,11,3
20260326,prepaid,VEH,0,7,7,7,4,7,5,7,6,13,8,5,3,13,0,6,0
20260107,prepaid,NMS,0,7,8,9,14,14,11,11,13,13,18,10,0,13,1,10,1
20260320,prepaid,GLA,0,12,73,73,14,16,8,10,10,13,9,8,3,13,0,10,0
20260316,prepaid,NMP,0,19,19,19,29,30,9,11,11,13,12,9,1,13,1,9,1
20260302,prepaid,GSD,0,18,33,33,17,26,8,10,9,13,11,8,2,13,0,12,0
20260316,prepaid,FLS,0,8,8,8,8,8,13,13,13,13,13,13,0,13,1,17,1
20260213,prepaid,EMC,0,28,28,28,31,33,11,13,11,13,12,12,1,13,0,4,0
20260301,prepaid,KAL,0,11,20,20,12,12,11,11,12,13,10,7,0,13,0,11,0
20260131,prepaid,AIL,0,6,9,9,13,13,10,13,10,13,14,12,1,13,2,11,1
20260303,prepaid,CIQ,2,13,13,13,10,13,13,13,13,13,14,12,0,13,2,17,2
20260116,prepaid,RPS,1,29,32,33,33,37,9,11,10,13,13,11,1,13,0,12,0
20260313,prepaid,ROM,2,1,12,12,96,98,11,12,11,13,13,11,1,13,0,7,0
20260122,prepaid,AVH,0,12,15,18,17,18,11,11,13,13,12,11,0,13,0,15,0
20260130,prepaid,HSW,0,0,5,5,13,13,13,13,13,13,15,13,0,13,0,9,0
20260203,prepaid,HSW,0,0,3,3,4,4,11,13,11,13,14,13,1,13,1,13,0
20260129,prepaid,POP,0,3,5,5,6,8,13,13,13,13,9,8,0,13,0,7,0
20260331,prepaid,RDD,0,33,37,38,9,37,10,12,11,14,14,10,3,14,0,17,0
20260317,prepaid,CIQ,1,6,8,8,5,6,6,7,9,14,1,0,3,14,0,5,0
20260211,prepaid,POP,0,4,5,5,4,4,10,10,14,14,13,9,0,14,2,9,0
20260207,prepaid,GSD,0,4,22,22,22,28,8,9,11,14,12,6,2,14,2,9,2
20260124,prepaid,ILM,0,,,,7,7,11,11,13,14,6,5,0,14,1,17,0
20260324,prepaid,KAL,0,7,15,15,9,9,7,9,11,14,7,7,2,14,0,8,0
20260402,prepaid,POP,0,6,7,7,4,14,12,12,13,14,13,10,1,14,3,16,3
20260307,prepaid,ILM,0,1,4,4,3,3,13,14,13,14,10,9,1,14,0,11,0
20260109,prepaid,AIL,0,5,11,11,10,12,10,10,11,14,14,9,2,14,4,11,3
20260226,prepaid,NMP,0,18,18,18,18,18,12,13,13,14,17,12,1,14,1,11,1
20260322,prepaid,VEH,0,6,10,10,8,8,11,11,11,14,15,10,2,14,5,15,3
20260202,prepaid,FMB,0,12,20,20,24,24,11,11,12,14,11,8,0,14,3,13,3
20260117,prepaid,EMS,1,0,15,16,64,65,6,10,10,14,14,6,3,14,2,11,1
20260404,prepaid,NMP,0,10,10,13,0,10,12,14,12,14,13,9,2,14,0,9,0
20260121,prepaid,POP,0,10,14,14,15,15,12,14,12,14,13,13,1,14,1,10,0
20260319,prepaid,AIL,0,4,7,7,4,4,13,14,13,14,19,12,1,14,3,13,1
20260330,prepaid,NMS,2,28,44,44,43,49,7,11,9,14,9,9,3,14,0,11,0
20260212,prepaid,KAL,0,7,9,9,10,10,6,7,9,14,4,2,2,14,0,8,0
20260318,prepaid,KTH,0,2,2,2,2,2,11,14,11,14,17,14,1,14,2,11,1
20260108,prepaid,RPS,0,19,21,21,20,20,10,12,10,14,13,9,1,14,3,16,1
20260216,prepaid,FLN,0,0,18,18,5,5,11,12,12,14,6,6,1,14,0,20,0
20260117,prepaid,NMS,0,6,7,7,9,9,9,11,12,14,12,10,2,14,0,11,0
20260212,prepaid,POP,0,3,4,4,4,4,14,14,14,14,10,10,0,14,0,9,0
20260118,prepaid,PFP,1,9,20,20,8,10,14,14,14,14,16,11,0,14,5,20,4
20260321,prepaid,CQN,0,19,24,24,24,26,13,13,14,14,9,8,0,14,2,12,1
20260126,prepaid,NMS,0,27,38,38,32,33,11,14,11,14,18,13,1,14,4,15,2
20260114,prepaid,RPS,0,7,12,12,26,27,13,13,13,14,13,10,0,14,2,9,0
20260306,prepaid,GKS,0,1,4,5,1,1,12,13,13,14,11,11,1,14,0,8,0
20260227,prepaid,RDD,0,6,6,6,7,7,12,12,13,14,11,10,0,14,1,16,1
20260108,prepaid,NMS,1,11,15,18,12,14,13,14,13,14,21,13,0,14,1,5,1
20260319,prepaid,NMP,1,12,16,17,11,12,12,14,12,14,16,14,1,14,1,4,0
20260117,prepaid,PFP,0,8,9,9,22,22,13,13,14,14,16,11,0,14,0,11,0
20260113,prepaid,NMS,0,5,6,11,7,8,11,11,13,14,11,9,1,14,1,13,1
20260317,prepaid,AIL,0,2,9,12,5,5,12,13,12,14,13,9,1,14,1,10,1
20260218,prepaid,FLS,0,0,19,19,1,1,11,12,13,14,10,10,0,14,0,15,0
20260309,prepaid,RDD,0,17,17,17,21,22,13,13,14,14,13,12,0,14,1,17,1
20260110,prepaid,NMS,0,9,9,11,13,13,12,13,12,14,12,10,2,14,2,20,1
20260315,prepaid,VEH,0,2,3,3,2,2,6,10,7,14,8,6,3,14,3,11,2
20260108,prepaid,AIL,0,4,10,10,7,8,9,10,10,14,10,7,3,14,0,8,0
20260122,prepaid,KAL,0,2,2,2,2,2,5,6,11,14,5,4,1,14,0,2,0
20260306,prepaid,VEH,0,7,16,16,7,8,6,9,6,14,4,3,3,14,1,4,1
20260330,prepaid,SHO,0,1,2,3,5,6,6,10,6,14,6,6,4,14,0,10,0
20260224,prepaid,NMP,0,7,14,14,15,15,12,12,13,14,7,7,1,14,0,8,0
20260329,prepaid,VEH,0,1,1,1,4,4,6,7,8,14,10,6,1,14,3,18,3
20260313,prepaid,VEH,0,6,7,7,8,8,9,13,9,14,14,8,2,14,4,13,2
20260316,prepaid,KAL,0,29,29,29,36,36,12,12,13,14,13,12,0,14,1,13,1
20260312,prepaid,GLA,0,12,21,21,11,12,9,13,9,14,12,11,1,14,2,10,2
20260403,prepaid,GSL,0,7,19,25,1,13,13,13,14,14,58,11,0,14,1,11,1
20260314,prepaid,NMS,1,22,25,26,21,23,6,12,8,15,14,11,3,15,2,16,1
20260323,prepaid,AIL,0,1,8,8,3,3,7,12,9,15,10,7,3,15,3,13,2
20260223,prepaid,POW,0,23,24,24,26,27,12,14,13,15,15,12,1,15,1,16,1
20260113,prepaid,AIL,0,3,6,6,13,14,8,9,11,15,9,7,2,15,1,8,0
20260206,prepaid,HSW,0,0,7,7,8,9,13,14,14,15,16,13,0,15,1,17,1
20260221,prepaid,MJH,0,17,17,17,17,17,13,15,13,15,11,10,1,15,1,16,1
20260204,prepaid,NMP,1,0,7,7,20,21,13,14,13,15,12,11,2,15,1,11,1
20260307,prepaid,VEH,0,4,5,5,10,11,7,8,8,15,7,7,4,15,0,4,0
20260324,prepaid,ROM,0,,,,3,4,11,13,11,15,12,10,2,15,3,17,1
20260218,prepaid,HKH,0,14,47,48,18,18,12,14,13,15,15,12,1,15,2,18,2
20260306,prepaid,CIQ,2,,,,24,28,11,13,12,15,12,8,2,15,5,16,3
20260327,prepaid,VEH,0,10,10,10,9,10,9,13,9,15,12,10,4,15,0,10,0
20260330,prepaid,CQN,0,33,44,44,41,42,11,14,12,15,11,9,3,15,14,18,2
20260128,prepaid,FMB,1,20,37,37,22,23,8,13,10,15,15,11,3,15,1,16,1
20260214,prepaid,NMP,0,11,12,12,11,12,13,14,14,15,16,14,1,15,1,14,1
20260205,prepaid,MWP,0,0,3,4,2,2,14,14,14,15,12,11,0,15,1,12,0
20260313,prepaid,GLA,0,2,5,5,11,11,7,12,8,15,17,12,4,15,0,15,0
20260302,prepaid,MJH,0,23,31,31,22,23,11,15,11,15,14,13,1,15,1,13,1
20260305,prepaid,ILM,0,3,7,7,8,8,14,15,14,15,16,12,1,15,2,9,0
20260311,prepaid,ROM,0,2,9,10,8,8,14,15,14,15,17,14,1,15,5,19,2
20260313,prepaid,AIL,0,4,21,21,13,13,11,13,11,15,15,9,2,15,4,13,1
20260118,prepaid,HSW,0,0,17,17,11,11,10,15,10,15,16,14,5,15,5,17,3
20260123,prepaid,NMS,0,24,32,32,27,28,13,13,14,15,12,11,1,15,1,14,0
20260313,prepaid,NMS,0,5,7,7,11,13,10,12,11,15,8,7,3,15,1,7,1
20260112,prepaid,RPS,0,2,8,8,10,10,12,12,13,15,12,10,1,15,2,15,1
20260206,prepaid,NMP,0,3,3,4,8,8,13,13,14,15,12,9,0,15,2,13,2
20260130,prepaid,GSD,0,1,33,33,8,8,11,12,14,15,15,12,0,15,3,7,2
20260305,prepaid,KAL,0,5,9,9,7,7,11,12,12,15,12,10,3,15,2,10,0
20260309,prepaid,GLA,2,18,20,21,14,22,12,14,12,15,17,12,3,15,3,13,2
20260106,prepaid,RPB,0,150,182,182,149,150,5,15,5,15,,,3,15,19,20,10
20260320,prepaid,PLN,18,8,15,54,8,26,0,15,0,15,175,15,0,15,21,36,21
20260318,prepaid,GKS,0,9,11,12,12,12,11,13,12,15,13,12,1,15,3,18,3
20260125,prepaid,POP,0,9,11,11,11,11,13,13,13,15,16,13,1,15,2,12,2
20260319,prepaid,GSD,0,2,5,5,8,9,4,8,4,15,14,5,5,15,6,13,2
20260226,prepaid,NMS,0,3,6,9,7,7,10,11,13,15,8,6,2,15,2,10,2
20260313,prepaid,PFP,0,7,7,7,18,19,12,15,12,15,20,15,2,15,2,9,1
20260405,prepaid,VEH,0,7,7,7,0,8,13,14,13,15,12,10,0,15,1,9,0
20260112,prepaid,NMP,0,6,14,15,24,24,7,10,11,15,8,8,2,15,0,8,0
20260114,prepaid,NMS,0,1,4,13,3,3,13,14,13,15,16,13,2,15,1,10,0
20260206,prepaid,GSD,4,8,32,32,9,14,10,13,10,15,14,11,4,15,3,12,1
20260213,prepaid,NMP,1,19,19,19,24,25,14,15,14,15,12,11,0,15,1,18,1
20260214,prepaid,FMB,1,4,13,13,3,4,12,12,14,15,20,11,1,15,6,17,5
20260314,prepaid,ROM,0,2,8,11,8,8,13,14,14,15,14,12,0,15,1,19,1
20260128,prepaid,NMB,0,2,4,6,6,7,10,14,10,15,9,8,4,15,1,12,0
20260109,prepaid,RPS,0,16,27,56,19,19,12,12,13,15,17,11,0,15,3,11,0
20260405,prepaid,POP,0,2,2,2,0,2,13,14,13,15,12,9,1,15,1,15,0
20260324,prepaid,VEH,0,9,15,15,7,9,8,10,10,16,9,7,5,16,0,10,0
20260217,prepaid,NMP,0,4,4,4,13,13,13,14,15,16,11,11,0,16,0,15,0
20260224,prepaid,KAL,0,8,10,10,12,12,12,14,13,16,14,10,0,16,1,7,0
20260326,prepaid,KAL,0,6,10,10,6,6,13,13,15,16,13,13,1,16,0,14,0
20260115,prepaid,PFP,0,7,9,9,25,26,10,14,12,16,13,10,3,16,1,13,1
20260320,prepaid,POP,1,24,24,25,22,25,12,15,13,16,18,15,2,16,4,16,0
20260306,prepaid,ROM,0,3,5,5,7,7,15,16,15,16,18,15,1,16,1,7,0
20260108,prepaid,HSW,0,0,3,3,4,4,13,14,14,16,14,14,0,16,0,11,0
20260321,prepaid,GKS,0,20,23,23,22,22,14,15,14,16,13,11,0,16,3,15,2
20260228,prepaid,NMP,0,19,25,25,20,20,12,15,12,16,21,16,0,16,3,17,2
20260318,prepaid,CDM,2,0,53,72,99,107,12,15,13,16,20,14,1,16,3,20,0
20260202,prepaid,CIQ,1,9,32,32,20,22,9,14,9,16,10,6,2,16,0,9,0
20260306,prepaid,KAL,0,2,2,2,7,7,13,14,13,16,12,11,2,16,2,10,0
20260310,prepaid,NMS,1,19,22,22,23,28,11,13,14,16,13,12,1,16,1,15,1
20260323,prepaid,VEH,0,5,5,6,8,10,11,14,12,16,12,9,3,16,1,10,1
20260317,prepaid,PFP,0,10,10,10,10,10,10,13,11,16,15,11,2,16,2,19,1
20260311,prepaid,NMS,0,4,5,5,7,8,14,15,14,16,22,15,1,16,8,19,5
20260320,prepaid,CQN,0,13,20,20,20,21,14,16,14,16,17,12,0,16,2,15,0
20260128,prepaid,PFP,2,14,63,63,18,21,10,12,11,16,15,12,4,16,1,5,0
20260209,prepaid,FMB,0,5,5,5,21,23,6,6,11,16,2,1,2,16,2,10,1
20260304,prepaid,HKH,0,2,13,13,13,14,15,15,16,16,20,12,0,16,4,18,2
20260204,prepaid,PFP,1,10,10,10,36,39,13,13,13,16,14,11,1,16,2,12,1
20260213,prepaid,KAL,0,8,13,13,10,10,9,9,12,16,7,6,2,16,1,8,0
20260214,prepaid,NMS,0,5,9,9,6,7,13,14,14,16,16,12,1,16,2,13,1
20260116,prepaid,NMS,0,6,9,14,10,10,12,14,14,16,15,11,2,16,1,18,1
20260225,prepaid,GLA,0,6,8,8,5,9,6,8,9,16,7,5,4,16,0,6,0
20260209,prepaid,GSD,1,26,35,35,39,44,7,12,10,16,6,6,4,16,0,10,0
20260321,prepaid,GSD,1,0,13,13,11,14,8,11,9,16,10,7,3,16,2,10,2
20260126,prepaid,PFP,0,23,25,25,24,25,10,14,12,17,16,10,1,17,1,22,0
20260319,prepaid,CDM,1,90,122,128,136,141,13,14,15,17,19,7,0,17,8,17,2
20260305,prepaid,ROM,0,,,,9,9,15,15,17,17,9,8,0,17,0,13,0
20260318,prepaid,CUL,0,50,54,55,52,52,14,17,14,17,17,17,1,17,0,17,0
20260314,prepaid,AIL,0,10,18,19,26,26,13,14,15,17,11,9,2,17,4,16,3
20260108,prepaid,AVH,0,11,14,14,16,17,16,17,16,17,22,16,1,17,2,14,1
20260220,prepaid,GSD,0,15,16,18,18,22,8,10,12,17,6,6,1,17,0,7,0
20260204,prepaid,FMB,2,2,2,2,39,43,13,16,13,17,11,10,1,17,1,12,1
20260225,prepaid,GSD,0,14,24,24,15,17,8,8,9,17,6,6,4,17,0,5,0
20260317,prepaid,NMS,1,6,48,48,11,13,13,16,13,17,10,9,2,17,2,20,2
20260107,prepaid,AVH,0,13,19,19,13,13,17,17,17,17,16,14,0,17,2,15,1
20260203,prepaid,PFP,0,11,40,40,26,27,11,14,12,17,12,11,2,17,1,15,1
20260107,prepaid,RPS,1,14,18,19,17,18,15,17,15,17,21,15,0,17,2,8,0
20260107,prepaid,AIL,1,7,11,11,15,17,12,16,12,17,20,14,5,17,1,12,0
20260116,prepaid,GSD,0,6,11,11,7,7,6,9,8,17,14,6,3,17,2,19,0
20260114,prepaid,AVH,0,11,12,13,12,13,17,17,17,17,15,11,0,17,0,20,0
20260401,prepaid,GSL,0,7,13,18,9,16,4,11,6,17,50,8,5,17,2,15,2
20260119,prepaid,GSD,0,16,24,24,14,16,10,12,12,17,8,7,2,17,1,10,1
20260218,prepaid,NMS,5,112,201,203,314,325,11,15,12,17,21,14,3,17,3,16,0
20260223,prepaid,GSD,0,15,26,26,25,29,6,13,7,17,13,9,6,17,1,7,1
20260316,prepaid,RDD,0,19,26,27,26,26,14,16,14,17,15,14,0,17,2,9,1
20260330,prepaid,VEH,0,3,6,6,3,3,9,11,12,17,9,7,3,17,1,10,1
20260312,prepaid,NMS,0,6,16,17,7,8,11,14,13,17,15,11,3,17,1,15,0
20260402,prepaid,GSL,0,5,11,11,6,14,8,8,15,17,67,5,2,17,1,5,1
20260221,prepaid,HKH,0,16,25,25,26,26,17,17,17,17,19,16,0,17,5,21,4
20260129,prepaid,GSD,1,13,20,20,12,13,9,12,13,17,10,8,1,17,2,9,1
20260310,prepaid,CIQ,2,18,34,34,14,18,15,15,17,17,13,9,0,17,3,14,3
20260320,prepaid,AIL,0,5,6,6,6,7,15,15,16,17,11,10,0,17,3,12,1
20260123,prepaid,HSW,0,,,,30,31,16,17,16,17,17,15,0,17,4,18,1
20260320,prepaid,GSD,0,13,29,29,19,19,10,13,10,17,10,6,3,17,4,11,4
20260221,prepaid,AIL,0,0,1,1,1,1,13,16,13,17,16,14,1,17,1,16,1
20260326,prepaid,POP,0,6,6,6,9,9,10,12,12,17,10,8,2,17,0,14,0
20260220,prepaid,NMP,0,7,8,8,7,7,14,17,14,17,18,12,0,17,4,23,2
20260331,prepaid,NMS,0,15,18,20,23,31,7,13,8,17,15,13,7,17,0,9,0
20260210,prepaid,NMS,0,8,11,12,11,11,12,14,13,17,13,11,2,17,0,12,0
20260216,prepaid,KAL,0,38,66,66,46,46,12,14,14,17,10,9,2,17,0,12,0
20260228,prepaid,GLA,0,1,2,2,4,4,11,11,13,17,7,6,0,17,1,15,0
20260321,prepaid,NMS,0,10,16,16,36,37,13,15,13,18,22,14,3,18,9,26,7
20260316,prepaid,PFP,0,10,10,10,18,20,13,15,14,18,9,6,2,18,1,18,1
20260320,prepaid,KAL,0,5,5,5,10,10,13,15,16,18,17,13,0,18,4,19,3
20260323,prepaid,NMP,0,18,19,19,39,43,12,13,15,18,10,8,1,18,1,7,0
20260224,prepaid,GLA,0,14,19,20,14,14,6,8,8,18,5,2,6,18,2,11,2
20260111,prepaid,AVH,0,1,14,14,1,1,17,18,17,18,19,14,0,18,0,21,0
20260228,prepaid,VEH,1,12,13,13,17,19,10,11,12,18,16,8,2,18,6,16,4
20260125,prepaid,FMB,0,0,51,51,3,3,13,16,13,18,18,15,1,18,1,15,0
20260211,prepaid,GSD,1,17,20,20,34,36,14,15,15,18,12,9,2,18,3,14,3
20260302,prepaid,NMS,0,6,10,15,6,7,14,15,16,18,13,13,0,18,1,18,0
20260225,prepaid,ABE,2,45,50,50,55,60,14,16,14,18,18,14,3,18,2,16,1
20260113,prepaid,GSD,0,18,20,20,17,20,14,18,14,18,20,15,1,18,4,25,2
20260213,prepaid,FMB,0,7,7,7,7,7,14,16,15,18,14,13,1,18,1,17,1
20260302,prepaid,VEH,0,8,10,11,8,10,8,12,11,18,14,9,1,18,2,10,2
20260322,prepaid,NMP,0,8,31,31,9,10,13,16,13,18,16,12,2,18,4,17,1
20260119,prepaid,NMP,0,26,53,54,27,27,16,17,16,18,20,14,2,18,0,19,0
20260325,prepaid,VEH,1,6,6,6,13,14,10,12,13,18,9,7,4,18,0,10,0
20260403,prepaid,GSD,0,18,18,19,24,36,5,5,6,18,7,5,3,18,1,16,1
20260116,prepaid,FMB,0,55,67,72,57,58,7,10,11,18,16,9,4,18,0,30,0
20260401,prepaid,SHO,0,2,7,8,3,5,5,9,11,18,7,4,3,18,1,5,0
20260130,prepaid,NMP,0,0,13,13,2,2,16,17,17,18,18,16,0,18,1,16,1
20260216,prepaid,NMP,0,15,24,27,28,29,13,14,16,18,16,11,1,18,2,17,2
20260124,prepaid,HSW,0,0,6,6,5,5,15,16,16,18,16,14,0,18,4,15,0
20260218,prepaid,FMB,0,,,,5,5,14,16,15,18,26,14,2,18,4,13,1
20260129,prepaid,RDD,3,56,77,78,442,448,14,15,15,18,13,8,1,18,1,21,1
20260202,prepaid,HSW,0,0,7,7,21,21,15,15,18,18,12,12,0,18,0,12,0
20260322,prepaid,CQN,0,24,32,32,29,29,16,18,16,18,22,17,0,18,6,24,1
20260216,prepaid,HKH,0,9,11,11,14,14,15,17,16,18,15,14,2,18,1,18,1
20260119,prepaid,AIL,1,3,6,7,3,4,12,14,14,18,8,7,1,18,1,8,1
20260113,prepaid,AVH,0,24,29,29,28,28,17,17,18,18,22,14,0,18,2,21,2
20260324,prepaid,NMP,0,19,19,19,21,25,16,16,17,18,15,12,1,18,0,12,0
20260225,prepaid,RDD,0,14,15,15,14,14,15,16,16,18,17,13,1,18,1,25,1
20260204,prepaid,NMS,0,8,27,27,20,21,13,16,15,19,16,12,2,19,2,18,1
20260112,prepaid,PFP,0,10,17,17,12,12,14,19,14,19,19,15,3,19,3,19,2
20260314,prepaid,MWP,0,1,2,2,1,1,15,17,16,19,6,2,1,19,0,9,0
20260122,prepaid,ILM,0,1,4,4,5,5,16,17,16,19,16,14,2,19,1,6,0
20260123,prepaid,GSD,0,8,9,9,8,8,7,11,9,19,17,9,3,19,2,9,0
20260110,prepaid,AVH,0,18,20,20,19,19,18,18,18,19,19,16,0,19,0,15,0
20260205,prepaid,PFP,0,4,8,8,4,4,12,15,14,19,14,12,2,19,0,11,0
20260328,prepaid,KTH,0,81,81,81,105,111,13,16,15,19,16,16,1,19,1,17,0
20260120,prepaid,NMP,0,3,3,3,30,30,14,17,15,19,14,11,2,19,1,19,1
20260331,prepaid,GKS,0,63,104,104,103,112,10,14,13,19,11,10,6,19,0,16,0
20260228,prepaid,GSD,0,12,24,37,30,32,11,14,12,19,10,7,3,19,1,13,1
20260319,prepaid,GKS,0,0,2,2,2,2,15,17,15,19,17,15,1,19,0,16,0
20260126,prepaid,HSW,0,0,14,14,5,5,17,18,18,19,19,16,1,19,10,18,0
20260203,prepaid,CIQ,0,4,12,12,26,28,14,16,14,19,16,13,3,19,3,17,3
20260320,prepaid,PFP,1,17,20,20,14,17,7,11,9,19,18,10,3,19,4,16,4
20260321,prepaid,MJH,0,15,18,18,25,26,12,16,13,19,20,14,4,19,1,13,1
20260328,prepaid,GSL,0,6,7,7,12,14,13,14,15,19,69,12,2,19,4,18,3
20260325,prepaid,KAL,0,6,6,6,12,13,13,16,14,19,14,14,4,19,0,12,0
20260323,prepaid,KAL,0,15,17,17,16,16,14,17,15,19,15,13,3,19,1,17,1
20260110,prepaid,FMB,0,6,16,16,79,83,9,10,12,19,11,8,4,19,0,10,0
20260211,prepaid,NMP,0,6,22,24,21,21,18,18,18,19,19,18,0,19,2,19,1
20260328,prepaid,PFP,0,1,1,1,4,4,14,17,16,19,27,16,3,19,10,24,4
20260107,prepaid,RDT,0,22,50,52,21,22,16,18,17,19,85,16,1,19,2,12,0
20260223,prepaid,NMP,1,16,23,23,32,33,16,18,17,19,16,12,0,19,1,20,0
20260218,prepaid,NMP,0,13,29,29,13,13,17,18,18,19,20,18,0,19,0,16,0
20260123,prepaid,AVH,0,10,10,12,11,11,19,19,19,19,21,18,0,19,1,14,1
20260301,prepaid,HKH,0,6,11,12,16,16,17,19,17,19,20,16,1,19,2,20,2
20260303,prepaid,VEH,0,1,2,2,3,3,12,15,13,19,17,11,3,19,2,19,1
20260316,prepaid,AIL,1,10,13,16,15,18,14,15,17,19,16,12,1,19,5,18,2
20260114,prepaid,GSD,0,9,17,17,8,10,12,15,14,19,20,13,2,19,6,17,3
20260403,prepaid,NMP,0,14,14,20,5,21,17,17,19,19,19,15,0,19,3,24,3
20260322,prepaid,GKS,0,24,24,24,22,24,18,18,18,19,20,18,0,19,1,17,0
20260112,prepaid,NMS,0,23,30,39,27,27,14,17,14,19,22,16,3,19,1,18,0
20260224,prepaid,MJH,1,20,24,24,19,20,15,15,17,19,12,12,1,19,0,13,0
20260205,prepaid,CIQ,0,,,,24,26,13,15,15,19,13,12,0,19,0,12,0
20260120,prepaid,GSD,0,26,26,26,34,34,11,15,12,19,15,15,1,19,0,14,0
20260125,prepaid,RDD,0,1,1,1,3,3,16,18,16,20,19,16,1,20,2,25,2
20260331,prepaid,NMP,0,5,5,5,9,9,7,14,9,20,14,11,8,20,2,18,1
20260118,prepaid,EMS,1,0,3,3,89,92,13,15,17,20,16,12,2,20,2,13,2
20260313,prepaid,GKS,0,36,37,37,37,37,15,19,16,20,26,17,2,20,8,21,2
20260328,prepaid,VEH,0,5,8,8,5,5,10,13,14,20,16,11,4,20,1,8,1
20260107,prepaid,RDD,1,27,27,27,170,177,10,15,13,20,20,7,3,20,1,5,0
20260313,prepaid,GSD,2,79,110,111,73,83,11,14,16,20,15,8,2,20,8,14,7
20260206,prepaid,CIQ,0,5,12,12,5,6,17,19,17,20,22,18,2,20,1,22,0
20260222,prepaid,FMB,4,62,127,127,129,141,14,16,14,20,21,15,1,20,3,19,0
20260224,prepaid,EMC,2,95,95,98,90,95,15,16,19,20,10,8,0,20,3,43,2
20260402,prepaid,NMP,0,8,15,21,1,9,9,10,17,20,9,7,1,20,0,8,0
20260117,prepaid,CIQ,2,1,2,2,32,36,13,15,16,20,23,11,0,20,1,22,1
20260311,prepaid,NMP,1,4,4,4,9,10,17,19,18,20,20,18,1,20,1,20,1
20260227,prepaid,MJH,0,13,15,15,15,16,16,17,17,20,16,15,1,20,0,14,0
20260402,prepaid,MJH,0,23,23,25,7,23,16,18,17,20,24,16,2,20,1,21,1
20260301,prepaid,VEH,0,5,8,8,4,6,12,16,12,20,15,11,2,20,4,18,2
20260326,prepaid,GSL,0,6,15,19,23,25,17,19,17,20,169,16,1,20,1,16,0
20260129,prepaid,PFP,2,7,8,8,53,56,13,14,18,20,16,10,1,20,1,12,1
20260106,prepaid,SHO,0,27,151,156,25,27,4,20,4,20,,,5,20,17,19,9
20260205,prepaid,NMS,0,9,16,16,26,27,14,15,17,20,18,12,0,20,5,18,4
20260307,prepaid,KAL,0,5,10,10,5,5,16,18,17,20,20,16,1,20,3,22,3
20260117,prepaid,AIL,0,1,2,3,5,5,15,18,15,20,13,12,3,20,2,10,2
20260326,prepaid,NMS,0,7,8,8,12,14,12,16,16,20,15,9,1,20,3,19,1
20260126,prepaid,FMB,0,11,25,26,60,62,15,15,18,20,20,12,1,20,3,18,1
20260118,prepaid,RPS,0,15,27,28,21,21,17,19,18,20,19,16,0,20,2,25,2
20260226,prepaid,MJH,0,8,13,13,14,14,13,17,13,20,16,13,4,20,2,18,1
20260221,prepaid,POW,0,21,21,21,21,21,20,20,20,20,20,18,0,20,2,25,2
20260115,prepaid,ILM,0,10,24,24,13,14,18,19,19,20,23,18,0,20,0,14,0
20260303,prepaid,HKH,0,10,46,52,14,15,13,14,15,20,15,12,0,20,3,19,1
20260327,prepaid,POP,0,3,4,4,2,3,17,17,18,20,19,15,1,20,3,19,0
20260127,prepaid,NMS,0,22,26,48,33,33,14,16,16,20,21,12,2,20,3,20,2
20260121,prepaid,PFP,0,3,5,5,12,12,18,19,19,20,19,17,0,20,1,19,0
20260306,prepaid,HKH,0,18,33,36,33,34,17,18,19,20,25,17,0,20,3,18,1
20260119,prepaid,RPS,0,30,48,54,45,47,17,19,17,20,25,19,1,20,3,23,1
20260324,prepaid,GKS,0,29,29,30,29,30,15,18,16,20,22,16,3,20,0,16,0
20260322,prepaid,KAL,0,4,5,5,5,5,17,19,17,20,21,16,3,20,4,22,2
20260318,prepaid,ROM,0,0,4,5,8,8,16,19,16,20,26,15,2,20,3,32,2
20260305,prepaid,VEH,0,5,6,7,4,5,9,13,12,20,12,7,1,20,4,11,1
20260325,prepaid,ROM,0,0,1,1,4,4,17,18,18,20,16,14,0,20,1,13,1
20260117,prepaid,GSD,0,12,12,12,17,17,13,14,14,20,12,8,2,20,4,13,2
20260207,prepaid,NMS,0,2,5,5,4,4,13,19,13,20,16,13,3,20,2,19,1
20260206,prepaid,NMS,0,10,12,12,17,17,16,16,17,20,20,14,0,20,1,10,1
20260303,prepaid,NMP,1,0,24,24,41,43,15,18,16,21,16,15,5,21,1,17,1
20260329,prepaid,RDD,0,3,27,27,3,3,14,16,15,21,16,11,2,21,0,28,0
20260304,prepaid,ABE,0,0,45,46,1,1,10,15,12,21,23,13,5,21,11,23,3
20260109,prepaid,NMS,0,5,9,11,9,9,18,20,19,21,22,16,2,21,1,22,1
20260203,prepaid,NMS,0,8,21,22,18,18,12,14,18,21,14,11,2,21,1,13,0
20260115,prepaid,AVH,0,28,32,32,29,29,19,21,19,21,18,17,0,21,2,24,1
20260226,prepaid,GLA,0,3,4,4,7,7,10,15,12,21,17,11,3,21,2,11,2
20260121,prepaid,HSW,0,0,20,20,14,14,18,19,20,21,18,16,1,21,3,18,1
20260107,prepaid,ILM,0,13,20,20,30,30,16,20,16,21,26,18,1,21,5,17,1
20260222,prepaid,POW,0,28,32,33,28,28,20,21,20,21,22,19,1,21,2,19,1
20260224,prepaid,RDD,1,6,7,7,6,7,20,21,20,21,20,19,1,21,0,23,0
20260403,prepaid,RDD,0,16,16,16,0,33,16,16,19,21,13,12,2,21,0,29,0
20260216,prepaid,GSD,5,31,35,38,40,50,8,14,10,21,17,12,5,21,2,15,1
20260307,prepaid,RDD,0,2,8,8,5,5,19,19,21,21,16,13,0,21,1,15,0
20260302,prepaid,HKH,0,15,39,42,19,20,16,17,20,21,20,16,1,21,1,16,1
20260315,prepaid,PFP,0,2,5,5,6,7,16,18,17,21,21,12,4,21,0,20,0
20260203,prepaid,GSD,0,10,12,12,35,38,14,16,16,21,16,15,3,21,0,16,0
20260316,prepaid,GLA,1,9,10,10,11,13,15,19,16,21,16,12,2,21,2,19,1
20260109,prepaid,GSD,0,13,13,13,19,22,18,19,19,21,21,16,0,21,5,18,1
20260202,prepaid,EMS,0,0,145,174,34,34,17,18,20,21,20,14,0,21,6,27,2
20260306,prepaid,MJH,0,18,39,39,26,27,17,17,19,21,15,13,2,21,2,15,2
20260222,prepaid,HKH,0,8,20,21,17,17,21,21,21,21,27,19,0,21,3,23,1
20260328,prepaid,CQN,0,16,25,27,23,23,17,18,20,21,20,16,0,21,5,19,0
20260228,prepaid,MJH,1,16,23,23,16,18,15,17,18,21,22,16,1,21,4,24,1
20260216,prepaid,FMB,1,4,5,5,88,95,16,20,17,21,16,14,2,21,1,20,0
20260312,prepaid,GSD,3,10,14,14,18,22,14,17,15,21,21,12,5,21,6,22,3
20260319,prepaid,PFP,0,27,27,27,22,27,11,16,12,21,12,11,6,21,0,17,0
20260315,prepaid,GLA,0,1,5,5,2,2,17,19,18,21,26,19,1,21,5,21,3
20260226,prepaid,GSD,0,10,23,23,16,20,12,14,13,22,16,13,6,22,2,12,2
20260208,prepaid,PFP,0,2,2,2,2,3,16,18,17,22,15,14,3,22,2,31,1
20260123,prepaid,CIQ,2,25,65,65,31,35,18,20,18,22,27,15,1,22,7,25,5
20260305,prepaid,NMP,1,0,40,40,47,52,17,17,21,22,15,14,0,22,1,15,1
20260328,prepaid,GSD,0,33,39,40,11,38,11,13,11,22,15,12,6,22,2,8,2
20260224,prepaid,POW,0,2,2,2,3,3,19,20,21,22,20,17,0,22,1,19,0
20260217,prepaid,RDD,0,29,43,44,30,30,12,14,14,22,16,10,2,22,1,35,1
20260405,prepaid,NMP,0,15,15,25,0,15,17,20,18,22,20,18,2,22,4,28,0
20260320,prepaid,NMS,1,6,20,20,12,13,17,19,19,22,24,16,2,22,4,17,3
20260325,prepaid,POP,0,4,7,7,4,4,15,19,17,22,16,13,2,22,2,20,2
20260331,prepaid,MJH,0,25,26,26,22,25,16,20,18,22,24,18,0,22,6,27,4
20260108,prepaid,GSD,0,16,21,21,14,18,17,19,20,22,21,16,1,22,3,28,1
20260312,prepaid,NMP,0,5,5,6,5,5,16,19,17,22,19,18,3,22,1,22,1
20260329,prepaid,NMP,0,5,19,19,4,5,18,21,18,22,26,18,1,22,0,18,0
20260321,prepaid,KAL,0,15,16,16,13,15,19,20,21,22,22,19,1,22,2,21,2
20260324,prepaid,MJH,0,21,22,22,19,21,16,19,18,22,17,15,2,22,0,13,0
20260326,prepaid,PFP,0,1,1,1,2,3,13,14,16,22,12,8,3,22,0,12,0
20260109,prepaid,NMP,0,7,9,9,7,7,20,21,21,22,22,15,1,22,1,16,1
20260327,prepaid,NMS,0,9,14,15,7,10,16,18,17,22,17,12,2,22,4,21,3
20260115,prepaid,RPS,0,12,19,20,16,17,20,21,20,22,18,15,1,22,2,16,0
20260112,prepaid,ILM,0,26,35,40,36,36,17,18,21,22,19,14,1,22,1,13,0
20260314,prepaid,MJH,0,16,23,23,23,23,19,20,20,22,21,18,0,22,3,25,3
20260322,prepaid,GLA,0,3,9,9,6,6,19,22,19,22,26,19,2,22,4,28,3
20260222,prepaid,AIL,0,,,,1,1,15,16,18,22,16,15,1,22,2,14,0
20260301,prepaid,MJH,0,16,16,1336,20,20,19,20,21,22,17,16,0,22,1,18,0
20260404,prepaid,GSD,0,7,7,12,1,8,11,13,11,22,19,10,3,22,7,19,3
20260224,prepaid,ABE,5,53,68,68,60,73,19,20,19,22,19,17,1,22,1,20,1
20260121,prepaid,FMB,0,3,4,4,16,17,15,17,18,22,19,14,4,22,1,15,0
20260114,prepaid,POW,0,45,49,49,44,45,16,17,19,22,13,6,1,22,2,20,0
20260330,prepaid,RDD,0,6,12,13,11,33,17,18,18,22,16,15,3,22,3,15,2
20260226,prepaid,RDD,0,6,7,8,8,8,20,21,21,22,20,17,0,22,0,18,0
20260210,prepaid,HKH,0,19,40,40,31,31,18,21,19,23,25,21,3,23,0,19,0
20260402,prepaid,RPS,0,12,27,35,12,25,13,16,18,23,18,11,4,23,2,31,1
20260401,prepaid,GKS,0,51,55,55,84,92,15,19,17,23,22,18,6,23,1,18,0
20260222,prepaid,KAL,0,3,3,3,11,11,17,19,20,23,18,14,0,23,3,14,2
20260307,prepaid,HKH,2,14,25,25,38,43,19,20,22,23,15,13,1,23,1,17,1
20260316,prepaid,NMS,0,18,29,30,18,20,16,16,20,23,21,15,2,23,1,9,1
20260318,prepaid,CQN,0,10,11,11,13,13,17,19,21,23,15,14,2,23,2,22,0
20260323,prepaid,PFP,0,0,2,2,3,3,13,15,19,23,14,7,1,23,4,18,2
20260119,prepaid,CIQ,1,0,5,5,23,25,14,18,18,23,25,17,2,23,9,37,6
20260321,prepaid,PFP,3,46,49,49,44,49,17,18,17,23,20,15,2,23,3,17,2
20260331,prepaid,GSL,0,9,21,22,47,52,16,18,17,23,69,11,4,23,2,14,2
20260315,prepaid,RPS,0,2,42,43,2,2,18,18,20,23,24,15,1,23,5,25,4
20260114,prepaid,EMS,0,0,39,43,22,22,19,20,20,23,24,16,2,23,2,22,2
20260118,prepaid,AVH,1,11,14,14,12,13,18,20,20,23,24,19,1,23,1,31,0
20260208,prepaid,HKH,0,4,16,17,8,8,13,16,16,23,18,15,3,23,2,23,0
20260308,prepaid,MJH,1,33,33,33,41,45,20,22,21,23,23,19,2,23,0,14,0
20260325,prepaid,MJH,1,19,19,19,28,30,17,19,17,23,20,17,4,23,2,17,1
20260316,prepaid,ROM,0,0,0,1,25,26,19,21,21,23,27,20,1,23,7,20,2
20260119,prepaid,AVH,0,20,27,27,23,23,20,21,21,23,21,16,1,23,1,16,1
20260128,prepaid,RDD,0,13,463,464,41,41,19,19,20,23,14,10,1,23,2,33,0
20260131,prepaid,PFP,0,16,16,16,18,21,19,20,21,23,24,17,0,23,4,20,3
20260309,prepaid,HKH,0,42,65,66,88,91,22,23,22,23,26,18,1,23,1,24,1
20260401,prepaid,PLN,0,5,8,8,11,52,23,23,23,23,221,22,0,23,26,26,0
20260304,prepaid,RPS,0,6,12,12,16,16,20,20,22,23,30,15,0,23,17,32,6
20260118,prepaid,FMB,0,0,34,34,1,1,18,20,19,23,22,16,4,23,1,27,0
20260329,prepaid,CQN,0,12,23,23,21,21,21,22,22,23,22,18,1,23,10,27,1
20260323,prepaid,GKS,0,35,39,39,37,38,20,21,21,23,20,18,1,23,0,20,0
20260303,prepaid,GSD,0,0,11,11,6,6,15,22,15,23,29,22,3,23,1,10,1
20260327,prepaid,MJH,0,23,23,23,21,23,18,20,19,23,21,18,2,23,2,24,1
20260322,prepaid,GSL,0,1,3,6,1,1,15,19,15,23,97,12,3,23,5,24,2
20260313,prepaid,CIQ,0,1,8,8,1,1,17,19,18,23,24,15,2,23,4,23,1
20260224,prepaid,VEH,2,6,13,13,9,13,10,17,13,23,21,12,4,23,0,27,0
20260323,prepaid,MJH,0,23,32,32,21,23,15,17,19,23,14,10,1,23,3,22,3
20260314,prepaid,CIQ,0,,,,6,7,15,20,16,23,15,12,6,23,2,22,2
20260317,prepaid,GLA,2,2,6,6,1,3,17,19,19,23,16,16,3,23,1,16,0
20260303,prepaid,MJH,1,17,24,24,16,17,17,20,19,23,23,19,1,23,1,17,1
20260109,prepaid,FMB,0,4,81,81,11,12,10,16,14,23,11,8,4,23,2,20,2
20260121,prepaid,AVH,0,13,16,16,13,13,21,21,22,23,16,16,1,23,2,29,2
20260120,prepaid,HSW,0,0,11,11,17,17,19,21,21,24,21,18,0,24,4,20,1
20260120,prepaid,PFP,0,51,60,60,61,62,23,23,24,24,24,21,0,24,2,18,1
20260329,prepaid,GKS,0,9,11,11,8,9,19,20,23,24,20,16,0,24,0,22,0
20260131,prepaid,GSD,0,9,15,15,36,39,20,23,20,24,22,22,2,24,1,21,1
20260320,prepaid,RDD,1,35,44,44,42,45,20,20,22,24,15,14,1,24,3,33,2
20260217,prepaid,FLS,0,,,,1,1,19,23,20,24,24,22,2,24,3,22,1
20260121,prepaid,RDD,0,14,28,28,17,17,17,20,19,24,20,15,4,24,2,15,0
20260202,prepaid,GSD,0,3,28,28,5,7,14,20,17,24,18,17,3,24,0,21,0
20260223,prepaid,KAL,0,6,11,11,6,6,17,18,21,24,18,16,2,24,3,19,1
20260305,prepaid,HKH,1,12,28,30,30,31,18,21,20,24,17,15,2,24,2,18,1
20260204,prepaid,GSD,0,14,24,24,15,16,14,20,17,24,26,19,2,24,6,28,2
20260131,prepaid,CIQ,0,0,13,13,1,1,16,20,20,24,19,15,3,24,6,36,6
20260327,prepaid,PFP,0,2,5,5,2,2,15,17,18,24,15,10,3,24,0,13,0
20260202,prepaid,NMS,1,32,33,34,37,41,15,20,17,24,13,12,5,24,1,19,0
20260401,prepaid,MJH,0,26,26,30,19,27,19,22,21,24,21,15,1,24,0,23,0
20260225,prepaid,VEH,1,8,15,16,14,17,8,16,10,24,14,8,7,24,2,20,1
20260106,prepaid,VEH,0,33,44,45,28,33,0,23,0,24,,,6,24,12,12,3
20260327,prepaid,GSD,1,7,11,11,8,10,11,18,13,24,17,14,6,24,2,22,1
20260214,prepaid,GSD,0,0,18,18,10,10,14,18,15,24,17,14,3,24,2,22,2
20260220,prepaid,POW,0,3,3,3,3,3,22,23,22,24,26,21,0,24,1,28,1
20260122,prepaid,GSD,0,6,7,7,17,17,14,17,17,24,14,13,3,24,2,12,1
20260316,prepaid,CQN,0,15,18,18,21,21,19,23,20,24,23,22,3,24,3,19,0
20260212,prepaid,HKH,1,8,22,22,42,43,22,22,23,24,19,16,0,24,2,19,0
20260109,prepaid,RDT,4,148,176,180,150,156,23,24,24,25,68,21,1,25,3,34,3
20260125,prepaid,EMS,0,0,2,2,33,34,24,24,24,25,24,19,1,25,1,17,1
20260330,prepaid,GSL,0,10,15,16,12,14,16,18,20,25,61,11,2,25,3,21,2
20260306,prepaid,ILM,0,3,5,5,7,7,24,24,25,25,28,22,0,25,5,24,3
20260211,prepaid,HKH,0,7,42,43,28,28,17,18,22,25,21,14,2,25,0,20,0
20260226,prepaid,ABE,0,17,56,56,22,24,15,21,16,25,26,17,6,25,3,17,3
20260215,prepaid,FMB,0,4,92,92,10,10,23,24,23,25,29,22,1,25,3,26,3
20260325,prepaid,TTN,0,1,1,1,3,3,21,21,24,25,22,15,1,25,3,39,3
20260308,prepaid,HKH,0,21,71,71,34,34,22,24,23,25,28,21,0,25,2,23,2
20260212,prepaid,GSD,0,11,27,27,13,15,17,22,17,25,24,19,5,25,4,25,0
20260128,prepaid,EMS,0,0,19,20,25,25,18,19,22,25,32,16,1,25,0,17,0
20260323,prepaid,GSD,0,19,22,22,29,33,13,15,16,25,9,8,2,25,0,11,0
20260116,prepaid,NMP,0,0,7,7,51,52,21,23,22,25,26,21,0,25,0,21,0
20260121,prepaid,CIQ,2,,,,60,65,21,23,22,25,23,20,1,25,2,23,1
20260124,prepaid,EMS,1,0,33,35,22,24,17,18,22,25,23,16,1,25,2,21,1
20260106,prepaid,NAP,0,30,119,126,28,30,3,25,3,25,,,9,25,29,30,12
20260405,prepaid,RPS,0,2,2,18,0,5,17,20,19,25,20,17,3,25,2,25,0
20260130,prepaid,CIQ,0,8,9,9,20,23,19,21,20,25,21,16,2,25,2,30,1
20260212,prepaid,SHC,0,18,39,50,33,33,21,23,23,25,20,18,2,25,0,23,0
20260106,prepaid,PIP,2,175,243,243,171,175,2,25,2,25,,,9,25,36,38,17
20260324,prepaid,GSL,0,11,19,19,27,29,19,20,24,25,126,13,0,25,6,30,2
20260110,prepaid,ILM,0,17,28,29,28,28,21,24,21,25,23,20,2,25,2,25,2
20260120,prepaid,AVH,1,20,23,23,25,28,24,25,24,25,26,21,1,25,0,20,0
20260326,prepaid,NMP,0,24,24,24,31,36,18,22,20,25,24,19,2,25,0,16,0
20260119,prepaid,EMS,0,0,42,46,17,17,23,24,24,25,31,24,0,25,5,19,2
20260327,prepaid,RDD,0,4,17,17,9,11,18,21,19,25,20,14,0,25,0,33,0
20260121,prepaid,GSD,0,6,17,17,5,6,13,19,15,25,23,17,4,25,8,27,1
20260121,prepaid,RPS,0,43,68,74,56,57,16,20,20,25,23,16,1,25,6,22,2
20260117,prepaid,FMB,1,3,4,16,13,15,16,20,19,25,19,13,3,25,1,13,0
20260401,prepaid,CLS,0,78,78,78,61,79,25,25,25,25,24,24,0,25,0,15,0
20260326,prepaid,CQN,0,15,24,24,21,21,16,22,18,25,23,21,3,25,6,25,1
20260124,prepaid,AVH,0,9,9,9,11,11,23,26,23,26,28,25,3,26,2,31,1
20260131,prepaid,FMB,1,8,10,10,6,8,21,24,21,26,23,20,0,26,3,25,3
20260320,prepaid,NMP,0,9,14,14,12,12,19,23,19,26,24,20,3,26,6,28,5
20260225,prepaid,NMS,0,17,22,31,21,21,18,19,24,26,15,14,0,26,3,31,2
20260111,prepaid,FMB,0,2,8,8,12,12,14,19,18,26,24,17,5,26,5,25,4
20260325,prepaid,RPS,0,25,41,44,31,33,18,22,18,26,20,17,5,26,2,24,0
20260110,prepaid,RPS,0,10,11,13,18,19,22,25,22,26,20,18,1,26,1,22,0
20260207,prepaid,CIQ,0,1,6,6,8,8,21,21,23,26,22,19,2,26,2,20,2
20260330,prepaid,GKS,0,26,76,76,27,28,21,25,21,26,25,21,3,26,1,25,0
20260112,prepaid,AVH,0,27,29,29,39,40,25,25,26,26,26,21,0,26,0,18,0
20260402,prepaid,NMS,0,56,65,67,17,71,9,10,21,26,9,8,3,26,1,6,1
20260217,prepaid,GSD,0,6,8,8,6,8,12,17,13,26,22,13,5,26,9,24,7
20260223,prepaid,MJH,0,20,20,20,20,20,15,17,20,26,20,14,4,26,2,23,0
20260215,prepaid,HKH,0,1,6,6,3,3,23,24,25,26,23,22,0,26,0,22,0
20260404,prepaid,RPS,0,25,27,34,3,43,18,23,20,26,20,17,3,26,7,27,4
20260120,prepaid,RDD,0,25,27,27,55,56,16,17,24,26,15,11,1,26,2,25,1
20260206,prepaid,HKH,0,7,17,17,20,20,17,22,19,26,21,18,1,26,1,28,1
20260325,prepaid,GSD,0,11,12,12,11,13,15,19,17,26,21,17,5,26,3,16,1
20260315,prepaid,MJH,0,18,18,18,18,18,24,26,24,26,27,23,1,26,0,20,0
20260121,prepaid,ILM,0,1,7,7,3,3,21,23,23,26,27,22,0,26,2,26,2
20260221,prepaid,NMP,0,8,8,8,9,9,24,25,26,27,21,20,0,27,1,24,1
20260228,prepaid,HKH,0,9,19,22,24,24,24,27,24,27,25,21,2,27,1,33,0
20260216,prepaid,EMC,2,36,36,36,76,79,24,25,26,27,23,21,1,27,0,9,0
20260201,prepaid,NMS,0,1,7,7,1,1,21,22,21,27,24,17,3,27,1,21,0
20260227,prepaid,HKH,1,10,25,26,15,16,25,27,25,27,29,21,1,27,2,21,2
20260328,prepaid,FMB,1,392,408,422,338,407,23,23,26,27,23,19,1,27,2,27,2
20260311,prepaid,GSD,0,5,12,12,9,10,17,19,20,27,21,15,4,27,7,18,4
20260401,prepaid,NMS,0,24,39,40,16,27,7,18,9,27,19,16,13,27,5,26,3
20260107,prepaid,GSD,1,0,6,6,9,11,16,19,17,27,23,17,0,27,1,7,0
20260218,prepaid,RDD,0,24,26,26,38,38,19,22,21,27,19,16,4,27,0,13,0
20260120,prepaid,ILM,0,1,2,2,7,7,22,23,23,27,24,22,0,27,0,20,0
20260224,prepaid,RPS,0,16,34,38,34,35,20,21,22,27,23,17,2,27,4,26,0
20260226,prepaid,VEH,0,4,8,9,15,17,14,17,17,27,15,12,5,27,2,20,0
20260404,prepaid,MJH,0,18,18,24,0,18,23,24,24,27,25,19,0,27,6,27,4
20260405,prepaid,MJH,0,11,11,25,0,12,19,25,19,27,27,23,2,27,2,26,0
20260207,prepaid,HKH,0,5,9,9,15,15,20,22,22,27,21,19,4,27,0,23,0
20260124,prepaid,GSD,0,,,,1,1,15,18,22,27,17,15,0,27,1,16,0
20260117,prepaid,AVH,0,14,18,18,21,22,23,25,25,27,24,22,1,27,1,19,1
20260130,prepaid,EMS,0,0,31,31,25,25,20,23,23,27,27,19,2,27,2,47,1
20260117,prepaid,RPS,0,11,21,29,13,13,24,25,26,27,28,23,0,27,3,19,2
20260123,prepaid,NMP,0,4,5,5,8,8,24,26,24,27,26,21,1,27,3,26,2
20260314,prepaid,NMP,0,14,14,14,18,19,22,23,23,27,19,16,2,27,3,27,2
20260227,prepaid,NMP,0,26,27,27,25,26,25,25,26,27,20,20,1,27,1,27,1
20260325,prepaid,NMP,0,20,32,32,19,20,18,23,22,27,23,19,0,27,2,28,0
20260324,prepaid,RDD,0,5,12,14,19,19,22,26,23,27,36,19,1,27,2,27,1
20260226,prepaid,HKH,1,18,24,24,24,26,21,24,24,27,26,20,0,27,4,29,1
20260130,prepaid,PFP,0,13,18,18,12,14,22,25,22,27,23,20,2,27,2,31,1
20260328,prepaid,GKS,0,19,19,19,19,19,20,22,22,27,26,20,4,27,3,20,2
20260206,prepaid,PFP,0,2,3,3,6,6,22,23,24,27,24,19,3,27,1,17,0
20260324,prepaid,NMS,0,2,7,7,13,13,23,24,27,28,27,22,1,28,2,28,0
20260314,prepaid,GSD,1,12,12,12,35,42,16,25,16,28,29,24,9,28,1,26,1
20260329,prepaid,KTH,0,88,90,90,87,88,25,25,26,28,26,24,0,28,2,24,1
20260322,prepaid,MJH,0,25,25,25,26,26,20,23,24,28,27,19,1,28,6,32,3
20260326,prepaid,GSD,0,29,32,32,23,29,18,21,19,28,19,16,5,28,2,19,1
20260223,prepaid,VEH,0,11,26,27,21,21,18,22,21,28,23,18,2,28,1,32,1
20260323,prepaid,GKA,1,80,96,96,78,80,18,19,24,28,5,4,2,28,,,
20260322,prepaid,RPS,0,2,5,9,2,3,20,21,22,28,25,16,2,28,13,34,5
20260227,prepaid,VEH,0,6,13,13,5,10,14,19,18,28,17,13,5,28,0,18,0
20260316,prepaid,RPS,0,34,41,50,66,78,26,27,26,28,30,25,0,28,5,23,1
20260112,prepaid,FMB,0,1,2,2,7,7,19,24,21,28,30,20,4,28,2,23,0
20260215,prepaid,VEH,0,8,10,10,6,9,11,16,12,28,15,12,9,28,3,13,1
20260120,prepaid,CIQ,0,22,87,87,26,27,18,21,24,28,17,14,2,28,0,24,0
20260305,prepaid,MJH,1,51,51,51,59,62,23,24,24,28,20,18,3,28,1,18,0
20260317,prepaid,ABE,2,37,49,50,48,51,19,23,21,28,30,16,3,28,7,31,7
20260131,prepaid,NMS,0,10,15,15,11,11,22,24,23,28,21,20,2,28,0,16,0
20260213,prepaid,HKH,0,7,8,8,21,21,28,28,28,28,28,26,0,28,3,30,1
20260127,prepaid,PFP,0,18,22,22,18,19,19,21,22,28,14,13,3,28,1,23,1
20260122,prepaid,PFP,1,12,21,21,13,14,23,28,23,28,28,25,3,28,1,25,1
20260125,prepaid,PFP,0,2,4,4,5,5,21,25,23,28,28,23,1,28,4,19,4
20260115,prepaid,CIQ,0,28,29,29,29,30,18,21,19,28,20,12,5,28,7,38,2
20260403,prepaid,MJH,0,31,32,33,4,31,20,23,25,28,21,18,0,28,1,22,1
20260318,prepaid,GSD,0,12,15,15,15,18,12,15,17,28,14,8,4,28,8,17,4
20260129,prepaid,FMB,0,2,6,6,19,19,20,23,22,28,26,22,4,28,2,20,2
20260330,prepaid,NMP,0,15,21,25,27,30,22,26,22,28,21,20,4,28,2,25,2
20260109,prepaid,ILM,0,8,18,18,13,13,27,27,27,28,30,25,0,28,1,34,0
20260319,prepaid,ROM,0,2,11,11,13,14,25,27,26,29,19,16,2,29,0,19,0
20260130,prepaid,NMS,0,5,6,12,13,13,22,25,24,29,27,24,2,29,4,37,3
20260317,prepaid,CQN,0,12,15,15,14,15,18,23,23,29,27,22,3,29,4,17,0
20260402,prepaid,CLS,0,58,70,70,24,58,28,29,28,29,34,29,1,29,4,38,1
20260324,prepaid,GSD,0,6,8,8,8,10,15,18,21,29,17,14,3,29,5,17,1
20260311,prepaid,MJH,0,15,23,23,15,15,25,25,27,29,28,24,1,29,2,31,1
20260328,prepaid,NMS,0,10,14,14,13,15,23,26,24,29,25,21,0,29,0,21,0
20260227,prepaid,GSD,1,0,13,13,8,10,17,21,17,29,24,18,7,29,3,21,1
20260124,prepaid,NMP,3,12,12,12,10,13,25,26,27,29,28,22,0,29,3,28,2
20260219,prepaid,GSD,1,3,7,7,13,20,9,16,16,29,16,12,5,29,4,25,1
20260323,prepaid,POP,0,21,21,247,21,21,22,24,25,29,22,19,2,29,4,31,2
20260218,prepaid,KAL,0,12,16,16,28,29,20,22,23,29,23,19,2,29,2,22,2
20260205,prepaid,GSD,0,3,9,9,12,14,19,23,24,29,21,18,2,29,3,19,2
20260321,prepaid,FMB,1,56,75,75,50,56,17,18,19,29,20,15,4,29,2,23,2
20260303,prepaid,ABE,1,7,18,18,17,20,18,19,22,29,24,19,4,29,3,26,3
20260316,prepaid,MJH,0,33,33,34,36,38,23,26,24,29,29,22,3,29,4,29,4
20260319,prepaid,KAL,1,13,18,18,24,25,24,25,27,29,26,22,1,29,1,28,1
20260321,prepaid,RDD,1,16,19,19,21,23,24,27,25,29,38,25,2,29,2,35,2
20260109,prepaid,AVH,1,25,26,26,27,28,27,28,28,29,27,24,1,29,0,31,0
20260224,prepaid,HKH,2,15,30,31,27,29,25,27,27,29,31,23,1,29,2,25,0
20260323,prepaid,RDD,0,11,28,30,10,13,28,28,29,29,26,20,0,29,2,15,1
20260209,prepaid,NMS,0,11,13,15,14,14,23,24,26,29,21,19,2,29,1,25,1
20260222,prepaid,RDD,0,1,1,1,1,1,24,25,29,30,25,20,1,30,4,31,0
20260208,prepaid,RPS,1,0,15,21,10,11,24,26,24,30,30,21,3,30,4,34,1
20260106,prepaid,KAL,1,79,213,213,77,79,3,29,3,30,,,12,30,26,29,15
20260106,prepaid,ILS,3,181,293,297,173,181,2,29,2,30,,,14,30,21,21,5
20260319,prepaid,MJH,0,15,15,15,15,17,24,25,27,30,21,19,1,30,2,28,1
20260127,prepaid,FMB,0,0,3,3,14,14,25,28,27,30,26,22,2,30,4,28,3
20260315,prepaid,GKS,0,18,18,18,17,18,23,28,24,30,28,23,4,30,2,30,1
20260324,prepaid,ABE,3,27,34,34,44,48,17,21,20,30,18,16,6,30,1,18,0
20260106,prepaid,LFS,0,94,335,356,94,94,3,29,3,30,,,10,30,27,30,12
20260222,prepaid,MJH,0,6,6,6,5,6,21,28,22,30,28,27,2,30,0,24,0
20260305,prepaid,ABE,5,51,75,76,96,105,19,23,24,30,24,13,5,30,6,19,3
20260324,prepaid,POP,0,4,4,4,4,4,28,29,29,30,30,24,0,30,4,25,1
20260404,prepaid,CQN,0,24,26,28,8,30,21,25,25,30,24,19,4,30,12,20,3
20260219,prepaid,RDD,1,23,24,24,23,24,27,29,28,30,27,24,1,30,2,22,1
20260221,prepaid,RDD,0,15,15,15,18,18,23,26,26,30,16,12,3,30,0,27,0
20260323,prepaid,CQN,0,30,33,38,38,38,26,28,27,30,25,24,2,30,4,17,0
20260204,prepaid,EMS,1,0,83,86,85,86,25,28,27,30,33,26,2,30,5,31,4
20260323,prepaid,PLN,0,0,42,110,48,48,0,31,0,31,184,30,0,31,7,38,7
20260119,prepaid,FMB,1,21,21,38,52,55,23,25,26,31,31,20,1,31,7,36,5
20260210,prepaid,RPS,1,12,75,76,33,34,22,24,26,31,25,17,2,31,3,21,1
20260325,prepaid,GSL,1,6,56,60,12,13,25,27,28,31,140,22,2,31,2,25,1
20260217,prepaid,VEH,0,4,23,23,6,7,11,17,17,31,25,14,5,31,2,17,1
20260222,prepaid,VEH,0,2,6,6,6,8,22,27,22,31,27,22,5,31,1,20,0
20260120,prepaid,EMS,0,0,30,32,17,17,25,29,26,31,38,26,3,31,1,23,0
20260219,prepaid,VEH,0,10,19,19,25,25,17,20,18,31,21,14,7,31,2,16,1
20260326,prepaid,ABE,0,29,49,51,27,31,18,21,22,31,21,17,4,31,3,21,3
20260330,prepaid,ABE,0,36,40,43,42,55,13,21,18,31,23,17,9,31,4,23,2
20260310,prepaid,GSD,1,6,16,16,5,6,20,24,21,31,24,19,5,31,5,31,0
20260303,prepaid,RPS,7,26,30,36,101,169,27,29,28,31,32,25,0,31,5,33,1
20260310,prepaid,MJH,1,23,35,37,27,28,24,28,26,31,28,24,3,31,4,24,3
20260327,prepaid,GSL,0,5,11,14,17,19,25,27,26,31,78,21,2,31,4,25,2
20260209,prepaid,CIQ,0,3,14,14,9,9,23,28,25,31,23,22,4,31,3,26,2
20260327,prepaid,RPS,0,23,38,41,41,42,26,29,27,31,32,28,2,31,5,33,2
20260123,prepaid,FMB,1,22,23,23,38,41,20,26,22,31,27,20,5,31,3,34,2
20260328,prepaid,NMP,0,18,19,20,17,18,24,27,28,31,28,24,0,31,4,27,4
20260207,prepaid,POW,0,45,50,50,56,56,28,30,29,31,31,27,1,31,1,40,1
20260106,prepaid,FHH,0,103,191,210,101,103,5,30,5,31,,,11,31,32,34,13
20260327,prepaid,NMP,0,20,20,20,16,20,25,28,26,31,26,23,2,31,3,32,1
20260115,prepaid,GSD,0,9,9,9,16,17,21,26,25,32,28,22,2,32,1,14,0
20260119,prepaid,RDD,0,29,61,62,28,29,21,23,26,32,20,11,4,32,1,21,1
20260209,prepaid,RPS,1,47,70,75,78,80,23,25,26,32,26,18,4,32,4,25,2
20260201,prepaid,EMS,1,0,39,55,47,48,29,31,29,32,34,26,3,32,1,29,1
20260106,prepaid,POW,0,434,434,434,428,434,9,32,9,32,,,11,32,34,39,12
20260325,prepaid,NMS,0,11,18,18,13,16,26,29,26,32,27,21,1,32,2,22,1
20260223,prepaid,GLA,1,7,7,7,28,31,17,17,22,32,4,2,2,32,2,29,1
20260113,prepaid,ILM,0,9,17,18,15,15,26,28,29,32,30,22,2,32,4,28,1
20260106,prepaid,ROP,1,174,540,542,167,174,3,31,3,32,,,14,32,28,30,13
20260224,prepaid,GSD,0,1,8,8,12,12,13,20,17,32,18,15,7,32,6,24,3
20260213,prepaid,VEH,0,12,15,16,28,30,19,24,19,32,27,19,7,32,4,22,3
20260121,prepaid,FBD,0,24,40,40,134,137,25,28,28,32,29,24,4,32,3,32,2
20260221,prepaid,FMB,0,41,156,156,61,68,19,21,27,32,21,16,0,32,3,30,2
20260108,prepaid,RDD,0,37,37,92,36,38,25,28,27,32,58,27,2,32,5,20,3
20260110,prepaid,CMD,0,46,49,50,45,48,28,29,30,32,37,26,1,32,0,31,0
20260221,prepaid,KAL,0,4,12,12,11,11,21,26,24,32,23,18,2,32,5,34,1
20260111,prepaid,CMD,0,24,25,26,25,26,24,30,24,32,44,24,3,32,6,39,3
20260123,prepaid,PFP,0,27,31,31,35,36,25,28,28,32,33,26,2,32,5,29,2
20260309,prepaid,MJH,0,20,29,29,23,23,28,30,28,32,32,27,2,32,2,36,1
20260405,prepaid,GSL,0,1,1,9,0,1,29,31,29,32,60,29,0,32,3,21,0
20260114,prepaid,VEH,4,19,27,28,284,334,14,18,18,32,21,13,2,32,4,27,4
20260128,prepaid,NMS,0,10,18,20,12,12,26,29,29,33,30,22,1,33,6,28,2
20260106,prepaid,GOK,0,79,180,191,77,79,1,33,1,33,,,12,33,37,37,10
20260216,prepaid,VEH,0,19,38,40,50,52,16,20,16,33,21,15,9,33,6,20,3
20260219,prepaid,FMB,0,23,31,31,20,23,23,30,25,33,26,21,3,33,1,24,0
20260329,prepaid,MJH,0,23,23,27,21,23,28,30,30,33,34,29,1,33,1,28,0
20260325,prepaid,PFP,0,3,5,5,2,3,21,28,22,33,28,21,4,33,5,23,2
20260218,prepaid,VEH,0,13,20,23,32,36,16,21,20,33,17,12,6,33,0,16,0
20260208,prepaid,FMB,0,1,7,7,1,1,22,29,24,33,28,23,5,33,4,38,3
20260330,prepaid,RPS,0,21,30,30,34,36,21,26,24,33,24,19,5,33,5,39,3
20260322,prepaid,RDD,0,,,,2,2,27,30,28,33,30,23,3,33,7,48,6
20260314,prepaid,RPS,0,21,23,32,22,24,27,30,27,33,27,25,2,33,3,23,2
20260220,prepaid,RDD,0,12,15,17,14,14,26,28,30,33,32,24,2,33,1,22,1
20260324,prepaid,PFP,1,60,60,60,58,62,27,30,27,33,32,22,3,33,16,42,6
20260223,prepaid,RDD,0,12,13,13,12,12,31,32,32,33,32,29,0,33,2,24,1
20260403,prepaid,CQN,0,22,27,27,16,26,25,30,27,33,29,22,4,33,6,27,1
20260108,prepaid,RDT,0,161,169,172,188,189,29,31,31,33,110,27,1,33,3,21,3
20260210,prepaid,GSD,0,0,20,20,8,8,27,28,29,33,34,25,2,33,5,30,1
20260123,prepaid,EMS,0,0,21,22,43,43,23,27,26,33,29,22,2,33,2,27,2
20260327,prepaid,ABE,1,23,28,29,29,41,22,25,25,33,31,21,5,33,3,19,3
20260219,prepaid,KAL,1,8,9,9,12,13,28,30,30,33,36,27,1,33,5,38,3
20260220,prepaid,EMC,0,34,36,36,33,34,25,28,28,33,28,18,3,33,6,49,6
20260108,prepaid,ILM,0,20,22,22,25,25,28,29,31,33,29,24,1,33,1,22,1
20260313,prepaid,MJH,1,21,28,28,36,39,27,29,30,33,30,26,3,33,2,36,1
20260226,prepaid,RPS,0,40,46,48,54,54,31,32,32,33,38,29,1,33,4,41,3
20260124,prepaid,CIQ,0,0,12,12,36,40,26,29,28,33,30,23,1,33,2,21,1
20260315,prepaid,ABE,1,4,15,15,9,10,20,27,23,33,31,24,6,33,4,27,4
20260123,prepaid,RDD,0,0,2,2,13,13,26,28,27,34,24,19,6,34,4,43,1
20260116,prepaid,AVH,1,22,25,25,23,24,29,31,31,34,34,30,1,34,2,30,2
20260324,prepaid,FMB,0,16,37,38,17,18,22,28,24,34,33,23,4,34,4,29,4
20260327,prepaid,SHO,0,2,7,8,4,5,17,20,22,34,23,13,5,34,16,29,2
20260403,prepaid,NMS,0,4,5,6,6,13,26,30,26,34,35,27,6,34,6,34,2
20260129,prepaid,SHC,1,14,59,69,45,46,22,23,26,34,16,15,6,34,2,21,1
20260225,prepaid,EMC,1,74,74,74,68,74,32,34,32,34,42,32,1,34,5,13,2
20260309,prepaid,GSD,7,26,26,26,60,70,23,28,27,34,23,20,2,34,4,18,2
20260323,prepaid,GSL,0,40,63,66,45,48,24,27,29,34,96,16,1,34,3,24,3
20260319,prepaid,PLN,147,22,42,75,68,215,0,34,0,34,224,34,0,34,0,34,0
20260206,prepaid,RPS,0,9,57,63,16,16,24,26,27,34,29,23,3,34,7,34,4
20260120,prepaid,RPS,0,29,48,53,35,36,28,31,29,34,30,25,0,34,5,34,0
20260109,prepaid,KTH,0,,,,2,2,32,32,33,34,32,29,1,34,0,41,0
20260328,prepaid,MJH,1,22,23,23,21,22,24,29,29,35,29,24,3,35,1,33,1
20260317,prepaid,RPS,0,31,41,46,38,38,29,31,30,35,32,23,0,35,6,26,1
20260113,prepaid,FMB,0,23,32,32,23,24,23,28,28,35,32,23,5,35,3,24,1
20260405,prepaid,NMS,0,1,1,1,0,1,24,30,26,35,29,24,5,35,2,32,0
20260108,prepaid,SHC,1,6,120,129,15,16,32,33,34,35,30,22,1,35,3,36,1
20260313,prepaid,RPS,0,16,21,21,28,31,24,25,27,35,27,21,1,35,1,30,1
20260329,prepaid,ABE,0,9,27,29,15,18,22,27,24,35,28,21,7,35,5,32,4
20260326,prepaid,RPS,0,21,39,40,34,35,28,29,31,35,29,26,3,35,2,22,1
20260322,prepaid,POP,0,19,19,21,19,19,32,33,33,35,39,28,2,35,4,38,4
20260106,prepaid,VEL,6,345,459,467,334,345,3,33,3,35,,,14,35,37,39,16
20260325,prepaid,GKS,0,33,35,35,33,33,31,32,32,35,35,30,2,35,4,30,1
20260106,prepaid,BFK,0,301,444,444,296,301,3,33,4,35,,,13,35,32,36,14
20260214,prepaid,VEH,1,18,52,52,16,21,16,19,17,35,18,13,3,35,3,22,0
20260317,prepaid,GSL,1,84,123,149,113,118,27,30,29,35,246,25,1,35,5,33,1
20260326,prepaid,GKS,1,17,17,17,19,21,30,33,30,35,29,24,4,35,4,36,2
20260306,prepaid,RDD,0,6,10,10,5,6,33,35,33,35,40,31,1,35,2,14,0
20260404,prepaid,GSL,0,6,6,8,0,24,34,35,34,35,70,34,0,35,17,50,2
20260322,prepaid,FMB,0,11,39,39,21,21,23,27,29,35,35,26,4,35,8,36,5
20260225,prepaid,HKH,0,10,18,18,25,25,31,33,32,35,29,24,1,35,2,26,1
20260301,prepaid,RPS,0,16,23,23,20,20,31,33,32,35,35,26,0,35,4,34,1
20260319,prepaid,FMB,1,20,20,20,25,28,16,24,21,35,21,17,6,35,1,23,1
20260323,prepaid,FMB,2,12,14,15,33,39,20,25,27,35,22,15,5,35,5,20,3
20260331,prepaid,RPS,0,10,25,28,14,19,18,24,25,35,24,21,4,35,0,12,0
20260329,prepaid,FMB,0,217,334,349,184,229,27,32,27,35,45,28,2,35,10,37,6
20260401,prepaid,NMP,0,17,18,19,12,19,14,25,22,36,27,23,8,36,3,26,2
20260127,prepaid,EMS,0,1,57,58,55,55,30,34,32,36,37,32,0,36,0,23,0
20260223,prepaid,FMB,9,199,216,216,259,288,28,31,31,36,31,23,3,36,3,27,0
20260126,prepaid,CIQ,0,2,27,27,17,17,18,27,22,36,17,13,9,36,3,23,3
20260124,prepaid,RDD,0,30,35,35,32,32,26,29,31,36,26,24,2,36,2,39,1
20260127,prepaid,CIQ,1,12,12,12,34,37,20,26,26,36,26,23,7,36,4,37,3
20260124,prepaid,FMB,0,7,10,10,7,8,26,28,33,36,23,21,1,36,2,27,2
20260328,prepaid,RDD,0,0,1,1,12,12,27,29,31,36,28,25,1,36,2,29,2
20260405,prepaid,CQN,0,21,21,25,0,23,26,30,27,36,30,26,5,36,9,31,0
20260317,prepaid,SHC,0,34,90,102,59,59,28,32,29,36,37,29,4,36,5,37,2
20260207,prepaid,PFP,0,1,2,2,2,2,30,34,30,36,35,31,5,36,1,34,1
20260325,prepaid,ABE,0,13,15,15,20,21,17,22,23,36,23,19,3,36,2,23,1
20260120,prepaid,FMB,0,22,36,36,20,22,29,33,30,36,29,25,4,36,3,32,2
20260325,prepaid,GKA,0,,,,16,16,17,20,25,36,17,11,9,36,2,3,0
20260327,prepaid,CQN,0,14,22,23,22,23,22,27,30,36,27,24,1,36,4,25,0
20260213,prepaid,GSD,0,5,10,10,10,16,22,28,24,36,28,23,5,36,1,19,1
20260221,prepaid,VEH,0,9,20,20,7,9,28,30,31,36,29,25,1,36,3,22,0
20260108,prepaid,FBD,1,130,141,141,129,131,33,37,33,37,41,37,1,37,7,41,3
20260403,prepaid,RPS,0,31,49,49,3,46,31,35,33,37,35,27,2,37,4,33,2
20260317,prepaid,RDD,0,5,9,11,10,11,30,34,32,37,43,33,2,37,3,21,2
20260202,prepaid,POW,0,82,82,82,98,98,34,35,36,37,34,29,1,37,3,45,0
20260317,prepaid,MJH,0,16,17,17,17,17,28,33,32,37,33,26,3,37,3,22,1
20260325,prepaid,CQN,0,26,32,32,27,28,28,32,32,37,29,28,0,37,3,37,1
20260222,prepaid,TTN,0,67,73,73,66,67,31,34,33,37,35,24,3,37,5,77,0
20260107,prepaid,CMD,1,36,48,53,36,38,29,32,31,37,37,26,3,37,5,22,2
20260211,prepaid,SHC,1,29,55,60,86,88,33,36,33,37,37,32,2,37,3,43,1
20260320,prepaid,CDM,1,35,68,74,74,80,29,37,29,37,36,26,4,37,8,35,4
20260227,prepaid,GLA,2,13,16,18,12,14,26,29,29,37,27,23,5,37,2,25,1
20260328,prepaid,RPS,0,14,23,25,26,28,28,31,30,37,35,26,6,37,3,28,3
20260401,prepaid,GSD,0,4,12,12,5,7,5,14,6,37,10,8,7,37,3,11,2
20260220,prepaid,KAL,0,21,28,28,22,22,33,37,33,38,39,30,1,38,8,32,4
20260214,prepaid,POW,0,32,32,32,31,32,35,37,36,38,37,31,0,38,0,34,0
20260401,prepaid,RPS,0,9,20,24,17,24,23,29,31,38,29,26,3,38,3,32,3
20260326,prepaid,MJH,0,29,29,29,28,30,31,35,32,38,38,33,4,38,3,32,3
20260130,prepaid,SHC,1,4,61,80,94,95,25,30,30,38,28,27,2,38,1,26,0
20260316,prepaid,ABE,3,34,48,50,42,50,27,29,31,38,32,24,4,38,2,25,1
20260310,prepaid,NMP,2,12,18,19,43,45,34,35,36,38,34,33,0,38,2,37,0
20260122,prepaid,RPS,1,37,49,54,76,79,33,36,34,38,35,31,3,38,5,35,2
20260320,prepaid,MJH,1,15,26,26,15,16,29,34,32,38,35,31,3,38,1,45,0
20260330,prepaid,MJH,0,23,23,23,20,24,33,35,35,38,34,29,1,38,3,30,3
20260321,prepaid,ABE,1,11,16,16,17,20,25,27,30,38,35,18,3,38,17,46,14
20260124,prepaid,PFP,0,2,7,7,6,6,31,34,34,38,32,27,3,38,2,38,0
20260321,prepaid,GSL,0,6,12,15,12,12,28,32,31,38,149,27,2,38,7,35,5
20260302,prepaid,RPS,1,38,185,224,44,45,34,35,35,38,30,27,0,38,2,34,0
20260212,prepaid,VEH,0,12,13,13,12,14,21,30,25,38,29,24,8,38,2,30,1
20260326,prepaid,FMB,1,35,51,52,40,47,30,33,35,38,37,27,1,38,6,39,4
20260213,prepaid,POW,0,51,51,51,51,51,36,37,37,38,41,33,0,38,3,44,2
20260223,prepaid,RPS,0,40,62,65,60,61,31,31,35,39,26,23,1,39,2,31,2
20260317,prepaid,ROM,1,4,18,18,7,8,37,37,39,39,36,31,0,39,3,16,1
20260329,prepaid,PLN,0,1,42,42,24,24,0,39,0,39,302,32,0,39,42,81,42
20260305,prepaid,RPS,0,23,45,46,29,31,31,39,31,39,31,25,5,39,8,39,1
20260317,prepaid,GKS,0,18,19,20,18,19,35,37,35,39,33,31,2,39,0,26,0
20260331,prepaid,CQN,0,29,34,34,35,37,33,37,34,39,38,35,2,39,9,33,1
20260316,prepaid,GKS,1,17,23,24,17,18,31,32,36,39,34,28,3,39,2,38,0
20260122,prepaid,FMB,0,3,22,22,5,5,27,33,30,39,36,30,6,39,3,28,0
20260129,prepaid,EMS,1,0,36,37,37,39,33,37,35,39,39,23,0,39,1,24,1
20260108,prepaid,CMD,2,39,44,46,48,50,32,33,35,39,36,27,2,39,4,26,3
20260318,prepaid,MJH,1,31,32,33,28,31,30,34,32,39,37,29,5,39,5,31,3
20260127,prepaid,RDD,0,3,31,31,8,8,32,34,34,39,35,27,1,39,1,29,0
20260228,prepaid,SHC,0,9,58,67,31,32,33,38,33,39,37,29,1,39,11,66,5
20260221,prepaid,EMC,0,27,30,31,26,27,33,36,35,39,36,30,4,39,5,32,3
20260327,prepaid,FMB,0,10,19,19,33,34,30,34,33,39,30,26,2,39,2,32,2
20260323,prepaid,RPS,3,30,34,36,43,47,29,33,32,39,37,26,5,39,2,27,0
20260222,prepaid,EMC,0,0,28,28,4,5,31,32,36,39,28,24,1,39,1,41,1
20260401,prepaid,CQN,0,27,37,37,31,37,30,34,32,39,39,32,4,39,12,29,4
20260211,prepaid,VEH,1,13,15,16,14,18,25,28,29,40,27,18,0,40,5,32,4
20260325,prepaid,RDD,0,1,11,11,12,13,32,37,34,40,26,19,2,40,1,27,1
20260126,prepaid,RDD,0,27,31,31,27,28,35,37,37,40,43,33,1,40,1,14,1
20260401,prepaid,ABE,0,12,12,16,12,23,18,28,23,40,26,23,13,40,1,28,1
20260319,prepaid,RDD,0,40,49,49,41,42,37,38,38,40,35,27,1,40,1,75,1
20260205,prepaid,HKH,0,12,25,25,36,36,30,34,34,40,37,31,3,40,1,33,1
20260129,prepaid,NMS,0,14,20,20,14,15,33,36,35,40,45,29,2,40,5,32,5
20260331,prepaid,SHC,0,33,65,74,44,55,7,22,14,40,22,17,21,40,5,30,2
20260322,prepaid,ABE,0,7,17,17,8,9,28,31,33,40,30,23,4,40,4,26,2
20260130,prepaid,FMB,1,,,,3,4,32,33,37,40,31,28,1,40,0,32,0
20260205,prepaid,EMS,4,1,49,51,113,119,31,36,35,40,44,30,4,40,6,40,3
20260401,prepaid,RDD,0,21,26,27,5,27,28,35,32,40,36,33,7,40,1,18,1
20260404,prepaid,PLN,0,1,6,16,0,19,40,40,40,40,175,40,0,40,3,24,0
20260220,prepaid,VEH,0,10,11,11,21,25,25,29,27,40,31,26,4,40,3,27,2
20260106,prepaid,NUA,1,291,294,301,285,291,6,40,6,40,,,15,40,50,56,13
20260223,prepaid,HKH,1,24,38,38,34,36,38,40,38,40,38,36,1,40,3,42,2
20260308,prepaid,ABE,3,9,29,29,12,15,24,29,27,40,43,23,10,40,10,41,6
20260329,prepaid,RPS,0,2,13,14,8,8,29,36,31,40,39,33,5,40,4,25,3
20260217,prepaid,POW,0,20,20,20,21,21,36,38,38,40,42,36,1,40,0,47,0
20260312,prepaid,MJH,1,21,30,30,37,39,33,38,34,40,36,34,3,40,1,35,0
20260225,prepaid,SHC,0,6,78,87,47,48,30,33,37,40,38,29,1,40,1,31,0
20260314,prepaid,ABE,2,31,42,43,40,42,26,30,33,40,29,23,4,40,4,30,4
20260318,prepaid,ABE,1,18,24,24,27,30,28,32,31,40,29,20,4,40,4,31,3
20260201,prepaid,HKH,0,21,44,47,41,43,33,38,34,40,48,30,3,40,3,42,1
20260131,prepaid,SHC,0,13,48,66,33,33,35,36,40,41,41,34,1,41,3,32,3
20260327,prepaid,GKS,0,16,16,16,16,17,35,37,37,41,34,32,3,41,1,38,1
20260218,prepaid,GSD,0,4,23,23,5,6,20,29,24,41,26,23,6,41,2,19,1
20260330,prepaid,GSD,0,18,18,18,21,24,8,27,12,41,25,19,4,41,9,18,3
20260219,prepaid,POW,0,26,26,27,25,26,39,39,40,41,36,34,0,41,0,34,0
20260213,prepaid,GKP,0,58,68,68,60,60,37,41,37,41,45,39,1,41,2,39,2
20260301,prepaid,ABE,0,3,14,14,2,3,27,33,29,41,40,28,7,41,6,50,4
20260219,prepaid,EMC,0,32,32,32,30,32,33,40,34,41,48,34,6,41,1,45,0
20260209,prepaid,HKH,0,16,28,31,28,28,33,36,36,41,38,34,4,41,1,35,1
20260204,prepaid,HKH,0,1,25,26,6,6,32,36,34,42,33,30,1,42,2,39,2
20260308,prepaid,SHC,0,8,19,19,12,12,35,37,37,42,41,32,1,42,3,45,3
20260108,prepaid,CIQ,0,5,9,9,8,9,30,35,33,42,40,26,5,42,0,33,0
20260221,prepaid,TTN,0,28,28,28,30,31,36,38,39,42,39,30,1,42,2,39,1
20260324,prepaid,CQN,0,19,21,21,21,22,33,39,36,42,41,38,2,42,4,44,1
20260214,prepaid,HKH,0,4,6,6,5,5,38,41,39,42,43,39,1,42,2,41,0
20260223,prepaid,EMC,0,30,30,30,56,58,37,39,38,42,41,34,4,42,1,25,0
20260131,prepaid,EMS,0,2,48,69,20,20,37,38,41,42,34,30,1,42,2,42,2
20260108,prepaid,EMS,0,1,16,23,8,8,31,34,36,42,49,28,2,42,10,47,4
20260326,prepaid,SHC,0,34,57,60,47,53,30,33,36,42,42,26,0,42,2,30,1
20260404,prepaid,NMS,0,3,3,4,0,4,34,36,38,42,39,30,3,42,5,36,3
20260205,prepaid,RPS,0,16,22,23,33,33,28,33,30,42,32,28,5,42,5,30,1
20260402,prepaid,CQN,0,19,23,24,28,29,36,36,41,42,38,31,0,42,9,25,2
20260218,prepaid,POW,0,23,23,23,23,23,39,39,40,42,37,31,2,42,0,38,0
20260204,prepaid,RPS,0,15,32,39,27,27,29,34,33,42,34,30,3,42,4,39,1
20260218,prepaid,EMC,1,34,34,34,32,34,39,41,39,42,44,38,1,42,0,17,0
20260209,prepaid,POW,0,30,30,30,33,33,38,42,39,43,41,36,3,43,0,45,0
20260321,prepaid,RPS,0,10,15,18,20,21,29,33,32,43,30,22,5,43,6,34,3
20260216,prepaid,RDD,0,25,26,26,25,25,32,32,40,43,23,20,0,43,1,21,0
20260307,prepaid,NMP,0,22,22,22,36,37,39,43,39,43,42,41,1,43,3,42,3
20260319,prepaid,RPS,0,18,35,38,27,27,25,27,31,43,34,25,7,43,2,43,1
20260225,prepaid,RPS,2,19,32,36,37,40,40,40,42,43,35,33,0,43,3,23,0
20260208,prepaid,POW,0,34,37,37,38,39,42,43,42,43,45,40,1,43,1,40,0
20260108,prepaid,FMB,1,21,29,29,24,27,26,33,30,43,35,21,5,43,4,43,2
20260207,prepaid,RPS,2,18,38,41,52,59,32,36,34,43,36,31,3,43,6,32,3
20260319,prepaid,ABE,0,28,34,34,32,33,33,35,35,43,40,26,4,43,7,31,5
20260110,prepaid,SHC,1,65,95,112,69,70,34,41,35,43,45,32,4,43,2,45,1
20260304,prepaid,SHC,0,1,18,22,3,4,29,32,34,43,39,24,4,43,14,48,2
20260203,prepaid,EMS,2,2,137,137,42,44,39,42,40,43,50,41,1,43,3,37,1
20260328,prepaid,SHO,0,4,10,11,7,7,34,36,37,44,26,24,5,44,7,29,0
20260223,prepaid,TTN,1,78,79,80,83,84,40,40,43,44,36,27,0,44,3,73,1
20260402,prepaid,ABE,0,1,1,1,0,1,21,26,33,44,34,24,5,44,7,30,5
20260323,prepaid,NMS,0,24,33,33,26,31,34,40,38,44,35,30,3,44,3,32,2
20260125,prepaid,CIQ,1,2,17,17,12,14,31,40,33,44,45,33,4,44,4,36,2
20260117,prepaid,FBD,0,47,63,63,75,75,38,41,38,44,48,37,2,44,2,55,1
20260113,prepaid,VEH,15,13,22,23,567,680,26,35,30,44,32,21,7,44,2,28,1
20260115,prepaid,POW,1,39,39,39,41,43,37,39,40,44,47,36,2,44,2,28,0
20260214,prepaid,RPS,0,18,30,34,37,40,35,40,38,44,39,33,6,44,8,38,1
20260123,prepaid,RPS,2,33,49,51,40,43,30,40,34,44,49,37,2,44,10,45,5
20260331,prepaid,GSD,0,18,22,22,16,18,11,20,13,44,19,16,2,44,2,12,0
20260324,prepaid,BFK,0,14,15,15,16,17,28,30,32,44,38,28,2,44,1,19,0
20260115,prepaid,SHC,0,7,59,66,26,27,36,38,40,44,53,32,2,44,8,44,3
20260403,prepaid,ABE,0,1,1,1,1,1,26,35,29,45,40,30,8,45,8,44,7
20260313,prepaid,ABE,2,8,19,19,15,18,28,35,35,45,35,27,8,45,6,47,3
20260213,prepaid,SHC,0,8,74,82,29,30,36,42,39,45,51,40,0,45,4,42,2
20260215,prepaid,POW,0,38,38,38,38,38,41,44,42,45,44,38,2,45,0,45,0
20260206,prepaid,SHC,0,1,59,76,50,51,41,42,43,45,35,26,0,45,3,44,2
20260125,prepaid,RPS,0,16,29,33,16,17,40,42,40,45,48,38,3,45,9,42,2
20260207,prepaid,SHC,2,8,41,53,68,70,41,43,42,45,50,41,1,45,4,38,2
20260403,prepaid,CLS,0,71,80,80,18,83,41,43,42,45,44,38,1,45,8,52,0
20260320,prepaid,ABE,0,14,23,23,19,20,28,39,29,45,42,30,8,45,7,44,6
20260328,prepaid,CDM,0,0,64,72,45,50,36,42,37,45,56,36,5,45,7,43,2
20260211,prepaid,POW,0,31,34,35,34,35,41,41,45,45,49,38,0,45,0,38,0
20260129,prepaid,FBD,0,98,112,114,140,140,40,41,44,45,49,37,1,45,6,74,1
20260219,prepaid,RPS,1,38,49,51,45,47,36,37,38,45,38,31,2,45,3,33,1
20260120,prepaid,KAL,0,3,6,7,3,3,29,36,36,46,30,27,5,46,4,57,3
20260220,prepaid,FMB,0,59,86,86,64,66,29,38,33,46,40,34,6,46,4,37,2
20260323,prepaid,BFK,1,17,20,277,21,23,28,28,34,46,30,22,2,46,0,17,0
20260119,prepaid,POW,0,123,123,123,123,123,37,40,42,46,41,30,1,46,6,46,4
20260109,prepaid,CMD,1,24,27,28,28,30,41,43,42,46,51,39,3,46,7,43,5
20260203,prepaid,SHC,1,16,67,81,37,39,42,44,43,46,50,39,1,46,4,57,3
20260206,prepaid,POW,0,23,34,34,23,23,43,44,45,46,36,33,0,46,2,74,1
20260324,prepaid,RPS,0,13,20,21,18,18,37,38,42,46,31,29,3,46,5,37,1
20260212,prepaid,RPS,1,30,43,47,35,37,41,44,41,46,43,36,2,46,11,45,3
20260118,prepaid,FBD,0,9,43,43,13,13,39,43,41,47,41,33,3,47,2,46,1
20260330,prepaid,CDM,0,0,121,121,49,53,39,42,42,47,49,34,3,47,4,41,3
20260328,prepaid,ABE,0,14,25,25,15,20,35,40,37,47,43,37,7,47,2,46,2
20260227,prepaid,RPS,0,22,33,37,30,30,45,46,46,47,43,40,0,47,6,41,2
20260312,prepaid,RPS,2,27,32,39,33,35,30,32,32,47,29,26,7,47,5,26,3
20260307,prepaid,ABE,6,44,52,52,55,63,31,40,34,47,40,31,8,47,4,30,3
20260331,prepaid,ABE,0,15,26,29,17,21,16,37,22,47,33,29,8,47,5,34,2
20260111,prepaid,EMS,0,0,9,13,17,17,34,41,36,47,43,34,5,47,3,48,0
20260306,prepaid,ABE,1,30,50,50,46,52,34,40,37,47,41,35,5,47,9,38,4
20260131,prepaid,HKH,0,21,43,46,43,45,46,46,46,47,53,43,0,47,3,56,2
20260122,prepaid,SHC,0,0,56,101,11,11,38,39,43,47,42,34,2,47,1,34,0
20260114,prepaid,CIQ,0,2,2,2,17,17,34,37,37,47,39,27,5,47,2,26,1
20260127,prepaid,VEH,2,50,69,71,76,82,25,31,29,47,35,18,9,47,9,32,8
20260106,prepaid,PSP,0,393,509,516,388,393,4,46,4,47,,,19,47,49,49,15
20260122,prepaid,FBD,0,10,23,25,24,24,40,42,44,47,39,37,2,47,5,50,2
20260326,prepaid,CDM,0,0,29,29,26,27,37,38,44,47,25,20,2,47,5,57,2
20260107,prepaid,KTH,0,8,12,12,9,10,46,47,46,47,48,43,0,47,1,36,1
20260321,prepaid,TTN,0,80,80,80,79,80,39,42,43,47,33,29,0,47,3,82,3
20260203,prepaid,RPS,0,11,23,23,23,26,35,41,39,48,41,35,2,48,1,39,1
20260312,prepaid,ABE,2,14,24,25,25,30,33,41,37,48,47,33,5,48,8,49,7
20260320,prepaid,FMB,0,29,30,30,27,29,28,35,30,48,38,32,9,48,5,34,4
20260109,prepaid,SHC,0,46,56,68,159,162,45,47,46,48,56,43,0,48,2,42,1
20260121,prepaid,SHC,0,49,63,73,118,119,37,44,39,48,41,34,4,48,3,38,1
20260111,prepaid,RDD,0,0,20,20,4,4,37,41,42,48,43,27,0,48,12,35,0
20260202,prepaid,PFP,0,14,30,30,20,20,38,43,42,48,37,34,3,48,4,45,3
20260318,prepaid,SHC,0,25,54,63,132,135,43,43,45,48,45,36,2,48,5,33,3
20260210,prepaid,POW,0,43,47,47,42,43,41,44,45,48,43,40,3,48,0,38,0
20260115,prepaid,FMB,1,16,19,19,21,24,32,40,37,48,29,27,6,48,0,17,0
20260323,prepaid,ABE,1,21,41,42,27,33,30,40,34,48,32,28,7,48,3,36,3
20260402,prepaid,GSD,0,2,17,18,1,7,19,20,29,48,19,18,1,48,0,9,0
20260109,prepaid,EMS,0,2,15,26,18,18,40,42,42,49,55,37,3,49,19,51,7
20260209,prepaid,SHC,0,6,37,46,18,18,40,45,43,49,43,35,3,49,2,45,2
20260228,prepaid,RPS,0,13,21,25,27,27,46,48,47,49,55,44,1,49,5,54,1
20260326,prepaid,RDD,0,47,48,48,49,50,41,44,45,49,45,38,2,49,1,36,0
20260113,prepaid,CIQ,1,1,18,18,33,38,37,43,39,49,49,39,7,49,5,47,2
20260206,prepaid,VEH,0,32,40,41,40,40,37,38,39,49,41,27,4,49,3,39,3
20260206,prepaid,EMS,1,0,78,81,74,76,42,44,46,49,44,35,3,49,5,32,3
20260211,prepaid,RPS,0,15,22,23,72,76,40,44,43,49,47,38,1,49,10,53,4
20260216,prepaid,POW,0,49,50,52,48,49,45,48,46,49,45,41,2,49,1,47,1
20260129,prepaid,CIQ,0,3,18,18,2,3,31,36,39,49,36,30,2,49,0,21,0
20260327,prepaid,CDM,1,0,57,57,42,52,39,43,42,49,48,39,2,49,7,49,4
20260116,prepaid,CIQ,0,12,47,47,13,13,38,42,40,49,37,31,3,49,4,31,2
20260112,prepaid,VEH,1,25,1117,1343,26,30,23,32,26,49,46,23,9,49,3,34,0
20260112,prepaid,CIQ,1,20,57,57,36,38,36,43,41,50,37,31,5,50,0,44,0
20260314,prepaid,GKS,0,19,21,21,19,20,44,46,47,50,43,37,2,50,3,38,2
20260113,prepaid,RDD,4,13,16,16,337,356,42,43,46,50,39,30,3,50,1,39,0
20260122,prepaid,EMS,0,0,30,31,22,22,38,44,43,50,57,43,2,50,6,52,5
20260107,prepaid,SHC,0,35,47,62,95,95,44,45,49,50,61,41,1,50,2,30,1
20260217,prepaid,RPS,1,37,58,59,54,57,37,43,41,51,38,36,3,51,9,38,1
20260318,prepaid,GSL,2,5,16,21,28,32,40,43,46,51,213,34,3,51,2,33,1
20260319,prepaid,CUL,0,56,61,61,59,60,41,48,44,51,52,48,5,51,4,52,1
20260113,prepaid,CMD,8,51,87,91,89,97,39,47,43,51,48,39,4,51,4,48,1
20260401,prepaid,CDM,0,4,57,60,86,114,23,36,29,51,33,27,10,51,5,40,3
20260201,prepaid,SHC,0,31,32,32,94,95,47,49,49,51,58,46,0,51,3,45,1
20260304,prepaid,CMD,0,3,32,35,17,17,44,48,47,51,57,41,3,51,17,58,10
20260227,prepaid,ABE,3,7,19,20,39,45,37,41,42,51,47,38,6,51,8,48,7
20260126,prepaid,VEH,0,2,8,8,30,30,28,34,31,51,38,26,9,51,9,40,7
20260216,prepaid,TTN,0,95,95,96,101,101,43,47,46,51,58,39,3,51,1,23,0
20260114,prepaid,CMD,0,10,54,70,9,10,39,43,45,51,50,35,5,51,3,45,2
20260107,prepaid,EMS,0,0,6,10,19,19,38,44,42,51,66,38,7,51,6,23,3
20260310,prepaid,HKH,3,510,886,893,522,533,41,49,43,51,57,43,2,51,8,51,3
20260311,prepaid,RPS,1,17,34,34,44,47,25,27,30,51,26,22,5,51,3,31,1
20260323,prepaid,TTN,0,9,9,9,21,21,40,47,44,51,51,39,2,51,8,53,6
20260306,prepaid,RPS,0,19,29,30,39,39,36,46,38,51,53,42,5,51,4,33,0
20260118,prepaid,SHC,0,6,7,7,9,9,43,47,44,51,47,38,3,51,7,83,3
20260305,prepaid,CMD,4,56,95,112,81,88,42,47,45,52,45,30,5,52,10,43,6
20260303,prepaid,EMC,0,77,87,87,77,77,42,45,47,52,39,32,2,52,5,60,3
20260215,prepaid,SHC,0,11,18,18,14,14,41,47,44,52,53,38,4,52,3,51,0
20260226,prepaid,SHC,0,4,47,54,25,26,49,49,51,52,52,41,1,52,2,30,1
20260224,prepaid,NMS,0,7,11,11,8,8,28,30,47,52,20,15,2,52,2,60,2
20260216,prepaid,RPS,0,34,53,54,57,58,38,43,43,52,43,35,7,52,9,50,4
20260106,prepaid,PRO,1,266,430,446,260,266,9,52,9,52,,,13,52,65,69,24
20260222,prepaid,GLA,0,3,20,20,4,4,32,37,37,52,34,19,7,52,6,53,3
20260330,prepaid,KTH,0,112,118,118,110,114,43,50,43,53,51,49,5,53,0,42,0
20260222,prepaid,RPS,0,2,22,22,6,6,39,45,44,53,48,37,6,53,5,57,4
20260331,prepaid,CDM,0,2,141,146,105,118,34,46,39,53,42,33,10,53,2,45,1
20260128,prepaid,RPS,0,43,63,64,51,53,45,50,48,53,52,42,4,53,7,52,4
20260126,prepaid,SHC,0,6,18,18,16,16,47,51,48,53,48,38,4,53,4,50,1
20260311,prepaid,ABE,1,21,36,37,37,38,38,44,44,53,48,34,3,53,12,49,11
20260115,prepaid,CMD,0,24,85,96,99,100,46,48,48,53,53,41,2,53,9,40,3
20260217,prepaid,TTN,0,40,42,42,40,40,47,48,49,53,45,33,3,53,1,28,1
20260405,prepaid,SHC,0,2,2,10,0,14,44,49,47,53,67,44,2,53,8,59,0
20260323,prepaid,GLA,1,13,19,19,19,23,38,49,40,53,58,43,5,53,8,38,5
20260402,prepaid,GKS,0,28,28,28,27,32,39,46,43,53,50,43,7,53,2,40,2
20260227,prepaid,SHC,0,41,61,67,150,154,51,53,52,54,49,41,0,54,2,50,1
20260302,prepaid,ABE,2,62,76,77,73,77,36,46,41,54,36,34,9,54,2,40,2
20260313,prepaid,LFS,5,177,638,742,794,814,47,54,47,54,61,52,6,54,11,53,3
20260128,prepaid,VEH,4,60,98,98,73,81,35,42,38,54,31,24,5,54,1,27,1
20260123,prepaid,SHC,0,6,46,53,18,18,47,49,49,54,46,37,3,54,5,53,4
20260114,prepaid,FMB,0,3,4,4,4,4,46,52,46,54,56,43,6,54,3,49,2
20260118,prepaid,POW,0,137,137,137,134,137,46,50,48,54,55,43,3,54,2,55,1
20260114,prepaid,SHC,1,11,33,38,46,47,43,48,46,54,47,39,4,54,5,61,4
20260303,prepaid,GSL,0,15,26,26,43,44,43,46,48,54,111,35,2,54,4,66,1
20260212,prepaid,POW,0,46,46,46,48,49,53,54,53,54,46,43,0,54,1,52,0
20260319,prepaid,SHC,0,7,55,65,44,46,46,51,48,55,42,39,3,55,3,56,2
20260404,prepaid,CLS,0,70,74,87,0,79,52,53,53,55,48,47,1,55,4,41,2
20260128,prepaid,POW,0,50,50,50,87,87,46,47,51,55,44,39,2,55,2,50,1
20260317,prepaid,KAL,0,15,16,16,15,15,47,54,47,55,58,53,4,55,5,51,3
20260305,prepaid,SHC,0,38,70,77,71,71,39,45,44,55,39,30,4,55,5,43,4
20260107,prepaid,CIQ,1,3,7,7,111,117,45,53,47,55,61,45,5,55,6,42,2
20260120,prepaid,SHC,1,12,73,83,52,54,48,49,51,55,50,36,1,55,6,66,3
20260315,prepaid,GSL,1,15,24,24,15,16,42,50,46,55,193,33,4,55,12,60,8
20260330,prepaid,SHC,1,53,93,95,130,148,33,48,36,55,38,35,10,55,0,40,0
20260218,prepaid,RPS,0,47,57,62,72,72,39,45,44,55,46,40,5,55,5,43,3
20260125,prepaid,VEH,0,30,73,73,83,85,30,36,31,55,37,27,14,55,7,35,7
20260120,prepaid,FBD,1,11,27,27,73,74,49,51,52,55,47,41,1,55,3,52,0
20260318,prepaid,FMB,2,20,28,32,33,35,30,35,42,55,29,22,5,55,3,28,2
20260312,prepaid,SHC,1,21,62,68,38,41,45,49,49,55,53,35,4,55,4,47,1
20260122,prepaid,RDD,0,15,18,18,19,19,45,48,47,56,50,41,3,56,0,22,0
20260121,prepaid,EMS,0,0,39,39,19,19,48,52,51,56,49,48,4,56,1,54,0
20260112,prepaid,EMS,1,0,49,55,21,22,45,46,53,56,49,40,3,56,8,49,7
20260210,prepaid,SHC,0,11,71,76,66,66,48,49,54,56,44,40,0,56,2,44,2
20260130,prepaid,RPS,0,35,51,54,41,43,43,46,50,56,49,38,2,56,4,52,2
20260320,prepaid,RPS,0,21,41,45,39,41,40,45,42,56,49,38,8,56,4,44,2
20260107,prepaid,VEH,1,25,40,41,25,36,27,42,30,57,55,36,8,57,5,31,2
20260329,prepaid,SHC,0,8,58,60,10,10,43,48,49,57,52,38,3,57,9,60,4
20260216,prepaid,SHC,0,8,69,75,35,35,50,50,53,57,40,35,1,57,1,48,1
20260201,prepaid,POW,0,40,56,56,40,40,52,55,53,57,54,49,2,57,3,66,1
20260323,prepaid,HKH,1,54,83,86,80,84,49,50,52,57,49,37,1,57,3,46,2
20260129,prepaid,HKH,0,20,41,41,51,52,47,53,50,57,59,49,2,57,3,47,3
20260205,prepaid,SHC,0,5,60,73,16,16,52,55,53,57,51,38,2,57,2,64,0
20260129,prepaid,RPS,1,53,64,68,71,73,43,52,47,57,50,45,4,57,5,52,1
20260110,prepaid,VEH,0,25,31,32,33,37,26,35,29,57,41,25,8,57,8,46,6
20260213,prepaid,RPS,0,28,50,51,40,41,46,53,50,57,55,48,5,57,10,57,6
20260317,prepaid,GSD,2,15,23,23,18,23,35,49,39,57,27,26,7,57,4,50,3
20260128,prepaid,HKH,5,30,61,64,53,60,48,49,54,57,46,39,0,57,0,55,0
20260106,prepaid,RAM,1,86,433,488,85,86,8,57,8,57,,,25,57,64,68,25
20260110,prepaid,RDT,4,216,298,302,235,244,50,56,52,58,108,54,2,58,2,40,1
20260317,prepaid,EMC,1,112,112,112,107,113,47,49,51,58,51,39,3,58,4,92,2
20260404,prepaid,SHC,0,14,24,67,0,32,47,49,51,58,51,41,4,58,6,61,6
20260302,prepaid,SHC,1,11,75,97,23,24,50,55,53,58,51,44,1,58,1,42,1
20260130,prepaid,RDD,0,13,13,13,15,16,52,55,52,58,76,52,1,58,11,68,1
20260215,prepaid,RPS,0,1,19,21,3,3,48,54,51,58,57,48,3,58,8,50,2
20260301,prepaid,SHC,0,0,5,8,37,38,50,56,51,58,62,49,1,58,4,55,3
20260320,prepaid,SHC,0,23,50,63,73,75,46,49,51,58,61,44,3,58,12,64,4
20260218,prepaid,TTN,0,66,69,70,68,68,52,55,53,58,56,47,3,58,1,29,1
20260303,prepaid,CMD,0,39,55,64,50,57,50,52,52,58,60,43,3,58,16,68,8
20260129,prepaid,POW,0,46,46,46,46,46,50,54,53,58,56,51,3,58,3,64,3
20260324,prepaid,TTN,0,9,11,12,8,9,49,53,53,58,55,45,3,58,6,39,4
20260224,prepaid,TTN,0,126,127,131,124,126,57,58,58,59,62,50,0,59,0,32,0
20260224,prepaid,SHC,0,13,66,78,40,41,51,53,52,59,44,42,3,59,3,59,1
20260203,prepaid,HKH,0,19,24,25,49,50,48,53,52,59,47,42,2,59,1,52,1
20260114,prepaid,FBD,0,27,42,42,30,30,48,53,52,59,59,41,5,59,2,99,1
20260324,prepaid,HKH,1,69,102,104,90,98,51,55,53,59,58,45,2,59,4,55,2
20260106,prepaid,DLA,0,133,507,516,127,133,4,59,4,59,,,25,59,72,73,25
20260309,prepaid,RPS,2,38,42,45,43,46,23,27,29,59,24,22,11,59,6,30,1
20260309,prepaid,SHC,0,42,70,74,64,64,52,54,55,59,53,45,1,59,2,60,2
20260130,prepaid,HKH,0,24,47,49,42,44,51,53,55,60,47,43,0,60,3,60,1
20260315,prepaid,SHC,0,8,21,21,14,14,49,56,52,60,55,43,4,60,6,55,4
20260204,prepaid,VEH,2,46,48,49,55,58,44,54,47,60,57,46,5,60,15,64,2
20260225,prepaid,TTN,2,292,293,299,290,292,59,60,59,60,62,49,1,60,3,58,2
20260213,prepaid,FRD,108,1084,1306,1307,2066,2231,58,60,58,60,69,58,1,60,9,60,4
20260325,prepaid,SHC,1,42,57,66,68,72,46,50,51,60,44,37,3,60,5,45,3
20260220,prepaid,RPS,0,17,39,42,28,29,53,53,55,61,53,44,1,61,6,52,2
20260402,prepaid,CDM,0,1,4,103,26,90,45,47,55,61,54,41,2,61,7,45,3
20260110,prepaid,RDD,0,14,18,20,14,14,48,51,54,61,72,45,5,61,14,82,3
20260311,prepaid,GSL,2,41,48,52,68,72,46,51,51,61,247,41,5,61,7,49,5
20260125,prepaid,FBD,0,76,76,76,107,108,52,57,53,61,63,54,6,61,6,40,2
20260127,prepaid,RPS,1,65,74,82,91,98,48,51,56,61,46,39,2,61,5,43,2
20260207,prepaid,FMB,0,7,19,19,6,7,54,58,55,61,59,51,3,61,2,56,0
20260108,prepaid,KTH,0,14,16,16,18,18,60,61,60,61,64,59,0,61,3,58,2
20260320,prepaid,CUL,0,69,73,74,73,74,51,56,55,61,60,53,3,61,7,60,5
20260203,prepaid,POW,0,38,49,49,38,38,57,59,59,61,62,53,0,61,1,46,0
20260321,prepaid,HKH,1,26,43,44,59,62,50,55,55,62,62,48,2,62,11,65,8
20260209,prepaid,VEH,1,21,21,22,26,31,41,50,49,62,46,36,3,62,6,54,3
20260219,prepaid,SHC,0,14,23,25,109,110,57,59,60,62,70,55,2,62,5,65,3
20260207,prepaid,EMS,0,0,107,109,57,57,56,59,58,62,71,53,1,62,6,69,6
20260124,prepaid,SHC,1,56,69,77,139,144,53,58,54,62,60,52,4,62,6,60,4
20260106,prepaid,LIV,0,489,500,546,483,489,19,61,19,62,,,19,62,54,66,17
20260321,prepaid,CDM,1,49,51,52,89,95,45,55,51,62,63,48,4,62,13,66,7
20260204,prepaid,POW,0,31,42,42,41,42,58,59,60,62,69,50,2,62,0,58,0
20260109,prepaid,VEH,1,25,36,36,32,35,32,41,36,62,54,33,9,62,9,53,6
20260302,prepaid,CMD,3,88,108,110,133,138,47,53,51,62,57,46,6,62,6,53,2
20260108,prepaid,VEH,0,18,27,28,29,31,34,41,40,62,47,31,8,62,5,31,4
20260107,prepaid,FMB,0,35,41,41,33,36,42,52,50,62,54,40,3,62,5,30,2
20260117,prepaid,POW,0,112,112,112,112,112,54,57,59,63,58,52,1,63,3,63,1
20260128,prepaid,FBD,0,95,146,150,187,189,54,58,57,63,54,49,2,63,1,58,0
20260405,prepaid,GKS,0,49,49,49,0,49,51,53,57,63,63,48,4,63,6,57,0
20260325,prepaid,BFK,0,1,1,1,2,2,48,51,52,63,43,38,4,63,5,34,3
20260211,prepaid,RDD,1,21,23,23,295,300,42,45,55,63,34,29,2,63,2,56,2
20260322,prepaid,HKH,1,24,54,58,40,42,50,57,55,63,55,45,4,63,5,58,3
20260223,prepaid,SHC,0,25,56,63,70,72,50,54,56,63,52,44,2,63,0,50,0
20260325,prepaid,FMB,0,23,34,34,38,40,48,55,56,63,55,46,5,63,6,50,5
20260310,prepaid,GSL,2,51,64,67,70,74,49,57,54,63,211,46,4,63,8,64,3
20260318,prepaid,PLN,44,12,91,108,9,54,0,63,0,63,232,63,0,63,61,123,61
20260116,prepaid,FBD,0,56,83,83,75,76,56,59,59,63,44,41,2,63,2,75,1
20260201,prepaid,RPS,0,0,11,13,5,6,46,58,46,63,62,52,11,63,14,78,4
20260329,prepaid,DSL,0,47,76,76,66,67,50,58,53,63,68,53,4,63,8,96,1
20260124,prepaid,RPS,0,46,52,57,64,65,52,54,59,64,49,45,1,64,7,51,3
20260222,prepaid,CMD,2,13,51,51,27,29,53,55,56,64,43,33,4,64,11,69,5
20260205,prepaid,VEH,1,44,53,54,38,48,48,55,49,64,56,44,5,64,7,43,4
20260210,prepaid,VEH,0,11,30,30,10,11,51,56,53,64,55,45,6,64,3,47,2
20260127,prepaid,HKH,1,28,59,60,70,74,48,54,55,64,49,42,3,64,3,45,1
20260126,prepaid,RPS,0,21,43,43,26,26,50,60,51,64,60,50,11,64,8,58,3
20260119,prepaid,SHC,1,22,74,85,52,55,53,59,56,64,60,47,4,64,1,55,0
20260222,prepaid,SHC,0,4,7,9,9,10,54,61,54,64,59,46,3,64,4,62,4
20260318,prepaid,RPS,2,32,42,45,35,37,42,59,44,64,57,51,13,64,5,56,3
20260326,prepaid,SHO,1,4,6,9,6,8,37,42,48,64,36,32,5,64,4,36,3
20260203,prepaid,VEH,1,37,47,47,87,91,49,53,54,65,54,42,3,65,15,48,8
20260111,prepaid,VEH,1,21,26,26,26,27,36,42,40,65,44,32,6,65,6,37,3
20260219,prepaid,NMS,2,14,15,15,100,104,55,61,57,65,69,55,3,65,15,59,2
20260313,prepaid,SHC,0,32,74,92,61,64,55,62,57,65,56,47,4,65,5,57,2
20260304,prepaid,GSL,1,54,90,90,54,59,57,60,59,65,117,49,5,65,19,79,9
20260219,prepaid,TTN,0,33,34,37,36,36,63,63,65,65,80,59,0,65,1,38,0
20260223,prepaid,CMD,1,53,75,77,93,97,45,51,52,66,51,35,9,66,9,51,6
20260217,prepaid,SHC,0,32,82,94,142,144,57,60,62,66,68,53,3,66,2,53,0
20260319,prepaid,HKH,1,44,72,73,54,58,50,53,56,66,51,44,6,66,8,59,5
20260316,prepaid,GSL,1,65,106,111,94,96,50,59,57,66,257,46,7,66,6,57,6
20260130,prepaid,POW,0,35,42,42,35,35,59,61,63,66,66,58,1,66,4,64,3
20260204,prepaid,SHC,1,40,53,54,91,92,60,62,62,66,68,51,2,66,0,53,0
20260107,prepaid,RPG,0,75,85,85,93,93,58,61,62,66,73,58,1,66,8,55,1
20260111,prepaid,CIQ,0,0,10,10,2,2,51,57,56,66,59,44,7,66,8,59,4
20260316,prepaid,SHC,1,25,71,77,62,64,58,60,63,67,54,45,1,67,8,62,6
20260224,prepaid,CMD,1,54,68,69,73,75,51,53,58,67,55,39,4,67,11,48,4
20260324,prepaid,CDM,0,28,136,136,37,41,48,53,56,67,52,39,3,67,8,66,4
20260117,prepaid,CMD,5,148,156,159,152,160,55,58,61,67,68,43,4,67,7,40,3
20260327,prepaid,SHC,1,6,22,26,20,24,58,62,60,67,57,44,3,67,3,49,0
20260202,prepaid,RPS,3,33,49,53,43,48,47,51,59,67,50,43,5,67,3,50,2
20260202,prepaid,HKH,0,11,42,42,31,34,56,61,60,67,57,45,4,67,1,52,1
20260320,prepaid,HKH,0,20,55,55,46,48,57,61,59,67,64,53,6,67,6,58,4
20260114,prepaid,RDD,0,0,2,2,2,3,51,59,54,68,68,51,9,68,5,60,2
20260116,prepaid,SHC,0,34,53,56,86,88,57,61,60,68,55,40,3,68,4,47,3
20260314,prepaid,SHC,0,13,69,80,39,39,57,61,61,68,70,51,4,68,12,70,3
20260116,prepaid,CMD,1,53,62,69,110,115,54,64,56,68,74,48,6,68,19,77,11
20260320,prepaid,TTN,0,38,38,42,37,39,57,60,63,68,64,47,5,68,5,109,4
20260129,prepaid,VEH,1,21,28,28,57,60,49,59,51,68,64,49,4,68,3,38,3
20260127,prepaid,SHC,0,18,40,46,43,44,59,64,62,68,72,51,4,68,6,56,2
20260220,prepaid,TTN,0,25,28,28,26,26,62,67,63,68,56,48,2,68,6,78,3
20260202,prepaid,SHC,0,13,40,44,23,25,64,66,65,68,59,52,1,68,3,64,3
20260208,prepaid,VEH,0,16,23,24,11,18,48,58,51,69,66,48,8,69,11,77,7
20260310,prepaid,RPS,1,15,47,47,17,19,40,44,43,69,44,38,8,69,6,34,3
20260202,prepaid,VEH,1,21,76,76,30,34,45,50,55,69,49,39,4,69,8,68,6
20260125,prepaid,SHC,0,0,16,16,1,1,59,61,64,69,70,56,3,69,8,70,4
20260310,prepaid,ABE,1,16,29,29,31,34,49,56,60,69,53,43,6,69,6,59,2
20260403,prepaid,CDM,0,0,1,69,7,26,54,64,57,69,68,53,3,69,7,66,4
20260308,prepaid,GSL,0,5,30,31,6,6,52,61,55,69,196,51,9,69,11,87,6
20260120,prepaid,POW,0,47,47,47,47,47,62,67,62,69,73,58,4,69,3,63,1
20260323,prepaid,CUL,0,84,89,95,87,88,58,63,61,69,62,59,6,69,2,61,0
20260320,prepaid,GSL,0,2,6,12,16,17,59,64,63,69,170,50,3,69,6,74,6
20260106,prepaid,NBC,1,144,321,340,140,144,5,66,5,69,,,28,69,54,56,20
20260115,prepaid,FBD,0,23,43,44,37,37,63,65,67,70,67,49,0,70,4,41,2
20260111,prepaid,SHC,0,0,24,24,20,20,56,63,58,70,75,54,8,70,7,67,3
20260214,prepaid,SHC,2,77,138,151,146,148,59,64,65,70,63,53,3,70,3,61,2
20260109,prepaid,CIQ,0,75,75,75,74,79,54,60,60,70,67,49,4,70,4,53,4
20260318,prepaid,KAL,0,17,29,29,18,18,60,65,64,70,61,60,5,70,3,62,0
20260110,prepaid,EMS,0,0,36,55,5,6,56,63,59,70,80,56,5,70,11,51,9
20260207,prepaid,VEH,1,39,44,44,45,49,55,63,57,70,60,50,4,70,4,58,3
20260306,prepaid,SHC,0,12,94,98,38,39,62,65,65,70,67,57,3,70,2,56,0
20260226,prepaid,CMD,0,43,50,77,51,53,53,62,59,70,67,48,2,70,8,57,6
20260208,prepaid,EMS,1,0,160,161,61,64,60,69,61,71,77,62,6,71,12,77,3
20260118,prepaid,RDD,0,,,,2,3,52,56,58,71,48,43,7,71,3,42,1
20260302,prepaid,EMC,0,78,100,100,90,93,56,62,61,71,59,49,5,71,11,82,8
20260221,prepaid,CMD,0,58,78,81,67,69,49,55,56,71,63,40,5,71,6,45,4
20260331,prepaid,DSL,0,129,186,186,179,198,53,63,55,71,62,55,5,71,5,58,3
20260211,prepaid,EMS,0,0,131,136,80,80,57,63,64,71,71,59,1,71,6,60,3
20260308,prepaid,TTN,4,101,116,117,237,243,59,64,66,71,80,52,2,71,8,146,6
20260309,prepaid,GSL,4,59,128,138,85,90,54,61,61,71,169,49,5,71,7,64,6
20260405,prepaid,CLS,0,23,23,68,0,27,65,71,66,72,85,70,5,72,12,76,0
20260324,prepaid,SHC,0,38,62,70,79,81,52,58,61,72,52,39,4,72,13,66,3
20260124,prepaid,POW,0,56,63,64,58,58,64,67,67,72,58,53,4,72,0,67,0
20260307,prepaid,GSL,0,56,63,66,70,77,64,67,66,72,185,56,2,72,6,65,4
20260313,prepaid,GSL,2,50,68,328,61,66,57,67,62,72,241,52,4,72,11,77,6
20260112,prepaid,RDD,0,19,362,363,39,39,56,64,59,72,64,51,8,72,4,54,1
20260309,prepaid,ABE,3,31,51,51,48,55,49,61,54,72,64,46,9,72,10,64,9
20260221,prepaid,RPS,0,14,20,23,32,33,62,67,62,72,69,60,5,72,6,65,4
20260321,prepaid,DSL,0,14,27,27,14,14,64,65,67,73,77,58,4,73,6,71,4
20260318,prepaid,RDD,0,42,46,46,45,47,67,70,70,73,73,62,2,73,1,18,1
20260401,prepaid,SHC,0,20,52,60,45,68,27,48,38,73,61,45,22,73,6,46,3
20260321,prepaid,EMS,1,0,67,72,76,78,54,58,61,73,70,52,6,73,4,62,2
20260306,prepaid,GSL,1,54,71,73,86,88,59,62,67,73,159,50,2,73,3,31,0
20260118,prepaid,CMD,1,53,133,133,49,54,57,66,61,73,66,50,5,73,13,98,10
20260308,prepaid,CMD,0,7,36,39,8,8,57,64,63,73,68,53,3,73,23,79,15
20260124,prepaid,VEH,2,13,80,80,18,23,43,44,54,74,41,34,8,74,5,51,4
20260306,prepaid,CMD,6,136,154,251,145,163,60,66,65,74,70,54,4,74,12,68,2
20260131,prepaid,POW,0,57,57,64,64,64,71,71,72,74,70,67,0,74,1,58,1
20260215,prepaid,GKP,0,,,,5,5,58,65,65,74,70,61,5,74,3,75,1
20260228,prepaid,ABE,1,8,12,14,16,21,53,66,56,74,69,60,10,74,5,65,4
20260321,prepaid,BFK,0,28,37,37,37,38,43,53,53,74,41,30,5,74,7,108,4
20260322,prepaid,BFK,0,20,26,26,28,29,42,47,53,74,29,27,10,74,3,45,1
20260112,prepaid,CMD,3,63,109,130,62,66,59,65,66,74,66,53,3,74,10,61,6
20260224,prepaid,FMB,0,52,70,70,77,82,59,71,60,75,96,64,5,75,13,84,8
20260123,prepaid,FBD,0,13,23,23,17,18,67,72,70,75,91,71,2,75,28,94,13
20260130,prepaid,VEH,1,42,73,75,45,50,52,58,57,75,65,49,5,75,9,86,5
20260323,prepaid,SHC,0,22,56,63,42,44,57,63,66,75,63,44,5,75,6,64,2
20260405,prepaid,EMS,0,0,0,46,0,61,57,66,60,75,91,62,5,75,10,68,0
20260131,prepaid,VEH,0,30,31,682,50,56,48,60,55,75,51,42,9,75,7,60,2
20260324,prepaid,EMS,0,0,102,107,150,155,60,69,64,75,79,59,7,75,16,78,9
20260217,prepaid,RPG,5,155,213,213,300,307,60,67,64,75,55,47,4,75,4,65,2
20260317,prepaid,TTN,0,71,71,75,71,71,65,67,73,76,71,53,3,76,3,66,1
20260322,prepaid,CUL,0,61,65,65,61,61,67,72,70,76,72,69,3,76,4,73,4
20260318,prepaid,HKH,2,33,49,50,63,69,54,63,59,76,60,48,8,76,8,67,6
20260304,prepaid,FMB,0,6,17,17,18,20,57,70,60,76,93,62,8,76,34,109,9
20260212,prepaid,EMS,1,0,96,103,157,160,65,71,68,76,74,64,6,76,3,72,1
20260127,prepaid,POW,0,90,127,127,89,90,67,73,68,76,71,62,5,76,1,66,1
20260330,prepaid,FMB,0,514,526,530,509,633,63,71,64,76,71,57,11,76,8,65,4
20260228,prepaid,EMC,0,78,78,78,74,78,65,69,70,77,76,59,2,77,6,94,4
20260311,prepaid,SHC,1,31,49,53,54,56,64,69,69,77,68,57,4,77,7,77,3
20260120,prepaid,HKH,1,47,93,94,102,103,66,71,72,77,76,63,3,77,6,78,2
20260404,prepaid,EMS,0,9,56,112,0,120,64,69,69,77,73,63,6,77,5,65,3
20260307,prepaid,CMD,6,130,136,147,142,158,59,69,63,77,63,49,5,77,7,50,3
20260310,prepaid,SHC,0,45,63,71,72,73,66,74,67,77,79,63,6,77,2,62,0
20260226,prepaid,EMC,2,84,84,84,78,84,70,75,72,77,84,68,2,77,0,11,0
20260131,prepaid,RPS,0,38,49,53,55,58,69,73,71,77,71,64,2,77,4,59,4
20260303,prepaid,FMB,0,38,65,66,59,59,55,64,58,78,66,48,12,78,11,78,6
20260125,prepaid,POW,3,76,76,79,80,83,70,74,73,78,80,68,3,78,1,62,1
20260119,prepaid,FBD,0,21,136,141,21,21,69,73,74,78,74,63,2,78,6,67,2
20260220,prepaid,SHC,0,8,54,62,21,21,75,76,77,78,79,65,0,78,3,63,2
20260225,prepaid,CMD,2,46,55,55,50,54,66,69,70,78,64,50,3,78,5,57,3
20260108,prepaid,RAP,3,74,130,140,88,92,61,70,63,78,99,67,9,78,8,87,4
20260321,prepaid,CUL,0,69,69,69,73,73,66,72,72,78,74,69,3,78,5,74,3
20260309,prepaid,CMD,6,146,152,152,163,181,62,71,67,79,77,65,5,79,21,86,11
20260325,prepaid,CDM,1,1,50,51,103,108,62,70,69,79,74,56,4,79,6,43,5
20260324,prepaid,GLA,0,5,27,27,7,10,56,70,62,79,93,62,11,79,8,68,5
20260117,prepaid,SHC,0,23,53,57,51,51,68,71,72,79,69,60,2,79,2,44,2
20260329,prepaid,EMS,0,0,43,54,53,59,52,63,60,79,73,50,7,79,5,95,1
20260227,prepaid,CMD,1,41,65,67,45,48,61,72,66,79,69,55,4,79,5,71,1
20260309,prepaid,GOK,2,181,287,302,267,274,62,68,68,79,67,57,7,79,3,82,0
20260128,prepaid,SHC,1,8,82,91,25,27,63,71,67,79,58,50,11,79,2,80,1
20260217,prepaid,ROP,2,77,102,104,94,98,57,65,66,79,63,48,8,79,6,74,5
20260307,prepaid,SHC,2,47,69,88,129,135,66,69,72,79,66,59,3,79,3,65,2
20260221,prepaid,SHC,0,8,61,71,48,49,74,78,75,79,81,67,2,79,7,98,6
20260124,prepaid,FBD,1,122,134,136,110,122,71,75,76,80,62,55,3,80,16,77,6
20260219,prepaid,ROP,0,14,14,14,25,27,61,67,69,80,65,49,6,80,7,62,5
20260205,prepaid,POW,0,37,37,37,48,48,78,79,79,80,72,61,0,80,3,51,0
20260403,prepaid,EMS,0,0,67,78,11,87,61,68,70,80,71,56,6,80,6,70,2
20260126,prepaid,FBD,0,7,16,104,6,7,65,74,69,80,83,64,8,80,14,63,4
20260325,prepaid,HKH,1,56,125,136,78,85,65,73,68,80,71,60,4,80,9,71,3
20260307,prepaid,EMS,1,0,139,157,164,170,62,67,71,80,64,54,7,80,11,45,1
20260308,prepaid,RPS,0,16,20,20,18,18,40,58,42,81,55,46,13,81,15,70,6
20260115,prepaid,VEH,1,11,18,19,31,40,55,71,58,81,92,66,12,81,11,67,8
20260331,prepaid,KTH,0,100,150,169,96,106,53,73,54,81,82,71,20,81,1,68,0
20260227,prepaid,EMC,2,73,73,73,69,73,69,77,72,81,76,63,7,81,3,99,2
20260317,prepaid,HKH,3,47,82,83,62,67,58,60,69,81,67,55,3,81,4,65,3
20260322,prepaid,SHC,0,2,5,6,3,3,61,70,67,81,71,55,6,81,10,87,4
20260322,prepaid,EMS,1,0,134,151,69,72,65,76,70,82,90,64,6,82,18,79,12
20260228,prepaid,CMD,2,45,56,58,73,76,62,72,70,82,60,57,3,82,7,71,3
20260304,prepaid,EMC,2,104,116,117,100,104,70,74,76,82,72,65,3,82,3,38,2
20260126,prepaid,HKH,0,18,56,58,37,37,67,77,71,82,84,71,5,82,4,82,2
20260201,prepaid,VEH,1,24,38,38,21,26,56,65,64,82,72,57,6,82,11,71,8
20260323,prepaid,DSL,0,68,90,118,125,128,70,75,74,82,77,67,3,82,9,74,1
20260328,prepaid,SHC,0,11,54,62,23,27,68,76,73,83,74,64,5,83,4,69,1
20260220,prepaid,ROP,1,,,,4,5,63,75,67,83,88,67,7,83,6,88,3
20260110,prepaid,CIQ,0,6,16,16,6,6,70,74,73,83,90,65,7,83,5,76,3
20260316,prepaid,GSD,0,12,24,24,11,12,62,68,70,83,88,59,7,83,10,72,4
20260314,prepaid,GSL,0,20,38,40,29,29,71,76,78,84,272,57,2,84,11,79,9
20260108,prepaid,VEN,2,0,290,295,228,230,56,64,64,84,75,58,9,84,1,52,1
20260203,prepaid,ROP,5,104,175,180,146,155,63,72,68,84,75,59,9,84,7,76,4
20260321,prepaid,NAP,0,18,91,100,59,64,52,61,60,84,90,43,15,84,13,71,6
20260326,prepaid,HKH,0,125,216,226,187,189,67,78,71,84,77,68,7,84,12,77,8
20260203,prepaid,RDD,1,36,40,40,470,475,62,72,72,84,63,54,4,84,3,77,2
20260220,prepaid,CMD,2,45,53,63,49,52,55,63,68,85,59,46,9,85,8,57,7
20260306,prepaid,EMS,3,1,133,157,105,111,57,65,72,85,55,44,6,85,10,73,2
20260210,prepaid,EMS,1,0,108,111,116,119,71,75,79,86,73,66,3,86,12,79,7
20260219,prepaid,CMD,1,47,54,54,61,62,51,61,63,86,66,48,16,86,8,60,3
20260306,prepaid,EMC,2,99,105,105,96,99,72,79,75,86,83,64,7,86,1,81,1
20260327,prepaid,HKH,0,62,154,162,148,161,65,72,73,86,85,66,6,86,5,72,4
20260326,prepaid,DSL,1,45,63,63,67,72,70,78,74,86,82,67,4,86,4,87,1
20260212,prepaid,RDD,0,18,22,23,21,21,72,79,75,86,82,70,4,86,9,75,4
20260215,prepaid,ROP,1,39,61,61,48,49,66,75,72,86,88,63,7,86,12,83,8
20260322,prepaid,CMD,0,31,42,43,35,38,49,67,60,86,78,52,16,86,22,85,13
20260224,prepaid,GSL,1,37,56,58,87,92,70,74,76,86,242,51,5,86,6,71,1
20260113,prepaid,FBD,0,39,43,45,49,50,77,82,79,86,72,65,2,86,3,77,1
20260303,prepaid,SHC,0,51,70,83,111,113,72,81,75,86,81,72,4,86,7,92,2
20260308,prepaid,EMS,1,1,1,38,119,124,69,77,73,86,92,71,7,86,5,70,3
20260217,prepaid,GLA,0,,,,2,2,51,58,68,87,50,37,5,87,10,59,7
20260305,prepaid,EMC,1,146,146,146,181,190,78,82,81,87,91,75,3,87,1,77,1
20260325,prepaid,CMD,1,64,73,77,61,66,59,73,64,87,73,52,11,87,22,85,11
20260304,prepaid,DSL,1,12,57,57,12,13,78,82,81,87,115,75,3,87,20,109,4
20260118,prepaid,HKH,0,43,106,107,84,86,72,76,80,87,76,66,5,87,9,86,6
20260320,prepaid,EMS,1,0,105,114,63,65,68,72,79,87,72,62,5,87,6,90,5
20260322,prepaid,DSL,0,52,112,112,98,99,81,84,83,87,79,70,3,87,6,99,2
20260123,prepaid,VEH,0,18,28,30,28,33,47,58,52,88,57,43,15,88,12,62,9
20260123,prepaid,HKH,0,26,54,54,57,58,77,81,82,88,82,75,2,88,4,92,1
20260127,prepaid,GSL,1,191,424,460,234,238,65,70,77,88,346,56,3,88,7,78,2
20260218,prepaid,ROP,3,41,59,59,67,74,67,78,71,88,76,63,10,88,6,72,3
20260304,prepaid,NAP,0,11,93,95,25,27,66,78,71,88,102,66,7,88,26,88,12
20260119,prepaid,HKH,0,58,114,116,121,121,75,80,82,88,82,71,2,88,5,78,2
20260321,prepaid,SHC,1,37,58,66,49,50,73,84,76,88,91,69,7,88,6,65,5
20260303,prepaid,VEL,2,29,94,100,85,89,73,79,81,89,83,68,2,89,15,85,10
20260304,prepaid,VEL,0,39,85,88,96,97,71,79,75,89,95,71,4,89,19,105,7
20260331,prepaid,EMS,0,0,72,80,51,55,54,72,61,89,75,56,18,89,4,65,2
20260317,prepaid,FMB,0,13,28,29,18,18,50,56,61,89,43,38,9,89,7,65,3
20260213,prepaid,EMS,2,0,91,92,202,204,78,82,83,89,85,74,2,89,8,75,4
20260402,prepaid,EMS,0,0,98,119,20,84,65,74,77,89,99,65,7,89,8,86,5
20260304,prepaid,ILS,1,31,73,77,56,59,69,79,73,89,108,59,6,89,23,85,9
20260210,prepaid,ROP,0,39,59,59,61,65,58,76,66,89,75,58,16,89,6,67,5
20260319,prepaid,TTN,0,9,9,9,9,9,73,78,82,89,83,67,2,89,3,81,3
20260330,prepaid,DSL,0,93,162,162,108,122,70,78,77,89,77,64,7,89,10,76,6
20260312,prepaid,GSL,2,39,52,53,67,70,75,80,80,89,222,68,3,89,9,79,3
20260401,prepaid,DSL,0,75,94,94,96,132,63,74,70,90,76,66,12,90,3,70,3
20260111,prepaid,RDT,6,256,290,296,326,336,76,86,79,90,127,76,6,90,6,72,3
20260404,prepaid,GKS,0,61,61,63,2,64,73,82,75,90,73,66,7,90,2,80,1
20260317,prepaid,DSL,0,37,65,65,63,63,76,81,82,90,81,73,2,90,4,76,0
20260316,prepaid,HKH,2,26,47,50,66,71,48,57,69,91,47,39,11,91,3,53,2
20260125,prepaid,HKH,0,25,52,57,52,52,82,87,85,91,88,78,3,91,9,104,6
20260219,prepaid,GSL,0,65,124,250,117,120,70,75,82,91,292,66,5,91,7,103,6
20260405,prepaid,CMD,0,24,24,46,0,24,60,70,71,91,82,57,12,91,20,84,0
20260324,prepaid,CMD,4,90,90,94,85,95,67,78,75,92,85,63,10,92,9,65,4
20260112,prepaid,SHC,1,20,59,74,53,56,77,82,82,92,86,69,7,92,2,70,1
20260402,prepaid,SHC,0,11,64,73,11,33,59,65,78,92,56,51,6,92,1,57,1
20260320,prepaid,DSL,0,62,96,96,114,115,77,83,81,92,80,73,3,92,4,74,2
20260328,prepaid,NAP,0,24,85,90,74,80,57,74,62,92,118,56,10,92,11,81,6
20260218,prepaid,SHC,0,14,76,82,29,29,85,88,89,93,82,75,1,93,5,89,4
20260325,prepaid,DSL,0,50,77,77,92,94,82,86,86,93,88,78,2,93,11,82,5
20260216,prepaid,RPG,3,143,295,295,140,144,68,73,81,93,57,41,6,93,6,79,3
20260106,prepaid,PRV,4,449,1697,1790,436,449,5,91,5,93,,,42,93,85,86,41
20260312,prepaid,DSL,1,133,203,203,187,188,88,92,89,93,93,74,2,93,10,97,4
20260117,prepaid,HKH,1,31,73,78,77,78,78,86,81,93,93,78,5,93,4,84,2
20260302,prepaid,FMB,7,149,175,175,196,209,65,76,72,93,77,59,10,93,7,81,6
20260116,prepaid,RDD,0,24,24,24,24,24,65,83,73,94,63,49,11,94,17,114,8
20260309,prepaid,DSL,0,68,106,106,118,120,82,89,86,94,83,73,7,94,10,127,3
20260210,prepaid,GSL,3,135,171,179,147,153,80,84,85,94,225,69,4,94,17,96,15
20260324,prepaid,CUL,0,82,83,84,87,87,77,86,83,94,88,81,7,94,7,88,7
20260115,prepaid,ROP,1,105,134,135,134,140,59,73,70,94,102,61,11,94,10,62,5
20260401,prepaid,EMC,0,175,175,175,155,175,41,53,61,94,57,38,23,94,5,73,2
20260310,prepaid,CMD,2,30,148,150,31,36,68,83,75,95,95,70,6,95,24,96,17
20260303,prepaid,TTN,1,148,148,149,205,207,77,82,87,95,78,60,4,95,4,165,1
20260328,prepaid,DSL,0,42,62,62,56,57,88,91,91,95,87,79,2,95,2,60,2
20260316,prepaid,NAP,5,25,78,83,71,79,57,74,65,95,112,60,16,95,8,79,6
20260128,prepaid,GSL,0,105,179,191,315,322,77,85,83,95,346,72,4,95,7,79,3
20260130,prepaid,SHO,3,13,147,149,171,175,76,82,81,95,93,71,4,95,12,150,6
20260212,prepaid,ROP,1,80,102,105,95,99,71,81,77,95,87,67,11,95,11,90,9
20260109,prepaid,FBD,1,100,102,103,110,111,89,92,92,95,98,88,1,95,10,87,2
20260316,prepaid,DSL,1,53,79,79,91,92,78,81,89,95,68,64,5,95,3,66,2
20260327,prepaid,DSL,0,41,56,56,56,59,83,86,88,95,85,74,0,95,6,89,4
20260318,prepaid,DSL,0,59,79,79,86,87,86,92,88,95,92,80,3,95,10,98,4
20260330,prepaid,EMS,0,6,80,88,85,88,75,82,81,95,96,73,7,95,4,84,1
20260114,prepaid,ROP,1,21,47,48,22,26,65,75,74,95,77,57,12,95,7,73,5
20260115,prepaid,RAP,0,73,108,114,114,115,77,82,83,95,82,70,6,95,11,88,2
20260307,prepaid,RPS,0,22,25,27,29,30,56,88,58,96,105,81,18,96,34,101,13
20260328,prepaid,GLA,2,9,12,14,189,226,59,72,69,96,89,56,9,96,10,77,4
20260403,prepaid,SHC,0,35,48,58,11,99,73,80,81,96,83,72,7,96,7,89,4
20260323,prepaid,NAP,0,31,134,137,80,89,64,79,72,96,103,64,9,96,11,88,3
20260129,prepaid,GLA,0,2,2,2,44,49,37,47,65,96,40,23,14,96,9,46,6
20260404,prepaid,CMD,0,141,141,151,3,156,66,83,75,96,75,58,11,96,17,102,13
20260205,prepaid,SHO,1,20,191,191,205,209,78,82,87,96,88,68,2,96,10,91,4
20260320,prepaid,EMC,0,90,100,101,89,90,73,81,80,96,81,61,9,96,7,125,3
20260113,prepaid,RAP,4,84,131,138,127,132,80,88,84,96,98,69,6,96,12,115,7
20260330,prepaid,CMD,0,118,130,133,103,130,65,72,85,96,77,52,6,96,18,91,15
20260321,prepaid,GKA,0,,,,19,19,81,90,84,97,90,55,4,97,54,94,15
20260116,prepaid,HKH,0,48,95,98,89,91,77,86,84,97,67,57,4,97,7,96,3
20260305,prepaid,GSL,0,41,70,76,69,73,78,88,83,97,164,63,11,97,11,82,0
20260114,prepaid,RAP,0,47,93,99,88,89,73,83,85,97,84,67,5,97,8,75,4
20260313,prepaid,NAP,2,33,92,100,97,105,62,74,73,97,110,64,16,97,9,73,5
20260321,prepaid,CMD,1,67,81,85,71,75,63,80,69,97,81,58,14,97,20,84,14
20260310,prepaid,GOK,0,124,174,176,252,253,86,90,91,98,103,83,5,98,5,84,2
20260110,prepaid,RPG,1,157,217,217,195,199,81,88,89,98,87,75,5,98,4,87,3
20260209,prepaid,GSL,0,135,162,164,142,145,72,83,82,98,163,60,6,98,25,102,18
20260226,prepaid,NAP,3,34,93,106,112,119,72,84,78,98,98,63,8,98,14,99,7
20260301,prepaid,FMB,0,3,62,62,8,8,67,77,77,98,76,57,12,98,17,101,11
20260123,prepaid,NAP,1,35,116,121,91,98,69,80,80,98,121,64,6,98,14,97,6
20260215,prepaid,NAP,3,32,111,115,74,83,60,80,66,98,93,64,17,98,5,79,2
20260120,prepaid,CMD,3,87,289,296,523,544,83,92,85,98,97,81,8,98,6,87,3
20260319,prepaid,CMD,1,54,58,58,64,66,64,78,75,98,85,62,11,98,15,77,10
20260320,prepaid,CMD,3,62,75,79,63,69,65,76,76,98,80,57,12,98,12,71,7
20260303,prepaid,WML,0,40,127,155,116,121,82,87,85,98,108,75,7,98,21,106,11
20260324,prepaid,EMC,1,114,114,114,109,114,73,81,82,98,84,68,10,98,8,85,4
20260209,prepaid,ROP,4,84,109,111,136,147,69,82,77,98,88,69,12,98,15,83,9
20260323,prepaid,CMD,4,147,152,156,149,169,63,74,79,99,62,48,11,99,14,62,9
20260112,prepaid,FBD,0,36,46,47,103,103,84,86,95,99,90,69,1,99,4,98,2
20260214,prepaid,GKP,0,0,3,3,18,18,90,97,92,99,99,93,5,99,5,88,2
20260401,prepaid,EMS,0,0,98,110,39,62,62,74,75,99,85,61,18,99,5,73,4
20260308,prepaid,WML,5,55,170,209,93,100,77,84,86,99,98,69,8,99,16,79,2
20260320,prepaid,NAP,0,35,92,101,97,101,66,80,72,99,116,66,16,99,8,85,5
20260325,prepaid,CUL,0,118,125,125,118,119,79,88,84,99,87,84,8,99,3,87,2
20260323,prepaid,EMS,0,0,93,103,124,127,79,83,91,99,81,67,4,99,8,87,5
20260123,prepaid,POW,0,41,43,44,42,42,87,91,91,99,89,73,2,99,10,92,4
20260301,prepaid,GSL,0,18,39,39,27,28,76,83,85,100,155,60,6,100,10,84,6
20260403,prepaid,GKS,0,72,75,75,24,73,83,91,92,100,99,83,6,100,8,99,2
20260115,prepaid,VEN,1,0,469,482,113,115,79,85,87,100,101,67,5,100,7,129,3
20260212,prepaid,NAP,1,42,117,122,95,101,60,76,67,100,90,59,15,100,13,95,5
20260118,prepaid,RAP,0,3,74,78,18,18,86,92,90,100,97,75,7,100,7,83,4
20260324,prepaid,NAP,2,32,104,108,132,150,73,86,78,100,116,66,10,100,11,79,9
20260325,prepaid,EMS,0,0,64,70,57,59,84,93,91,101,96,79,3,101,7,84,3
20260110,prepaid,RAP,2,75,91,98,99,101,86,95,90,101,108,79,7,101,14,114,5
20260404,prepaid,NAP,0,32,64,95,0,118,71,81,83,101,208,70,8,101,10,98,2
20260320,prepaid,SHO,3,66,150,151,130,141,78,85,84,102,112,72,11,102,16,80,7
20260205,prepaid,CMD,2,249,255,264,248,261,69,82,80,102,91,70,12,102,8,74,4
20260312,prepaid,TTN,1,99,99,101,93,99,89,92,96,102,89,72,2,102,5,124,2
20260405,prepaid,GOK,0,5,5,27,0,6,75,86,82,102,81,65,6,102,2,69,0
20260122,prepaid,HKH,1,51,83,87,104,109,91,98,93,102,93,81,3,102,1,104,1
20260211,prepaid,ROP,1,51,70,72,70,71,77,83,90,102,88,70,9,102,6,92,6
20260318,prepaid,CMD,3,96,108,109,96,102,67,77,81,102,75,53,14,102,17,81,10
20260213,prepaid,ROP,1,69,85,86,86,90,79,86,86,102,80,68,9,102,8,79,6
20260201,prepaid,CMD,0,17,86,86,21,21,70,86,84,102,103,72,11,102,23,110,13
20260309,prepaid,TTN,0,81,81,81,96,98,86,95,93,103,79,68,6,103,3,97,1
20260115,prepaid,NAP,1,37,121,129,89,98,74,85,81,103,140,68,5,103,9,94,3
20260223,prepaid,GSL,0,147,207,210,168,175,77,86,87,103,262,67,6,103,8,91,4
20260311,prepaid,FMB,3,31,40,41,71,88,72,82,86,103,94,71,9,103,16,89,11
20260222,prepaid,NAP,1,36,91,96,102,111,75,88,80,103,113,69,12,103,13,114,7
20260214,prepaid,ROP,1,41,59,60,55,59,84,94,87,103,100,86,9,103,9,91,9
20260317,prepaid,EMS,2,0,69,81,67,70,90,94,96,103,99,81,4,103,10,91,5
20260305,prepaid,VEL,2,78,126,135,137,144,81,91,90,103,82,72,6,103,10,83,5
20260308,prepaid,NAP,3,42,96,102,79,85,62,73,79,103,111,65,12,103,5,78,1
20260324,prepaid,DSL,0,43,87,87,63,65,92,97,93,104,95,87,7,104,6,89,3
20260208,prepaid,ROP,1,30,72,72,37,39,75,87,83,104,91,73,14,104,13,101,7
20260221,prepaid,GSL,0,54,86,86,94,100,82,91,89,104,294,78,10,104,10,110,6
20260220,prepaid,GSL,0,63,85,93,99,103,84,95,91,104,308,82,9,104,10,91,6
20260204,prepaid,NAP,3,31,103,108,88,96,80,89,85,104,94,65,10,104,16,114,7
20260402,prepaid,DSL,0,45,69,69,24,63,85,88,98,104,96,79,3,104,8,90,6
20260309,prepaid,SHO,5,239,366,367,261,275,81,92,86,105,87,69,11,105,113,182,10
20260403,prepaid,HKH,0,40,90,92,41,82,84,93,91,105,102,85,8,105,3,99,2
20260306,prepaid,FMB,2,59,126,129,95,98,72,84,87,105,65,52,10,105,15,88,7
20260314,prepaid,NAP,0,32,91,94,88,94,64,78,77,105,111,62,16,105,14,89,5
20260326,prepaid,EMS,1,0,98,102,91,96,83,97,87,105,106,90,9,105,4,88,3
20260107,prepaid,RAP,2,70,111,122,97,100,94,98,95,105,107,92,3,105,4,50,3
20260312,prepaid,NAP,3,32,93,94,63,76,65,86,77,105,108,73,16,105,7,88,4
20260214,prepaid,NAP,6,49,121,124,99,117,76,88,83,105,110,68,8,105,10,96,6
20260311,prepaid,CMD,1,55,63,63,98,105,82,96,87,106,106,79,10,106,38,110,24
20260325,prepaid,NAP,3,34,93,97,79,94,80,91,87,106,153,82,11,106,13,102,5
20260209,prepaid,EMS,1,0,168,172,81,82,85,96,93,106,94,85,9,106,8,95,4
20260309,prepaid,NAP,0,21,76,98,73,75,75,88,86,106,115,71,12,106,8,86,6
20260115,prepaid,HKH,1,26,70,73,59,63,94,99,95,106,104,79,8,106,10,93,1
20260310,prepaid,EMC,3,120,120,120,115,122,87,93,97,106,101,82,2,106,13,162,7
20260108,prepaid,HKH,1,47,102,107,94,96,96,100,100,106,104,86,2,106,6,104,4
20260308,prepaid,GOK,0,54,118,122,78,80,83,89,92,106,87,76,4,106,4,85,1
20260216,prepaid,GOK,0,122,145,145,125,128,80,91,90,106,90,78,7,106,3,117,2
20260323,prepaid,EMC,1,129,129,129,246,257,77,85,92,106,82,61,9,106,24,134,9
20260128,prepaid,CMD,3,34,67,74,97,102,71,82,85,107,80,56,9,107,15,82,7
20260119,prepaid,KAL,0,1,1,1,0,1,83,91,96,107,82,75,1,107,3,75,2
20260109,prepaid,RPG,1,138,180,180,227,233,93,100,99,107,105,90,5,107,8,108,4
20260403,prepaid,CMD,0,85,100,117,3,89,77,87,89,107,97,73,11,107,17,94,9
20260321,prepaid,EMC,0,81,81,81,88,91,91,99,96,107,99,83,6,107,12,68,8
20260114,prepaid,HKH,1,37,73,77,71,74,89,93,97,107,115,88,4,107,5,87,2
20260209,prepaid,NAP,1,23,80,80,87,92,73,87,81,107,99,63,11,107,7,83,3
20260204,prepaid,ROP,3,60,94,96,110,120,74,85,85,108,89,66,14,108,8,76,5
20260127,prepaid,FBD,0,33,145,339,38,38,94,97,97,108,87,79,5,108,4,47,0
20260405,prepaid,HKH,0,48,48,71,0,94,86,94,94,108,92,84,9,108,7,94,0
20260331,prepaid,CMD,0,83,90,92,65,93,75,99,80,108,103,84,17,108,13,95,11
20260119,prepaid,CMD,2,35,492,492,111,116,90,94,100,108,88,77,5,108,16,94,7
20260316,prepaid,FMB,1,35,40,44,48,53,65,79,75,108,74,59,14,108,4,72,3
20260308,prepaid,SHO,0,,,,2,2,84,89,92,108,99,66,9,108,27,86,11
20260326,prepaid,CMD,0,90,100,101,94,103,70,83,84,109,88,65,12,109,10,81,6
20260208,prepaid,NAP,2,31,96,97,73,80,76,90,86,109,111,76,10,109,13,105,7
20260220,prepaid,NMS,0,2,24,24,3,3,93,100,101,109,118,86,5,109,13,85,5
20260318,prepaid,NAP,2,31,91,98,62,73,71,84,79,109,109,65,12,109,10,79,7
20260403,prepaid,NAP,0,32,97,107,9,97,67,82,82,109,203,64,13,109,9,85,6
20260224,prepaid,ILS,4,86,214,222,148,156,88,93,95,110,105,79,8,110,8,102,5
20260318,prepaid,TTN,1,66,67,69,65,66,95,107,97,110,103,89,7,110,0,54,0
20260308,prepaid,FMB,1,13,32,32,33,36,73,94,84,110,100,72,11,110,15,111,11
20260405,prepaid,NAP,0,27,27,70,0,60,78,93,84,110,211,70,11,110,20,86,0
20260204,prepaid,CMD,2,153,163,170,143,156,83,96,91,110,82,74,10,110,10,98,7
20260110,prepaid,GLA,2,331,331,331,395,415,82,99,89,110,114,74,10,110,9,104,7
20260405,prepaid,ILS,0,31,31,66,0,42,78,96,82,110,114,85,14,110,10,99,0
20260225,prepaid,GSL,1,61,125,127,94,98,94,102,98,110,217,87,5,110,11,109,5
20260313,prepaid,CMD,0,55,90,92,58,61,84,95,92,110,103,77,9,110,21,98,16
20260215,prepaid,EMS,2,0,8,9,92,95,85,100,94,110,118,92,9,110,12,120,4
20260206,prepaid,SHO,0,52,208,212,242,243,94,104,97,110,102,82,5,110,7,91,3
20260314,prepaid,EMS,0,0,66,83,113,116,81,90,91,110,101,82,9,110,11,89,4
20260203,prepaid,CMD,4,184,189,194,174,192,80,89,91,110,87,68,8,110,13,89,10
20260404,prepaid,HKH,0,67,111,117,3,118,86,97,96,110,100,87,11,110,7,99,5
20260301,prepaid,WML,2,25,91,124,79,82,98,103,103,110,111,88,5,110,11,125,5
20260106,prepaid,KAP,3,842,927,927,824,843,8,108,8,111,,,43,111,133,138,35
20260401,prepaid,CMD,0,59,60,62,35,67,49,82,69,111,92,67,27,111,7,84,5
20260111,prepaid,HKH,0,34,88,95,88,92,95,104,97,111,113,88,7,111,8,105,1
20260315,prepaid,FMB,0,1,17,20,3,3,65,85,77,111,89,71,13,111,13,90,5
20260221,prepaid,GOK,0,115,138,139,131,133,94,101,102,111,104,91,6,111,4,105,4
20260218,prepaid,CMD,0,41,53,54,40,42,65,80,79,111,65,51,22,111,13,81,5
20260108,prepaid,NAP,0,40,125,131,105,114,80,94,88,111,158,73,6,111,11,98,8
20260327,prepaid,NAP,0,68,124,130,116,125,77,89,88,111,142,72,7,111,7,80,4
20260226,prepaid,RAP,2,126,224,239,213,219,89,95,97,111,106,85,4,111,13,113,3
20260213,prepaid,NAP,2,27,80,84,86,91,70,85,85,111,102,66,7,111,10,82,8
20260404,prepaid,CDM,0,1,1,94,0,5,96,103,102,112,104,87,2,112,10,102,7
20260308,prepaid,DSL,0,68,120,120,96,97,101,105,105,112,120,100,3,112,7,93,5
20260221,prepaid,GLA,0,2,10,11,1,2,75,91,87,112,78,62,9,112,2,88,1
20260116,prepaid,GLA,7,527,682,682,510,538,83,100,88,112,105,74,13,112,20,104,15
20260311,prepaid,TTN,0,100,100,102,99,100,96,103,103,112,105,81,4,112,7,128,5
20260111,prepaid,KAL,0,55,88,89,116,121,84,94,95,112,93,83,9,112,7,110,4
20260329,prepaid,CMD,0,29,38,38,25,30,75,98,83,112,101,81,14,112,11,98,8
20260314,prepaid,CMD,3,70,80,86,89,96,82,99,87,112,108,81,14,112,24,111,10
20260316,prepaid,EMS,1,2,80,102,81,82,87,100,93,112,99,84,8,112,10,105,6
20260307,prepaid,NAP,1,32,85,91,90,99,65,85,77,113,115,65,17,113,10,69,7
20260309,prepaid,FMB,6,222,290,291,240,266,80,86,98,113,84,68,9,113,8,101,4
20260322,prepaid,NAP,2,21,79,83,82,92,80,93,88,113,120,73,12,113,13,98,9
20260326,prepaid,NAP,3,40,100,105,99,109,80,95,91,113,139,72,8,113,10,88,8
20260318,prepaid,EMS,0,0,84,103,69,70,91,106,94,113,107,93,10,113,8,106,3
20260112,prepaid,RAP,1,111,168,171,151,154,95,100,103,113,101,75,2,113,9,97,6
20260201,prepaid,FBD,1,112,116,116,136,137,98,106,103,113,116,93,4,113,10,131,4
20260111,prepaid,GSL,1,55,66,66,61,63,92,100,101,113,261,88,7,113,9,101,5
20260121,prepaid,POW,0,67,67,68,67,67,105,107,110,113,115,93,2,113,5,105,2
20260118,prepaid,ROP,0,65,290,291,78,80,74,87,86,113,101,66,7,113,16,127,11
20260131,prepaid,NAP,1,46,110,117,105,113,70,83,82,113,95,62,6,113,10,110,7
20260216,prepaid,NAP,4,28,88,92,102,111,75,90,90,113,105,71,5,113,11,102,9
20260115,prepaid,GLA,3,333,344,344,298,345,83,92,98,113,94,66,4,113,9,110,4
20260113,prepaid,POW,1,45,45,45,169,170,99,105,106,114,89,79,5,114,4,190,2
20260308,prepaid,VEL,0,10,69,70,34,37,91,100,97,114,116,90,6,114,11,104,3
20260227,prepaid,GSL,2,49,68,69,69,72,93,100,100,114,223,80,6,114,11,107,6
20260327,prepaid,CMD,0,95,102,103,94,105,76,93,91,114,100,72,15,114,11,79,7
20260201,prepaid,RDD,0,0,3,3,4,4,91,103,100,114,111,88,8,114,14,113,5
20260319,prepaid,GSL,2,7,17,17,25,28,96,104,103,114,253,82,3,114,13,101,11
20260212,prepaid,SHO,4,102,221,224,255,261,100,107,104,114,118,88,7,114,26,116,5
20260215,prepaid,GLA,1,57,188,188,94,101,54,68,76,114,97,52,18,114,10,83,8
20260113,prepaid,HKH,0,44,82,87,115,115,95,106,101,114,106,97,7,114,10,111,2
20260310,prepaid,DSL,1,72,114,114,108,110,104,107,110,114,105,94,1,114,5,97,3
20260219,prepaid,NAP,0,36,114,121,97,99,86,99,94,114,117,78,6,114,14,102,10
20260129,prepaid,SHO,2,22,158,160,239,243,90,94,102,114,87,75,3,114,7,96,3
20260218,prepaid,GLA,0,,,,1,1,76,93,88,114,105,82,12,114,7,72,6
20260328,prepaid,CMD,1,92,97,97,92,98,82,94,96,115,90,70,9,115,20,105,9
20260312,prepaid,FMB,0,55,78,79,67,68,88,105,95,115,112,90,9,115,10,119,4
20260307,prepaid,DSL,0,108,137,137,128,130,97,105,104,115,97,88,6,115,4,88,0
20260325,prepaid,SHO,0,12,14,15,19,19,78,90,94,115,80,72,11,115,11,102,5
20260214,prepaid,RDD,0,28,28,28,32,32,82,87,99,115,85,77,8,115,5,86,4
20260122,prepaid,POW,0,78,79,79,77,78,105,111,108,115,105,88,3,115,1,122,0
20260111,prepaid,RPG,1,155,205,205,212,214,102,110,106,115,129,102,4,115,12,106,7
20260403,prepaid,PLN,0,0,18,21,0,16,51,51,115,115,198,51,0,115,11,28,0
20260121,prepaid,HKH,3,55,113,119,97,101,109,113,112,116,117,97,2,116,3,96,1
20260315,prepaid,NAP,0,22,63,64,64,65,78,96,88,116,110,78,15,116,12,89,9
20260326,prepaid,ILS,0,73,156,165,137,143,95,104,100,116,122,84,7,116,8,104,7
20260118,prepaid,KAL,0,,,,12,12,82,96,94,116,90,80,10,116,4,107,1
20260319,prepaid,SHO,1,64,138,141,122,127,94,102,103,116,108,92,9,116,17,120,9
20260326,prepaid,CUL,0,130,137,138,136,137,95,102,106,116,108,100,6,116,8,108,6
20260304,prepaid,TTN,2,133,134,136,131,133,107,111,109,116,125,90,5,116,2,112,0
20260116,prepaid,POW,0,29,29,29,28,29,108,112,110,116,112,103,3,116,3,87,2
20260312,prepaid,VEL,0,103,163,170,170,173,84,98,91,116,103,78,12,116,15,110,6
20260405,prepaid,DSL,0,61,61,89,0,87,105,111,110,117,118,101,6,117,10,124,0
20260125,prepaid,NAP,1,40,93,93,123,133,82,100,88,117,121,79,15,117,17,110,9
20260122,prepaid,NAP,1,44,114,122,126,133,82,93,96,117,110,70,12,117,7,90,5
20260131,prepaid,CMD,0,77,80,94,76,79,88,99,99,117,103,81,11,117,21,112,16
20260216,prepaid,ROP,2,69,96,97,92,97,87,99,98,117,94,78,13,117,7,98,4
20260129,prepaid,CMD,3,118,120,120,170,183,89,103,99,117,103,77,15,117,8,84,3
20260218,prepaid,NAP,8,44,112,118,104,114,84,98,96,117,129,76,9,117,12,94,9
20260317,prepaid,NAP,1,39,84,92,85,92,73,91,85,117,116,71,18,117,13,91,2
20260109,prepaid,HKH,0,46,100,104,100,101,108,114,111,117,120,100,2,117,6,119,3
20260319,prepaid,NAP,0,39,110,116,96,100,85,89,97,117,125,70,10,117,12,88,7
20260106,prepaid,LMR,1,344,920,948,331,344,26,116,26,117,,,40,117,153,163,73
20260106,prepaid,GSB,1,363,1045,1049,358,363,19,117,19,118,,,46,118,136,151,36
20260111,prepaid,WML,0,26,117,151,61,61,102,108,107,118,127,89,8,118,16,118,11
20260221,prepaid,NAP,4,37,106,109,85,93,92,104,95,118,130,91,10,118,6,89,4
20260119,prepaid,RAP,0,56,147,157,146,153,96,106,105,118,106,87,8,118,9,109,7
20260108,prepaid,RPG,0,47,142,145,56,57,108,115,110,118,119,102,5,118,9,106,4
20260107,prepaid,WML,0,60,143,175,115,116,97,110,101,118,139,98,9,118,9,59,5
20260116,prepaid,NAP,2,40,106,109,113,121,80,100,87,118,138,73,7,118,14,113,6
20260310,prepaid,FMB,3,62,116,126,113,125,85,101,89,118,102,85,17,118,12,113,7
20260110,prepaid,HKH,1,50,108,114,101,104,107,111,112,119,117,99,4,119,7,118,2
20260304,prepaid,RAP,3,23,50,51,63,68,89,102,98,119,129,78,9,119,31,142,8
20260306,prepaid,NAP,5,47,105,110,92,100,77,94,91,119,109,70,15,119,11,92,5
20260316,prepaid,EMC,0,115,116,116,229,239,98,105,108,119,95,82,7,119,8,130,6
20260402,prepaid,ILS,0,55,109,143,46,137,79,87,100,119,88,66,11,119,14,101,5
20260203,prepaid,NAP,0,47,109,112,98,110,90,103,99,119,114,73,10,119,8,97,5
20260208,prepaid,ILS,1,42,64,65,50,53,88,101,95,119,112,84,14,119,10,106,5
20260311,prepaid,NAP,3,34,88,94,111,122,83,96,94,119,113,74,14,119,12,121,5
20260121,prepaid,NAP,1,38,122,126,100,108,80,96,90,119,125,75,10,119,9,92,7
20260126,prepaid,NAP,0,15,79,84,45,49,80,99,94,119,120,80,14,119,16,112,7
20260307,prepaid,EMC,0,143,143,143,148,149,105,111,112,119,118,97,6,119,5,81,3
20260204,prepaid,ILS,0,57,147,164,121,123,89,99,101,120,105,75,10,120,19,107,13
20260324,prepaid,ILS,0,56,113,117,167,172,86,103,95,120,105,69,16,120,11,102,9
20260217,prepaid,ILS,3,60,129,132,146,151,93,104,103,120,124,87,10,120,14,120,6
20260319,prepaid,DSL,0,65,117,117,81,84,106,112,113,120,111,100,4,120,3,108,0
20260113,prepaid,SHC,1,63,99,106,87,90,107,112,113,120,106,94,2,120,8,109,4
20260130,prepaid,FBD,0,73,103,104,92,94,114,119,115,120,118,108,2,120,1,108,1
20260118,prepaid,SNI,0,61,150,181,127,128,96,116,99,120,159,94,6,120,8,104,3
20260220,prepaid,NAP,1,42,111,119,117,124,89,101,99,120,106,77,10,120,11,110,8
20260225,prepaid,FMB,3,34,38,38,47,52,100,110,105,120,105,87,8,120,9,105,4
20260108,prepaid,WML,1,44,124,161,113,118,104,110,108,120,136,93,3,120,9,90,5
20260225,prepaid,WML,0,50,134,155,126,128,102,111,109,120,108,83,5,120,8,127,4
20260122,prepaid,VEH,4,27,41,43,34,42,51,68,61,120,59,44,24,120,8,70,7
20260310,prepaid,VEL,2,53,137,144,107,115,90,106,98,121,105,84,9,121,12,114,5
20260401,prepaid,ILS,0,38,133,138,57,106,70,91,82,121,101,70,22,121,7,86,6
20260120,prepaid,RAP,0,54,183,188,147,151,102,107,112,121,118,94,3,121,10,106,4
20260307,prepaid,WML,3,77,160,198,157,163,95,108,104,121,103,87,7,121,14,120,9
20260207,prepaid,NAP,2,38,92,93,84,93,78,94,93,121,104,73,9,121,10,94,9
20260302,prepaid,GSL,1,87,120,124,109,112,100,107,108,121,194,87,5,121,6,101,5
20260303,prepaid,DSL,0,78,114,114,127,128,111,115,113,121,106,97,3,121,8,110,3
20260315,prepaid,DSL,0,61,100,100,107,108,99,109,107,121,102,92,11,121,9,118,3
20260312,prepaid,CMD,5,88,92,95,155,165,90,102,99,121,103,78,8,121,28,107,15
20260111,prepaid,FBD,0,9,71,71,9,9,106,116,109,122,130,107,6,122,7,79,4
20260217,prepaid,GSL,1,56,113,116,77,79,98,109,105,122,314,96,7,122,9,111,5
20260223,prepaid,NMS,1,3,4,4,5,6,106,114,114,122,101,86,5,122,14,147,8
20260215,prepaid,ILS,0,32,69,74,35,36,97,107,103,122,115,84,8,122,12,108,4
20260115,prepaid,KAL,0,79,82,82,99,100,89,107,93,122,98,84,13,122,4,116,2
20260311,prepaid,DSL,2,78,133,134,116,120,116,118,120,122,128,110,1,122,6,134,3
20260224,prepaid,RAP,3,94,210,229,161,166,103,105,111,122,98,88,3,122,16,129,5
20260117,prepaid,RDD,0,21,24,24,20,21,96,104,106,123,98,85,8,123,12,107,4
20260112,prepaid,GSL,3,246,273,284,252,260,102,112,107,123,351,102,7,123,11,110,8
20260121,prepaid,CMD,6,108,184,187,300,312,100,111,107,123,117,92,9,123,15,121,8
20260317,prepaid,RAP,6,117,200,216,253,270,101,103,112,123,118,88,9,123,17,124,12
20260227,prepaid,NAP,1,44,114,125,115,120,95,110,99,123,127,87,13,123,9,110,7
20260109,prepaid,RAP,0,36,62,66,110,113,107,110,116,123,122,95,5,123,14,101,5
20260318,prepaid,EMC,0,98,98,99,93,98,102,114,108,123,118,103,8,123,4,49,3
20260108,prepaid,ROP,4,84,103,103,275,290,100,107,105,123,127,89,10,123,14,108,6
20260205,prepaid,ROP,1,40,52,54,76,80,85,104,93,123,113,86,17,123,10,102,8
20260315,prepaid,CMD,1,23,37,45,35,40,88,107,96,123,123,81,16,123,32,119,18
20260226,prepaid,GSL,1,78,106,109,144,148,102,115,105,123,270,100,7,123,7,92,1
20260220,prepaid,GOK,1,193,209,265,301,306,103,110,112,124,114,104,10,124,5,104,3
20260113,prepaid,ROP,4,116,133,136,133,142,84,97,100,124,84,60,15,124,11,89,5
20260402,prepaid,CMD,0,82,86,110,13,86,71,84,99,124,79,63,10,124,15,87,10
20260401,prepaid,KTH,0,164,165,165,160,214,77,100,95,124,100,88,20,124,2,91,1
20260107,prepaid,GSL,1,111,185,186,129,131,109,118,113,124,505,109,4,124,10,81,5
20260108,prepaid,GLA,5,154,154,155,186,201,97,115,99,125,147,101,13,125,7,95,6
20260117,prepaid,RAP,2,101,133,139,150,156,105,112,109,125,110,89,5,125,11,132,5
20260113,prepaid,NAP,0,39,121,129,93,101,76,98,89,125,146,78,8,125,11,101,6
20260111,prepaid,RAP,1,5,37,41,11,12,108,119,112,125,128,98,8,125,10,99,4
20260306,prepaid,VEL,2,50,123,138,100,103,102,111,108,125,109,94,6,125,10,96,4
20260311,prepaid,GOK,1,86,129,130,142,145,103,117,109,125,147,99,7,125,13,124,7
20260112,prepaid,HKH,0,50,120,124,102,103,106,113,115,125,115,97,4,125,12,119,5
20260304,prepaid,WML,1,24,119,130,75,81,113,116,119,125,128,92,4,125,19,119,9
20260327,prepaid,GLA,0,2,218,218,21,24,86,104,98,125,95,77,16,125,3,107,2
20260119,prepaid,ROP,6,134,202,206,345,366,84,106,95,125,99,81,17,125,7,121,7
20260107,prepaid,GLA,2,134,184,185,127,134,89,97,105,126,122,80,10,126,6,64,4
20260110,prepaid,WML,2,74,135,184,175,181,111,120,112,126,109,80,6,126,9,129,4
20260403,prepaid,ILS,0,40,80,86,7,81,95,105,106,126,115,87,12,126,7,94,1
20260301,prepaid,NAP,3,30,78,84,74,80,93,103,106,126,131,89,11,126,12,99,5
20260402,prepaid,KTH,0,87,87,87,41,88,99,104,118,126,103,93,3,126,10,117,0
20260217,prepaid,NAP,2,50,114,124,104,112,86,101,96,126,122,81,14,126,11,94,7
20260130,prepaid,NAP,3,40,110,115,110,118,82,96,99,126,118,73,9,126,8,131,5
20260117,prepaid,NAP,1,35,93,98,94,102,85,105,93,126,127,72,17,126,13,109,7
20260120,prepaid,ROP,3,118,210,210,177,190,84,102,99,126,118,89,18,126,13,104,13
20260309,prepaid,EMS,1,52,229,247,100,101,102,114,109,126,111,96,12,126,8,116,3
20260219,prepaid,EMS,3,1,172,180,98,101,104,116,112,127,119,101,6,127,7,112,4
20260205,prepaid,NAP,2,35,104,112,94,105,87,105,92,127,126,86,12,127,11,89,7
20260302,prepaid,VEL,1,90,163,180,130,136,104,113,112,127,110,93,5,127,12,114,5
20260212,prepaid,RAP,1,92,192,204,166,169,101,113,109,127,123,101,9,127,7,106,1
20260117,prepaid,KAL,2,36,57,57,72,76,90,99,107,127,93,76,11,127,3,103,2
20260127,prepaid,NUA,3,460,497,497,605,621,96,106,104,127,86,80,11,127,6,147,3
20260124,prepaid,HKH,0,27,54,56,54,55,117,121,123,127,126,113,1,127,4,103,1
20260211,prepaid,NAP,1,29,91,94,71,77,92,108,99,127,113,82,13,127,12,107,7
20260204,prepaid,RDD,3,26,52,52,508,518,111,117,117,127,137,112,4,127,10,129,7
20260303,prepaid,NAP,2,29,82,87,86,92,95,104,107,127,126,82,14,127,22,129,15
20260302,prepaid,NAP,2,32,98,105,74,82,91,109,98,127,127,80,17,127,16,120,13
20260311,prepaid,EMS,1,0,131,146,153,157,101,113,108,127,119,102,11,127,12,146,4
20260116,prepaid,KAL,0,74,114,114,76,77,93,110,102,127,130,98,16,127,14,122,8
20260109,prepaid,NAP,0,40,109,115,112,123,91,113,98,127,149,90,13,127,4,105,3
20260208,prepaid,GSL,0,37,41,41,40,40,101,110,112,127,178,88,8,127,11,115,7
20260327,prepaid,CUL,0,117,131,133,122,124,105,117,113,128,117,113,8,128,4,117,0
20260331,prepaid,FMB,0,144,146,147,71,158,88,116,93,128,138,105,17,128,15,105,12
20260226,prepaid,SHO,3,84,166,166,158,172,103,106,114,128,112,86,5,128,4,81,1
20260403,prepaid,DSL,0,62,86,86,12,87,114,123,118,128,132,112,4,128,13,126,9
20260316,prepaid,TTN,4,65,65,66,164,168,102,112,113,128,89,74,2,128,8,99,4
20260331,prepaid,PIP,0,130,202,204,178,221,87,110,98,128,105,82,19,128,10,129,4
20260112,prepaid,KAL,0,122,134,135,155,160,101,112,107,128,111,100,9,128,3,96,1
20260112,prepaid,WML,1,89,160,198,183,190,106,118,113,128,134,93,7,128,5,123,1
20260312,prepaid,RAP,1,56,145,158,96,99,99,110,107,128,126,93,10,128,19,106,8
20260214,prepaid,EMS,1,2,166,168,132,136,111,121,114,128,129,113,7,128,6,114,4
20260115,prepaid,WML,1,45,121,153,113,118,108,115,118,128,123,84,3,128,13,98,7
20260106,prepaid,CLQ,6,1683,1987,2005,1655,1683,34,127,34,128,,,44,128,333,355,112
20260124,prepaid,RAP,0,45,148,153,181,183,112,117,120,129,114,93,5,129,16,155,9
20260305,prepaid,FMB,2,80,118,119,106,111,93,109,106,129,111,80,9,129,10,79,5
20260329,prepaid,NAP,0,18,65,74,66,75,89,110,99,129,177,93,14,129,20,127,12
20260122,prepaid,WML,3,52,148,204,138,144,105,112,111,129,126,100,9,129,17,124,11
20260222,prepaid,GSL,1,11,54,59,35,38,108,120,111,130,239,92,17,130,8,116,2
20260225,prepaid,ILS,3,58,137,146,168,178,99,113,109,130,131,95,9,130,10,116,7
20260216,prepaid,GLA,9,254,255,255,362,388,77,92,89,130,62,46,20,130,5,95,1
20260123,prepaid,GSL,0,88,110,112,108,113,99,109,112,130,436,94,8,130,6,135,1
20260128,prepaid,DSL,0,85,186,186,175,178,119,125,123,130,115,100,4,130,4,81,3
20260317,prepaid,CMD,0,70,76,79,72,76,88,109,102,131,109,83,19,131,25,111,18
20260123,prepaid,WML,1,49,149,185,120,124,112,120,119,131,129,99,4,131,16,123,9
20260131,prepaid,FBD,1,194,219,219,220,224,119,127,123,131,132,119,3,131,12,114,6
20260107,prepaid,HKH,2,58,107,109,117,121,122,128,125,131,141,124,3,131,3,92,2
20260219,prepaid,GLA,0,7,8,8,6,7,100,111,108,131,129,96,9,131,12,113,10
20260128,prepaid,NAP,4,35,94,101,100,109,94,108,110,131,121,80,8,131,12,99,7
20260208,prepaid,RAP,0,5,49,57,15,15,107,117,113,131,126,101,9,131,11,138,6
20260203,prepaid,GSL,0,107,127,134,154,157,96,107,110,131,240,96,8,131,46,140,34
20260313,prepaid,TTN,0,122,122,125,116,122,116,126,119,131,140,107,7,131,15,111,5
20260116,prepaid,WML,1,64,136,168,130,134,112,124,118,131,136,90,6,131,22,157,14
20260112,prepaid,NAP,2,34,91,99,95,102,76,97,91,131,149,79,10,131,7,116,2
20260401,prepaid,HKH,0,93,141,143,111,132,71,99,90,132,111,86,27,132,13,120,3
20260219,prepaid,SHO,1,73,154,154,141,143,105,113,116,132,130,83,9,132,23,113,11
20260329,prepaid,CUL,0,163,171,172,166,169,106,123,113,132,137,121,14,132,41,159,12
20260207,prepaid,GSL,1,92,96,127,115,121,102,114,115,132,209,99,6,132,13,129,8
20260227,prepaid,VEN,0,4,213,215,186,193,95,105,107,132,111,83,11,132,40,173,17
20260331,prepaid,EMC,0,137,137,137,580,631,63,85,85,132,66,56,34,132,5,185,4
20260326,prepaid,GLA,1,19,41,41,60,65,90,110,105,133,90,64,15,133,16,146,10
20260313,prepaid,EMS,0,0,102,119,127,130,106,116,115,133,129,108,10,133,15,117,5
20260319,prepaid,VEL,1,96,155,175,145,154,107,113,118,133,130,94,6,133,15,129,7
20260316,prepaid,CMD,2,74,86,96,80,90,95,109,105,133,98,74,17,133,18,91,6
20260122,prepaid,RAP,0,48,110,114,131,138,113,116,120,133,127,101,5,133,10,119,7
20260305,prepaid,NAP,0,30,81,85,138,148,87,109,99,133,120,78,15,133,13,104,9
20260201,prepaid,ROP,1,32,117,117,36,39,68,102,83,133,121,91,20,133,15,139,9
20260222,prepaid,ILS,0,8,56,57,15,17,102,115,112,133,125,91,9,133,19,136,9
20260211,prepaid,RAP,2,64,133,141,164,168,114,121,120,133,111,100,8,133,16,133,2
20260310,prepaid,NAP,0,21,90,94,58,67,96,117,102,133,143,94,14,133,12,105,9
20260318,prepaid,VEL,1,128,226,232,228,233,99,119,104,133,119,95,16,133,14,124,8
20260404,prepaid,ILS,0,54,62,137,2,138,99,111,114,133,107,86,7,133,17,116,9
20260223,prepaid,NAP,1,41,110,113,95,102,103,116,114,133,132,86,13,133,11,109,5
20260315,prepaid,RAP,0,9,81,88,21,21,100,114,111,133,117,95,11,133,18,121,7
20260302,prepaid,DSL,0,81,131,131,124,124,119,122,127,134,122,106,4,134,1,105,0
20260227,prepaid,WML,1,65,128,153,135,138,110,122,119,134,135,100,8,134,6,128,2
20260116,prepaid,RAP,2,62,129,131,97,101,115,123,120,134,139,110,4,134,8,99,4
20260319,prepaid,EMS,1,0,91,109,100,105,97,110,113,134,111,102,10,134,8,86,6
20260201,prepaid,NAP,0,21,85,87,65,72,88,111,101,134,131,91,17,134,15,127,8
20260331,prepaid,NAP,0,73,130,137,84,124,50,102,65,134,245,71,43,134,8,103,3
20260309,prepaid,VEL,1,103,205,216,192,198,105,116,112,134,123,95,9,134,2,106,1
20260307,prepaid,GOK,0,121,187,188,156,161,105,114,114,134,104,90,9,134,5,131,2
20260228,prepaid,GSL,0,63,74,80,80,84,110,124,116,134,247,95,7,134,9,126,6
20260106,prepaid,MAM,0,836,1267,1273,826,836,20,120,20,134,,,39,134,101,114,39
20260316,prepaid,RAP,3,128,253,269,236,249,107,119,116,134,111,92,7,134,10,109,8
20260219,prepaid,GOK,0,88,201,201,100,100,113,125,119,134,125,118,9,134,1,155,1
20260314,prepaid,EMC,1,103,112,112,100,103,110,116,121,135,116,100,7,135,6,129,4
20260210,prepaid,NAP,2,33,78,81,80,92,89,110,105,135,118,81,14,135,9,105,6
20260122,prepaid,GSL,1,104,122,125,151,154,105,120,116,135,363,98,6,135,4,135,4
20260325,prepaid,ILS,1,46,184,196,110,115,99,107,120,135,107,82,9,135,13,98,5
20260127,prepaid,NAP,2,35,111,117,112,115,92,113,99,135,122,88,14,135,8,98,3
20260110,prepaid,NAP,0,28,87,93,96,98,93,113,108,135,172,97,11,135,11,132,5
20260312,prepaid,ILS,4,55,150,160,216,223,109,120,119,135,131,93,8,135,23,133,11
20260123,prepaid,RAP,1,75,205,209,127,131,112,122,118,135,122,103,5,135,10,113,4
20260218,prepaid,FHH,0,128,201,207,231,238,110,121,116,135,122,96,11,135,11,124,5
20260404,prepaid,GOK,0,36,37,67,0,51,102,110,114,135,114,96,11,135,3,119,1
20260314,prepaid,RAP,1,104,147,153,181,184,108,123,114,135,133,104,13,135,10,132,6
20260124,prepaid,NAP,2,52,128,137,107,113,101,117,114,135,122,83,8,135,11,106,8
20260302,prepaid,WML,1,71,179,209,139,145,115,127,120,136,123,101,8,136,9,145,6
20260303,prepaid,EMS,1,1,113,130,108,110,115,123,124,136,141,114,10,136,21,140,13
20260315,prepaid,EMS,1,0,45,61,76,78,110,123,120,136,137,116,10,136,15,118,6
20260228,prepaid,NAP,2,47,97,108,105,112,101,117,111,136,130,94,13,136,6,115,3
20260323,prepaid,CDM,0,27,41,63,39,40,112,120,123,136,118,99,2,136,8,109,4
20260116,prepaid,VEH,1,13,51,253,23,25,81,111,93,136,165,100,15,136,12,87,5
20260202,prepaid,NAP,1,36,96,99,109,117,96,106,117,137,132,82,10,137,17,108,6
20260126,prepaid,WML,1,38,151,177,82,83,113,126,120,137,132,94,8,137,16,118,7
20260206,prepaid,ILS,2,64,101,110,119,123,109,117,119,137,123,99,6,137,14,128,4
20260307,prepaid,SHO,7,75,99,101,167,175,97,105,108,137,105,89,12,137,26,167,6
20260403,prepaid,KTH,0,3,4,5,2,3,118,127,123,137,135,118,3,137,11,129,6
20260207,prepaid,ROP,2,73,101,101,110,118,105,117,111,137,108,95,12,137,10,120,6
20260212,prepaid,ILS,0,79,152,165,138,141,109,124,113,137,147,104,12,137,23,128,12
20260226,prepaid,WML,2,48,116,140,132,135,118,127,126,138,128,102,7,138,9,120,3
20260127,prepaid,DSL,4,118,211,211,314,319,122,127,129,138,137,105,3,138,0,48,0
20260314,prepaid,TTN,2,100,100,102,97,100,120,131,125,138,132,102,7,138,3,129,3
20260307,prepaid,VEL,1,78,144,149,137,144,109,117,122,138,127,107,7,138,13,120,9
20260311,prepaid,RAP,2,37,90,98,126,131,114,124,119,138,125,104,9,138,16,120,5
20260111,prepaid,NAP,0,36,103,107,94,98,97,121,108,138,166,95,11,138,9,116,7
20260130,prepaid,CMD,1,58,63,64,58,61,106,119,115,138,113,91,11,138,14,122,8
20260217,prepaid,CMD,3,46,52,54,54,59,74,89,104,138,74,54,25,138,8,82,3
20260106,prepaid,TEE,1,857,1223,1223,851,857,26,135,26,138,,,50,138,152,165,47
20260109,prepaid,RDD,0,46,46,46,46,46,125,135,126,138,139,116,7,138,3,97,3
20260405,prepaid,KTH,0,12,12,12,0,12,114,125,118,138,126,109,7,138,14,124,0
20260119,prepaid,NAP,3,34,88,91,87,96,86,106,106,138,124,75,13,138,17,127,9
20260219,prepaid,ILS,4,50,109,114,123,128,95,113,110,139,117,92,10,139,7,115,3
20260210,prepaid,RAP,2,115,201,211,239,242,117,126,127,139,124,105,6,139,15,131,8
20260310,prepaid,EMS,2,0,91,103,61,63,114,125,123,139,130,114,7,139,17,117,8
20260118,prepaid,NAP,0,27,88,91,84,90,88,110,101,139,128,81,21,139,7,104,3
20260212,prepaid,GSL,1,137,191,197,190,195,113,126,121,139,279,108,9,139,17,156,10
20260214,prepaid,GOK,0,64,118,119,70,70,121,128,127,139,130,113,8,139,6,129,1
20260226,prepaid,TTN,3,191,225,228,191,194,132,137,135,140,156,126,1,140,2,68,1
20260226,prepaid,FMB,2,30,47,47,30,34,114,127,119,140,134,113,12,140,14,123,8
20260218,prepaid,EMS,3,1,141,150,126,131,118,129,124,140,130,114,8,140,17,147,7
20260402,prepaid,NAP,0,31,91,95,28,96,76,92,114,140,217,74,18,140,6,95,3
20260210,prepaid,GLA,0,7,7,7,5,7,81,96,103,140,57,52,16,140,4,104,4
20260306,prepaid,GOK,0,49,102,103,84,85,117,126,124,141,121,98,12,141,9,141,2
20260124,prepaid,WML,3,84,159,214,210,214,122,129,132,141,138,101,5,141,17,117,9
20260312,prepaid,EMS,0,0,87,97,66,66,113,124,122,141,126,110,11,141,28,137,16
20260127,prepaid,KAL,0,0,1,1,282,289,129,137,130,141,153,134,1,141,0,26,0
20260327,prepaid,ILS,0,57,122,126,207,213,113,128,122,141,128,100,9,141,9,121,2
20260120,prepaid,WML,2,55,114,159,138,142,117,128,124,142,122,98,6,142,13,149,7
20260308,prepaid,RAP,0,4,25,29,14,14,116,126,122,142,138,112,10,142,18,162,9
20260313,prepaid,VEL,2,99,160,163,147,154,115,125,122,142,136,106,6,142,12,135,3
20260224,prepaid,GOK,2,318,463,466,351,356,120,128,127,142,115,103,8,142,2,181,1
20260120,prepaid,SNI,1,111,203,203,223,228,109,122,115,142,195,103,7,142,9,128,5
20260110,prepaid,FBD,0,104,110,110,106,106,132,139,135,143,141,131,5,143,10,107,4
20260314,prepaid,FMB,3,20,22,23,24,27,92,109,112,143,106,83,14,143,12,123,10
20260202,prepaid,ROP,5,77,127,127,153,168,85,96,121,143,82,66,9,143,13,93,8
20260125,prepaid,DSL,4,149,255,255,216,221,119,129,130,143,142,119,5,143,12,146,5
20260129,prepaid,DSL,1,132,223,223,230,233,127,134,133,143,131,117,5,143,7,99,1
20260107,prepaid,ROP,3,59,109,110,254,268,108,123,122,144,147,104,13,144,11,95,8
20260119,prepaid,SNI,1,95,212,225,179,184,122,136,126,144,190,122,9,144,9,125,3
20260120,prepaid,NAP,3,35,109,115,89,97,98,115,110,144,137,88,9,144,10,110,7
20260109,prepaid,WML,1,52,143,192,116,123,130,137,137,144,155,101,4,144,15,131,7
20260126,prepaid,GSL,0,6,34,39,9,9,112,127,125,144,299,105,13,144,7,139,5
20260326,prepaid,VEN,1,17,277,285,260,278,101,110,119,144,104,80,10,144,7,134,6
20260128,prepaid,RAP,1,76,189,203,242,252,119,126,126,144,127,107,9,144,18,106,6
20260331,prepaid,ILS,0,34,77,92,90,115,80,101,104,144,97,72,21,144,12,111,6
20260328,prepaid,CUL,0,168,174,175,178,182,126,131,136,144,124,121,6,144,4,119,3
20260202,prepaid,CMD,9,163,170,170,207,231,108,125,119,144,123,95,12,144,25,126,16
20260312,prepaid,SHO,1,66,154,155,134,137,117,129,127,145,139,108,7,145,18,120,8
20260107,prepaid,NAP,0,32,112,119,101,109,111,126,119,145,191,109,10,145,10,58,2
20260118,prepaid,GSL,0,29,55,55,29,31,112,127,119,145,286,108,17,145,17,168,4
20260224,prepaid,NAP,2,51,124,135,114,125,102,124,111,145,146,96,20,145,10,137,8
20260121,prepaid,RAP,1,85,159,166,182,183,118,134,124,145,127,112,7,145,14,139,6
20260309,prepaid,EMC,1,125,127,127,253,262,125,137,131,145,126,114,13,145,5,97,2
20260321,prepaid,WML,1,100,178,208,180,187,122,131,132,145,148,95,5,145,24,158,18
20260114,prepaid,WML,0,61,131,158,111,111,117,134,123,145,147,103,7,145,15,139,12
20260327,prepaid,EMS,0,0,68,75,65,65,114,124,127,146,139,110,11,146,12,119,6
20260216,prepaid,ILS,2,130,208,217,191,198,113,125,128,146,123,101,13,146,12,122,7
20260310,prepaid,TTN,0,132,132,133,132,132,133,140,136,146,155,123,2,146,1,82,0
20260227,prepaid,LIV,1,147,147,149,146,147,125,131,138,146,126,117,3,146,7,146,6
20260217,prepaid,RAP,0,96,205,228,155,162,120,125,134,146,145,107,6,146,24,154,3
20260219,prepaid,FHH,1,69,130,141,114,118,120,133,125,146,135,111,10,146,10,122,7
20260225,prepaid,NAP,1,50,140,144,105,111,103,114,120,146,145,97,8,146,14,113,8
20260215,prepaid,GOK,1,112,115,116,158,162,125,133,131,146,124,114,9,146,6,136,3
20260306,prepaid,WML,1,77,142,170,176,180,116,131,130,146,113,90,4,146,7,132,6
20260324,prepaid,SHO,1,3,12,13,22,28,105,122,117,146,116,97,16,146,19,114,7
20260202,prepaid,GLA,18,656,656,656,1053,1119,103,116,120,147,97,81,11,147,11,95,6
20260206,prepaid,FHH,6,377,447,573,431,450,122,130,130,147,139,113,12,147,20,160,9
20260304,prepaid,SNI,1,32,141,142,58,59,123,136,127,147,205,122,11,147,57,214,7
20260310,prepaid,ILS,4,52,179,188,174,183,118,135,123,147,152,108,9,147,25,150,11
20260211,prepaid,ILS,3,81,146,152,106,113,119,128,128,147,136,104,7,147,14,145,9
20260228,prepaid,WML,4,41,116,141,97,103,128,134,137,147,116,95,3,147,3,109,2
20260303,prepaid,ILS,5,39,93,97,129,138,116,126,124,147,131,97,8,147,26,157,19
20260311,prepaid,VEL,1,82,142,150,171,174,120,129,126,147,145,116,10,147,17,130,7
20260110,prepaid,GSL,2,132,149,150,177,184,124,133,134,147,424,116,6,147,7,137,3
20260401,prepaid,PIP,0,80,145,153,52,87,94,124,107,148,123,100,24,148,15,132,11
20260228,prepaid,VEL,2,51,86,90,91,94,121,130,130,148,126,108,8,148,11,147,3
20260221,prepaid,ILS,5,77,123,125,131,139,116,131,123,148,154,117,13,148,7,134,5
20260113,prepaid,WML,2,56,114,145,138,143,131,138,139,148,151,105,2,148,16,138,12
20260319,prepaid,EMC,0,99,99,99,94,99,119,131,127,148,140,119,13,148,4,129,2
20260126,prepaid,RAP,0,33,156,159,61,63,121,128,136,148,139,111,6,148,20,127,8
20260320,prepaid,GKA,5,38,56,56,87,94,131,146,133,148,198,142,7,148,72,155,27
20260315,prepaid,SHO,0,0,10,11,2,2,109,127,117,149,132,109,20,149,13,139,2
20260227,prepaid,FMB,1,21,42,42,35,38,106,130,114,149,142,114,13,149,17,128,13
20260405,prepaid,CUL,0,102,102,107,0,118,115,131,125,149,241,126,18,149,7,137,0
20260322,prepaid,ILS,0,9,43,51,34,36,109,127,121,149,140,97,17,149,26,171,11
20260207,prepaid,ILS,3,56,100,110,94,101,125,138,131,150,150,116,10,150,10,124,7
20260217,prepaid,GOK,0,136,166,170,149,151,133,135,146,150,137,126,2,150,4,139,2
20260301,prepaid,DSL,1,102,145,145,222,226,124,134,137,150,132,118,7,150,5,152,0
20260307,prepaid,ILS,4,78,119,132,158,164,111,127,126,150,128,103,8,150,15,128,10
20260304,prepaid,GOK,0,29,40,40,40,40,136,144,138,150,176,129,7,150,21,173,5
20260307,prepaid,FMB,4,54,102,103,110,116,111,129,123,150,139,111,12,150,15,98,10
20260204,prepaid,RAP,0,57,132,142,146,147,124,132,134,150,133,111,6,150,5,151,2
20260206,prepaid,NAP,2,43,102,106,110,116,101,122,115,150,127,96,14,150,8,129,5
20260224,prepaid,WML,0,44,109,131,100,103,124,131,137,150,125,96,5,150,14,153,10
20260313,prepaid,EMC,0,116,116,116,114,116,126,137,132,150,137,117,16,150,6,141,5
20260218,prepaid,ILS,1,57,139,144,128,131,118,135,122,150,134,105,18,150,14,132,6
20260226,prepaid,EMS,2,2,134,155,172,174,127,137,137,151,127,112,10,151,10,135,7
20260212,prepaid,GOK,0,85,91,92,105,105,121,135,134,151,142,117,6,151,4,146,1
20260331,prepaid,HKH,0,35,74,75,71,77,94,126,105,151,108,98,23,151,7,117,5
20260121,prepaid,VEH,3,30,47,53,35,41,71,89,84,151,82,57,22,151,15,107,13
20260222,prepaid,WML,2,34,115,142,71,76,130,137,134,151,145,101,10,151,13,167,10
20260121,prepaid,WML,1,71,165,215,118,123,126,132,134,151,122,104,4,151,6,124,5
20260116,prepaid,ROP,2,55,92,93,78,85,105,130,114,151,142,104,19,151,13,122,9
20260404,prepaid,KTH,0,2,2,2,0,3,129,138,138,151,141,125,5,151,9,133,2
20260110,prepaid,SNI,2,98,153,162,144,164,125,145,129,151,576,136,9,151,36,180,31
20260221,prepaid,EMS,4,0,99,107,147,151,125,135,138,151,147,119,5,151,14,161,5
20260301,prepaid,ILS,1,16,55,55,53,55,117,136,125,151,152,117,10,151,19,143,10
20260301,prepaid,VEL,0,5,38,43,22,26,128,137,133,151,147,120,10,151,16,156,5
20260312,prepaid,EMC,1,110,110,110,112,115,133,139,138,152,128,109,9,152,14,182,4
20260404,prepaid,CUL,0,113,129,130,94,134,117,133,130,152,258,127,7,152,5,126,4
20260214,prepaid,FHH,3,108,180,192,158,165,121,133,129,152,135,112,14,152,9,142,4
20260130,prepaid,GLA,0,1,1,1,1,1,107,124,122,152,120,95,12,152,11,113,9
20260114,prepaid,NAP,2,38,101,107,102,109,111,123,124,152,159,97,9,152,3,104,2
20260202,prepaid,FBD,4,307,475,493,305,313,137,143,143,152,143,121,6,152,10,134,3
20260325,prepaid,GLA,8,383,422,423,361,405,122,138,130,152,164,115,10,152,14,106,8
20260121,prepaid,GSL,0,66,116,118,98,100,120,129,137,153,274,108,4,153,4,118,4
20260118,prepaid,WML,0,29,117,145,58,59,124,136,135,153,156,110,5,153,12,128,4
20260115,prepaid,SNI,0,94,156,183,110,114,110,138,122,153,236,125,15,153,26,166,22
20260315,prepaid,HKH,3,28,72,75,45,51,100,111,114,153,92,75,24,153,8,85,2
20260120,prepaid,GSL,1,65,102,108,88,93,114,131,125,153,292,114,10,153,11,136,5
20260309,prepaid,WML,3,129,230,280,247,256,123,134,132,153,149,106,7,153,14,147,7
20260107,prepaid,ILS,2,235,336,346,323,333,120,133,130,153,182,118,12,153,13,95,4
20260225,prepaid,SHO,0,75,161,167,167,174,124,140,133,153,135,121,9,153,7,147,3
20260215,prepaid,FHH,0,60,101,101,69,73,126,138,135,153,159,123,7,153,12,135,6
20260307,prepaid,VEN,9,0,280,283,282,303,123,134,131,153,125,108,14,153,5,179,5
20260314,prepaid,VEL,3,59,104,109,136,144,125,137,133,153,154,114,10,153,16,117,7
20260209,prepaid,ILS,4,121,186,191,164,174,117,129,131,154,128,106,10,154,7,101,3
20260113,prepaid,GLA,0,6,242,242,6,6,122,138,132,154,155,106,7,154,8,164,4
20260305,prepaid,WML,7,63,144,171,169,181,126,141,134,154,137,102,10,154,9,125,3
20260402,prepaid,HKH,0,43,88,96,72,91,109,118,138,154,99,93,8,154,8,125,4
20260130,prepaid,VEN,0,1,235,235,222,225,115,123,129,154,114,97,5,154,29,195,19
20260211,prepaid,GSL,2,149,206,209,178,185,134,143,142,154,315,128,6,154,13,112,12
20260225,prepaid,RAP,0,115,206,221,216,220,135,143,138,154,136,126,5,154,7,130,3
20260303,prepaid,RAP,1,39,99,110,106,109,127,142,133,154,154,121,12,154,17,152,9
20260328,prepaid,HKH,0,51,104,109,133,140,133,145,138,154,155,135,8,154,6,94,2
20260131,prepaid,VEN,0,0,279,281,314,319,120,132,126,154,136,115,13,154,67,171,35
20260222,prepaid,GOK,1,77,91,91,85,87,136,147,139,155,157,138,4,155,4,109,2
20260227,prepaid,EMS,1,0,98,103,146,150,141,145,150,155,155,133,1,155,9,133,2
20260326,prepaid,EMC,1,252,252,252,239,252,139,146,144,155,151,124,9,155,4,157,2
20260108,prepaid,GSL,2,110,219,223,176,181,130,145,133,155,466,126,12,155,26,168,3
20260128,prepaid,SNI,3,57,161,161,242,253,125,133,140,155,170,107,6,155,3,148,1
20260206,prepaid,ROP,2,32,76,76,42,48,117,130,129,155,131,107,9,155,17,140,11
20260218,prepaid,RPG,2,238,265,267,291,296,139,145,147,156,157,135,6,156,17,142,9
20260207,prepaid,RAP,0,76,95,103,134,136,129,140,139,156,137,119,7,156,9,152,5
20260213,prepaid,GOK,0,95,103,104,99,101,127,139,141,156,138,120,5,156,10,158,7
20260309,prepaid,RAP,1,75,166,182,114,117,127,136,133,156,128,106,11,156,18,144,9
20260201,prepaid,WML,1,44,140,155,86,87,133,147,138,156,160,120,5,156,19,181,10
20260125,prepaid,WML,0,63,158,184,115,116,129,145,138,156,151,115,7,156,16,160,11
20260203,prepaid,RAP,1,74,187,198,167,169,123,135,133,156,125,107,7,156,5,123,2
20260223,prepaid,NUA,1,213,213,213,296,300,112,128,125,157,123,105,7,157,12,133,8
20260221,prepaid,FHH,8,135,255,261,170,183,134,142,143,157,155,117,6,157,9,137,4
20260124,prepaid,SNI,2,86,150,153,232,239,128,134,146,157,164,115,3,157,11,153,9
20260125,prepaid,GSL,0,48,63,65,47,48,130,147,134,157,420,134,11,157,14,186,7
20260109,prepaid,VEN,2,1,203,208,237,240,134,141,141,157,151,126,9,157,32,154,6
20260224,prepaid,SHO,1,76,163,169,202,206,126,138,139,157,138,113,9,157,12,140,8
20260331,prepaid,GLA,0,0,10,10,1,1,68,110,90,157,117,84,34,157,17,129,8
20260129,prepaid,GSL,0,95,161,167,170,181,141,149,146,157,477,137,6,157,5,122,1
20260306,prepaid,DSL,0,61,83,83,111,112,140,144,147,157,134,118,5,157,5,144,1
20260306,prepaid,ILS,1,85,135,148,181,184,113,129,128,157,125,101,10,157,17,128,11
20260301,prepaid,LIV,1,225,225,226,221,225,138,148,144,157,146,139,7,157,9,144,2
20260328,prepaid,EMS,0,0,55,66,80,88,128,140,138,157,145,126,8,157,8,121,3
20260404,prepaid,DSL,0,44,70,70,1,68,139,147,146,157,142,129,5,157,9,156,7
20260210,prepaid,ILS,2,75,112,117,137,144,118,135,131,157,139,109,12,157,20,146,7
20260307,prepaid,FHH,13,212,298,317,266,287,123,131,139,157,131,109,9,157,22,165,17
20260129,prepaid,NAP,0,38,124,134,106,110,106,133,121,158,141,104,14,158,6,87,3
20260113,prepaid,GSL,1,189,213,219,220,224,136,144,146,158,341,122,8,158,9,129,5
20260117,prepaid,SNI,0,55,122,141,100,105,102,136,111,158,158,97,4,158,3,117,2
20260228,prepaid,FMB,7,198,208,208,199,219,112,131,128,158,137,110,14,158,11,121,9
20260126,prepaid,SHO,2,11,274,276,9,11,128,141,140,158,147,110,5,158,80,176,14
20260125,prepaid,RAP,1,36,63,65,113,118,130,150,132,158,153,131,11,158,14,135,9
20260310,prepaid,RAP,6,104,217,238,177,188,123,134,132,158,139,118,10,158,18,153,9
20260308,prepaid,FHH,0,34,81,89,50,52,129,143,138,159,170,128,14,159,31,183,13
20260330,prepaid,ILS,0,87,184,196,110,126,105,134,120,159,121,97,28,159,13,122,6
20260129,prepaid,RAP,0,67,152,165,172,182,136,140,148,159,143,121,3,159,13,132,7
20260323,prepaid,ILS,0,87,215,222,122,127,117,126,138,159,118,83,13,159,22,116,9
20260301,prepaid,GOK,0,133,151,151,133,134,129,145,137,159,147,127,10,159,4,153,2
20260223,prepaid,WML,1,63,129,156,152,158,127,140,140,159,135,101,9,159,7,134,2
20260307,prepaid,TTN,0,10,151,152,9,10,137,144,145,159,129,112,7,159,5,185,5
20260228,prepaid,LIV,0,183,183,183,179,183,139,150,145,159,159,143,6,159,5,160,4
20260107,prepaid,VEN,1,1,226,228,72,74,130,147,137,159,157,130,13,159,12,65,7
20260330,prepaid,HKH,0,54,96,102,82,86,114,140,127,160,141,116,14,160,13,154,7
20260305,prepaid,EMS,1,0,139,169,132,137,128,143,139,160,132,113,8,160,16,124,5
20260207,prepaid,SHO,1,31,48,48,192,197,139,150,146,160,156,131,6,160,11,153,7
20260223,prepaid,ILS,1,107,172,178,180,186,123,134,137,160,126,107,11,160,5,122,1
20260208,prepaid,FBD,1,85,102,102,96,97,135,150,142,161,164,132,9,161,21,246,8
20260309,prepaid,VEN,4,3,629,633,220,228,131,144,140,161,142,100,6,161,45,235,19
20260111,prepaid,SNI,0,93,195,220,137,148,133,148,141,161,565,130,6,161,18,164,12
20260212,prepaid,FHH,1,95,139,157,177,183,126,138,140,161,125,100,9,161,14,126,7
20260205,prepaid,RAP,3,78,152,155,179,186,140,147,146,162,145,125,10,162,11,164,4
20260316,prepaid,SHO,0,2,328,331,12,12,125,140,136,162,134,113,18,162,15,142,9
20260218,prepaid,GOK,0,29,38,40,64,67,149,156,152,162,159,147,4,162,2,142,2
20260205,prepaid,ILS,2,60,124,131,140,145,131,141,140,162,140,115,10,162,4,117,3
20260116,prepaid,SNI,0,80,130,163,139,142,132,147,143,162,213,135,7,162,15,135,4
20260218,prepaid,RAP,2,80,144,154,171,178,131,152,136,162,146,122,15,162,16,130,7
20260310,prepaid,WML,4,134,213,255,238,245,140,146,148,162,153,111,8,162,18,118,13
20260127,prepaid,RAP,3,53,217,238,188,193,132,148,139,162,135,115,7,162,14,138,5
20260401,prepaid,NAP,0,31,98,103,37,84,67,104,105,163,245,84,36,163,13,106,8
20260307,prepaid,RAP,3,108,140,202,171,178,122,134,134,163,126,109,13,163,14,149,6
20260220,prepaid,GLA,0,2,2,2,2,3,132,146,141,163,148,115,10,163,13,146,9
20260112,prepaid,RDT,6,168,256,261,196,204,147,154,153,163,190,141,3,163,17,137,8
20260215,prepaid,GSL,0,8,33,36,9,9,133,153,142,163,255,130,9,163,16,165,7
20260213,prepaid,ILS,4,76,120,123,143,149,127,143,139,163,154,120,8,163,19,149,12
20260106,prepaid,NYK,0,602,756,757,592,602,3,154,3,163,,,71,163,288,289,39
20260305,prepaid,ILS,3,115,261,288,233,243,121,140,132,163,118,90,8,163,13,116,5
20260308,prepaid,ILS,1,10,31,31,24,26,132,147,139,163,169,131,14,163,18,144,7
20260209,prepaid,RAP,0,94,256,287,151,153,137,147,147,163,150,127,10,163,11,143,6
20260219,prepaid,RAP,3,105,165,175,174,184,125,139,137,164,140,117,14,164,10,152,6
20260302,prepaid,NUA,0,257,271,272,255,257,130,144,144,164,142,125,11,164,17,148,8
20260215,prepaid,RAP,0,48,91,100,65,67,127,148,137,164,159,133,11,164,8,125,7
20260127,prepaid,CMD,6,110,211,228,151,161,104,120,134,164,93,73,16,164,8,115,5
20260310,prepaid,LIV,0,178,178,181,175,179,144,155,150,164,487,138,5,164,8,149,3
20260323,prepaid,VEN,3,2,401,405,181,191,126,137,142,164,127,103,11,164,21,164,19
20260214,prepaid,ILS,1,68,120,127,107,112,126,139,141,164,149,119,7,164,13,149,9
20260114,prepaid,SNI,0,53,73,92,104,115,135,157,141,164,277,135,9,164,22,171,14
20260226,prepaid,ILS,9,98,197,203,157,180,124,140,135,164,147,117,15,164,9,140,3
20260313,prepaid,RAP,3,85,173,186,141,148,135,144,149,165,138,120,8,165,17,148,13
20260222,prepaid,EMS,1,0,16,16,98,99,136,155,144,165,161,136,8,165,19,168,11
20260314,prepaid,LFS,4,265,415,458,793,810,146,160,150,165,180,151,10,165,44,178,20
20260118,prepaid,RPG,4,424,496,499,465,473,132,146,145,165,157,124,9,165,29,178,6
20260303,prepaid,GOK,0,133,188,195,165,166,141,146,152,165,144,128,4,165,7,150,4
20260303,prepaid,VEN,1,0,246,246,296,303,129,148,138,165,160,124,15,165,33,164,26
20260202,prepaid,GSL,4,292,341,353,313,327,126,141,144,165,202,106,8,165,46,186,37
20260117,prepaid,WML,2,56,114,158,142,145,137,157,144,165,139,116,9,165,11,132,7
20260206,prepaid,CMD,11,465,478,490,448,475,136,150,142,165,165,132,9,165,27,145,14
20260224,prepaid,EMS,0,3,166,188,187,191,131,142,143,165,146,125,10,165,13,149,4
20260220,prepaid,ILS,0,53,110,123,115,118,129,139,146,165,143,116,10,165,13,133,8
20260119,prepaid,WML,4,90,166,210,188,196,134,144,147,165,135,104,3,165,11,157,5
20260318,prepaid,RAP,3,107,191,206,176,188,137,154,142,165,174,132,13,165,45,180,20
20260304,prepaid,SHO,0,4,27,28,23,24,134,149,143,166,183,126,16,166,42,191,10
20260131,prepaid,GLA,0,8,8,8,7,8,124,145,135,166,160,121,15,166,9,120,7
20260117,prepaid,GLA,10,297,297,298,418,447,115,145,129,166,169,128,10,166,16,140,10
20260204,prepaid,SHO,0,21,61,70,235,238,147,159,153,166,152,138,8,166,15,173,9
20260223,prepaid,EMS,1,11,285,322,107,110,130,148,142,166,160,132,12,166,19,159,11
20260221,prepaid,NMS,0,3,6,6,22,22,149,160,154,166,164,134,7,166,15,143,7
20260202,prepaid,RDD,0,30,1054,1054,42,42,140,149,152,166,141,128,6,166,6,136,2
20260128,prepaid,WML,3,63,150,182,172,180,132,139,151,166,122,97,6,166,12,140,8
20260225,prepaid,GOK,0,159,199,204,323,328,140,153,148,166,159,140,7,166,3,120,1
20260131,prepaid,SHO,1,17,47,49,205,208,141,157,147,167,166,137,8,167,13,118,9
20260303,prepaid,LIV,1,253,253,255,248,253,148,156,155,167,170,153,4,167,14,171,5
20260330,prepaid,NAP,0,26,80,86,71,80,111,141,124,167,192,116,28,167,10,135,7
20260304,prepaid,LIV,1,198,198,198,196,198,142,161,147,167,264,153,7,167,53,209,12
20260223,prepaid,FHH,6,190,318,678,298,309,139,151,153,167,138,117,9,167,13,156,5
20260311,prepaid,WML,5,83,181,215,162,169,140,154,144,167,158,118,7,167,14,146,9
20260113,prepaid,RPB,3,179,285,288,266,274,150,156,157,167,547,136,3,167,7,171,4
20260403,prepaid,CUL,0,98,119,119,92,120,142,149,153,167,223,141,10,167,5,151,3
20260210,prepaid,FBD,1,148,202,206,187,192,137,146,152,168,140,115,5,168,23,149,12
20260207,prepaid,FHH,1,87,132,137,143,150,144,156,154,168,164,135,7,168,12,163,6
20260227,prepaid,VEL,0,30,75,85,91,95,143,154,150,168,147,128,7,168,9,151,6
20260225,prepaid,FHH,3,117,297,330,229,237,152,158,159,168,170,146,3,168,5,149,3
20260404,prepaid,LIV,0,238,238,242,1,238,134,145,145,168,402,120,5,168,5,169,2
20260301,prepaid,EMS,0,0,78,80,122,126,133,156,139,168,166,137,21,168,12,169,5
20260218,prepaid,GSL,1,49,83,85,79,82,133,146,149,168,317,121,10,168,3,125,3
20260329,prepaid,ILS,0,6,21,25,37,40,130,154,137,169,158,119,13,169,20,164,8
20260126,prepaid,ROP,6,216,346,347,267,290,109,130,129,169,136,101,18,169,15,136,8
20260124,prepaid,GSL,2,99,110,115,122,125,152,157,161,169,486,142,6,169,9,111,4
20260329,prepaid,HKH,0,33,64,65,80,89,142,155,152,169,170,139,11,169,12,184,4
20260114,prepaid,KAL,0,83,104,106,114,114,140,149,147,169,154,133,7,169,8,135,5
20260327,prepaid,VEN,0,6,254,264,253,270,135,149,146,169,157,130,13,169,9,88,8
20260228,prepaid,ILS,3,56,148,157,148,154,136,147,143,170,168,128,14,170,11,149,7
20260114,prepaid,GLA,13,264,265,265,455,488,138,152,148,170,158,123,8,170,18,161,15
20260201,prepaid,GSL,0,36,49,50,40,40,130,152,140,170,268,131,15,170,30,169,22
20260129,prepaid,ILS,0,109,202,208,223,228,124,132,144,170,143,116,10,170,15,123,9
20260228,prepaid,EMS,1,0,113,119,137,141,151,166,154,170,177,146,8,170,9,178,4
20260227,prepaid,RAP,1,80,175,184,129,137,149,161,152,170,165,140,2,170,14,156,7
20260109,prepaid,GLA,0,0,84,84,1,1,134,148,149,170,173,128,10,170,13,148,7
20260121,prepaid,ROP,6,138,173,174,212,228,126,145,138,170,162,125,18,170,14,147,9
20260227,prepaid,ILS,2,87,152,162,146,151,131,144,142,171,157,126,17,171,16,140,10
20260109,prepaid,GSL,1,148,174,180,219,225,149,159,157,171,575,131,5,171,10,140,2
20260127,prepaid,ROP,6,67,96,99,182,199,103,132,125,171,133,96,22,171,18,128,6
20260201,prepaid,SHO,0,4,176,179,8,8,141,157,148,171,160,134,10,171,17,205,14
20260302,prepaid,EMS,0,0,83,94,53,55,128,142,147,171,140,121,12,171,18,148,13
20260325,prepaid,EMC,2,202,203,208,193,202,153,159,158,171,164,141,8,171,1,51,0
20260109,prepaid,SNI,2,90,156,165,137,164,152,163,160,171,652,149,3,171,13,168,10
20260216,prepaid,EMS,0,0,198,203,151,153,146,155,159,171,151,134,6,171,9,134,4
20260220,prepaid,FHH,0,127,179,189,215,223,146,152,157,171,167,131,6,171,11,167,4
20260109,prepaid,ROP,1,50,68,68,65,70,136,158,144,172,204,141,17,172,28,156,11
20260312,prepaid,WML,3,86,173,219,176,181,146,158,154,172,166,129,10,172,19,182,9
20260216,prepaid,RAP,4,69,127,140,202,216,135,147,151,172,139,119,11,172,6,158,2
20260212,prepaid,WML,0,109,212,256,220,223,140,156,152,172,179,134,7,172,9,145,6
20260211,prepaid,FBD,1,139,209,212,219,223,145,157,155,172,158,139,10,172,21,180,8
20260131,prepaid,ROP,2,61,72,72,71,77,116,135,136,172,138,111,25,172,13,157,13
20260123,prepaid,VEN,0,0,244,249,119,125,142,153,152,172,169,131,8,172,33,188,16
20260216,prepaid,GSL,1,117,136,242,157,162,134,148,152,172,223,112,9,172,11,136,6
20260114,prepaid,RPB,0,134,149,149,178,179,153,164,159,172,1298,146,7,172,11,160,2
20260317,prepaid,SHO,4,93,201,206,400,415,141,147,157,172,146,130,8,172,15,146,6
20260308,prepaid,VEN,1,,,,239,243,137,150,151,172,175,134,9,172,12,102,6
20260213,prepaid,GSL,3,127,177,183,182,188,146,159,154,173,307,138,12,173,25,152,13
20260223,prepaid,RAP,1,98,136,142,143,145,146,154,150,173,139,121,9,173,13,155,8
20260129,prepaid,WML,1,74,197,234,169,174,147,159,155,173,164,130,10,173,15,146,10
20260115,prepaid,RDD,2,59,59,59,58,61,144,165,150,173,199,153,9,173,19,169,13
20260308,prepaid,LIV,0,176,176,176,173,176,152,167,156,173,404,150,9,173,13,178,8
20260319,prepaid,WML,2,73,180,222,156,161,138,149,153,173,153,110,7,173,15,125,8
20260217,prepaid,EMS,2,22,169,171,129,135,154,162,163,173,164,143,5,173,10,148,8
20260302,prepaid,SHO,5,276,317,329,349,363,141,153,154,173,160,129,8,173,25,184,13
20260206,prepaid,RAP,1,50,115,132,129,130,152,164,156,174,169,148,11,174,13,204,5
20260320,prepaid,VEL,1,115,176,187,199,209,147,158,155,174,158,135,9,174,14,137,6
20260119,prepaid,RAM,3,260,941,1070,719,747,122,131,146,174,120,103,12,174,9,140,5
20260120,prepaid,VEH,1,24,35,55,26,30,77,97,104,174,79,56,20,174,10,96,7
20260117,prepaid,ROP,4,98,123,125,128,136,116,140,135,174,133,109,19,174,8,115,5
20260311,prepaid,ILS,2,59,203,207,178,182,139,152,156,175,158,127,15,175,24,131,17
20260213,prepaid,FHH,2,81,141,154,120,127,148,155,157,175,156,131,7,175,11,155,7
20260326,prepaid,RAP,2,60,177,207,125,132,131,147,146,175,151,117,16,175,17,177,7
20260327,prepaid,WML,0,,,,5,5,139,151,156,175,151,124,11,175,7,182,3
20260222,prepaid,SHO,0,2,196,199,7,7,133,153,144,175,167,137,17,175,24,208,13
20260322,prepaid,WML,0,62,158,189,99,106,150,162,157,175,152,111,10,175,16,148,6
20260305,prepaid,DSL,0,60,109,109,138,138,158,169,163,176,156,134,8,176,13,155,4
20260312,prepaid,FHH,7,224,305,345,324,340,137,151,156,176,167,124,13,176,33,183,12
20260224,prepaid,FHH,4,367,513,578,477,495,153,163,164,176,159,138,7,176,9,145,6
20260206,prepaid,VEN,1,0,246,252,114,118,145,154,153,176,159,125,5,176,30,233,11
20260315,prepaid,VEL,0,12,27,34,18,21,146,164,152,176,185,140,15,176,19,170,6
20260305,prepaid,SHO,4,230,443,446,273,281,131,145,145,176,105,81,11,176,13,110,3
20260303,prepaid,SHO,0,19,69,76,37,39,142,159,150,176,163,134,10,176,21,157,9
20260330,prepaid,NUA,0,258,373,380,265,282,124,148,144,176,144,130,18,176,5,137,1
20260317,prepaid,ILS,4,85,146,158,186,197,139,155,150,176,159,121,16,176,35,178,18
20260301,prepaid,VEN,3,,,,252,263,144,159,152,177,179,143,11,177,26,144,7
20260403,prepaid,RPG,0,323,488,492,173,342,146,151,164,177,148,124,8,177,14,145,7
20260312,prepaid,GOK,0,84,143,146,125,129,155,163,165,177,159,125,7,177,5,123,2
20260205,prepaid,WML,0,68,171,204,159,161,143,157,160,177,140,110,5,177,10,156,2
20260330,prepaid,GLA,0,8,9,9,19,23,108,138,127,178,124,91,30,178,18,145,9
20260118,prepaid,VEN,3,0,3,4,146,153,140,148,157,178,171,120,10,178,23,231,10
20260120,prepaid,RAM,3,108,474,529,781,797,131,147,149,178,169,128,12,178,15,175,8
20260216,prepaid,FHH,2,104,178,191,175,178,149,163,162,178,153,128,6,178,16,152,5
20260208,prepaid,SHO,1,5,245,246,9,11,150,165,159,178,174,148,12,178,23,186,8
20260228,prepaid,SHO,0,95,176,181,185,190,149,162,158,178,172,149,10,178,20,194,11
20260130,prepaid,RAP,1,74,143,158,156,163,153,171,158,178,180,150,7,178,14,152,5
20260317,prepaid,VEL,2,203,288,294,257,265,153,162,165,178,166,137,9,178,16,162,9
20260211,prepaid,WML,1,76,181,217,165,172,145,163,156,178,154,129,6,178,8,188,5
20260130,prepaid,GSL,2,98,133,136,162,168,149,169,155,178,367,150,12,178,10,195,4
20260209,prepaid,FBD,2,217,266,267,252,257,146,160,157,178,158,127,16,178,19,177,7
20260127,prepaid,WML,1,96,208,249,252,259,136,159,150,180,166,123,17,180,10,141,2
20260330,prepaid,PIP,0,254,344,346,352,388,138,151,159,180,152,123,11,180,12,135,4
20260316,prepaid,GOK,3,170,225,227,211,221,150,159,160,180,161,126,10,180,16,176,8
20260220,prepaid,EMS,0,1,129,140,229,234,151,160,163,180,170,146,9,180,9,136,4
20260402,prepaid,PIP,0,128,195,198,50,151,136,146,163,180,164,130,10,180,17,140,10
20260116,prepaid,VEN,2,0,174,176,365,371,142,159,151,180,207,136,10,180,7,101,5
20260219,prepaid,WML,1,46,117,148,95,97,148,160,160,180,163,130,7,180,7,152,5
20260131,prepaid,WML,0,93,181,222,182,190,154,160,168,181,179,137,6,181,11,195,9
20260130,prepaid,WML,1,71,160,184,184,187,159,168,164,181,162,140,5,181,9,152,4
20260129,prepaid,SNI,1,114,184,184,213,218,163,171,167,181,234,157,4,181,6,161,5
20260222,prepaid,RAP,0,15,53,54,60,60,144,152,155,181,163,125,7,181,16,178,8
20260225,prepaid,EMS,1,4,166,191,163,168,149,157,162,181,168,137,11,181,15,155,5
20260327,prepaid,PIP,0,78,121,123,121,134,141,161,151,181,169,134,12,181,19,163,10
20260113,prepaid,RDT,3,187,217,219,266,275,165,175,168,181,197,146,1,181,24,162,10
20260305,prepaid,NYK,4,384,430,430,434,441,114,122,167,182,57,40,4,182,7,418,4
20260128,prepaid,ILS,3,172,293,302,303,315,126,144,144,182,135,113,19,182,19,155,7
20260216,prepaid,NUA,2,365,521,521,358,365,125,139,154,182,123,117,13,182,7,139,4
20260403,prepaid,GOK,0,70,73,73,35,105,136,146,157,182,146,128,13,182,12,176,9
20260226,prepaid,VEN,0,9,151,151,220,225,143,159,154,182,155,130,10,182,20,235,9
20260121,prepaid,SNI,2,95,221,221,183,187,153,168,162,182,230,135,6,182,6,138,2
20260131,prepaid,RAP,2,62,93,100,119,122,153,167,162,182,164,140,6,182,8,174,4
20260112,prepaid,RPG,1,153,202,220,200,204,168,175,174,182,193,154,4,182,6,171,4
20260223,prepaid,SHO,1,43,154,156,230,236,138,147,159,182,136,117,12,182,12,145,4
20260228,prepaid,RAP,3,61,139,145,167,198,162,172,171,183,179,151,5,183,11,169,5
20260311,prepaid,EMC,0,108,113,114,104,108,162,174,167,183,193,156,9,183,3,86,1
20260202,prepaid,RAP,2,96,186,192,136,142,151,163,163,183,152,122,6,183,10,146,6
20260309,prepaid,ILS,4,99,349,389,168,176,143,159,158,183,165,132,5,183,15,177,8
20260327,prepaid,EMC,0,162,164,164,157,162,158,172,165,183,193,150,9,183,5,153,4
20260113,prepaid,SNI,0,52,114,119,110,128,146,168,155,183,379,142,3,183,19,174,15
20260208,prepaid,FHH,0,28,56,58,66,69,156,171,164,183,199,150,9,183,19,179,9
20260131,prepaid,GSL,0,91,117,121,126,126,152,165,162,183,323,150,11,183,17,161,8
20260329,prepaid,PIP,0,6,87,87,11,11,137,157,149,183,150,124,17,183,19,172,10
20260323,prepaid,SHO,0,20,29,30,37,38,136,151,157,184,140,119,15,184,9,140,4
20260206,prepaid,WML,2,81,166,206,177,181,144,157,152,184,170,130,10,184,22,179,15
20260302,prepaid,ILS,1,102,254,265,156,168,145,158,162,184,168,130,9,184,20,168,14
20260210,prepaid,RDD,0,21,300,300,66,68,152,162,163,184,142,133,9,184,9,152,5
20260218,prepaid,SHO,1,95,161,165,169,171,150,159,167,184,165,142,11,184,17,179,11
20260328,prepaid,ILS,0,37,76,81,70,76,159,171,169,184,199,149,8,184,26,181,11
20260116,prepaid,RPG,0,100,139,139,149,151,159,170,169,184,179,146,9,184,9,182,2
20260302,prepaid,LIV,1,193,193,193,188,193,161,173,171,184,169,165,6,184,1,171,1
20260302,prepaid,RAP,5,198,309,326,263,277,141,162,158,184,150,126,8,184,8,149,5
20260129,prepaid,PIP,3,173,257,261,216,230,151,161,164,184,157,129,9,184,11,192,5
20260207,prepaid,FBD,0,115,145,146,178,183,157,171,169,184,164,144,8,184,17,207,11
20260124,prepaid,VEN,2,5,193,200,318,328,152,164,163,185,166,131,9,185,26,170,12
20260112,prepaid,SHO,0,41,365,556,123,124,153,163,169,185,152,131,9,185,10,167,7
20260320,prepaid,WML,0,68,147,203,177,178,152,168,161,185,174,124,9,185,9,164,8
20260111,prepaid,DSL,2,179,321,321,263,267,161,173,171,186,187,147,8,186,16,240,9
20260207,prepaid,WML,3,93,184,236,177,180,154,166,167,186,180,134,8,186,24,176,11
20260106,prepaid,NKF,5,2072,2501,2516,2052,2072,37,182,38,186,,,54,186,220,233,75
20260109,prepaid,RPB,1,164,254,256,221,224,162,173,172,186,398,155,1,186,6,187,3
20260317,prepaid,GOK,0,198,249,249,256,262,156,173,163,186,166,138,12,186,7,167,2
20260130,prepaid,ILS,4,115,193,203,213,222,153,169,161,186,198,153,8,186,30,164,19
20260324,prepaid,VEN,1,20,226,231,245,262,132,163,146,186,163,128,18,186,17,139,10
20260312,prepaid,LIV,1,299,299,302,295,299,171,180,176,187,463,169,4,187,9,175,3
20260111,prepaid,SHO,2,0,251,252,153,155,160,178,166,187,201,167,12,187,15,216,8
20260329,prepaid,RPG,0,125,139,139,233,241,149,166,163,187,176,134,14,187,16,203,9
20260323,prepaid,RAP,2,135,228,238,228,247,137,154,157,187,160,127,16,187,21,144,7
20260225,prepaid,VEL,0,28,62,68,90,92,156,163,170,187,168,135,5,187,20,212,11
20260222,prepaid,NMS,0,,,,2,3,161,184,163,187,193,159,15,187,11,166,7
20260321,prepaid,RPG,0,76,109,109,84,84,153,164,169,187,180,134,7,187,25,185,14
20260320,prepaid,VEN,7,31,179,180,225,238,137,155,155,187,170,121,17,187,21,217,12
20260125,prepaid,SNI,2,114,197,197,173,178,161,179,168,187,225,165,9,187,17,171,7
20260122,prepaid,CMD,6,77,112,117,143,153,154,173,160,187,200,152,13,187,32,173,20
20260213,prepaid,RAP,0,56,118,125,133,134,155,171,167,187,180,150,11,187,15,174,6
20260222,prepaid,FHH,0,41,116,116,90,93,163,179,170,188,187,148,9,188,19,183,8
20260117,prepaid,LIV,0,242,260,263,242,244,165,172,176,188,335,136,6,188,9,170,4
20260316,prepaid,VEL,1,145,244,250,199,206,150,162,166,188,158,125,9,188,21,164,8
20260302,prepaid,GOK,0,154,191,192,244,252,163,170,171,188,173,154,10,188,5,179,5
20260321,prepaid,VEL,0,146,203,208,206,213,157,177,163,189,188,155,13,189,12,155,7
20260323,prepaid,WML,0,100,172,219,209,220,149,164,166,189,159,121,7,189,15,164,8
20260308,prepaid,RPG,7,532,908,911,669,680,158,174,166,189,187,138,12,189,40,253,14
20260318,prepaid,WML,4,70,160,191,197,209,153,169,161,189,164,123,13,189,22,174,11
20260210,prepaid,GOK,4,149,163,165,157,164,164,175,175,190,161,139,8,190,17,184,9
20260324,prepaid,WML,2,71,144,177,138,147,156,176,164,190,176,142,10,190,19,176,10
20260211,prepaid,GOK,0,95,108,109,103,105,164,180,171,190,170,152,11,190,7,193,3
20260313,prepaid,ILS,4,100,299,312,205,213,159,173,173,190,182,140,8,190,31,193,17
20260108,prepaid,SNI,4,119,193,195,180,213,170,184,175,190,718,165,8,190,4,182,1
20260313,prepaid,FMB,0,41,48,48,63,66,142,175,148,190,190,152,21,190,23,173,16
20260203,prepaid,SNI,3,124,199,199,232,237,166,176,175,190,243,162,6,190,5,175,2
20260125,prepaid,ROP,1,14,86,86,22,25,130,153,150,191,157,121,23,191,27,182,20
20260315,prepaid,GOK,1,134,189,189,254,261,159,173,171,191,163,139,9,191,15,164,9
20260211,prepaid,SHO,1,16,183,183,247,253,169,174,180,191,175,153,6,191,18,193,11
20260325,prepaid,WML,0,68,102,119,139,146,158,171,172,191,176,135,8,191,22,154,8
20260317,prepaid,WML,0,47,166,213,100,101,153,166,170,191,174,127,10,191,27,190,13
20260109,prepaid,FHH,2,238,337,351,325,336,166,179,173,191,213,151,6,191,21,210,9
20260315,prepaid,WML,6,53,135,170,117,124,150,168,166,191,203,143,12,191,29,198,14
20260122,prepaid,ROP,2,99,136,148,123,134,151,163,165,191,186,137,18,191,20,153,14
20260208,prepaid,WML,1,82,247,290,140,142,151,172,166,192,181,136,13,192,12,167,4
20260322,prepaid,RAP,0,10,109,111,84,85,145,166,161,192,168,134,19,192,30,230,16
20260404,prepaid,RPG,0,371,503,507,72,537,159,176,165,192,198,157,14,192,25,201,11
20260125,prepaid,SHO,1,8,9,9,7,8,156,173,169,192,185,152,13,192,20,175,12
20260118,prepaid,ILS,0,40,64,65,54,55,146,170,158,192,196,137,15,192,27,199,16
20260324,prepaid,RAP,1,121,271,286,201,206,146,162,159,192,151,126,14,192,26,170,8
20260330,prepaid,CUL,0,181,219,219,183,189,157,171,169,192,174,160,16,192,9,154,4
20260116,prepaid,SHO,4,25,186,188,373,380,159,172,176,192,177,135,11,192,11,186,5
20260122,prepaid,SNI,0,60,138,138,125,126,175,185,180,193,248,168,7,193,7,185,3
20260318,prepaid,SHO,1,72,132,133,194,197,165,180,172,193,179,166,13,193,9,177,6
20260204,prepaid,WML,1,82,173,206,183,194,154,176,164,193,182,136,9,193,13,184,6
20260228,prepaid,TTN,2,169,170,170,169,172,171,181,177,193,176,151,6,193,3,189,1
20260123,prepaid,SHO,2,12,173,173,253,258,163,178,174,193,182,149,8,193,28,200,12
20260315,prepaid,ILS,3,24,85,88,175,186,154,170,171,193,202,150,10,193,27,180,17
20260208,prepaid,GOK,2,147,152,152,158,161,160,172,170,193,191,141,11,193,22,204,13
20260201,prepaid,RAP,0,23,65,71,35,36,166,181,172,194,210,165,6,194,19,168,8
20260328,prepaid,PIP,0,75,132,132,118,131,141,158,161,194,171,130,21,194,21,166,10
20260331,prepaid,RAP,0,181,285,311,278,309,115,146,139,194,135,121,31,194,10,157,4
20260303,prepaid,NUA,2,301,357,357,304,312,166,178,179,194,195,168,11,194,18,171,9
20260217,prepaid,FHH,2,74,151,159,131,137,172,180,181,194,182,155,10,194,11,199,5
20260304,prepaid,RDT,0,23,32,34,47,47,171,183,179,195,302,154,8,195,78,459,27
20260320,prepaid,BFK,1,27,37,37,34,36,142,156,165,195,126,114,12,195,16,280,8
20260119,prepaid,GSL,1,159,186,199,193,196,156,167,171,195,300,123,11,195,10,148,5
20260202,prepaid,NUA,3,431,525,526,422,431,162,173,175,195,150,137,7,195,8,159,5
20260326,prepaid,WML,0,,,,40,43,157,176,169,195,165,135,12,195,12,171,8
20260313,prepaid,GOK,2,98,119,120,119,125,171,182,180,195,211,148,11,195,5,158,0
20260307,prepaid,RPG,3,524,698,700,562,569,174,182,183,196,164,132,6,196,23,222,13
20260226,prepaid,NYK,1,148,345,345,389,391,140,147,175,196,131,118,7,196,7,668,2
20260203,prepaid,SHO,3,10,135,154,128,133,171,178,185,196,176,151,5,196,8,174,5
20260403,prepaid,FHH,0,86,149,186,44,213,152,164,176,196,180,147,10,196,28,181,16
20260214,prepaid,RAP,0,50,187,198,111,111,169,180,177,196,171,151,10,196,10,181,5
20260204,prepaid,FBD,3,164,191,194,216,223,167,182,179,196,197,160,8,196,17,204,8
20260313,prepaid,WML,4,86,183,222,171,180,170,182,176,196,185,146,10,196,33,189,10
20260220,prepaid,WML,1,58,134,165,127,130,168,181,179,197,200,155,8,197,12,190,6
20260329,prepaid,NUA,0,74,90,90,72,74,150,171,165,197,175,158,20,197,16,190,6
20260329,prepaid,GLA,0,83,97,97,75,85,141,176,148,197,208,146,24,197,22,153,15
20260124,prepaid,DSL,0,46,118,118,81,82,167,186,176,197,175,164,10,197,3,203,3
20260324,prepaid,VEL,1,133,362,374,375,389,152,170,161,197,163,136,10,197,23,190,5
20260210,prepaid,LIV,1,203,203,208,200,203,178,186,186,197,488,174,5,197,8,196,5
20260220,prepaid,RAP,3,62,127,135,135,141,164,176,172,198,190,153,11,198,12,152,4
20260301,prepaid,RAP,0,27,56,62,36,39,166,184,175,198,197,158,8,198,19,190,7
20260226,prepaid,VEL,0,47,104,115,100,105,176,183,179,198,182,158,8,198,8,194,3
20260121,prepaid,DSL,0,36,115,115,110,111,175,185,183,198,188,155,5,198,5,183,3
20260205,prepaid,FHH,1,120,192,198,164,167,161,170,177,198,165,143,12,198,15,172,8
20260226,prepaid,LIV,0,161,161,190,158,162,167,180,181,198,192,167,10,198,9,168,7
20260309,prepaid,LIV,1,177,178,183,173,177,175,181,191,199,495,169,4,199,14,208,6
20260122,prepaid,VEN,1,0,178,188,171,175,152,160,172,199,153,129,8,199,31,271,14
20260313,prepaid,DSL,0,48,85,85,117,118,184,194,188,199,218,174,8,199,35,197,8
20260129,prepaid,ROP,2,49,108,110,50,57,140,162,160,199,159,130,19,199,13,152,8
20260125,prepaid,LIV,2,426,426,431,419,426,181,191,184,199,331,178,6,199,16,200,8
20260128,prepaid,SHO,4,32,165,165,207,213,164,174,176,199,158,146,13,199,7,114,3
20260210,prepaid,VEN,5,0,198,218,505,521,172,185,181,199,171,140,7,199,55,260,11
20260208,prepaid,SNI,1,93,225,229,170,174,174,193,178,199,223,162,8,199,10,210,5
20260131,prepaid,DSL,0,139,209,209,241,245,182,188,187,199,192,165,5,199,11,268,8
20260306,prepaid,VEN,8,7,276,278,556,580,160,172,176,199,154,130,14,199,11,159,7
20260109,prepaid,SHO,1,20,187,189,212,216,163,178,179,199,201,159,9,199,11,174,8
20260117,prepaid,GSL,2,120,141,143,133,138,164,174,178,200,354,143,15,200,19,139,11
20260130,prepaid,DSL,3,208,314,315,292,299,184,193,189,200,197,169,7,200,3,211,2
20260126,prepaid,CMD,1,64,111,114,65,72,140,168,162,200,160,121,15,200,29,173,19
20260214,prepaid,FRD,21,909,1247,1251,1145,1199,184,198,186,200,255,190,4,200,7,109,2
20260315,prepaid,FHH,2,44,237,252,291,307,163,181,175,200,215,145,14,200,50,239,24
20260206,prepaid,GSL,1,92,122,128,104,107,172,183,182,200,264,153,7,200,13,136,6
20260311,prepaid,LIV,1,282,282,285,280,282,188,191,194,200,506,178,3,200,16,195,5
20260305,prepaid,GOK,0,46,86,90,83,83,176,187,185,200,171,147,11,200,14,177,2
20260218,prepaid,SNI,2,110,225,225,263,267,177,190,183,200,263,170,6,200,4,194,4
20260302,prepaid,TTN,0,220,279,283,232,232,178,188,188,201,173,146,3,201,7,169,5
20260205,prepaid,GSL,1,77,89,93,103,105,160,173,176,201,277,146,11,201,9,165,3
20260401,prepaid,NUA,0,314,358,360,293,314,115,148,148,201,155,137,31,201,16,136,8
20260108,prepaid,ILS,1,202,234,245,290,301,172,183,180,201,219,153,8,201,20,164,10
20260214,prepaid,GSL,1,56,76,77,98,102,175,186,185,201,249,146,6,201,14,169,9
20260107,prepaid,SNI,1,80,174,180,126,140,185,194,192,202,843,182,4,202,5,149,2
20260401,prepaid,GLA,0,1,1,1,6,11,104,151,128,202,163,124,44,202,26,148,16
20260117,prepaid,RPG,0,184,232,232,221,224,170,185,180,202,184,155,12,202,12,180,6
20260321,prepaid,ILS,2,47,78,84,102,109,160,179,174,202,182,148,13,202,19,174,13
20260201,prepaid,DSL,3,256,376,376,321,326,177,195,182,202,203,172,13,202,15,240,8
20260228,prepaid,VEN,6,3,265,268,137,146,168,178,177,202,178,153,11,202,13,136,8
20260305,prepaid,TTN,1,152,152,155,151,153,186,193,192,202,222,166,3,202,14,191,7
20260109,prepaid,GOK,1,242,349,350,332,340,164,180,179,202,194,150,9,202,10,176,9
20260306,prepaid,RAP,1,104,152,157,183,193,148,164,165,203,165,132,10,203,15,166,9
20260209,prepaid,WML,3,119,198,256,297,306,167,180,181,203,174,134,11,203,18,168,6
20260123,prepaid,DSL,0,45,81,81,124,126,182,189,192,203,187,165,4,203,3,224,1
20260314,prepaid,GOK,0,130,248,248,154,159,176,191,186,203,182,138,11,203,14,185,6
20260118,prepaid,RAM,2,151,648,731,287,300,130,151,158,203,142,113,21,203,10,209,3
20260117,prepaid,ILS,2,124,162,165,252,266,166,174,183,203,181,131,7,203,21,160,8
20260304,prepaid,NUA,2,189,231,231,244,248,159,191,166,203,199,178,25,203,55,237,12
20260203,prepaid,WML,1,90,189,223,166,169,179,188,188,204,175,135,4,204,13,164,8
20260112,prepaid,SNI,1,68,144,145,160,170,169,193,177,204,559,167,11,204,29,187,13
20260202,prepaid,SNI,1,112,225,225,238,242,179,189,188,204,225,159,6,204,4,199,3
20260325,prepaid,PIP,1,106,144,144,159,166,152,174,171,204,160,132,16,204,19,158,9
20260211,prepaid,FHH,0,83,172,179,187,188,162,178,180,204,178,147,9,204,12,162,6
20260221,prepaid,WML,1,59,126,150,139,141,172,184,183,205,174,140,10,205,12,172,7
20260403,prepaid,VEN,0,5,187,208,2,234,145,165,174,205,189,139,16,205,3,200,2
20260128,prepaid,PIP,2,160,229,233,261,268,169,187,177,205,203,167,12,205,13,210,7
20260403,prepaid,PIP,0,112,125,190,30,252,164,182,174,205,187,147,17,205,22,167,12
20260116,prepaid,RPB,0,200,260,260,274,277,186,194,197,205,596,173,2,205,6,206,3
20260115,prepaid,RPG,1,88,140,141,97,99,183,198,190,205,193,176,8,205,9,194,3
20260128,prepaid,ROP,1,76,84,86,105,112,140,165,161,206,160,124,25,206,17,153,10
20260113,prepaid,KAL,0,76,107,107,85,88,176,191,185,206,199,181,12,206,12,178,9
20260405,prepaid,PIP,0,24,24,122,0,44,163,178,179,206,176,152,16,206,24,212,0
20260318,prepaid,GOK,1,145,199,200,193,203,167,184,181,206,179,158,10,206,8,199,3
20260203,prepaid,ILS,2,103,168,176,154,159,151,169,173,206,161,131,10,206,8,165,5
20260122,prepaid,GOK,2,193,261,261,223,230,167,178,185,206,183,156,10,206,9,175,5
20260110,prepaid,FHH,1,332,443,453,500,522,178,189,191,207,206,165,6,207,13,180,6
20260212,prepaid,FBD,0,129,235,241,184,185,177,191,188,207,221,174,11,207,21,195,10
20260404,prepaid,EMC,0,236,236,236,9,236,159,178,181,207,176,140,14,207,23,382,15
20260223,prepaid,GOK,0,111,174,174,129,133,186,196,194,208,208,179,7,208,3,154,1
20260314,prepaid,ILS,3,71,191,203,213,221,171,192,183,208,197,155,14,208,25,194,18
20260112,prepaid,GLA,0,2,2,2,3,3,169,188,183,208,210,160,12,208,19,171,11
20260227,prepaid,SHO,4,102,202,205,181,186,179,197,187,208,191,169,14,208,17,195,11
20260212,prepaid,SNI,0,103,236,237,170,174,186,197,193,208,256,172,7,208,29,226,7
20260221,prepaid,RAP,0,53,108,115,98,102,170,186,179,208,182,157,13,208,10,180,4
20260331,prepaid,RPG,0,154,161,162,163,172,144,186,162,208,185,159,28,208,14,198,5
20260108,prepaid,DSL,3,176,269,269,261,270,190,200,195,209,222,178,4,209,6,176,5
20260109,prepaid,KAL,0,87,164,164,85,87,177,190,190,209,200,178,10,209,11,222,6
20260215,prepaid,SHO,0,4,6,6,5,5,169,183,188,209,208,161,10,209,31,208,6
20260214,prepaid,FBD,6,462,673,686,563,584,179,195,190,209,196,157,12,209,24,180,6
20260128,prepaid,LIV,1,203,208,214,203,205,179,189,193,209,365,172,6,209,3,190,1
20260209,prepaid,FHH,1,96,152,169,121,123,177,191,191,209,175,153,6,209,12,193,5
20260114,prepaid,SHO,3,11,215,215,236,240,184,195,195,210,201,168,11,210,16,202,12
20260115,prepaid,SHO,3,14,259,262,209,216,178,193,187,210,201,164,13,210,18,224,6
20260211,prepaid,SNI,0,143,214,216,248,248,193,203,199,210,275,179,6,210,5,196,4
20260306,prepaid,SNI,1,116,265,266,209,214,173,189,188,210,240,159,12,210,9,211,3
20260111,prepaid,RPB,0,0,6,6,9,9,183,199,191,210,786,178,7,210,9,210,5
20260322,prepaid,RPG,2,256,337,337,277,285,176,197,184,210,210,166,16,210,40,236,17
20260205,prepaid,SNI,3,118,201,201,233,239,193,199,202,210,279,179,2,210,10,219,4
20260209,prepaid,RDD,0,43,45,46,43,43,165,173,186,210,173,150,11,210,22,180,3
20260128,prepaid,GLA,13,583,630,630,540,583,120,138,165,210,101,82,20,210,18,158,9
20260202,prepaid,WML,4,103,198,236,233,243,180,193,188,211,202,148,14,211,22,182,11
20260304,prepaid,PIP,7,117,235,235,221,233,175,195,181,211,241,147,13,211,95,306,26
20260323,prepaid,VEL,1,173,279,293,299,313,164,186,183,211,187,151,10,211,17,221,6
20260313,prepaid,SHO,0,101,196,197,183,185,180,196,187,211,196,166,12,211,29,199,13
20260308,prepaid,SNI,2,129,272,274,294,304,184,197,191,211,429,180,8,211,10,197,3
20260207,prepaid,SNI,3,147,228,228,232,238,195,202,202,211,272,181,5,211,11,223,8
20260203,prepaid,FBD,4,217,269,311,319,328,193,204,198,211,215,182,5,211,8,155,5
20260319,prepaid,RAP,1,137,211,226,213,217,174,193,186,211,194,156,10,211,17,153,5
20260221,prepaid,LIV,0,204,204,209,205,206,187,201,193,212,230,183,7,212,11,218,7
20260222,prepaid,NUA,1,58,145,145,57,58,171,183,189,212,194,169,10,212,14,177,5
20260130,prepaid,RPB,2,387,509,512,460,466,183,196,194,212,380,164,9,212,20,268,9
20260405,prepaid,RAP,0,7,7,45,0,17,165,186,183,212,192,158,11,212,29,197,0
20260210,prepaid,WML,0,111,217,258,198,200,182,191,195,212,190,157,7,212,9,168,5
20260208,prepaid,KAL,1,0,2,2,189,195,175,197,183,213,202,186,13,213,12,250,5
20260211,prepaid,LIV,2,283,283,319,280,283,201,207,206,213,473,201,3,213,10,219,2
20260305,prepaid,RAP,2,55,159,175,138,143,162,187,170,213,166,138,21,213,11,130,4
20260328,prepaid,VEN,0,23,190,199,310,326,175,193,181,213,206,167,16,213,7,172,7
20260204,prepaid,SNI,2,109,230,230,179,183,193,200,202,214,243,174,4,214,8,189,3
20260228,prepaid,DSL,0,69,193,193,115,117,184,197,197,214,186,169,7,214,5,219,3
20260111,prepaid,ROP,0,10,45,45,25,27,161,187,172,214,205,148,21,214,42,234,16
20260311,prepaid,SHO,2,77,150,150,117,125,185,197,196,214,202,173,7,214,31,223,17
20260322,prepaid,VEL,1,112,430,557,121,124,178,198,187,214,218,178,14,214,27,186,13
20260330,prepaid,GOK,0,185,214,216,303,327,164,184,181,214,163,144,16,214,2,202,0
20260108,prepaid,FHH,0,213,349,369,357,366,183,192,199,215,226,169,11,215,20,201,10
20260107,prepaid,KAL,1,85,117,117,214,219,184,198,196,215,223,188,7,215,13,177,10
20260209,prepaid,SNI,2,106,211,212,232,238,188,198,202,215,245,184,1,215,8,201,6
20260325,prepaid,RAP,0,125,196,209,272,286,168,186,183,215,184,160,15,215,23,152,5
20260314,prepaid,DSL,1,60,107,107,96,97,194,204,201,216,195,168,9,216,16,209,6
20260215,prepaid,LIV,0,250,250,250,245,250,192,203,199,216,373,188,10,216,16,207,2
20260323,prepaid,RPG,4,269,478,480,331,340,172,185,189,216,176,133,14,216,23,166,10
20260323,prepaid,NUA,1,245,332,335,241,246,174,189,196,217,183,144,10,217,20,174,9
20260209,prepaid,VEN,0,0,586,604,196,203,177,187,197,217,189,147,10,217,31,241,23
20260316,prepaid,ILS,10,131,274,276,256,272,186,200,197,217,210,170,10,217,27,197,14
20260201,prepaid,SNI,0,106,236,236,199,200,185,198,201,217,249,178,9,217,8,203,3
20260222,prepaid,SNI,0,138,318,321,247,248,200,210,204,217,249,186,7,217,10,216,4
20260210,prepaid,SHO,4,62,285,298,262,269,185,199,198,217,196,178,12,217,9,190,5
20260115,prepaid,RPB,0,193,258,260,266,268,195,203,206,217,1054,188,6,217,12,174,5
20260110,prepaid,DSL,1,292,380,380,408,413,198,208,204,217,222,189,7,217,8,214,5
20260214,prepaid,WML,2,109,198,226,183,188,179,191,197,217,217,153,7,217,21,193,11
20260325,prepaid,VEN,2,2,212,214,260,273,170,187,188,218,183,159,17,218,9,85,5
20260225,prepaid,LIV,0,145,146,150,146,147,191,206,199,218,214,195,10,218,7,207,3
20260222,prepaid,VEN,4,,,,136,145,182,191,200,218,189,150,9,218,17,195,8
20260126,prepaid,ILS,0,28,71,77,75,75,171,193,182,218,205,154,16,218,16,181,8
20260328,prepaid,NUA,3,163,171,172,164,177,176,193,191,218,193,177,13,218,11,187,4
20260206,prepaid,KAL,0,2,231,231,70,72,180,198,191,218,195,186,12,218,6,240,3
20260219,prepaid,DSL,3,184,242,242,342,347,200,205,210,218,214,180,3,218,8,162,6
20260213,prepaid,RDD,0,16,20,20,20,20,188,213,192,219,223,206,11,219,16,226,8
20260214,prepaid,GLA,0,11,60,60,10,11,134,164,162,219,127,109,25,219,12,194,11
20260107,prepaid,DSL,0,186,280,280,266,270,203,212,208,219,238,203,4,219,6,121,5
20260215,prepaid,SNI,2,81,209,214,236,241,192,206,200,219,256,177,12,219,13,213,7
20260130,prepaid,ROP,3,68,86,88,118,123,155,181,169,220,179,148,33,220,10,180,8
20260215,prepaid,WML,0,57,166,211,103,107,177,204,184,220,221,157,14,220,17,187,6
20260326,prepaid,PIP,2,77,136,140,104,116,176,192,191,220,184,157,12,220,19,200,7
20260112,prepaid,RPB,0,215,311,313,216,219,203,206,212,220,778,178,4,220,13,210,7
20260213,prepaid,WML,3,105,177,228,201,205,183,203,198,220,203,159,9,220,14,204,10
20260217,prepaid,SHO,1,75,143,144,127,131,174,196,189,220,186,165,19,220,19,206,8
20260210,prepaid,KAL,0,1,1,1,8,9,187,200,201,221,203,192,10,221,6,206,5
20260209,prepaid,NUA,2,320,368,368,316,322,163,181,190,221,173,159,13,221,13,186,7
20260114,prepaid,ILS,1,61,109,118,104,107,168,180,187,221,185,141,16,221,21,177,8
20260224,prepaid,SNI,0,110,262,262,200,201,205,212,213,221,252,189,3,221,2,222,2
20260204,prepaid,LIV,1,188,188,219,187,197,207,212,210,221,527,196,6,221,17,232,7
20260331,prepaid,FHH,0,113,183,207,241,294,152,193,170,221,195,157,33,221,22,205,11
20260330,prepaid,RAP,1,191,322,343,257,293,146,175,172,222,163,136,31,222,28,197,13
20260208,prepaid,LIV,1,195,195,195,191,195,198,213,201,222,432,205,7,222,13,217,5
20260131,prepaid,SNI,1,97,191,192,162,163,187,207,199,222,239,173,10,222,11,265,9
20260304,prepaid,PSP,1,141,203,204,177,179,191,211,195,222,274,191,15,222,68,290,12
20260314,prepaid,WML,1,96,185,229,193,201,192,208,198,222,208,169,7,222,28,212,15
20260321,prepaid,VEN,0,3,182,183,211,216,175,191,192,222,208,160,20,222,16,164,12
20260313,prepaid,LIV,2,366,366,371,360,366,205,213,212,222,517,196,4,222,8,182,3
20260207,prepaid,CMD,20,487,584,584,469,501,173,205,180,223,232,185,20,223,24,229,17
20260306,prepaid,TTN,1,81,84,87,76,81,203,215,210,223,192,158,6,223,6,187,1
20260220,prepaid,VEL,1,120,206,210,228,236,182,192,197,223,203,161,10,223,13,188,7
20260202,prepaid,SHO,1,8,270,277,83,84,186,199,205,223,205,180,10,223,20,204,7
20260129,prepaid,VEN,1,0,259,263,364,368,171,193,188,223,190,160,18,223,16,173,8
20260114,prepaid,RPG,1,114,115,115,157,159,206,218,212,224,212,188,6,224,15,222,7
20260121,prepaid,SHO,5,20,273,276,210,218,184,196,205,224,194,167,10,224,10,194,4
20260108,prepaid,RPB,1,192,242,242,229,231,200,214,206,224,905,190,8,224,8,209,3
20260127,prepaid,VEN,2,1,213,218,173,176,160,177,188,224,189,139,19,224,51,214,19
20260118,prepaid,NUA,2,335,342,342,329,336,153,167,190,224,166,148,23,224,23,208,10
20260405,prepaid,FHH,0,25,25,65,0,35,190,214,196,224,231,186,13,224,31,213,0
20260219,prepaid,RPG,1,204,224,224,230,231,203,216,206,225,231,199,12,225,27,224,16
20260218,prepaid,WML,3,68,126,150,146,151,184,200,201,225,187,152,11,225,15,188,9
20260331,prepaid,CUL,0,151,209,211,185,189,165,203,180,225,200,193,29,225,6,187,5
20260330,prepaid,RPG,1,145,162,162,176,185,177,199,199,225,186,154,11,225,24,193,11
20260129,prepaid,RPB,1,267,369,371,307,309,202,212,209,225,474,173,6,225,10,266,6
20260210,prepaid,SNI,1,104,209,209,208,209,200,212,211,225,263,187,6,225,10,222,5
20260112,prepaid,NUA,2,415,492,494,427,444,169,191,189,226,197,168,18,226,19,174,9
20260331,prepaid,GOK,0,165,204,208,175,197,147,194,163,226,197,174,36,226,16,241,8
20260122,prepaid,SHO,0,14,102,103,159,160,200,212,208,226,222,184,11,226,25,207,13
20260202,prepaid,DSL,3,290,450,450,405,410,191,206,205,226,211,176,8,226,12,211,4
20260331,prepaid,NUA,0,4,4,6,115,119,151,198,165,226,198,184,44,226,17,214,9
20260130,prepaid,KAL,1,310,535,535,529,543,172,181,189,226,172,163,10,226,9,269,7
20260110,prepaid,RPB,0,122,141,141,212,212,208,213,214,226,916,190,2,226,13,211,7
20260318,prepaid,ILS,2,37,102,105,117,122,184,200,202,227,216,166,16,227,47,213,26
20260403,prepaid,LFS,0,95,242,274,168,255,188,204,203,227,212,187,9,227,13,211,11
20260117,prepaid,SHO,0,16,109,110,128,129,200,212,210,227,215,176,9,227,24,203,10
20260402,prepaid,FHH,0,93,213,229,70,163,148,171,194,227,160,136,21,227,15,180,9
20260321,prepaid,SHO,1,54,70,71,126,130,194,211,203,227,229,176,17,227,38,225,23
20260126,prepaid,VEN,1,0,463,473,154,158,161,189,180,227,188,152,24,227,13,189,7
20260217,prepaid,SNI,0,95,252,255,213,217,204,212,213,227,297,194,4,227,4,190,3
20260321,prepaid,LIV,0,247,258,259,247,247,190,207,206,228,573,186,7,228,19,259,13
20260119,prepaid,LIV,3,300,300,306,300,305,185,201,205,228,383,174,8,228,15,207,3
20260115,prepaid,ILS,2,87,180,187,134,141,176,205,189,228,247,171,17,228,39,205,21
20260126,prepaid,PIP,2,76,155,158,74,78,193,207,210,228,210,167,8,228,17,214,7
20260313,prepaid,FHH,9,139,273,383,211,226,192,208,206,228,224,171,11,228,37,226,19
20260328,prepaid,RPG,0,51,186,187,84,87,181,202,201,228,194,157,8,228,15,167,7
20260314,prepaid,SHO,3,87,96,99,176,184,185,202,201,228,195,174,14,228,14,187,6
20260118,prepaid,RPB,0,166,193,194,193,196,209,220,213,229,666,189,11,229,20,263,6
20260113,prepaid,RPG,0,187,241,241,233,234,215,220,220,229,222,182,2,229,11,209,6
20260115,prepaid,PIP,0,138,311,312,229,236,186,212,197,229,225,171,14,229,27,230,12
20260123,prepaid,SNI,1,71,224,226,201,209,199,218,204,229,266,194,13,229,10,218,5
20260226,prepaid,FHH,7,171,305,339,327,343,212,223,217,229,247,198,3,229,23,240,7
20260209,prepaid,GOK,1,159,176,177,167,170,196,207,211,229,200,163,10,229,13,185,7
20260125,prepaid,ILS,2,0,37,39,6,8,175,202,188,229,224,167,19,229,23,198,17
20260220,prepaid,LIV,2,248,250,253,244,248,212,218,219,230,278,199,6,230,8,205,6
20260217,prepaid,LIV,0,194,194,197,190,194,204,214,214,230,515,201,8,230,14,216,7
20260213,prepaid,VEN,1,0,261,268,216,218,173,188,195,230,174,142,11,230,60,252,11
20260114,prepaid,GSL,1,137,153,158,146,152,202,222,205,230,427,199,10,230,12,165,5
20260118,prepaid,PIP,4,98,207,212,232,238,190,203,210,230,204,166,8,230,22,225,12
20260303,prepaid,SNI,0,120,231,232,254,260,203,219,210,230,286,203,7,230,20,229,10
20260121,prepaid,GOK,0,192,227,233,222,227,181,196,197,230,188,169,18,230,16,168,9
20260320,prepaid,GOK,1,215,314,316,310,317,193,210,206,230,234,186,8,230,12,199,6
20260110,prepaid,KAL,1,116,182,182,184,192,199,211,214,230,216,200,9,230,11,200,8
20260131,prepaid,KAL,2,317,388,388,518,527,187,200,199,231,206,184,18,231,4,43,4
20260107,prepaid,SHO,0,28,137,140,46,49,208,218,214,231,226,192,7,231,9,134,5
20260223,prepaid,SNI,0,100,191,192,278,280,212,221,221,231,264,201,3,231,10,221,10
20260107,prepaid,GOK,2,87,187,191,166,171,194,204,212,231,241,190,8,231,7,140,7
20260320,prepaid,RPG,0,240,245,246,249,255,170,193,194,231,183,159,20,231,25,203,22
20260209,prepaid,LIV,0,238,238,240,234,238,203,210,219,231,448,189,2,231,6,219,1
20260116,prepaid,GSL,0,173,194,197,202,204,184,203,200,231,340,153,14,231,15,256,8
20260213,prepaid,FBD,1,232,351,371,343,345,198,214,210,231,216,173,10,231,29,215,6
20260107,prepaid,PIP,1,225,270,270,288,290,198,214,208,231,240,197,9,231,16,161,6
20260124,prepaid,SHO,2,67,139,141,226,232,202,214,218,232,208,186,9,232,24,219,18
20260113,prepaid,SHO,1,35,185,196,251,254,205,220,213,232,233,198,9,232,8,169,2
20260316,prepaid,WML,3,82,143,176,141,153,188,209,204,232,204,159,14,232,29,183,10
20260206,prepaid,LIV,1,249,249,251,244,249,206,220,212,233,504,206,7,233,8,196,4
20260110,prepaid,SHO,0,25,55,55,260,263,214,223,220,233,212,188,4,233,15,256,10
20260325,prepaid,VEL,0,92,160,168,144,149,179,210,191,233,223,177,15,233,38,214,13
20260202,prepaid,LIV,2,227,227,235,220,227,198,211,215,233,437,185,7,233,6,227,2
20260213,prepaid,SNI,0,100,205,205,228,233,204,219,211,233,285,182,13,233,12,208,7
20260301,prepaid,SNI,0,148,286,287,269,270,212,222,221,233,266,201,5,233,4,234,1
20260319,prepaid,GOK,0,149,248,249,173,183,195,213,206,233,221,189,9,233,9,177,6
20260228,prepaid,SNI,1,86,209,209,205,210,211,217,223,233,268,197,5,233,3,244,1
20260130,prepaid,PIP,3,176,290,291,268,280,201,216,213,233,211,189,10,233,12,194,8
20260309,prepaid,SNI,1,104,274,281,237,244,199,215,215,233,444,188,7,233,9,240,4
20260320,prepaid,RAP,0,86,148,172,166,173,188,208,204,233,209,171,10,233,19,205,12
20260221,prepaid,SNI,0,75,185,186,164,167,213,220,224,233,269,189,4,233,10,248,7
20260207,prepaid,LIV,0,181,181,182,180,181,193,207,210,233,484,192,4,233,3,214,1
20260302,prepaid,SNI,0,102,243,243,236,241,213,221,223,233,288,207,3,233,6,226,1
20260228,prepaid,NUA,3,222,222,222,250,255,189,209,203,233,218,199,15,233,17,225,6
20260131,prepaid,PIP,0,186,210,210,290,296,202,216,210,234,234,192,10,234,21,218,12
20260225,prepaid,NUA,1,212,212,213,207,213,187,199,211,234,195,182,10,234,9,185,1
20260202,prepaid,ILS,3,120,178,189,169,179,181,199,200,234,190,150,15,234,25,242,13
20260219,prepaid,LIV,1,152,152,156,149,153,215,224,221,234,459,210,6,234,6,198,3
20260224,prepaid,VEL,1,41,88,151,117,121,194,214,205,234,233,189,15,234,8,203,6
20260108,prepaid,KAL,0,72,72,72,97,100,198,212,210,234,222,198,15,234,18,195,8
20260206,prepaid,GOK,2,146,150,151,149,152,195,210,204,234,238,180,16,234,21,254,15
20260216,prepaid,SNI,1,86,207,208,210,213,207,217,221,234,281,183,6,234,5,207,3
20260227,prepaid,NUA,0,211,244,244,216,218,196,215,205,235,216,204,12,235,13,237,8
20260325,prepaid,NUA,0,168,168,169,165,168,189,214,201,235,195,177,15,235,13,200,4
20260111,prepaid,FHH,2,104,172,178,157,161,207,220,211,235,260,198,16,235,29,241,15
20260207,prepaid,GOK,4,178,198,199,178,185,200,210,213,235,209,165,13,235,14,209,11
20260119,prepaid,VEN,1,0,392,397,132,134,185,207,200,235,204,161,17,235,43,217,14
20260206,prepaid,SNI,1,89,180,180,169,172,219,227,226,235,281,200,1,235,11,208,8
20260309,prepaid,NUA,4,372,461,463,413,430,188,202,210,236,208,187,9,236,19,195,8
20260315,prepaid,RPG,2,276,376,376,269,276,186,213,199,236,227,175,21,236,42,240,18
20260112,prepaid,ROP,3,149,175,177,188,202,177,201,199,236,198,155,20,236,14,195,4
20260323,prepaid,PIP,3,174,255,763,248,260,170,190,191,236,182,140,15,236,24,188,14
20260401,prepaid,CUL,0,167,167,168,214,225,173,199,200,236,197,191,24,236,6,196,4
20260307,prepaid,LIV,1,185,185,186,182,185,212,222,223,236,519,210,6,236,12,244,6
20260329,prepaid,GOK,0,61,177,177,152,160,189,206,206,237,223,187,21,237,7,212,2
20260125,prepaid,NUA,0,43,204,204,43,43,205,220,214,237,235,204,13,237,23,206,10
20260130,prepaid,SNI,0,92,158,158,160,162,212,224,220,237,288,203,9,237,11,251,8
20260309,prepaid,FHH,10,207,311,337,276,295,198,214,211,237,237,179,15,237,15,183,7
20260221,prepaid,SHO,3,91,131,138,137,141,197,212,213,237,192,170,14,237,12,198,7
20260220,prepaid,SHO,1,61,117,117,145,148,207,228,210,238,239,195,14,238,22,199,9
20260130,prepaid,BFK,0,193,246,248,229,234,217,227,224,239,218,200,7,239,5,310,2
20260404,prepaid,FHH,0,142,147,278,7,221,209,219,221,239,239,196,9,239,26,227,16
20260213,prepaid,SHO,1,65,160,165,179,182,216,230,223,239,242,199,10,239,25,212,12
20260402,prepaid,VEN,0,7,204,210,55,261,147,165,200,239,156,126,22,239,10,244,8
20260402,prepaid,VEL,0,92,211,222,72,221,153,183,192,239,180,150,26,239,10,189,7
20260401,prepaid,RAP,0,83,222,238,129,182,138,195,158,240,201,182,49,240,16,183,7
20260224,prepaid,LIV,2,140,142,145,136,140,219,230,228,240,236,219,4,240,6,261,2
20260115,prepaid,GSL,1,92,108,111,100,105,197,218,213,240,436,192,15,240,25,232,6
20260123,prepaid,CMD,0,18,63,72,49,52,190,218,205,240,272,185,15,240,59,243,24
20260108,prepaid,PIP,2,199,280,283,236,243,210,217,222,240,249,195,6,240,12,191,6
20260314,prepaid,VEN,1,82,155,156,255,264,175,199,194,240,207,164,22,240,40,254,17
20260302,prepaid,VEN,0,1,462,464,52,53,202,218,215,240,227,181,13,240,23,192,12
20260120,prepaid,GOK,1,166,204,205,222,231,176,194,207,240,180,155,19,240,29,269,13
20260127,prepaid,SNI,2,163,359,360,302,307,198,216,213,240,266,189,13,240,5,162,2
20260222,prepaid,LIV,2,217,218,218,211,217,212,231,219,241,244,217,12,241,11,255,5
20260314,prepaid,LIV,2,405,405,409,399,405,217,230,227,241,560,217,5,241,18,259,10
20260328,prepaid,EMC,0,192,196,196,185,192,204,230,209,241,220,193,24,241,15,204,12
20260326,prepaid,NUA,0,210,228,229,200,210,191,207,211,241,211,189,16,241,14,222,6
20260317,prepaid,FHH,5,159,238,253,748,785,201,214,221,241,223,165,11,241,29,228,13
20260329,prepaid,LIV,2,347,347,347,336,347,206,225,220,241,525,212,14,241,21,233,9
20260127,prepaid,ILS,2,200,352,361,261,267,170,194,201,241,164,137,18,241,20,202,12
20260130,prepaid,LIV,0,215,216,222,213,215,215,228,223,241,480,209,8,241,7,275,5
20260217,prepaid,WML,1,68,146,175,154,158,192,209,216,242,219,172,8,242,12,216,6
20260328,prepaid,RAP,0,80,147,160,162,169,177,208,193,242,199,167,22,242,30,266,15
20260306,prepaid,SHO,4,108,179,182,309,323,189,210,204,243,207,184,20,243,13,180,9
20260401,prepaid,FHH,0,130,194,215,159,285,157,200,181,243,215,169,44,243,24,233,14
20260405,prepaid,LIV,0,271,271,271,0,271,203,230,211,243,436,210,12,243,12,230,0
20260125,prepaid,CMD,2,37,45,45,37,43,187,212,200,243,224,166,23,243,37,264,24
20260212,prepaid,LIV,1,256,256,274,249,256,227,237,232,243,482,222,8,243,16,240,3
20260225,prepaid,SNI,1,102,224,225,252,254,223,236,226,243,279,211,9,243,3,246,3
20260405,prepaid,VEL,0,6,6,83,0,11,184,211,203,244,236,187,18,244,61,288,0
20260127,prepaid,PIP,5,258,372,374,375,386,207,223,217,244,195,166,8,244,23,188,12
20260313,prepaid,SNI,0,148,268,269,274,280,216,233,224,244,547,202,11,244,33,286,6
20260118,prepaid,DSL,0,116,214,214,192,194,206,225,221,244,217,184,13,244,18,260,8
20260402,prepaid,RPG,0,193,212,213,151,194,167,183,214,244,171,148,13,244,16,180,6
20260209,prepaid,SHO,3,60,196,206,238,247,212,226,227,244,224,200,10,244,17,218,9
20260226,prepaid,NUA,4,206,213,213,197,206,209,224,224,245,221,211,12,245,15,227,5
20260114,prepaid,PIP,2,69,154,154,82,85,217,232,226,245,257,202,7,245,33,242,18
20260314,prepaid,FHH,11,242,543,575,330,349,213,229,226,245,236,188,10,245,26,205,18
20260208,prepaid,GLA,1,161,425,425,152,161,163,191,188,245,211,157,28,245,27,239,19
20260201,prepaid,NUA,0,8,8,25,8,8,197,213,222,245,227,193,13,245,37,243,6
20260403,prepaid,LIV,0,432,432,434,145,432,211,222,225,246,516,193,9,246,7,211,3
20260405,prepaid,LFS,0,86,86,260,0,282,209,229,216,246,250,216,13,246,24,230,0
20260327,prepaid,NUA,0,154,168,170,167,172,200,221,209,246,215,197,18,246,9,226,2
20260324,prepaid,RPG,2,205,325,325,412,425,203,222,218,246,222,177,12,246,41,233,21
20260110,prepaid,GOK,3,260,536,538,352,359,209,226,224,247,230,197,7,247,15,236,8
20260124,prepaid,LIV,0,216,216,224,211,218,221,226,237,247,385,193,7,247,6,220,1
20260319,prepaid,ILS,2,45,77,82,101,106,203,224,214,247,234,179,16,247,25,189,15
20260308,prepaid,RDT,2,290,387,399,334,343,212,226,230,248,235,181,8,248,29,318,20
20260121,prepaid,ILS,3,224,269,280,298,306,173,201,195,248,203,158,23,248,15,194,7
20260322,prepaid,NUA,0,97,98,98,92,97,207,228,222,249,239,198,19,249,39,259,17
20260125,prepaid,GOK,1,155,269,269,365,369,212,231,219,249,267,208,14,249,45,246,20
20260402,prepaid,CUL,0,140,162,164,135,140,197,214,225,249,224,210,11,249,12,228,10
20260404,prepaid,RAP,0,109,117,163,4,172,191,211,212,249,224,193,17,249,21,215,6
20260320,prepaid,ILS,2,54,118,123,101,105,207,232,220,250,246,195,19,250,33,252,22
20260226,prepaid,SNI,2,129,228,228,240,244,225,234,234,250,316,215,5,250,2,228,1
20260321,prepaid,SNI,0,136,271,271,224,224,209,224,225,250,485,190,14,250,35,247,12
20260124,prepaid,GLA,0,,,,1,1,167,195,196,250,157,132,27,250,16,179,11
20260114,prepaid,RDT,3,271,302,312,292,301,227,239,234,251,268,204,10,251,34,210,15
20260323,prepaid,GOK,0,368,474,477,411,421,193,214,218,251,213,170,10,251,8,208,6
20260401,prepaid,RPG,0,110,111,111,103,118,149,199,182,251,199,168,45,251,15,206,2
20260220,prepaid,NUA,2,233,233,235,225,233,200,220,216,251,239,200,18,251,20,230,7
20260327,prepaid,VEL,0,104,166,174,236,249,188,208,211,251,230,169,18,251,30,263,18
20260405,prepaid,SNI,0,121,121,264,0,255,218,236,229,252,534,216,9,252,10,238,0
20260131,prepaid,RDD,0,81,167,167,154,158,237,249,239,252,252,226,7,252,11,233,10
20260324,prepaid,PIP,4,97,162,163,186,200,192,210,212,252,203,162,19,252,20,207,13
20260304,prepaid,PRO,2,85,191,195,147,154,211,232,222,253,294,187,19,253,142,432,23
20260331,prepaid,LFS,0,111,253,290,236,250,176,221,190,253,218,199,46,253,22,233,5
20260329,prepaid,RAP,0,12,47,50,28,30,182,210,199,253,225,190,28,253,29,199,11
20260304,prepaid,FHH,6,45,74,78,58,67,213,236,222,253,315,205,18,253,104,376,25
20260224,prepaid,VEN,2,0,114,114,210,218,193,224,208,253,222,185,14,253,40,263,8
20260401,prepaid,VEL,0,115,274,284,146,291,140,185,179,254,185,155,45,254,22,198,13
20260109,prepaid,DSL,2,176,297,297,265,269,236,242,244,254,235,206,5,254,10,258,8
20260221,prepaid,RPG,3,319,371,371,377,385,218,230,234,254,232,198,11,254,19,247,10
20260203,prepaid,LIV,1,245,254,258,239,245,226,235,238,254,520,211,4,254,6,225,3
20260214,prepaid,SNI,0,80,240,240,181,185,227,234,240,254,292,204,7,254,7,230,4
20260216,prepaid,WML,1,130,202,248,249,254,203,226,223,254,195,158,12,254,22,259,15
20260107,prepaid,RPB,0,149,198,199,180,181,237,246,244,254,1037,232,6,254,6,181,3
20260316,prepaid,NUA,8,348,370,370,509,526,202,217,228,255,212,185,13,255,22,194,11
20260111,prepaid,PIP,1,125,176,176,148,153,218,236,232,255,249,206,13,255,31,278,13
20260321,prepaid,RAP,1,57,137,142,108,111,206,234,217,255,244,204,21,255,27,209,14
20260328,prepaid,LIV,0,310,310,311,300,310,216,235,232,255,586,213,13,255,12,242,8
20260401,prepaid,FMB,0,225,239,346,139,227,147,233,155,255,258,207,61,255,23,233,20
20260208,prepaid,VEN,1,0,12,12,103,108,200,220,221,255,233,187,16,255,25,246,16
20260122,prepaid,FHH,4,413,655,693,570,588,222,230,239,256,245,195,6,256,19,271,5
20260223,prepaid,LIV,0,187,187,189,187,188,226,233,243,256,231,209,5,256,9,248,3
20260220,prepaid,RPG,1,253,319,319,266,272,221,236,234,256,251,217,14,256,20,232,12
20260220,prepaid,SNI,0,74,166,168,221,223,230,244,239,256,320,220,13,256,7,234,4
20260224,prepaid,NUA,1,203,203,203,197,203,213,230,229,257,239,219,11,257,13,219,7
20260225,prepaid,VEN,4,1,226,227,130,134,196,212,227,257,194,171,12,257,18,190,7
20260228,prepaid,GOK,1,132,183,184,153,155,222,233,235,257,232,213,8,257,5,250,3
20260119,prepaid,RPG,3,433,588,589,493,504,222,235,240,257,232,202,7,257,26,225,5
20260331,prepaid,VEL,0,193,377,428,284,336,149,198,184,258,208,168,43,258,17,200,5
20260123,prepaid,GOK,1,172,418,419,181,187,207,231,221,258,251,207,14,258,26,221,14
20260211,prepaid,RAM,4,25,316,368,392,401,208,230,224,258,231,210,19,258,15,251,9
20260122,prepaid,ILS,3,44,168,172,86,92,185,213,213,258,221,178,19,258,21,200,9
20260210,prepaid,RPG,4,123,286,286,318,323,213,228,234,258,213,185,11,258,22,231,6
20260124,prepaid,GOK,1,123,319,323,270,273,216,226,240,259,208,184,7,259,21,232,11
20260327,prepaid,RAP,1,122,229,247,239,257,213,240,221,259,258,209,11,259,21,187,9
20260324,prepaid,NUA,1,147,147,148,231,234,223,234,242,259,217,192,8,259,7,220,1
20260221,prepaid,NUA,1,195,195,195,193,195,204,227,218,259,210,191,15,259,16,223,7
20260122,prepaid,DSL,1,40,138,138,113,119,230,239,245,259,233,210,5,259,6,191,2
20260108,prepaid,SHO,0,12,272,282,60,61,229,246,238,260,244,220,9,260,10,232,4
20260403,prepaid,RAP,0,83,134,151,39,169,203,226,226,260,213,192,19,260,24,265,11
20260404,prepaid,PIP,0,108,127,207,6,158,210,239,220,260,247,207,23,260,18,235,9
20260310,prepaid,SNI,0,126,269,269,294,299,233,246,244,260,537,225,7,260,6,228,4
20260205,prepaid,VEN,6,0,276,277,295,308,217,231,234,261,229,196,17,261,20,202,12
20260403,prepaid,SNI,0,70,239,241,58,209,211,226,234,262,427,208,9,262,9,240,4
20260226,prepaid,GOK,2,122,142,144,141,143,232,246,242,262,246,228,5,262,5,236,5
20260323,prepaid,LIV,0,259,259,262,258,259,218,232,237,262,585,196,12,262,21,258,4
20260208,prepaid,NUA,1,94,96,96,123,128,202,239,217,262,236,214,21,262,17,251,10
20260222,prepaid,LFS,0,138,404,455,309,311,229,243,241,262,253,217,15,262,21,316,6
20260128,prepaid,RPB,9,225,246,246,224,235,224,241,242,262,424,196,4,262,18,263,7
20260219,prepaid,SNI,0,97,245,245,209,211,235,247,247,262,307,214,5,262,3,222,2
20260117,prepaid,PIP,4,203,371,389,293,306,211,242,225,263,237,197,24,263,19,246,10
20260326,prepaid,SNI,0,186,281,283,310,319,224,241,239,263,618,205,11,263,8,240,6
20260301,prepaid,NUA,0,40,40,40,39,40,220,237,239,263,245,221,11,263,16,236,7
20260123,prepaid,ROP,2,91,144,146,116,128,199,241,210,264,255,203,32,264,39,266,18
20260321,prepaid,GOK,2,224,241,241,299,304,223,244,232,264,240,199,20,264,10,244,6
20260404,prepaid,LFS,0,120,308,374,21,265,228,242,246,264,234,221,7,264,9,240,5
20260125,prepaid,VEN,0,0,18,18,61,63,217,248,224,265,250,209,18,265,40,218,21
20260205,prepaid,GLA,9,382,382,382,432,469,208,232,226,265,289,210,18,265,19,212,11
20260218,prepaid,LIV,2,193,194,196,188,193,241,250,252,265,576,239,9,265,13,224,7
20260214,prepaid,LIV,0,230,230,232,229,230,229,252,240,265,462,238,11,265,12,246,2
20260201,prepaid,VEN,0,0,46,46,81,82,226,248,236,265,271,226,17,265,50,233,17
20260316,prepaid,FHH,4,119,764,808,348,363,211,238,228,265,244,183,15,265,31,197,19
20260216,prepaid,LIV,1,270,270,271,266,270,230,244,247,266,441,223,10,266,8,247,2
20260322,prepaid,GOK,0,89,135,135,98,100,210,235,227,266,248,204,18,266,20,239,12
20260202,prepaid,BFK,0,375,563,563,430,436,238,250,250,267,238,212,6,267,6,245,3
20260227,prepaid,TTN,0,151,154,156,184,185,248,260,253,267,263,236,5,267,7,133,3
20260330,prepaid,FHH,0,115,382,404,163,179,208,231,235,267,216,174,16,267,16,253,8
20260208,prepaid,CMD,4,23,244,245,103,114,203,241,213,267,275,208,26,267,46,266,23
20260116,prepaid,NUA,2,415,419,442,406,419,197,236,217,267,234,203,16,267,39,317,19
20260304,prepaid,RPB,2,264,341,341,321,328,229,251,239,267,318,192,16,267,112,412,31
20260124,prepaid,NUA,0,247,247,250,243,247,222,235,247,268,224,198,10,268,10,189,6
20260205,prepaid,LIV,0,188,188,203,185,188,240,255,246,268,578,241,6,268,15,267,4
20260211,prepaid,NUA,2,302,302,302,297,308,217,230,242,268,239,207,13,268,25,234,12
20260210,prepaid,RAM,5,25,401,429,584,602,237,251,247,268,233,215,11,268,24,265,12
20260303,prepaid,FHH,0,33,78,86,89,90,241,251,252,269,277,215,4,269,34,262,16
20260110,prepaid,VEN,1,2,257,259,137,142,240,255,248,269,285,238,9,269,27,161,10
20260306,prepaid,RPG,1,81,127,129,88,90,223,234,250,269,212,179,5,269,17,168,11
20260119,prepaid,RPB,5,297,386,386,326,334,239,253,250,270,310,223,11,270,11,263,7
20260127,prepaid,SHO,1,12,159,161,126,134,236,254,246,270,242,209,15,270,29,206,14
20260203,prepaid,NUA,2,268,277,278,356,362,226,252,235,270,255,239,15,270,20,268,6
20260311,prepaid,FHH,7,38,138,159,232,245,226,246,241,270,250,213,17,270,27,230,14
20260208,prepaid,RPG,0,183,311,311,263,265,231,247,243,270,262,203,19,270,23,289,6
20260131,prepaid,ILS,2,77,112,122,147,156,221,245,236,270,272,218,9,270,24,239,20
20260119,prepaid,SHO,3,33,212,214,156,162,226,243,247,270,245,205,15,270,25,258,8
20260223,prepaid,VEL,2,171,246,259,316,323,213,229,242,271,222,193,15,271,14,210,7
20260219,prepaid,VEL,2,151,263,273,200,203,226,242,239,271,252,213,16,271,17,227,13
20260201,prepaid,BFK,0,203,263,264,238,244,252,264,255,271,275,234,8,271,9,290,5
20260128,prepaid,VEN,1,0,227,228,237,242,225,239,245,271,222,193,12,271,27,194,10
20260125,prepaid,PIP,0,106,157,158,127,130,236,255,247,272,260,214,14,272,35,266,19
20260111,prepaid,NUA,0,40,69,69,39,40,207,237,224,272,257,220,23,272,35,258,16
20260207,prepaid,KAL,0,1,178,178,215,219,235,249,249,272,252,234,10,272,9,257,6
20260120,prepaid,RPB,3,373,414,426,424,435,249,259,259,273,325,240,8,273,12,238,5
20260113,prepaid,PIP,5,149,184,185,185,196,238,248,253,273,262,216,8,273,21,258,12
20260110,prepaid,ROP,0,34,69,70,49,52,227,250,237,274,275,217,19,274,26,239,15
20260325,prepaid,SNI,0,148,281,282,377,389,234,251,248,274,621,210,13,274,9,258,5
20260328,prepaid,GOK,0,80,211,212,114,120,224,244,244,274,220,198,17,274,13,321,10
20260119,prepaid,DSL,4,160,257,257,252,258,240,253,256,274,261,220,10,274,43,263,5
20260214,prepaid,SHO,4,83,98,103,179,187,232,260,241,274,257,226,15,274,21,261,15
20260311,prepaid,SNI,0,73,327,327,136,136,250,262,256,274,594,243,11,274,26,329,14
20260201,prepaid,LIV,0,238,238,241,241,245,244,262,253,275,471,242,8,275,13,259,4
20260402,prepaid,RAP,0,49,140,153,114,205,179,203,233,275,222,186,21,275,26,186,10
20260221,prepaid,VEL,1,144,279,298,210,215,224,250,233,275,251,208,11,275,25,285,12
20260117,prepaid,DSL,1,80,158,158,118,120,234,253,253,275,240,209,11,275,8,229,5
20260209,prepaid,RPG,1,151,348,348,273,276,229,245,251,275,222,179,14,275,29,245,9
20260115,prepaid,NUA,0,124,128,134,145,149,224,248,241,276,272,229,7,276,18,227,12
20260326,prepaid,GOK,0,76,102,102,107,117,227,247,242,276,267,194,11,276,8,239,4
20260217,prepaid,VEN,2,0,148,149,295,305,215,234,238,276,244,189,11,276,36,279,9
20260118,prepaid,LIV,3,299,299,299,303,312,252,268,258,276,443,250,6,276,9,269,1
20260213,prepaid,LIV,1,231,231,233,228,231,257,268,264,276,527,258,5,276,16,260,5
20260216,prepaid,SHO,5,348,423,427,351,366,239,256,255,276,248,215,10,276,18,215,9
20260131,prepaid,RPB,1,336,493,493,472,478,256,264,265,276,357,226,6,276,33,304,14
20260201,prepaid,PIP,0,52,198,198,59,60,238,258,248,277,279,229,11,277,28,256,16
20260215,prepaid,CMD,0,11,29,29,26,28,191,228,216,277,239,174,33,277,30,214,19
20260207,prepaid,DLA,3,57,443,472,276,285,243,259,250,277,263,232,10,277,25,281,16
20260322,prepaid,PIP,0,25,87,89,39,42,218,243,237,277,240,184,16,277,43,287,26
20260123,prepaid,ILS,2,93,217,223,213,220,214,239,234,277,283,205,20,277,25,242,14
20260324,prepaid,GOK,2,179,210,210,310,320,229,250,242,278,247,205,22,278,14,242,5
20260118,prepaid,SHO,2,12,294,297,209,212,231,259,243,278,263,224,23,278,20,272,10
20260119,prepaid,VEH,5,22,28,28,70,84,141,181,175,278,167,120,32,278,17,250,16
20260123,prepaid,LIV,2,212,214,239,208,212,249,264,256,278,444,247,10,278,13,268,4
20260404,prepaid,SNI,0,95,224,224,1,259,240,256,256,279,572,240,10,279,11,254,5
20260216,prepaid,CMD,2,55,66,68,72,76,192,220,227,279,176,156,22,279,20,221,11
20260207,prepaid,NUA,4,244,278,279,238,249,233,253,247,280,257,233,15,280,23,247,13
20260202,prepaid,PIP,6,547,692,692,697,711,245,258,261,280,256,211,11,280,26,251,12
20260131,prepaid,BFK,0,253,295,296,295,306,256,266,266,280,284,252,6,280,9,270,7
20260208,prepaid,DLA,0,156,1076,1108,531,542,239,263,250,281,267,232,18,281,20,272,11
20260308,prepaid,NUA,0,45,97,97,56,57,227,251,248,281,252,230,21,281,48,277,15
20260116,prepaid,ILS,5,421,562,576,499,522,217,240,239,281,244,185,21,281,30,249,17
20260316,prepaid,RPG,2,415,649,650,493,503,229,247,252,281,239,190,20,281,58,246,20
20260403,prepaid,VEL,0,122,167,183,41,302,212,240,235,282,263,217,19,282,24,239,9
20260108,prepaid,GOK,1,142,229,237,230,235,252,268,259,282,297,239,11,282,20,266,13
20260204,prepaid,VEN,2,2,261,262,225,231,235,257,247,282,260,221,15,282,24,279,8
20260120,prepaid,NUA,1,252,252,255,247,252,214,240,242,282,226,193,15,282,73,233,11
20260124,prepaid,ROP,1,102,123,125,148,155,206,238,234,282,244,193,32,282,19,231,15
20260209,prepaid,GLA,15,526,526,526,732,790,202,232,224,283,227,183,33,283,27,246,15
20260205,prepaid,FBD,2,56,153,154,111,118,253,269,266,284,286,234,11,284,22,228,3
20260107,prepaid,FHH,2,126,332,352,181,193,247,264,263,284,296,233,12,284,11,178,3
20260215,prepaid,PIP,1,89,230,230,115,117,237,255,253,284,271,222,13,284,27,289,7
20260327,prepaid,LIV,0,249,249,252,244,249,253,267,263,284,614,244,7,284,9,283,4
20260110,prepaid,PIP,3,243,299,299,290,300,256,276,262,284,299,244,14,284,30,300,13
20260115,prepaid,RDT,0,283,434,439,293,298,259,269,270,285,292,234,3,285,21,261,13
20260330,prepaid,LIV,0,294,294,297,279,294,224,259,243,285,571,230,24,285,19,252,5
20260301,prepaid,LFS,0,,,,1,1,257,271,263,285,269,245,8,285,15,274,4
20260222,prepaid,RPG,3,324,381,382,370,375,240,269,249,285,284,239,21,285,21,258,11
20260223,prepaid,LFS,1,164,368,432,420,429,253,270,264,286,263,235,8,286,11,283,4
20260206,prepaid,NUA,2,234,238,239,232,237,242,255,264,286,261,234,5,286,19,274,8
20260306,prepaid,LIV,1,155,155,160,154,155,251,261,269,286,513,243,5,286,8,226,1
20260113,prepaid,ILS,2,160,239,259,269,278,214,239,241,287,247,203,22,287,22,238,8
20260305,prepaid,VEN,7,0,596,599,162,171,242,261,254,287,237,190,21,287,22,180,11
20260310,prepaid,NUA,3,257,352,352,326,335,241,262,255,287,268,238,16,287,37,286,10
20260310,prepaid,VEN,1,0,251,253,267,272,252,273,260,287,304,243,11,287,85,234,24
20260204,prepaid,NUA,3,252,261,263,252,260,235,258,255,288,274,240,25,288,17,239,5
20260124,prepaid,ILS,4,144,192,200,271,279,235,253,263,288,252,204,11,288,44,290,23
20260223,prepaid,PIP,3,467,586,591,615,631,230,253,248,288,241,205,21,288,25,284,16
20260206,prepaid,DLA,3,53,280,287,278,285,250,259,267,288,267,235,12,288,15,270,9
20260304,prepaid,RAM,4,24,417,474,383,394,244,269,258,288,322,228,14,288,88,335,20
20260203,prepaid,PIP,0,292,399,399,426,439,244,270,256,289,269,227,17,289,29,280,11
20260120,prepaid,SHO,2,17,161,163,253,262,241,265,258,289,263,226,11,289,26,276,13
20260219,prepaid,NUA,2,215,215,215,209,215,231,259,247,289,246,227,17,289,22,260,8
20260227,prepaid,SNI,0,93,217,218,195,199,266,278,275,290,329,245,6,290,4,246,2
20260120,prepaid,LIV,0,257,257,272,256,257,262,273,273,290,469,253,6,290,7,268,3
20260111,prepaid,GOK,5,310,397,403,541,553,257,277,262,290,337,249,14,290,38,281,13
20260303,prepaid,PSP,1,201,279,283,263,268,249,261,262,290,271,229,13,290,24,300,20
20260212,prepaid,RPG,5,227,306,306,304,311,258,273,268,290,263,231,12,290,38,298,14
20260403,prepaid,NUA,0,234,293,293,165,257,241,260,260,290,272,250,16,290,18,260,9
20260214,prepaid,DSL,4,143,233,233,224,228,251,265,273,291,260,232,10,291,19,284,7
20260201,prepaid,ILS,0,1,36,36,7,7,237,261,254,291,283,227,15,291,31,256,15
20260204,prepaid,GOK,3,152,170,170,195,200,241,260,256,291,266,213,14,291,21,267,8
20260327,prepaid,SNI,3,158,260,260,242,254,257,272,269,291,606,234,10,291,20,243,6
20260222,prepaid,VEL,0,15,78,86,30,31,244,265,256,291,274,237,15,291,23,245,11
20260120,prepaid,FHH,3,112,238,258,198,212,239,260,258,291,273,224,15,291,20,260,11
20260322,prepaid,SNI,0,126,222,223,255,261,243,268,253,291,542,236,22,291,25,272,17
20260116,prepaid,RDT,5,344,404,408,492,511,256,274,265,291,294,233,9,291,28,253,12
20260128,prepaid,GOK,2,128,312,313,366,369,232,260,249,291,246,226,22,291,30,327,17
20260221,prepaid,LFS,1,131,302,335,264,269,259,272,270,291,282,258,12,291,24,327,10
20260217,prepaid,NUA,3,162,162,163,306,318,222,254,241,291,269,243,25,291,18,268,7
20260307,prepaid,SNI,1,119,293,299,262,267,257,273,273,291,427,241,8,291,5,213,5
20260129,prepaid,FHH,4,92,147,155,681,699,254,266,272,292,279,243,6,292,15,267,7
20260401,prepaid,SNI,0,92,273,275,156,204,183,233,220,292,435,208,47,292,8,223,2
20260222,prepaid,RAM,0,20,308,354,204,209,237,268,253,292,288,242,23,292,25,274,9
20260120,prepaid,VEN,2,7,225,228,172,178,244,265,256,293,268,220,16,293,27,308,11
20260106,prepaid,MAX,5,2498,3092,3182,2468,2498,58,285,58,293,,,86,293,268,306,105
20260401,prepaid,VEN,0,31,259,292,118,240,169,214,208,293,202,173,49,293,8,306,4
20260210,prepaid,FHH,0,75,146,163,105,109,250,278,262,294,307,259,20,294,42,309,23
20260212,prepaid,GLA,7,118,118,118,174,186,241,272,252,294,335,245,15,294,35,253,27
20260125,prepaid,DLA,1,99,351,361,303,310,246,274,256,295,290,247,19,295,49,324,23
20260121,prepaid,RPB,2,338,492,492,398,406,270,285,276,295,361,249,14,295,20,303,8
20260311,prepaid,NUA,6,199,246,248,292,305,236,267,253,295,286,242,21,295,44,261,14
20260220,prepaid,DSL,2,188,293,293,240,246,272,289,274,295,326,257,8,295,13,297,4
20260331,prepaid,SNI,0,127,239,240,269,284,203,250,228,296,437,220,47,296,17,264,8
20260214,prepaid,RPG,0,,,,6,6,263,281,273,296,257,222,15,296,16,271,10
20260119,prepaid,PIP,7,408,501,508,530,545,252,278,262,297,301,245,16,297,18,246,9
20260305,prepaid,LIV,1,272,272,275,268,272,259,278,272,297,453,249,14,297,16,220,2
20260205,prepaid,KAL,1,126,196,197,265,273,259,269,273,297,271,255,7,297,9,228,6
20260312,prepaid,SNI,0,158,290,291,483,492,261,279,276,297,567,249,8,297,12,273,7
20260218,prepaid,DSL,4,206,369,369,311,319,268,277,279,298,264,239,10,298,11,294,8
20260320,prepaid,SNI,0,176,264,264,302,314,253,276,267,298,595,249,15,298,21,264,10
20260227,prepaid,GOK,1,139,174,174,160,163,269,281,276,298,292,268,15,298,6,284,2
20260112,prepaid,PIP,3,252,309,310,320,329,254,275,268,298,270,226,10,298,22,247,11
20260128,prepaid,BFK,0,246,301,302,323,327,281,286,291,299,293,241,4,299,8,284,5
20260328,prepaid,SNI,1,101,226,226,192,204,267,283,276,301,603,254,8,301,20,275,7
20260402,prepaid,NUA,0,282,305,310,291,326,225,251,266,301,246,236,16,301,8,267,6
20260203,prepaid,RAM,3,106,438,491,542,550,251,270,270,301,263,239,14,301,11,273,3
20260303,prepaid,NBC,3,170,316,336,366,382,243,264,262,301,282,216,19,301,33,275,20
20260402,prepaid,LFS,0,57,220,257,185,206,222,236,273,302,249,223,12,302,17,247,8
20260126,prepaid,RPB,2,123,129,129,123,127,265,277,285,302,355,232,9,302,17,233,4
20260227,prepaid,RAM,2,17,503,596,365,368,257,271,276,302,290,245,13,302,110,369,10
20260216,prepaid,PIP,3,324,408,409,482,490,241,270,260,302,260,213,18,302,21,264,8
20260212,prepaid,VEN,3,1,235,238,249,258,235,261,259,302,261,214,19,302,29,243,12
20260315,prepaid,LIV,3,467,467,468,459,467,267,294,274,303,555,267,16,303,30,302,6
20260204,prepaid,FHH,2,109,158,164,148,153,257,281,268,303,259,228,15,303,31,383,19
20260315,prepaid,PIP,2,114,221,222,122,124,250,273,266,303,294,226,22,303,65,303,26
20260123,prepaid,FHH,2,339,561,686,595,614,270,290,277,303,311,256,10,303,58,320,14
20260306,prepaid,FHH,3,381,454,466,443,455,255,278,273,303,233,217,11,303,12,263,7
20260122,prepaid,NUA,1,181,181,183,177,181,229,262,254,303,262,235,25,303,56,278,18
20260321,prepaid,NUA,1,196,196,197,216,219,245,264,272,303,271,229,10,303,20,256,7
20260401,prepaid,GOK,0,73,91,125,87,116,189,249,223,304,249,226,55,304,8,256,2
20260318,prepaid,NUA,2,256,283,284,362,371,244,269,264,304,267,230,22,304,28,218,14
20260213,prepaid,NUA,0,225,225,225,221,225,259,280,272,305,290,256,15,305,29,273,13
20260127,prepaid,LIV,1,616,628,637,608,616,270,284,283,305,416,257,9,305,7,264,3
20260405,prepaid,RPG,0,339,339,488,0,471,253,279,269,305,312,243,17,305,55,310,0
20260215,prepaid,LFS,1,154,347,391,327,332,267,291,276,305,305,268,15,305,25,279,4
20260315,prepaid,NUA,1,70,211,212,70,72,245,280,264,306,292,258,19,306,39,306,15
20260117,prepaid,VEN,1,0,241,242,253,259,262,284,273,306,265,216,12,306,13,97,9
20260203,prepaid,BFK,2,977,1116,1118,1148,1165,273,294,279,306,307,264,11,306,6,264,2
20260205,prepaid,DSL,3,273,436,436,408,415,272,285,290,306,293,249,9,306,10,313,5
20260117,prepaid,RPB,1,176,214,215,234,236,289,299,294,306,643,271,5,306,11,262,7
20260220,prepaid,LFS,1,109,233,267,214,215,273,288,278,306,287,261,7,306,15,300,9
20260209,prepaid,DLA,4,218,921,952,1108,1137,260,276,277,306,285,247,18,306,24,316,15
20260120,prepaid,NBC,4,106,287,324,281,292,233,259,258,307,260,204,18,307,35,313,14
20260317,prepaid,RPG,0,124,178,178,355,363,266,287,277,307,317,243,16,307,47,266,20
20260119,prepaid,NUA,5,340,340,342,338,347,241,267,269,307,294,243,22,307,108,356,27
20260207,prepaid,RDD,0,23,24,24,28,30,279,289,290,307,282,249,10,307,15,310,6
20260329,prepaid,FHH,0,34,64,68,47,49,245,274,265,307,282,220,22,307,43,325,21
20260119,prepaid,FHH,3,214,326,347,366,376,253,270,277,307,259,222,14,307,26,253,10
20260325,prepaid,GOK,1,133,179,180,160,165,252,273,264,307,285,233,19,307,13,232,8
20260211,prepaid,DSL,2,147,260,260,247,251,261,282,279,307,282,245,9,307,16,329,7
20260202,prepaid,VEN,0,0,547,550,202,206,253,272,276,308,262,226,12,308,63,252,13
20260218,prepaid,PIP,7,142,227,230,236,250,264,282,277,308,280,247,9,308,14,272,6
20260205,prepaid,GOK,2,161,169,170,174,177,258,273,282,308,271,240,9,308,21,260,9
20260117,prepaid,VEH,0,19,29,29,60,62,213,276,224,309,299,225,29,309,33,252,25
20260204,prepaid,GSL,2,72,101,104,90,93,271,293,278,309,430,274,13,309,48,288,28
20260223,prepaid,VEN,3,5,301,303,81,87,259,285,270,309,272,231,19,309,36,304,19
20260124,prepaid,DLA,6,95,307,314,308,318,271,284,286,309,279,249,9,309,31,292,16
20260123,prepaid,NUA,1,213,213,216,208,213,238,260,274,309,274,234,14,309,39,253,15
20260131,prepaid,RAM,2,2,123,131,227,235,269,289,284,309,293,262,9,309,22,298,16
20260205,prepaid,LFS,0,143,324,359,314,319,282,295,291,310,296,277,9,310,16,288,5
20260404,prepaid,NUA,0,298,313,314,126,357,254,280,273,310,285,266,13,310,17,281,9
20260313,prepaid,VEN,4,12,178,182,299,310,245,271,267,310,262,228,22,310,33,363,15
20260110,prepaid,NUA,3,288,288,289,276,289,249,278,264,310,278,260,17,310,12,276,4
20260203,prepaid,VEL,1,174,270,280,349,358,253,267,277,310,301,219,12,310,27,260,11
20260327,prepaid,RPG,1,218,262,262,233,243,254,269,282,310,255,214,12,310,27,272,9
20260324,prepaid,LIV,0,270,270,271,267,270,279,290,293,311,689,258,11,311,20,245,5
20260128,prepaid,NUA,1,222,222,225,254,258,261,286,270,311,288,274,18,311,15,306,4
20260212,prepaid,NUA,3,298,299,300,289,298,265,288,277,311,284,259,12,311,17,307,7
20260217,prepaid,LFS,3,127,268,314,316,322,276,290,289,312,272,253,7,312,14,272,7
20260217,prepaid,PIP,2,284,376,376,367,378,266,287,281,312,285,241,11,312,29,272,11
20260201,prepaid,DLA,0,86,353,370,308,315,268,284,277,312,295,254,15,312,26,308,12
20260113,prepaid,VEN,4,1,187,194,531,548,262,279,288,312,268,233,13,312,15,257,8
20260127,prepaid,RAM,5,65,327,357,550,566,251,269,284,312,262,227,14,312,30,290,7
20260109,prepaid,PIP,4,187,243,243,253,266,285,297,296,312,301,253,4,312,19,257,12
20260211,prepaid,RPG,0,165,249,253,320,328,279,289,293,312,309,260,5,312,23,289,9
20260122,prepaid,LIV,0,183,183,186,182,183,287,299,295,312,430,283,6,312,18,317,8
20260116,prepaid,PIP,1,297,377,378,447,458,266,286,284,312,279,237,14,312,11,264,4
20260218,prepaid,NUA,2,187,187,188,183,187,258,272,282,312,289,255,11,312,19,271,8
20260310,prepaid,FHH,1,50,250,296,126,133,276,293,286,313,302,241,17,313,43,313,22
20260219,prepaid,PIP,3,203,271,272,282,289,262,283,280,313,304,249,9,313,21,274,11
20260305,prepaid,NUA,2,229,326,328,268,271,260,279,285,313,277,256,19,313,14,255,2
20260120,prepaid,DSL,0,98,173,173,193,195,285,291,306,314,282,252,4,314,13,279,7
20260202,prepaid,DLA,5,61,288,311,321,328,273,289,281,314,287,255,17,314,19,307,11
20260208,prepaid,VEL,1,18,152,155,29,34,255,279,270,314,312,237,22,314,34,274,14
20260129,prepaid,NUA,0,269,269,270,265,270,260,278,282,314,295,262,12,314,24,259,5
20260128,prepaid,FHH,8,187,591,604,942,962,265,282,286,315,272,245,13,315,14,282,4
20260205,prepaid,RDD,0,29,763,764,167,170,278,302,287,315,311,279,13,315,14,292,7
20260121,prepaid,LIV,2,202,202,212,197,202,282,296,295,315,512,272,4,315,24,284,9
20260405,prepaid,NUA,0,54,54,85,0,69,259,289,273,315,312,273,19,315,41,321,0
20260117,prepaid,RDT,3,329,377,382,381,388,278,295,289,315,327,252,10,315,26,276,12
20260326,prepaid,LIV,0,241,241,244,238,241,283,298,296,316,674,271,13,316,14,294,2
20260211,prepaid,VEL,8,141,262,269,234,250,255,274,274,316,271,225,22,316,37,284,21
20260131,prepaid,NUA,0,198,198,198,196,198,263,286,283,316,287,262,14,316,17,276,9
20260120,prepaid,VEL,2,238,413,425,393,406,235,266,257,316,277,221,22,316,23,262,16
20260107,prepaid,VEL,3,136,310,323,209,217,263,292,278,316,345,260,18,316,33,250,16
20260218,prepaid,VEL,3,151,201,209,193,203,247,269,272,316,251,219,12,316,19,263,7
20260324,prepaid,SNI,0,81,322,323,248,257,261,283,282,316,662,241,15,316,14,257,6
20260217,prepaid,PSP,2,298,376,379,393,404,267,283,283,316,287,244,10,316,22,277,12
20260222,prepaid,PIP,3,175,302,303,233,237,255,278,285,316,285,239,12,316,24,302,8
20260216,prepaid,LFS,3,136,332,384,320,329,270,284,294,317,285,241,11,317,16,197,5
20260210,prepaid,NUA,6,259,265,270,295,307,264,291,279,317,299,272,12,317,24,285,12
20260209,prepaid,RAM,1,0,495,554,426,434,267,283,289,317,293,251,13,317,17,296,10
20260323,prepaid,SNI,0,98,275,324,193,194,249,275,278,318,629,241,20,318,28,278,13
20260401,prepaid,LFS,0,70,217,246,207,222,209,261,244,318,248,234,49,318,8,272,2
20260121,prepaid,VEN,5,2,131,132,289,297,260,289,272,319,264,235,20,319,23,275,9
20260319,prepaid,SNI,0,89,188,189,167,171,267,290,283,319,652,257,18,319,14,346,9
20260112,prepaid,DSL,3,241,368,369,375,383,291,304,303,319,305,264,9,319,18,283,8
20260128,prepaid,RAM,1,0,234,270,182,187,272,292,290,319,291,256,12,319,13,295,7
20260225,prepaid,RAM,1,15,255,302,354,362,272,298,285,319,306,259,16,319,23,307,5
20260204,prepaid,RAM,4,46,251,279,375,386,275,293,296,319,303,273,11,319,14,290,8
20260207,prepaid,VEL,2,189,279,284,309,319,255,277,279,319,264,217,13,319,30,321,14
20260113,prepaid,NUA,5,292,292,293,354,369,262,286,282,319,296,268,14,319,19,299,6
20260327,prepaid,GOK,0,88,110,110,116,119,251,283,269,320,257,214,24,320,13,286,9
20260116,prepaid,LIV,1,393,395,405,386,393,280,296,296,320,536,263,10,320,13,297,6
20260224,prepaid,LFS,0,138,316,369,339,343,291,302,302,320,308,279,8,320,18,324,5
20260216,prepaid,VEN,6,1,464,473,346,360,240,268,264,320,220,183,24,320,42,308,19
20260224,prepaid,DSL,0,40,82,82,192,193,281,298,294,320,291,256,13,320,23,322,12
20260402,prepaid,SNI,0,114,253,257,172,295,235,254,288,321,429,223,17,321,9,251,4
20260126,prepaid,BFK,0,193,195,195,214,217,283,295,296,321,303,251,5,321,11,303,4
20260306,prepaid,NUA,7,263,276,276,342,359,263,291,282,321,276,255,22,321,24,265,8
20260127,prepaid,GOK,2,277,503,508,573,586,266,286,287,322,271,245,15,322,22,249,6
20260117,prepaid,NUA,3,123,123,133,123,126,241,293,257,322,298,270,33,322,17,249,8
20260303,prepaid,RAM,6,16,361,420,476,491,286,304,296,322,345,282,16,322,48,360,22
20260404,prepaid,VEL,0,108,111,169,4,239,259,281,280,322,277,237,19,322,26,259,20
20260313,prepaid,NUA,4,288,395,396,274,289,240,285,270,322,307,260,29,322,57,312,23
20260326,prepaid,VEL,1,163,308,337,370,407,258,284,273,322,295,252,25,322,34,252,24
20260123,prepaid,DLA,3,99,323,337,282,290,283,306,293,323,313,271,15,323,33,384,14
20260207,prepaid,LFS,1,136,328,366,310,313,288,303,304,323,304,280,7,323,36,362,9
20260228,prepaid,LFS,0,,,,95,99,300,313,306,323,319,288,10,323,19,319,11
20260227,prepaid,LFS,1,120,220,279,272,275,296,305,309,323,303,281,8,323,6,279,3
20260330,prepaid,VEL,0,269,425,435,286,358,236,272,263,323,245,215,29,323,20,270,13
20260227,prepaid,FHH,11,135,291,328,279,295,289,311,295,323,344,267,16,323,23,294,8
20260312,prepaid,VEN,8,7,231,233,428,442,254,289,274,323,267,226,27,323,51,328,19
20260113,prepaid,VEL,7,182,376,385,380,422,217,251,245,324,254,188,24,324,52,354,34
20260303,prepaid,PIP,4,209,342,346,280,292,269,289,283,324,307,245,18,324,55,338,24
20260114,prepaid,DSL,0,97,164,164,154,154,288,310,294,324,323,272,15,324,17,296,8
20260203,prepaid,LFS,2,179,311,356,349,355,278,298,297,324,291,273,9,324,13,318,8
20260126,prepaid,GOK,0,8,258,260,44,46,270,297,282,324,290,246,17,324,18,243,3
20260329,prepaid,SNI,0,91,254,254,203,216,270,300,281,324,555,268,18,324,21,339,9
20260116,prepaid,DSL,0,176,216,224,296,298,273,300,291,324,260,214,13,324,24,445,12
20260129,prepaid,BFK,0,207,248,250,257,262,302,314,309,325,293,262,5,325,3,289,1
20260304,prepaid,NBC,1,48,168,176,111,112,254,296,273,325,355,258,28,325,90,317,23
20260124,prepaid,BFK,1,257,350,351,334,338,285,300,305,325,310,258,7,325,7,346,2
20260117,prepaid,FHH,2,129,239,250,233,238,265,284,286,325,302,231,19,325,22,279,11
20260127,prepaid,BFK,1,224,305,307,223,226,294,304,305,325,294,248,5,325,6,261,3
20260117,prepaid,VEL,3,210,355,373,291,312,208,239,239,326,250,174,24,326,31,286,14
20260205,prepaid,DLA,3,65,296,311,265,273,280,300,295,326,299,271,13,326,15,303,9
20260318,prepaid,VEN,0,6,159,160,168,174,249,275,276,326,259,223,22,326,19,297,12
20260220,prepaid,RAM,1,0,422,496,310,319,270,286,299,326,263,230,16,326,12,279,6
20260211,prepaid,PIP,2,151,314,315,226,231,268,292,291,327,300,245,19,327,22,308,11
20260129,prepaid,NBC,6,202,385,404,500,516,270,291,292,327,295,243,21,327,27,266,12
20260123,prepaid,NBC,4,152,377,392,347,358,259,297,277,327,300,244,11,327,33,338,16
20260202,prepaid,RAM,1,27,452,497,219,224,278,298,292,327,287,255,15,327,16,313,7
20260402,prepaid,EMC,0,180,180,180,125,180,273,293,302,327,337,277,12,327,5,51,5
20260221,prepaid,RAM,1,0,189,206,292,297,274,295,293,327,301,270,17,327,16,334,10
20260312,prepaid,NUA,4,208,209,210,245,255,253,287,285,327,291,252,25,327,39,298,12
20260125,prepaid,VEL,5,15,704,707,103,111,258,285,281,328,292,240,26,328,28,292,18
20260127,prepaid,RPB,1,251,281,283,263,270,290,302,308,328,360,225,8,328,10,237,5
20260121,prepaid,PIP,0,151,206,206,262,264,291,309,300,328,302,259,13,328,17,311,10
20260203,prepaid,DLA,2,54,249,265,269,281,274,296,289,329,309,268,21,329,23,334,5
20260201,prepaid,GOK,5,167,223,224,188,196,268,296,286,329,318,250,24,329,33,322,9
20260106,prepaid,TMG,6,3535,4867,4871,3463,3535,41,324,41,329,,,102,329,366,390,108
20260325,prepaid,LIV,1,234,234,234,228,234,296,308,310,329,704,280,11,329,20,314,6
20260208,prepaid,LFS,1,165,402,460,340,347,296,316,301,329,336,294,17,329,27,300,6
20260118,prepaid,GOK,2,99,133,133,140,144,254,287,275,329,293,239,25,329,29,296,13
20260201,prepaid,RAM,3,45,303,337,331,341,277,304,295,329,331,283,19,329,24,315,13
20260329,prepaid,LFS,0,95,228,268,183,189,258,290,282,330,305,271,26,330,26,348,6
20260330,prepaid,SNI,0,115,272,272,261,279,244,289,269,330,511,256,27,330,14,296,8
20260308,prepaid,NBC,0,18,142,161,73,74,255,282,281,330,320,241,28,330,33,378,17
20260113,prepaid,DSL,0,115,172,172,240,242,305,319,314,331,333,283,7,331,12,303,6
20260206,prepaid,FBD,0,45,118,121,147,148,289,309,307,331,296,259,9,331,26,256,10
20260223,prepaid,RAM,1,91,510,592,390,397,266,283,297,331,273,240,14,331,12,303,4
20260112,prepaid,FHH,2,291,452,467,378,390,295,314,308,331,360,270,14,331,17,245,9
20260212,prepaid,VEL,5,401,520,527,500,520,277,292,293,331,339,259,18,331,63,335,23
20260322,prepaid,LIV,0,334,334,334,340,346,295,315,303,331,601,297,14,331,19,327,8
20260201,prepaid,VEL,3,12,197,202,124,134,251,292,270,331,313,253,27,331,32,333,15
20260203,prepaid,DSL,5,364,535,535,515,524,292,311,306,332,317,277,10,332,13,269,2
20260122,prepaid,NBC,5,199,405,525,349,363,279,299,297,332,301,248,18,332,23,287,13
20260308,prepaid,PSP,0,51,100,101,74,74,276,293,297,332,318,263,19,332,35,382,13
20260218,prepaid,LFS,3,114,269,317,253,256,293,310,306,332,334,291,11,332,14,273,7
20260124,prepaid,NBC,2,257,389,415,486,494,280,296,312,333,278,235,10,333,31,331,21
20260315,prepaid,SNI,0,110,299,299,301,304,278,306,295,333,589,269,13,333,13,336,5
20260112,prepaid,ILS,3,266,378,389,341,349,252,278,283,333,273,224,18,333,22,297,11
20260109,prepaid,LFS,1,199,420,474,448,453,305,318,316,333,327,301,9,333,23,339,6
20260305,prepaid,SNI,1,128,224,226,317,320,298,313,313,334,331,243,10,334,15,234,5
20260213,prepaid,RPG,0,,,,72,72,299,313,312,334,343,275,10,334,35,311,13
20260128,prepaid,DLA,5,77,268,283,349,357,290,306,306,334,298,268,12,334,6,258,3
20260331,prepaid,LIV,0,262,283,284,247,262,242,298,266,334,644,269,48,334,12,279,8
20260210,prepaid,PSP,2,299,378,382,381,392,289,305,305,334,311,278,15,334,18,323,8
20260118,prepaid,FHH,2,52,159,166,91,98,275,306,291,334,326,254,26,334,50,402,18
20260112,prepaid,VEN,0,2,470,475,131,134,291,319,304,334,330,264,13,334,31,285,20
20260204,prepaid,DSL,4,369,511,512,530,540,290,309,307,334,312,273,16,334,14,301,10
20260214,prepaid,NUA,4,326,326,327,312,326,277,308,290,335,299,284,19,335,12,285,6
20260221,prepaid,VEN,2,1,154,156,142,152,269,295,296,336,280,230,22,336,32,308,11
20260204,prepaid,LFS,0,138,315,356,283,288,296,309,316,336,310,291,8,336,20,324,11
20260131,prepaid,DLA,3,66,291,307,269,276,292,306,308,336,312,273,13,336,20,298,12
20260402,prepaid,FMB,0,16,17,17,10,30,224,265,277,337,318,235,30,337,24,241,11
20260120,prepaid,ILS,4,178,255,259,279,292,249,284,282,337,280,226,22,337,30,312,12
20260224,prepaid,PSP,3,302,381,382,411,421,282,300,301,337,285,254,17,337,8,329,4
20260405,prepaid,NBC,0,59,59,215,0,86,251,289,274,338,333,248,29,338,51,343,0
20260317,prepaid,SNI,1,104,294,296,204,209,287,300,311,338,707,271,14,338,18,312,6
20260217,prepaid,VEL,1,153,215,220,236,244,270,293,287,338,287,229,20,338,29,292,13
20260316,prepaid,SNI,1,223,328,330,398,412,282,308,303,338,656,272,11,338,16,306,11
20260314,prepaid,NUA,4,198,237,237,295,305,271,295,303,339,296,263,12,339,33,294,16
20260120,prepaid,PIP,4,173,279,281,260,267,293,306,317,339,307,255,10,339,16,304,8
20260115,prepaid,LIV,0,41,41,41,40,41,305,322,319,340,569,288,13,340,28,333,6
20260209,prepaid,VEL,4,209,372,378,389,405,268,296,293,340,294,240,23,340,31,283,15
20260129,prepaid,DLA,2,63,265,278,246,254,289,315,303,340,334,290,17,340,24,381,13
20260111,prepaid,ILS,0,27,58,60,40,40,264,302,282,340,318,255,28,340,25,301,16
20260311,prepaid,PIP,5,131,275,275,290,300,273,305,297,341,307,252,24,341,23,303,12
20260307,prepaid,NUA,3,243,249,250,239,245,278,308,301,341,316,291,18,341,35,329,15
20260115,prepaid,FHH,1,118,285,332,189,195,288,312,309,341,351,270,14,341,33,342,12
20260220,prepaid,VEN,0,1,157,158,243,246,281,308,297,342,346,262,20,342,31,289,16
20260215,prepaid,NUA,0,17,17,17,15,17,277,309,295,342,325,296,29,342,24,333,10
20260402,prepaid,GOK,0,91,127,128,59,104,231,259,294,342,262,233,22,342,21,280,11
20260121,prepaid,FHH,2,211,373,438,322,345,290,312,313,342,303,263,13,342,13,264,6
20260213,prepaid,LFS,1,116,255,297,286,290,297,316,312,342,301,283,19,342,42,342,5
20260314,prepaid,SNI,0,154,349,351,269,274,300,325,314,343,667,304,13,343,7,236,5
20260219,prepaid,PRO,4,218,358,366,367,376,281,302,299,343,307,250,20,343,24,291,7
20260119,prepaid,GOK,6,135,196,197,182,190,259,291,293,343,272,230,17,343,30,235,12
20260202,prepaid,VEL,9,116,342,358,446,474,258,289,290,343,291,232,19,343,30,272,16
20260204,prepaid,RPB,2,393,536,537,524,537,311,329,321,343,341,271,9,343,19,346,6
20260118,prepaid,NBC,2,3,100,111,72,77,255,293,274,343,307,240,38,343,36,344,17
20260204,prepaid,KAL,0,219,372,372,235,242,282,296,309,343,276,266,16,343,9,356,7
20260327,prepaid,FHH,0,113,224,229,193,209,297,319,311,344,329,267,15,344,31,450,14
20260107,prepaid,NUA,1,290,290,295,281,293,297,319,312,344,342,293,17,344,23,260,6
20260317,prepaid,PIP,7,227,325,334,378,398,279,305,306,345,319,252,15,345,43,299,20
20260109,prepaid,NUA,1,261,262,276,255,261,294,314,315,345,334,293,10,345,23,313,9
20260212,prepaid,LFS,1,125,299,345,286,291,303,325,315,345,319,284,16,345,42,363,9
20260131,prepaid,LIV,1,205,212,217,213,221,308,325,322,346,566,306,9,346,8,329,4
20260318,prepaid,FHH,3,148,717,742,218,228,303,328,314,346,338,270,17,346,27,300,17
20260316,prepaid,PIP,9,443,589,591,536,556,283,312,305,346,310,244,27,346,38,311,23
20260405,prepaid,RPB,0,318,318,400,0,437,303,327,316,347,352,271,8,347,42,346,0
20260320,prepaid,NUA,2,277,300,302,288,298,276,301,304,347,300,268,21,347,26,290,16
20260321,prepaid,PIP,5,104,153,153,156,169,285,312,308,347,316,247,17,347,46,331,25
20260118,prepaid,BFK,1,326,436,436,397,407,297,311,316,347,359,272,12,347,19,376,9
20260108,prepaid,LFS,1,169,434,480,436,444,314,328,325,347,329,302,10,347,11,316,8
20260224,prepaid,RAM,6,23,363,413,490,504,307,319,323,347,334,287,15,347,16,294,6
20260314,prepaid,RPG,2,198,220,221,206,209,299,318,322,348,296,258,14,348,34,308,12
20260125,prepaid,NYK,0,282,367,367,333,342,263,293,293,348,343,230,27,348,130,345,26
20260122,prepaid,DLA,4,96,287,297,293,304,304,316,325,348,319,272,10,348,25,368,13
20260210,prepaid,VEL,5,223,343,346,354,370,285,309,304,349,313,256,21,349,37,331,20
20260404,prepaid,VEN,0,7,7,224,0,201,296,325,307,349,347,280,18,349,9,228,6
20260330,prepaid,VEN,0,7,493,541,182,209,266,302,291,349,307,251,34,349,18,207,12
20260110,prepaid,NBC,6,197,487,509,442,456,288,320,306,349,355,270,20,349,38,345,18
20260331,prepaid,VEN,0,9,189,218,398,495,225,295,249,349,280,235,61,349,10,234,8
20260114,prepaid,VEL,5,145,211,219,295,329,238,280,269,349,313,234,29,349,53,333,32
20260207,prepaid,VEN,3,0,231,232,438,451,295,324,304,350,334,293,17,350,14,218,8
20260123,prepaid,RPB,2,213,277,277,243,250,310,331,324,350,449,293,10,350,45,380,16
20260212,prepaid,PIP,3,235,362,362,372,389,284,317,302,350,294,258,25,350,27,316,13
20260204,prepaid,VEL,5,242,357,363,364,379,294,319,308,351,339,265,19,351,44,284,24
20260222,prepaid,DSL,2,337,479,479,478,482,305,327,319,351,342,286,14,351,18,364,10
20260301,prepaid,NBC,1,13,137,148,82,84,277,309,300,351,322,249,28,351,39,341,23
20260305,prepaid,FHH,5,70,146,155,133,142,304,327,320,351,266,205,9,351,39,263,21
20260205,prepaid,RAM,1,81,403,443,273,279,310,324,328,352,333,300,9,352,19,300,11
20260129,prepaid,GOK,2,172,284,287,359,367,288,318,311,352,323,291,15,352,25,302,6
20260204,prepaid,DLA,0,68,279,290,260,264,303,324,318,352,319,283,17,352,23,317,13
20260114,prepaid,NUA,2,178,203,206,175,178,293,318,313,352,322,294,17,352,15,284,6
20260131,prepaid,GOK,5,238,305,307,442,452,294,313,317,352,322,272,16,352,43,385,15
20260118,prepaid,VEL,1,21,305,307,49,56,257,294,275,352,294,239,33,352,50,366,28
20260129,prepaid,RAM,2,0,290,313,306,314,308,326,325,352,326,290,12,352,13,315,8
20260128,prepaid,GSB,1,55,381,382,515,525,255,274,291,353,250,205,31,353,12,291,6
20260130,prepaid,GSB,2,178,302,304,387,396,275,303,300,353,306,259,25,353,37,327,7
20260122,prepaid,PIP,0,192,251,256,242,247,319,332,331,353,348,300,10,353,28,341,18
20260215,prepaid,VEN,4,,,,218,233,272,299,299,353,341,261,28,353,40,307,15
20260118,prepaid,RDT,6,296,412,425,329,342,300,330,317,353,361,277,16,353,27,322,13
20260212,prepaid,PSP,2,294,371,373,328,342,302,324,321,354,336,295,17,354,27,339,11
20260127,prepaid,DLA,7,58,338,348,392,408,300,320,318,354,318,282,18,354,26,265,9
20260210,prepaid,PIP,3,159,248,251,229,237,294,326,313,354,353,290,22,354,34,327,12
20260401,prepaid,LIV,0,54,54,55,61,75,233,288,276,354,551,258,52,354,10,294,4
20260114,prepaid,LIV,0,241,241,290,242,244,315,335,327,354,607,317,12,354,33,356,15
20260207,prepaid,NBC,6,273,412,427,391,409,280,312,300,354,336,265,20,354,42,358,24
20260125,prepaid,LFS,1,161,431,477,347,355,306,333,317,354,336,294,17,354,31,342,17
20260119,prepaid,NBC,3,277,516,544,443,458,274,296,310,354,310,244,24,354,47,325,20
20260116,prepaid,FHH,3,238,287,314,456,469,297,327,312,354,342,271,21,354,46,357,15
20260330,prepaid,LFS,0,110,242,273,237,244,289,309,321,355,301,276,20,355,23,281,8
20260126,prepaid,RAM,2,5,299,332,262,271,288,309,317,355,302,254,18,355,21,346,9
20260227,prepaid,NYK,0,335,399,399,529,533,313,335,325,355,325,321,12,355,4,592,2
20260125,prepaid,BFK,0,221,245,245,308,314,322,344,328,355,333,292,12,355,13,322,10
20260321,prepaid,RDT,4,325,361,371,327,338,294,327,314,355,380,265,22,355,40,391,22
20260125,prepaid,RPB,4,225,242,242,258,263,312,332,326,355,421,293,10,355,22,280,13
20260129,prepaid,RDT,4,361,414,421,385,402,315,327,337,356,332,268,6,356,32,387,7
20260309,prepaid,NBC,14,312,616,646,513,542,280,314,300,356,320,244,30,356,43,327,20
20260317,prepaid,NUA,1,199,315,316,217,220,291,328,310,357,343,299,27,357,46,359,19
20260204,prepaid,BFK,3,768,1222,1224,888,907,319,332,336,357,318,292,8,357,11,318,5
20260203,prepaid,GOK,0,201,220,221,233,238,299,317,321,357,325,270,13,357,11,368,7
20260121,prepaid,NBC,3,157,344,388,374,385,302,321,324,357,330,270,16,357,19,278,10
20260120,prepaid,GSB,3,173,581,585,869,882,286,312,310,357,327,269,28,357,25,330,10
20260126,prepaid,DLA,1,54,362,371,261,265,303,319,326,357,330,286,17,357,11,248,2
20260121,prepaid,NUA,2,232,232,237,224,232,287,323,312,357,325,288,20,357,58,290,13
20260206,prepaid,LFS,1,121,293,332,295,298,314,333,327,357,340,312,11,357,10,297,7
20260119,prepaid,VEL,8,168,297,312,522,559,264,287,298,358,304,235,22,358,40,268,26
20260330,prepaid,RPB,0,351,413,413,403,425,279,310,307,358,304,247,29,358,23,328,12
20260110,prepaid,ILS,1,168,235,259,216,228,287,328,304,358,345,273,20,358,39,370,20
20260329,prepaid,RDT,1,315,325,329,330,342,311,329,334,358,354,279,11,358,29,393,16
20260215,prepaid,FBD,6,352,569,570,456,474,306,341,318,359,370,307,21,359,40,306,12
20260111,prepaid,LFS,4,244,502,562,518,526,312,337,327,359,359,310,18,359,21,323,6
20260216,prepaid,DSL,1,208,345,345,442,449,316,331,337,359,317,272,12,359,21,326,12
20260303,prepaid,RPG,2,28,143,143,88,91,314,339,329,359,392,283,11,359,66,383,26
20260214,prepaid,LFS,2,136,309,347,264,270,312,328,331,359,345,310,13,359,39,312,12
20260204,prepaid,PIP,2,240,393,397,343,350,315,338,331,359,340,287,11,359,21,319,7
20260207,prepaid,RAM,1,0,324,362,249,253,318,337,330,359,341,303,11,359,19,350,10
20260224,prepaid,PRO,9,235,397,403,626,642,299,319,323,359,287,237,6,359,27,422,16
20260219,prepaid,RAM,2,0,319,351,320,326,293,325,313,360,360,304,19,360,6,330,4
20260202,prepaid,LFS,3,183,377,413,377,384,308,328,330,360,308,287,17,360,17,331,8
20260221,prepaid,PIP,2,292,410,411,359,371,300,332,315,360,325,278,21,360,26,327,12
20260224,prepaid,PIP,2,338,437,439,483,492,307,328,329,360,340,293,14,360,23,311,5
20260211,prepaid,VEN,2,0,278,281,231,237,305,340,313,360,352,305,22,360,30,259,14
20260110,prepaid,LFS,2,188,495,552,415,421,317,340,331,360,349,318,13,360,16,321,7
20260320,prepaid,PIP,2,104,146,147,235,245,292,324,318,360,344,270,20,360,46,364,27
20260227,prepaid,DSL,1,58,106,106,95,96,325,341,341,361,326,296,7,361,14,401,11
20260205,prepaid,PIP,1,289,392,393,408,421,304,329,326,361,333,282,14,361,39,346,5
20260120,prepaid,RPG,3,361,410,412,508,516,319,346,332,361,400,317,14,361,45,355,10
20260301,prepaid,FHH,0,41,145,158,56,57,305,333,322,361,365,281,19,361,51,378,26
20260319,prepaid,BFK,0,12,19,19,21,21,271,289,304,361,247,215,22,361,35,524,10
20260219,prepaid,VEN,4,0,198,198,304,317,299,318,324,361,310,262,17,361,33,268,11
20260403,prepaid,RAM,0,1,266,365,107,550,295,320,319,361,316,283,23,361,21,347,13
20260127,prepaid,FHH,3,244,1100,1114,473,485,294,314,326,361,315,270,17,361,14,289,6
20260214,prepaid,VEL,4,148,231,238,264,277,305,339,315,361,371,291,21,361,38,383,14
20260219,prepaid,RPB,0,443,544,545,613,618,320,332,342,362,337,292,12,362,28,359,12
20260119,prepaid,RDT,0,308,347,371,412,427,305,330,324,362,331,267,17,362,32,310,14
20260310,prepaid,PSP,7,324,432,438,437,455,294,313,321,362,308,273,25,362,27,344,15
20260312,prepaid,PIP,14,131,302,308,237,254,299,329,321,363,343,280,17,363,48,361,26
20260129,prepaid,GSB,3,145,347,347,455,462,281,307,312,363,308,260,18,363,16,277,5
20260201,prepaid,RPB,1,212,212,214,325,332,326,352,331,363,411,307,14,363,33,343,9
20260323,prepaid,RPB,0,409,480,483,468,481,299,327,323,363,335,248,18,363,43,327,23
20260209,prepaid,CMD,13,1021,1036,1041,1179,1231,264,313,294,363,350,264,33,363,71,340,38
20260208,prepaid,RAM,1,0,261,300,66,69,318,341,332,364,358,311,16,364,22,339,16
20260319,prepaid,PIP,4,83,168,168,108,117,299,337,316,364,336,269,27,364,36,294,19
20260214,prepaid,PIP,6,159,224,225,245,258,309,331,325,364,313,278,17,364,21,343,13
20260216,prepaid,VEL,4,207,302,307,366,377,283,305,311,364,300,244,19,364,41,307,12
20260318,prepaid,SNI,4,144,265,267,319,334,317,341,329,364,717,305,11,364,10,299,7
20260129,prepaid,LIV,0,241,241,251,236,241,340,354,345,364,548,337,6,364,15,345,7
20260302,prepaid,RAM,4,25,490,548,326,333,317,331,341,365,328,294,8,365,29,367,13
20260218,prepaid,PSP,0,291,377,382,374,381,315,333,329,365,344,298,19,365,11,294,3
20260404,prepaid,RAM,0,0,119,350,6,419,310,332,332,366,349,300,18,366,25,400,10
20260314,prepaid,RAM,3,0,226,252,596,607,306,334,323,366,358,304,18,366,38,367,16
20260127,prepaid,LFS,7,386,609,692,584,594,321,338,341,366,335,300,9,366,14,308,6
20260212,prepaid,DSL,5,284,457,458,388,397,321,340,338,366,350,307,16,366,18,325,4
20260315,prepaid,RDT,6,290,348,355,326,336,322,343,335,367,374,271,11,367,36,364,20
20260320,prepaid,LIV,0,497,497,503,497,501,322,338,344,367,637,302,8,367,11,356,6
20260326,prepaid,RPG,1,149,169,169,151,154,306,336,323,367,332,279,21,367,32,302,11
20260215,prepaid,PSP,0,30,81,84,41,42,314,335,329,367,355,306,23,367,33,386,12
20260310,prepaid,SHO,5,73,121,126,184,192,329,347,343,368,365,331,8,368,34,259,13
20260129,prepaid,PSP,2,293,379,383,377,389,314,339,328,368,339,310,20,368,18,339,9
20260228,prepaid,NBC,4,213,384,413,417,440,292,319,314,368,336,274,22,368,32,352,13
20260213,prepaid,VEL,3,179,269,273,298,306,324,343,335,368,348,282,11,368,31,315,15
20260311,prepaid,RAM,3,24,484,536,377,388,306,325,334,368,325,278,17,368,22,359,14
20260118,prepaid,VEH,0,17,28,29,54,60,233,309,249,369,348,265,50,369,44,321,27
20260207,prepaid,RPG,1,141,215,217,151,152,307,326,339,369,305,265,16,369,13,418,5
20260120,prepaid,BFK,3,273,329,329,340,350,321,341,336,369,378,307,14,369,30,400,22
20260402,prepaid,LIV,0,47,47,47,30,47,287,302,344,370,599,275,14,370,16,317,3
20260403,prepaid,EMC,0,168,168,168,74,168,318,349,329,370,352,301,21,370,15,309,11
20260203,prepaid,FHH,4,105,150,152,178,185,327,344,343,370,349,299,10,370,21,341,14
20260124,prepaid,PIP,4,135,172,175,187,197,322,338,345,370,305,259,6,370,21,366,13
20260319,prepaid,LIV,0,46,47,48,46,46,322,347,337,371,727,316,14,371,18,350,8
20260108,prepaid,NUA,0,304,304,307,299,304,307,340,327,371,333,309,15,371,22,351,5
20260331,prepaid,RDT,0,415,442,455,422,499,283,339,303,371,352,278,48,371,24,383,14
20260130,prepaid,FHH,1,121,184,188,190,195,321,347,336,371,374,320,13,371,17,378,7
20260403,prepaid,RPB,0,300,443,448,118,355,318,339,339,372,374,294,16,372,35,390,11
20260329,prepaid,VEL,0,3,57,60,29,29,292,333,310,372,360,292,28,372,39,351,19
20260301,prepaid,RAM,1,0,338,396,206,211,324,353,337,372,364,320,19,372,27,363,13
20260316,prepaid,VEN,3,5,404,406,73,77,283,321,318,373,317,255,24,373,58,309,22
20260219,prepaid,LFS,1,122,235,261,265,269,337,347,354,373,349,319,5,373,17,311,11
20260112,prepaid,GOK,1,220,567,605,319,330,319,346,339,373,339,278,16,373,31,339,15
20260212,prepaid,RPB,2,414,530,531,513,519,331,354,344,373,401,305,14,373,56,411,16
20260212,prepaid,RAM,3,0,486,530,279,291,325,349,336,373,379,328,18,373,31,345,8
20260123,prepaid,PIP,4,151,212,214,196,212,338,361,345,374,406,323,13,374,34,368,13
20260128,prepaid,PSP,4,328,416,418,577,601,321,340,344,374,323,289,13,374,18,329,10
20260226,prepaid,LFS,4,152,306,362,347,355,342,352,359,374,343,322,12,374,17,341,2
20260113,prepaid,NBC,1,217,422,436,333,344,297,313,328,374,344,271,10,374,35,324,20
20260108,prepaid,VEL,2,123,229,235,237,244,322,348,337,375,412,319,15,375,38,320,25
20260213,prepaid,PIP,0,193,271,274,299,305,318,340,341,376,384,310,15,376,40,338,22
20260215,prepaid,RAM,0,16,345,383,268,273,314,338,337,376,334,285,17,376,32,377,16
20260121,prepaid,RAM,3,57,355,394,369,381,322,347,335,376,364,318,22,376,14,329,7
20260213,prepaid,DSL,3,292,378,378,459,465,331,350,351,377,342,302,14,377,17,373,10
20260212,prepaid,GSB,8,436,604,605,636,653,320,343,344,377,366,300,18,377,44,369,16
20260327,prepaid,RDT,4,279,289,292,317,332,336,355,352,377,398,304,19,377,22,372,12
20260128,prepaid,VEL,4,146,265,274,333,353,301,330,323,377,344,282,27,377,29,339,16
20260306,prepaid,RPB,4,261,365,366,389,399,324,346,346,378,332,280,7,378,38,299,19
20260218,prepaid,VEN,1,4,175,179,191,194,321,347,333,378,360,300,19,378,37,302,14
20260205,prepaid,RPB,2,428,592,593,560,570,335,355,352,378,420,321,11,378,17,329,7
20260211,prepaid,PSP,1,289,338,340,356,367,335,358,346,378,364,328,16,378,13,355,4
20260330,prepaid,RDT,2,516,598,613,494,525,330,355,339,378,371,290,20,378,13,350,8
20260301,prepaid,PSP,1,31,84,86,33,36,335,357,349,378,367,327,10,378,20,361,9
20260206,prepaid,RDD,5,28,28,28,754,764,345,360,359,378,371,332,9,378,19,352,8
20260317,prepaid,VEN,6,2,121,124,318,330,301,330,324,379,354,289,30,379,44,313,15
20260310,prepaid,PIP,4,141,332,333,191,196,311,337,335,379,344,290,27,379,53,409,31
20260308,prepaid,NYK,0,360,493,493,458,460,328,350,347,379,362,316,17,379,13,883,7
20260225,prepaid,PIP,0,215,294,299,307,318,328,354,345,379,347,308,10,379,24,337,12
20260121,prepaid,LFS,4,185,385,425,342,355,336,355,347,379,373,323,15,379,30,385,10
20260329,prepaid,RPB,0,285,350,350,317,331,317,351,333,381,368,294,24,381,31,424,22
20260303,prepaid,NYK,0,35,364,364,103,105,326,359,342,381,495,332,24,381,7,433,2
20260118,prepaid,GSB,1,160,682,687,673,685,293,324,328,381,364,266,27,381,76,459,17
20260319,prepaid,NUA,1,209,230,231,236,238,313,348,335,381,356,314,25,381,29,376,15
20260203,prepaid,VEN,4,1,263,269,356,368,324,348,342,381,350,310,18,381,23,238,5
20260113,prepaid,FHH,1,132,354,417,275,281,334,358,351,381,356,291,15,381,22,355,12
20260116,prepaid,GOK,5,156,251,252,309,317,291,313,338,382,309,234,27,382,38,333,19
20260117,prepaid,LFS,0,120,392,435,371,379,342,356,360,382,360,312,14,382,21,347,9
20260222,prepaid,PSP,0,42,88,89,50,51,329,347,344,382,370,315,12,382,25,418,10
20260130,prepaid,RAM,0,45,414,451,292,296,342,359,357,382,368,332,9,382,16,362,9
20260109,prepaid,ILS,2,190,274,282,227,234,326,363,340,382,431,340,15,382,36,337,24
20260225,prepaid,LFS,1,106,299,353,270,273,353,372,359,382,380,342,13,382,22,350,10
20260328,prepaid,VEL,0,69,128,140,142,146,316,343,332,382,343,289,22,382,18,298,9
20260205,prepaid,NUA,3,246,249,249,246,255,325,348,340,382,345,315,25,382,31,348,13
20260203,prepaid,PSP,1,359,439,444,568,594,331,349,348,383,346,302,17,383,25,399,9
20260319,prepaid,FHH,4,607,979,1007,1152,1180,325,358,342,383,387,305,17,383,42,327,19
20260313,prepaid,PIP,3,220,292,297,400,412,323,350,345,383,351,293,14,383,50,341,11
20260130,prepaid,NUA,1,302,302,305,291,302,327,359,345,384,363,331,15,384,28,376,12
20260219,prepaid,NBC,5,194,478,506,361,383,296,334,322,384,348,280,33,384,33,328,15
20260203,prepaid,RPB,1,249,392,393,326,331,339,358,360,384,397,299,13,384,27,364,8
20260124,prepaid,VEL,5,181,398,403,384,404,315,342,336,384,346,287,24,384,37,398,21
20260123,prepaid,GLA,23,501,502,502,1052,1109,278,324,319,385,319,254,38,385,45,345,27
20260226,prepaid,PSP,0,319,390,394,391,398,330,345,355,385,351,311,8,385,10,345,6
20260319,prepaid,RPG,1,22,25,25,44,48,325,354,351,386,345,309,17,386,20,347,13
20260127,prepaid,VEL,17,175,349,362,700,736,299,331,328,386,330,266,25,386,35,331,26
20260126,prepaid,LFS,0,138,341,388,415,420,315,347,340,386,347,312,24,386,22,325,14
20260125,prepaid,NBC,2,18,110,118,70,76,315,359,321,386,385,316,32,386,49,340,19
20260220,prepaid,PIP,1,232,315,316,271,276,334,356,354,386,365,307,18,386,18,324,10
20260404,prepaid,NBC,0,202,219,301,16,389,282,320,318,386,311,261,26,386,31,386,21
20260122,prepaid,RPB,3,229,269,280,371,375,352,370,363,386,894,326,13,386,25,350,14
20260226,prepaid,NBC,5,116,354,455,299,308,305,336,332,387,350,292,21,387,28,376,12
20260107,prepaid,POW,0,337,422,423,333,337,353,365,370,387,392,333,8,387,9,283,6
20260118,prepaid,LFS,3,173,458,519,429,439,332,365,346,387,378,330,16,387,35,425,15
20260307,prepaid,RDT,4,388,442,451,428,439,335,355,359,388,313,259,8,388,22,388,12
20260317,prepaid,PSP,3,312,441,449,435,455,316,345,342,388,341,302,19,388,34,330,17
20260124,prepaid,CMD,1,82,90,100,119,126,325,358,347,388,353,286,22,388,30,325,21
20260124,prepaid,LFS,1,166,384,427,381,384,347,367,362,389,356,317,12,389,24,354,6
20260312,prepaid,PSP,4,349,450,458,428,441,330,349,350,389,356,317,16,389,37,445,19
20260115,prepaid,DSL,2,250,372,372,314,317,338,364,356,390,423,327,16,390,28,276,11
20260218,prepaid,PRO,2,222,388,396,376,382,316,339,341,390,328,269,16,390,17,325,9
20260309,prepaid,RDT,7,357,408,420,434,454,342,365,362,391,380,314,14,391,29,378,12
20260226,prepaid,PIP,2,255,342,343,321,335,337,364,354,392,389,322,13,392,30,355,14
20260404,prepaid,RPB,0,284,403,404,14,427,343,365,368,392,377,309,12,392,32,394,16
20260126,prepaid,VEL,4,17,493,499,466,479,315,351,341,393,378,310,25,393,31,309,13
20260206,prepaid,GLA,0,1,1,1,1,1,316,359,335,393,353,298,22,393,32,392,16
20260223,prepaid,RPG,1,400,704,704,449,455,337,357,365,393,361,316,12,393,23,351,8
20260302,prepaid,PIP,9,506,672,680,719,745,321,347,347,393,344,288,19,393,19,349,11
20260214,prepaid,KAP,4,631,671,672,680,696,318,342,345,393,331,270,21,393,26,372,15
20260111,prepaid,VEL,0,8,160,162,22,23,323,363,340,393,402,311,27,393,59,375,34
20260326,prepaid,RDT,0,288,341,345,323,331,345,370,364,394,385,306,9,394,19,345,13
20260113,prepaid,LIV,0,206,209,221,208,208,359,375,373,394,676,355,9,394,19,397,7
20260325,prepaid,RPG,0,84,90,90,204,204,337,365,359,395,391,321,17,395,57,356,23
20260320,prepaid,RDT,0,319,331,335,355,366,332,361,350,395,381,296,16,395,32,468,19
20260215,prepaid,VEL,0,19,132,133,29,33,308,349,328,395,365,283,36,395,47,378,21
20260123,prepaid,VEL,3,238,477,584,257,272,329,357,344,395,352,287,23,395,44,354,14
20260130,prepaid,NBC,7,242,424,451,416,441,335,359,358,395,379,310,19,395,28,414,9
20260206,prepaid,VEL,2,176,248,258,246,255,322,349,344,395,347,282,20,395,28,367,19
20260226,prepaid,RAM,3,20,371,415,289,299,341,363,365,395,352,319,16,395,12,361,5
20260314,prepaid,PIP,7,319,355,400,391,407,332,361,355,396,367,305,17,396,54,393,25
20260309,prepaid,RPG,9,660,883,883,1027,1047,356,375,369,396,395,329,10,396,50,397,21
20260130,prepaid,DLA,6,96,308,322,284,298,339,357,360,396,368,325,13,396,25,364,15
20260126,prepaid,NBC,2,81,269,279,149,152,300,338,337,396,360,276,32,396,32,255,12
20260206,prepaid,RAM,3,29,163,197,263,273,358,375,368,397,378,340,14,397,11,410,6
20260201,prepaid,KAL,3,297,350,350,361,372,352,372,362,397,389,352,8,397,7,288,3
20260209,prepaid,LFS,0,159,341,378,398,405,341,367,368,397,363,328,13,397,18,340,7
20260122,prepaid,VEL,5,206,261,309,284,303,322,347,344,397,377,295,18,397,44,356,21
20260206,prepaid,NBC,11,330,445,468,510,540,333,358,352,398,342,295,21,398,41,415,25
20260225,prepaid,PSP,2,316,392,397,389,402,336,363,351,398,366,334,18,398,12,348,4
20260314,prepaid,RDT,5,333,391,397,367,376,338,366,358,398,420,303,16,398,47,412,25
20260325,prepaid,RDT,4,376,419,427,400,412,346,367,371,398,390,293,15,398,27,370,13
20260204,prepaid,NBC,5,241,530,547,446,463,333,359,350,398,369,300,22,398,32,342,17
20260328,prepaid,FHH,0,106,151,159,216,230,339,368,357,398,379,316,24,398,30,363,15
20260301,prepaid,PIP,2,107,287,291,153,159,344,368,361,398,367,310,23,398,24,391,9
20260226,prepaid,DSL,0,48,86,86,80,81,361,374,375,399,372,322,8,399,6,422,5
20260208,prepaid,GSB,1,228,382,383,387,395,318,361,342,399,387,316,33,399,67,407,24
20260405,prepaid,RAM,0,2,2,639,0,242,327,367,348,399,401,337,27,399,31,415,0
20260316,prepaid,RDT,5,394,406,409,453,463,338,363,363,399,351,263,15,399,32,367,22
20260316,prepaid,LIV,1,389,389,390,385,389,358,373,382,399,645,327,8,399,20,351,10
20260127,prepaid,PSP,8,615,842,847,755,785,330,355,358,399,342,295,18,399,17,355,8
20260302,prepaid,PSP,2,484,574,582,592,608,347,374,361,400,378,344,16,400,20,380,7
20260222,prepaid,PRO,3,128,319,328,191,197,337,374,352,401,386,309,22,401,45,446,20
20260401,prepaid,RDT,0,398,415,428,300,425,277,342,319,401,393,297,50,401,38,364,17
20260219,prepaid,PSP,1,300,373,379,377,386,338,369,351,401,362,326,26,401,16,368,7
20260109,prepaid,NBC,3,152,363,380,396,440,338,363,358,401,377,304,19,401,23,388,15
20260123,prepaid,LFS,2,147,368,424,327,334,364,383,373,401,391,338,8,401,31,412,8
20260109,prepaid,DLA,7,131,547,579,571,591,332,364,351,401,398,309,27,401,55,408,15
20260303,prepaid,PRO,4,181,400,417,890,903,343,367,357,401,383,307,14,401,76,396,31
20260228,prepaid,FHH,10,385,483,506,505,535,358,380,370,401,394,319,18,401,46,422,29
20260126,prepaid,NYK,3,255,372,372,335,340,310,363,330,402,395,276,39,402,135,361,16
20260308,prepaid,RPB,7,135,307,309,250,261,335,370,349,402,407,313,22,402,45,363,12
20260119,prepaid,LFS,4,158,393,442,443,450,348,366,377,402,355,315,11,402,17,359,8
20260223,prepaid,DSL,2,318,471,471,454,460,355,371,378,402,357,320,11,402,18,343,8
20260127,prepaid,RDT,7,821,989,1008,834,852,330,359,358,402,326,273,16,402,30,394,13
20260326,prepaid,FHH,5,144,250,262,229,246,344,362,370,402,346,291,14,402,21,473,9
20260126,prepaid,FHH,1,18,171,179,35,37,331,352,352,403,354,312,22,403,20,412,8
20260208,prepaid,PIP,0,115,210,212,144,145,349,373,363,403,383,309,21,403,50,419,15
20260211,prepaid,LFS,5,135,294,341,323,330,360,378,373,403,366,328,10,403,31,399,6
20260108,prepaid,POW,0,531,532,533,607,616,374,391,383,404,425,352,11,404,14,350,5
20260312,prepaid,PRO,14,329,604,616,526,554,340,367,361,404,414,295,17,404,98,438,31
20260123,prepaid,RDT,3,291,353,368,343,347,339,373,358,404,453,323,16,404,42,463,13
20260307,prepaid,PSP,5,323,422,425,455,470,342,372,357,405,362,324,21,405,15,317,12
20260305,prepaid,PSP,1,428,541,550,515,531,347,373,365,405,328,277,25,405,54,338,15
20260322,prepaid,RDT,4,290,352,358,318,326,340,367,360,405,381,289,18,405,47,357,26
20260405,prepaid,PSP,0,85,85,145,0,107,332,365,356,405,392,327,24,405,51,375,0
20260318,prepaid,PIP,4,138,241,241,210,221,347,374,368,405,383,320,16,405,46,365,23
20260119,prepaid,ILS,3,202,325,330,260,265,330,373,349,405,407,329,25,405,50,371,25
20260302,prepaid,NBC,6,391,543,585,649,675,337,362,365,405,345,299,18,405,21,310,14
20260217,prepaid,DSL,2,238,350,350,370,375,366,383,381,406,375,338,14,406,16,364,9
20260115,prepaid,VEL,3,137,211,217,258,278,280,347,296,406,413,287,37,406,57,318,28
20260128,prepaid,NBC,6,180,459,489,522,538,321,348,359,406,339,285,20,406,34,346,17
20260117,prepaid,GOK,6,154,212,216,235,245,335,368,359,407,363,303,26,407,48,400,29
20260314,prepaid,HKH,0,27,50,50,46,46,325,355,355,407,353,325,36,407,27,367,9
20260224,prepaid,RPG,2,381,532,532,585,597,362,379,378,407,374,324,9,407,22,348,10
20260114,prepaid,FHH,3,114,312,319,312,330,353,381,374,407,397,334,13,407,24,387,11
20260216,prepaid,PSP,1,541,648,653,616,631,341,368,365,407,377,333,20,407,24,364,13
20260201,prepaid,LFS,1,120,314,357,285,291,362,389,373,407,390,350,18,407,33,404,13
20260122,prepaid,LFS,3,128,307,353,319,323,360,377,387,408,388,338,5,408,37,366,13
20260207,prepaid,GSB,7,221,387,390,432,447,330,362,354,408,369,315,30,408,50,418,26
20260121,prepaid,BFK,0,236,338,340,289,294,364,377,384,408,390,319,6,408,19,405,7
20260324,prepaid,RPB,2,493,607,609,545,563,345,368,376,408,365,290,14,408,29,312,18
20260322,prepaid,RPB,1,428,496,498,472,481,353,379,373,409,399,303,19,409,42,399,19
20260321,prepaid,PSP,2,301,374,382,384,395,336,368,360,409,373,329,26,409,33,353,16
20260311,prepaid,RDT,4,274,378,382,313,323,361,384,378,410,407,306,12,410,41,368,14
20260331,prepaid,RPB,0,325,383,387,340,387,300,364,330,410,408,322,50,410,18,365,6
20260121,prepaid,DLA,5,84,290,294,267,277,356,384,370,410,378,326,20,410,44,422,22
20260128,prepaid,LFS,4,139,329,383,355,361,364,383,385,410,399,347,11,410,28,411,13
20260403,prepaid,FMB,0,,,,0,1,294,358,320,411,393,298,47,411,58,406,34
20260128,prepaid,RDT,2,338,378,384,485,505,361,383,376,411,383,317,16,411,23,377,9
20260223,prepaid,PSP,2,575,694,700,642,650,349,379,361,411,374,332,22,411,16,376,5
20260209,prepaid,PSP,4,531,625,629,590,609,348,363,375,411,361,322,21,411,31,384,17
20260313,prepaid,RDT,7,292,335,348,343,358,351,385,371,412,401,308,17,412,53,491,34
20260326,prepaid,NBC,1,224,399,429,395,425,321,356,356,412,355,290,24,412,47,402,29
20260127,prepaid,NBC,4,272,642,668,497,512,322,364,351,412,335,277,33,412,25,318,11
20260217,prepaid,PRO,5,249,395,405,437,451,339,368,357,412,374,312,21,412,27,363,8
20260326,prepaid,RAM,4,84,595,662,647,670,344,369,372,412,361,321,24,412,21,418,13
20260218,prepaid,RPB,2,417,577,578,511,517,365,386,384,413,378,317,12,413,20,390,11
20260227,prepaid,NBC,4,177,383,433,392,404,330,364,359,413,361,302,27,413,32,395,15
20260206,prepaid,DSL,0,308,394,394,467,471,380,397,392,413,420,356,9,413,19,409,12
20260206,prepaid,GSB,4,173,376,379,381,390,348,373,371,414,369,316,19,414,41,374,15
20260221,prepaid,DSL,1,269,414,414,366,374,365,393,380,415,372,326,15,415,12,394,9
20260317,prepaid,RDT,6,367,425,433,366,381,364,387,384,415,405,317,13,415,21,364,6
20260228,prepaid,NYK,0,369,469,469,430,433,373,389,390,415,393,381,12,415,4,327,4
20260324,prepaid,PSP,4,327,437,442,448,468,341,367,368,415,365,314,23,415,27,380,17
20260213,prepaid,PSP,3,276,374,379,346,358,366,390,379,416,396,362,20,416,24,385,12
20260220,prepaid,NBC,6,191,337,354,483,502,342,370,369,416,391,311,20,416,27,351,14
20260217,prepaid,RAM,2,42,301,353,242,248,347,369,374,416,370,331,17,416,23,385,10
20260302,prepaid,FHH,3,194,276,302,403,412,356,377,384,416,348,306,17,416,23,326,12
20260205,prepaid,GSB,2,127,367,384,286,292,331,367,361,417,356,297,20,417,24,353,12
20260124,prepaid,RPB,1,265,304,305,331,340,362,389,384,417,587,335,16,417,19,364,8
20260204,prepaid,GSB,5,153,319,323,230,238,347,377,372,417,363,294,20,417,38,376,10
20260113,prepaid,GOK,4,147,366,391,417,428,359,390,377,417,415,351,22,417,21,338,9
20260204,prepaid,PSP,0,303,383,388,379,392,355,383,370,418,386,347,22,418,27,365,14
20260325,prepaid,LFS,1,256,420,466,554,568,351,376,372,418,369,322,18,418,28,402,9
20260113,prepaid,PSP,3,375,468,473,544,559,342,366,370,418,378,318,24,418,31,402,18
20260209,prepaid,PIP,4,379,438,456,517,536,348,378,380,418,326,296,18,418,31,393,13
20260305,prepaid,RPG,1,,,,114,116,328,356,378,418,324,267,13,418,26,257,11
20260312,prepaid,RPB,8,540,641,641,600,614,382,394,396,418,416,333,8,418,47,397,18
20260225,prepaid,PRO,3,200,419,436,357,367,356,382,375,418,419,328,7,418,44,395,17
20260304,prepaid,KAP,6,290,332,333,345,355,338,379,362,418,555,306,28,418,185,612,43
20260322,prepaid,FHH,1,122,202,207,235,243,334,373,365,420,391,304,37,420,54,391,22
20260317,prepaid,LIV,1,255,256,259,253,255,384,403,395,420,774,376,14,420,21,363,11
20260121,prepaid,VEL,8,233,304,311,360,379,329,364,353,420,383,315,27,420,36,352,25
20260123,prepaid,BFK,1,204,283,284,249,252,387,404,395,420,393,344,9,420,9,403,7
20260306,prepaid,RAM,10,20,487,543,474,491,362,387,385,420,397,322,21,420,34,345,14
20260125,prepaid,RDT,1,300,331,336,382,391,364,396,379,420,402,319,13,420,34,352,16
20260311,prepaid,RPB,3,431,505,506,605,620,370,387,390,422,388,322,14,422,63,413,22
20260214,prepaid,PSP,3,279,338,340,362,375,370,389,386,422,395,359,20,422,21,376,11
20260202,prepaid,RPB,1,285,369,369,313,325,375,393,396,422,395,327,12,422,23,390,7
20260112,prepaid,NBC,10,304,481,514,567,600,320,357,348,422,355,274,28,422,32,408,15
20260131,prepaid,LFS,1,109,291,334,287,292,380,400,396,422,419,371,14,422,29,407,18
20260211,prepaid,RPB,1,386,496,497,510,514,374,393,396,423,415,344,6,423,23,409,14
20260205,prepaid,VEL,5,231,344,351,342,357,358,391,374,423,405,328,21,423,51,426,25
20260210,prepaid,LFS,2,156,350,396,328,334,378,399,393,423,414,365,9,423,35,386,9
20260313,prepaid,RPG,3,192,210,210,209,215,355,380,387,424,363,308,20,424,46,395,17
20260122,prepaid,RDT,2,320,378,390,402,418,365,386,377,424,403,320,19,424,23,383,13
20260324,prepaid,RDT,3,296,333,336,339,356,360,384,392,424,401,291,15,424,24,359,10
20260208,prepaid,RDT,1,352,386,392,408,416,375,399,390,425,448,351,14,425,34,418,16
20260107,prepaid,LFS,1,133,408,462,350,356,385,403,400,425,437,386,9,425,18,384,8
20260131,prepaid,VEL,4,221,311,425,312,326,331,357,371,425,364,310,21,425,42,375,23
20260208,prepaid,PSP,2,27,73,73,49,53,351,382,375,425,392,347,29,425,26,446,8
20260114,prepaid,NBC,6,204,354,374,387,401,359,387,375,426,447,336,19,426,36,336,21
20260107,prepaid,NBC,1,230,382,405,378,386,347,374,376,426,414,323,18,426,20,232,9
20260131,prepaid,GSB,2,238,348,350,366,373,344,381,368,426,397,330,28,426,51,406,24
20260319,prepaid,PRO,9,137,365,373,326,343,345,376,377,427,378,302,26,427,54,369,15
20260312,prepaid,RAM,3,1,467,515,312,328,359,388,382,427,378,339,23,427,30,409,9
20260312,prepaid,NBC,12,437,765,779,645,678,340,382,366,427,380,313,30,427,49,472,29
20260121,prepaid,RDT,4,425,523,534,551,571,355,383,377,427,398,316,12,427,23,329,9
20260119,prepaid,GSB,5,466,2264,2342,857,874,342,366,385,428,327,284,19,428,16,310,9
20260126,prepaid,PSP,1,118,258,260,170,176,361,385,385,430,396,332,25,430,22,380,7
20260117,prepaid,RAM,2,0,114,130,89,97,338,384,364,430,377,338,28,430,12,350,7
20260310,prepaid,RPB,2,362,552,553,379,387,365,395,383,430,432,346,18,430,49,422,24
20260109,prepaid,POW,0,0,0,1,1,1,389,408,402,430,401,356,9,430,14,351,5
20260201,prepaid,GSB,0,216,392,393,292,298,351,382,376,431,417,338,32,431,42,377,10
20260318,prepaid,RPG,2,128,145,145,194,200,375,403,395,431,385,340,20,431,38,385,19
20260211,prepaid,GSB,5,420,652,656,697,715,366,393,387,431,396,343,18,431,37,351,14
20260130,prepaid,PSP,2,343,422,425,404,419,386,404,399,431,429,381,15,431,30,444,17
20260210,prepaid,GSB,3,236,527,530,468,479,354,380,391,432,372,315,17,432,42,407,14
20260108,prepaid,NBC,3,159,509,544,306,312,359,390,375,432,447,345,24,432,34,356,21
20260309,prepaid,PIP,11,424,468,474,665,696,361,390,383,432,380,326,24,432,37,397,21
20260311,prepaid,NBC,9,190,386,409,438,458,348,386,377,432,401,330,25,432,45,435,22
20260210,prepaid,RDT,0,513,631,642,556,562,398,412,408,432,434,345,10,432,33,373,8
20260117,prepaid,NBC,5,145,288,300,314,325,334,370,366,432,361,302,33,432,20,345,9
20260212,prepaid,PRO,8,397,554,563,595,635,378,394,404,433,409,340,15,433,35,422,16
20260116,prepaid,LFS,1,144,358,397,342,344,378,400,403,433,384,345,14,433,21,391,6
20260214,prepaid,VEN,1,0,234,238,346,349,356,403,367,433,441,374,24,433,42,347,25
20260306,prepaid,PSP,3,270,388,395,352,359,378,400,396,433,393,346,15,433,23,324,5
20260222,prepaid,NYK,0,606,708,709,732,741,383,414,400,434,391,340,17,434,10,316,4
20260404,prepaid,PSP,0,498,519,625,5,597,363,390,384,434,397,340,22,434,39,396,19
20260210,prepaid,CMD,4,281,430,448,296,307,340,383,366,435,408,318,37,435,42,360,28
20260218,prepaid,NBC,4,223,415,442,452,469,340,372,378,435,366,304,24,435,31,372,15
20260130,prepaid,LFS,6,154,333,367,322,332,400,414,414,435,406,378,9,435,17,433,9
20260203,prepaid,NBC,4,201,402,426,426,442,356,385,381,436,402,327,32,436,32,375,20
20260201,prepaid,NBC,0,23,143,167,93,94,364,405,383,436,423,345,28,436,42,466,15
20260115,prepaid,GOK,0,119,238,239,200,203,345,396,364,436,431,334,46,436,86,434,38
20260204,prepaid,RDT,5,379,418,421,429,442,378,401,394,437,393,328,17,437,35,502,12
20260306,prepaid,PIP,7,157,305,307,287,298,358,390,381,438,401,324,15,438,36,337,17
20260212,prepaid,NBC,2,266,518,623,513,524,355,394,381,438,408,334,25,438,45,465,16
20260228,prepaid,PSP,3,287,356,359,362,370,389,408,412,438,398,367,9,438,18,417,7
20260218,prepaid,RAM,0,0,327,374,256,259,379,399,400,438,392,364,15,438,12,333,10
20260305,prepaid,PIP,4,353,477,481,532,547,354,397,381,438,364,300,29,438,52,334,27
20260331,prepaid,NBC,0,239,398,456,271,429,285,365,314,438,388,297,77,438,43,403,24
20260402,prepaid,NBC,0,172,314,346,111,379,289,316,380,439,339,270,28,439,36,341,13
20260403,prepaid,NBC,0,155,301,328,49,314,322,371,362,439,378,307,41,439,44,368,24
20260216,prepaid,RAM,2,36,242,282,394,403,369,401,390,439,403,360,25,439,23,425,14
20260318,prepaid,LIV,0,249,253,257,246,250,402,417,418,439,775,380,11,439,16,398,5
20260305,prepaid,NBC,2,123,299,323,262,266,358,394,385,439,355,300,28,439,44,399,15
20260120,prepaid,DLA,3,101,294,306,274,283,381,399,406,440,400,343,14,440,43,430,18
20260216,prepaid,PRO,3,248,427,442,406,419,358,392,387,440,380,320,15,440,33,404,18
20260118,prepaid,DLA,3,122,364,375,334,347,380,409,398,440,415,341,22,440,33,478,18
20260404,prepaid,RDT,0,333,388,391,23,379,376,399,403,441,427,333,15,441,30,407,16
20260327,prepaid,RAM,0,16,468,510,501,523,369,405,392,441,406,366,23,441,14,365,10
20260307,prepaid,PIP,6,192,363,366,333,344,365,394,391,441,407,328,18,441,28,390,14
20260215,prepaid,PRV,7,682,834,834,760,781,391,422,397,441,457,362,23,441,57,485,23
20260111,prepaid,LIV,4,397,397,417,389,397,395,417,408,441,868,383,18,441,20,438,7
20260214,prepaid,RAM,3,22,273,304,418,426,371,402,396,441,433,370,21,441,16,360,8
20260320,prepaid,RAM,1,31,562,623,626,645,370,400,402,441,410,344,21,441,39,474,24
20260125,prepaid,RAM,2,4,472,518,269,276,372,405,394,442,420,363,19,442,19,422,11
20260130,prepaid,GOK,0,191,264,273,253,262,369,401,394,442,419,372,19,442,29,335,12
20260319,prepaid,RPB,2,269,343,344,361,371,382,411,402,442,419,344,17,442,70,447,22
20260328,prepaid,PRO,4,230,453,457,424,464,328,380,354,442,372,289,37,442,62,417,33
20260203,prepaid,GSB,1,379,464,468,518,526,368,389,398,442,420,330,22,442,36,375,13
20260228,prepaid,RAM,2,24,235,251,421,427,395,416,415,443,411,367,14,443,27,337,7
20260207,prepaid,RDT,4,412,476,482,449,459,392,409,410,443,409,347,7,443,28,420,11
20260326,prepaid,LFS,0,156,340,400,323,330,375,401,407,443,391,343,14,443,18,395,9
20260327,prepaid,NBC,1,186,452,484,341,365,359,396,386,444,408,336,25,444,47,382,26
20260112,prepaid,LFS,3,193,459,512,482,490,397,414,420,444,410,365,7,444,20,400,7
20260301,prepaid,PRO,4,164,321,325,352,360,373,405,398,444,424,344,19,444,39,430,18
20260205,prepaid,PSP,7,292,342,345,356,371,385,406,409,444,420,376,13,444,23,394,13
20260313,prepaid,RAM,6,0,593,658,457,471,380,402,405,444,411,370,18,444,26,409,10
20260307,prepaid,RPB,1,311,455,459,405,415,398,421,412,444,427,365,9,444,39,437,15
20260405,prepaid,RDT,0,320,320,344,0,375,382,410,406,444,438,337,19,444,36,437,0
20260202,prepaid,GOK,6,273,318,321,362,374,373,400,401,444,405,338,17,444,19,311,11
20260109,prepaid,VEL,2,101,371,375,225,238,377,406,405,445,461,353,15,445,51,397,18
20260328,prepaid,RDT,1,341,369,386,335,352,392,420,410,445,413,343,10,445,29,399,18
20260318,prepaid,PSP,8,311,408,416,458,476,371,404,394,445,438,371,21,445,62,409,31
20260311,prepaid,VEN,6,0,230,234,286,301,386,421,399,445,456,372,24,445,30,273,22
20260206,prepaid,RDT,6,381,428,434,398,405,387,416,403,445,425,359,18,445,33,463,10
20260222,prepaid,NBC,1,9,138,158,172,177,348,403,376,446,453,356,38,446,49,441,25
20260326,prepaid,PSP,6,326,429,433,409,429,379,412,394,446,424,369,21,446,45,430,16
20260305,prepaid,RPB,4,491,625,626,550,568,382,404,411,446,333,265,12,446,38,292,18
20260311,prepaid,PSP,8,329,432,440,413,430,378,410,399,446,413,381,25,446,23,361,10
20260307,prepaid,NBC,8,251,445,455,507,529,358,388,390,446,373,319,24,446,20,326,8
20260318,prepaid,RAM,4,0,507,559,672,688,383,408,404,446,387,344,18,446,26,404,18
20260310,prepaid,RAM,8,0,302,505,658,679,374,410,393,446,421,364,26,446,26,395,11
20260315,prepaid,LFS,1,86,489,567,225,231,385,430,398,446,507,417,20,446,59,288,9
20260303,prepaid,RPB,3,140,202,203,145,158,393,419,409,446,461,360,14,446,66,452,28
20260116,prepaid,NBC,2,90,259,277,301,308,355,400,382,447,389,312,29,447,42,432,24
20260225,prepaid,DSL,0,42,75,75,83,84,410,423,424,447,454,398,9,447,15,363,10
20260206,prepaid,PIP,0,183,284,284,265,272,382,420,400,447,446,376,24,447,29,363,14
20260210,prepaid,NBC,7,209,638,739,412,429,374,405,399,448,397,325,25,448,27,364,15
20260315,prepaid,PSP,4,43,83,83,73,77,380,419,392,448,428,371,30,448,62,451,30
20260208,prepaid,NBC,1,22,138,147,65,69,361,406,388,448,484,359,31,448,59,422,24
20260310,prepaid,RDT,9,353,402,406,385,404,393,421,412,448,449,356,16,448,31,400,17
20260130,prepaid,NYK,0,405,496,496,500,505,350,392,391,448,313,246,19,448,155,464,13
20260131,prepaid,FHH,26,331,379,517,361,405,402,425,415,448,465,387,21,448,40,433,11
20260120,prepaid,PSP,8,379,505,506,568,588,385,409,405,449,403,359,21,449,30,429,15
20260325,prepaid,PSP,0,352,440,449,452,462,392,413,413,450,425,381,11,450,28,404,17
20260319,prepaid,PSP,5,217,292,296,294,308,364,408,387,450,409,357,32,450,51,424,26
20260213,prepaid,RAM,2,0,400,442,425,438,385,416,407,450,414,371,19,450,22,388,12
20260216,prepaid,FBD,3,399,538,550,702,710,385,411,416,450,421,354,19,450,41,381,11
20260307,prepaid,RAM,4,0,317,344,368,379,396,419,418,450,393,351,16,450,17,412,7
20260131,prepaid,NBC,6,202,318,357,394,408,393,420,413,451,434,355,20,451,29,424,17
20260110,prepaid,VEL,12,130,204,213,349,443,385,418,407,451,433,350,19,451,37,418,24
20260317,prepaid,RAM,2,0,404,442,434,442,386,413,413,452,436,370,12,452,19,391,10
20260223,prepaid,NYK,0,500,564,566,595,602,393,420,419,452,421,365,8,452,7,447,4
20260319,prepaid,RDT,2,340,387,393,350,359,387,420,411,452,481,369,15,452,24,309,16
20260308,prepaid,PIP,1,100,250,251,150,153,375,407,404,452,412,340,24,452,43,406,24
20260328,prepaid,LFS,0,101,216,232,272,279,377,411,408,453,373,346,30,453,18,396,11
20260322,prepaid,PSP,5,42,144,147,70,78,369,408,397,453,449,374,28,453,44,432,21
20260115,prepaid,NBC,1,61,203,222,167,170,357,409,378,453,415,313,32,453,53,420,30
20260329,prepaid,PRV,2,469,556,556,601,641,391,432,402,453,457,366,28,453,51,471,21
20260112,prepaid,VEL,4,170,629,647,344,362,340,403,369,454,463,341,33,454,29,323,13
20260306,prepaid,NBC,7,476,842,880,674,716,367,409,392,454,399,338,33,454,37,374,18
20260209,prepaid,DSL,2,308,346,346,415,421,390,412,421,454,391,338,14,454,19,445,10
20260217,prepaid,RPB,1,348,452,453,395,397,401,421,429,455,442,356,12,455,28,386,8
20260328,prepaid,NBC,2,242,348,371,478,531,350,398,380,455,389,331,35,455,43,353,22
20260324,prepaid,PRO,4,241,454,461,393,417,361,397,395,455,404,280,30,455,57,408,20
20260311,prepaid,PRO,8,238,474,498,501,518,388,416,413,455,424,343,17,455,54,439,24
20260318,prepaid,RDT,4,369,389,394,416,427,395,428,414,456,440,352,21,456,32,383,22
20260321,prepaid,PRO,7,266,485,507,478,496,375,413,396,456,463,343,28,456,91,482,54
20260115,prepaid,LFS,1,115,358,394,301,304,393,421,418,456,433,375,16,456,29,400,7
20260207,prepaid,PIP,4,249,314,314,324,334,394,420,418,457,441,371,22,457,32,452,19
20260223,prepaid,PRV,3,592,891,892,836,847,355,379,403,457,356,308,29,457,24,395,9
20260309,prepaid,RPB,4,234,257,257,416,423,395,412,423,457,397,340,13,457,42,481,19
20260228,prepaid,PIP,4,243,365,367,331,340,400,425,418,457,434,368,15,457,24,467,13
20260305,prepaid,RAM,3,14,405,444,397,405,398,425,418,457,388,314,21,457,46,369,13
20260309,prepaid,RAM,1,41,823,940,283,286,383,407,419,458,403,354,18,458,19,426,7
20260205,prepaid,NBC,9,217,416,437,469,486,385,415,411,458,414,350,27,458,34,386,15
20260221,prepaid,PSP,2,282,327,328,343,350,388,415,410,458,408,370,26,458,10,397,4
20260331,prepaid,PSP,0,319,388,393,370,432,305,389,347,459,392,345,69,459,29,390,16
20260209,prepaid,RDT,8,485,534,540,503,519,400,423,427,459,412,345,15,459,34,452,13
20260114,prepaid,GOK,4,90,159,163,322,330,388,427,405,459,446,364,31,459,40,421,22
20260209,prepaid,PRO,4,342,646,654,543,550,385,414,416,459,394,323,14,459,16,411,7
20260119,prepaid,DLA,5,112,296,307,344,355,401,422,424,460,418,361,17,460,44,450,19
20260320,prepaid,RPB,3,351,453,459,414,426,401,422,426,460,469,370,16,460,65,432,22
20260217,prepaid,NBC,5,205,446,468,448,458,369,400,406,460,392,319,24,460,42,409,17
20260402,prepaid,RPB,0,302,357,358,285,446,335,356,423,460,363,292,18,460,31,352,19
20260313,prepaid,NYK,4,426,550,550,509,525,401,434,421,461,415,359,20,461,9,591,5
20260223,prepaid,NBC,2,222,558,583,362,374,362,396,402,461,399,313,23,461,34,398,19
20260112,prepaid,LIV,0,345,347,350,341,345,412,424,441,462,893,370,10,462,14,433,6
20260111,prepaid,NBC,3,60,177,195,138,144,374,431,389,462,476,368,36,462,28,371,12
20260210,prepaid,PRO,2,327,529,542,663,679,410,433,427,462,444,366,11,462,57,468,18
20260222,prepaid,FBD,4,190,304,304,300,312,372,413,403,462,440,361,38,462,47,477,15
20260401,prepaid,PSP,0,150,253,258,137,220,306,370,366,463,364,329,62,463,18,379,7
20260316,prepaid,PSP,10,588,782,790,661,686,376,405,407,463,401,357,26,463,53,441,20
20260208,prepaid,PRO,1,166,368,369,243,246,409,437,428,464,451,366,17,464,40,430,14
20260123,prepaid,RPG,5,345,961,968,840,852,388,419,422,464,440,376,20,464,33,465,19
20260326,prepaid,RPB,3,306,394,397,379,391,410,434,434,465,440,360,15,465,21,399,10
20260225,prepaid,RPG,2,263,480,482,501,505,410,437,428,465,454,397,16,465,33,460,17
20260107,prepaid,RAM,2,35,530,587,374,379,408,427,434,465,489,414,19,465,28,368,18
20260227,prepaid,FBD,3,376,636,637,675,689,377,409,411,465,399,340,25,465,31,418,14
20260302,prepaid,RPG,6,271,323,324,719,738,410,433,439,465,413,349,17,465,28,430,20
20260207,prepaid,PRO,3,244,389,390,391,401,411,440,427,465,464,381,11,465,44,455,20
20260221,prepaid,FBD,5,366,506,510,537,554,380,411,415,466,410,357,30,466,39,463,15
20260321,prepaid,RPB,1,188,190,193,230,237,400,434,425,466,443,353,15,466,38,389,17
20260330,prepaid,NBC,0,316,529,568,327,474,358,416,391,467,410,336,38,467,28,385,17
20260120,prepaid,LFS,1,131,290,338,348,356,423,440,444,467,437,399,13,467,22,432,11
20260227,prepaid,PIP,3,170,272,273,251,259,400,435,425,468,446,387,12,468,23,417,11
20260403,prepaid,RDT,0,400,446,450,76,412,403,435,424,468,456,368,19,468,31,445,17
20260302,prepaid,NYK,0,394,464,464,465,471,409,431,435,469,432,389,19,469,3,328,2
20260120,prepaid,RDT,2,257,394,476,277,286,415,436,433,470,478,368,10,470,51,424,30
20260307,prepaid,FBD,10,408,888,896,552,576,391,425,418,470,406,347,29,470,33,500,12
20260302,prepaid,RPB,8,423,447,447,463,478,412,437,436,470,443,363,17,470,33,433,21
20260315,prepaid,RAM,4,0,265,293,159,166,393,439,409,470,472,407,34,470,46,468,20
20260318,prepaid,PRO,5,199,421,426,453,463,385,424,408,470,409,326,23,470,65,436,31
20260317,prepaid,PRO,16,230,509,528,495,514,388,417,421,471,420,319,20,471,60,457,29
20260220,prepaid,PSP,0,292,361,362,360,368,399,426,423,471,451,397,23,471,16,406,5
20260306,prepaid,RDT,5,367,418,426,629,643,410,438,429,472,415,334,20,472,27,404,9
20260403,prepaid,PSP,1,388,480,493,111,513,399,428,422,473,451,386,28,473,54,472,21
20260328,prepaid,FBD,0,324,554,566,480,502,378,412,420,473,463,332,33,473,55,413,21
20260329,prepaid,PSP,0,41,124,125,58,66,373,422,404,473,454,386,33,473,68,501,29
20260118,prepaid,PSP,1,70,121,122,89,91,385,420,408,473,434,367,22,473,40,446,19
20260202,prepaid,KAL,0,151,208,208,226,228,423,446,435,473,451,412,18,473,27,515,18
20260221,prepaid,NYK,0,326,461,461,384,388,445,472,447,474,571,471,10,474,0,33,0
20260308,prepaid,RAM,2,0,112,117,223,231,400,441,418,474,465,400,28,474,33,445,21
20260320,prepaid,FHH,8,161,465,472,548,569,401,443,424,474,486,381,28,474,49,407,20
20260117,prepaid,DLA,4,123,344,354,359,367,419,444,433,474,475,380,22,474,27,482,11
20260202,prepaid,GSB,3,302,432,433,474,488,377,419,413,475,395,334,27,475,44,414,11
20260205,prepaid,RDT,2,384,408,418,417,423,423,449,442,475,452,382,12,475,27,383,12
20260323,prepaid,RDT,2,325,385,407,378,387,391,428,425,475,418,333,25,475,32,416,12
20260227,prepaid,PSP,3,266,353,354,321,334,422,446,437,475,467,413,20,475,24,450,16
20260302,prepaid,PRO,5,282,1036,1069,482,494,400,427,427,475,434,361,23,475,33,435,12
20260322,prepaid,PRO,3,161,319,327,276,293,389,435,414,476,464,353,32,476,84,472,38
20260314,prepaid,PSP,3,300,401,409,374,392,406,436,428,476,435,380,22,476,48,431,22
20260116,prepaid,VEL,5,259,352,371,438,454,340,391,368,476,370,287,40,476,33,367,19
20260224,prepaid,FBD,2,292,407,411,447,458,402,430,428,477,472,376,22,477,38,437,18
20260329,prepaid,FBD,0,335,601,607,540,565,380,429,409,477,475,352,42,477,51,375,15
20260401,prepaid,RPB,0,237,381,384,237,295,329,418,363,478,417,344,80,478,29,410,12
20260225,prepaid,NBC,3,219,438,501,358,377,391,427,421,478,413,359,26,478,33,422,20
20260108,prepaid,PSP,2,391,512,513,458,468,397,429,424,479,483,391,26,479,22,403,12
20260315,prepaid,PRO,5,133,269,292,259,270,391,425,429,479,469,348,26,479,89,465,33
20260130,prepaid,RDT,3,452,586,596,493,504,438,461,447,479,465,400,10,479,13,294,7
20260206,prepaid,PRO,1,264,398,401,447,456,421,445,442,479,455,394,14,479,32,477,13
20260309,prepaid,PSP,8,593,720,729,690,719,401,442,418,479,431,386,32,479,27,402,13
20260328,prepaid,RAM,0,103,585,640,537,560,402,436,430,480,446,393,30,480,25,398,14
20260307,prepaid,NYK,1,425,525,525,474,478,428,455,448,480,444,411,13,480,0,162,0
20260314,prepaid,NYK,1,570,711,712,681,694,411,443,438,480,485,395,21,480,13,459,11
20260329,prepaid,NBC,0,22,152,166,55,61,379,414,412,480,451,365,36,480,41,440,17
20260301,prepaid,RPG,3,234,506,507,310,319,425,449,448,481,477,391,14,481,35,469,13
20260224,prepaid,NBC,6,203,381,420,494,519,381,426,414,481,410,340,33,481,37,393,22
20260221,prepaid,NBC,2,203,467,482,363,371,399,438,427,481,422,360,23,481,35,432,20
20260304,prepaid,DLA,3,81,554,574,451,462,396,435,427,481,548,366,26,481,106,539,37
20260122,prepaid,BFK,1,178,227,228,273,279,441,464,454,482,468,396,9,482,24,427,13
20260221,prepaid,PRO,4,242,454,568,451,467,416,445,433,482,460,384,20,482,36,417,22
20260214,prepaid,CMD,0,52,72,76,66,67,355,406,407,482,384,328,38,482,46,524,33
20260325,prepaid,RPB,3,297,386,490,378,389,432,458,448,482,485,387,15,482,49,463,20
20260114,prepaid,RAM,1,44,167,191,433,452,398,420,441,482,448,385,19,482,11,448,7
20260310,prepaid,NYK,3,359,499,499,510,517,423,444,452,482,467,402,13,482,9,404,5
20260402,prepaid,PSP,0,337,458,465,191,454,367,396,429,482,420,364,25,482,38,419,17
20260202,prepaid,PSP,1,615,853,858,683,702,412,435,442,483,423,375,17,483,24,463,14
20260215,prepaid,PRO,1,85,238,240,138,143,418,454,436,483,480,396,19,483,36,447,13
20260222,prepaid,PRV,3,714,958,961,1284,1309,427,459,439,483,460,390,20,483,39,513,21
20260211,prepaid,RDT,3,298,437,453,413,416,435,464,446,483,496,393,17,483,22,285,12
20260325,prepaid,NBC,3,256,460,489,395,418,378,422,416,484,413,342,31,484,43,370,20
20260401,prepaid,NBC,0,220,413,482,182,393,277,381,339,484,345,294,90,484,27,384,16
20260328,prepaid,PSP,2,309,386,388,394,419,395,441,422,485,438,392,32,485,46,417,26
20260220,prepaid,PRO,7,249,474,488,374,384,424,448,440,485,467,401,17,485,36,409,15
20260124,prepaid,RDT,1,264,354,364,320,327,427,450,454,485,406,321,10,485,42,445,21
20260304,prepaid,RPG,1,74,79,79,234,239,419,463,428,486,471,376,24,486,91,543,31
20260217,prepaid,FBD,1,263,449,451,365,372,409,453,436,487,451,393,32,487,38,428,8
20260124,prepaid,FHH,0,163,385,433,271,274,439,463,453,487,476,413,20,487,20,415,13
20260119,prepaid,BFK,0,363,440,441,467,471,432,455,452,488,415,369,9,488,12,404,7
20260308,prepaid,FBD,12,1107,1189,1199,1518,1556,409,450,430,488,528,395,37,488,71,564,28
20260323,prepaid,PSP,10,608,758,1889,717,751,395,429,430,489,408,359,31,489,45,422,22
20260210,prepaid,DSL,1,160,264,264,195,198,440,460,458,490,439,403,18,490,18,422,7
20260220,prepaid,RPB,6,445,646,649,525,539,441,470,455,490,533,437,16,490,22,424,6
20260215,prepaid,RDT,4,364,496,504,541,554,442,470,456,490,501,390,19,490,31,463,12
20260214,prepaid,RDT,5,329,519,535,463,474,452,469,470,491,461,361,8,491,29,453,16
20260114,prepaid,LFS,2,132,324,365,353,357,431,464,446,491,486,424,21,491,35,489,21
20260120,prepaid,GLA,0,0,1,1,10,11,349,413,397,491,422,333,48,491,34,411,24
20260202,prepaid,NBC,4,342,631,683,476,489,399,438,438,491,426,359,24,491,37,461,22
20260119,prepaid,GLA,23,880,884,884,823,900,368,445,391,491,478,366,51,491,48,442,29
20260327,prepaid,PSP,0,320,417,424,393,417,417,448,438,492,451,396,20,492,39,450,20
20260211,prepaid,PRO,5,205,426,430,368,381,434,457,451,492,443,382,18,492,27,443,10
20260207,prepaid,PSP,3,269,325,328,329,337,424,456,441,492,467,421,20,492,30,469,12
20260208,prepaid,DSL,1,224,337,337,343,347,443,478,452,493,500,424,25,493,19,517,7
20260207,prepaid,RPB,1,360,408,409,396,404,443,464,462,493,509,416,12,493,42,506,17
20260310,prepaid,NBC,10,268,569,597,558,589,406,446,431,493,438,374,36,493,27,350,11
20260215,prepaid,RPB,0,233,233,233,324,325,439,470,452,494,504,412,23,494,43,493,14
20260301,prepaid,RPB,4,271,326,326,301,311,435,466,458,495,470,392,17,495,35,470,18
20260322,prepaid,PRV,2,499,556,559,526,535,413,460,435,495,482,377,36,495,65,499,29
20260227,prepaid,RPB,11,493,600,601,576,595,457,477,470,495,487,415,10,495,29,530,13
20260223,prepaid,PRO,5,255,618,624,553,574,412,437,451,496,473,373,14,496,33,401,18
20260205,prepaid,BFK,6,1488,1806,1811,1898,1942,466,481,474,496,542,457,6,496,18,379,5
20260329,prepaid,PRO,0,130,282,284,241,274,384,431,416,496,475,370,44,496,64,460,26
20260206,prepaid,RPB,4,380,428,429,533,544,448,474,462,496,503,411,11,496,27,473,12
20260330,prepaid,PSP,0,651,767,773,707,772,389,440,425,498,430,386,42,498,37,430,13
20260121,prepaid,PSP,2,397,485,490,518,531,433,458,450,498,468,414,22,498,26,465,10
20260130,prepaid,PRO,2,315,486,500,536,549,436,464,461,498,450,369,24,498,46,751,26
20260114,prepaid,PSP,4,318,413,419,403,420,444,471,458,499,492,426,12,499,38,462,15
20260316,prepaid,RAM,5,94,1007,1166,512,529,417,442,459,499,440,385,20,499,35,439,21
20260112,prepaid,PSP,9,685,870,877,780,809,424,457,449,499,465,398,20,499,38,450,24
20260121,prepaid,GLA,1,,,,0,1,375,418,410,500,414,331,42,500,50,468,34
20260209,prepaid,NBC,4,398,662,686,577,596,425,451,457,500,423,348,24,500,35,414,22
20260328,prepaid,RPB,1,297,352,352,378,397,438,467,463,500,439,374,14,500,27,471,13
20260213,prepaid,RDT,3,305,450,462,457,474,451,478,469,501,504,382,12,501,42,555,19
20260209,prepaid,GSB,1,208,439,443,338,347,400,436,440,501,432,356,30,501,42,401,18
20260324,prepaid,LFS,2,115,327,366,331,339,425,453,457,501,437,398,23,501,36,512,16
20260114,prepaid,BFK,13,298,400,401,341,359,445,482,456,501,517,418,21,501,20,480,13
20260121,prepaid,RPG,3,414,451,454,454,464,440,470,467,501,464,393,13,501,35,448,13
20260115,prepaid,PSP,6,359,482,484,431,443,444,473,461,502,487,423,17,502,41,435,19
20260228,prepaid,RPG,0,265,539,541,358,362,436,469,456,502,497,424,19,502,31,486,19
20260317,prepaid,LFS,4,277,513,582,803,822,445,470,465,502,454,391,13,502,48,469,18
20260205,prepaid,PRO,3,269,475,489,453,464,441,471,458,502,447,391,19,502,30,491,13
20260211,prepaid,NBC,18,381,660,694,807,845,434,466,452,503,472,406,25,503,32,440,14
20260111,prepaid,PSP,0,75,142,143,99,102,436,465,455,503,498,425,23,503,47,529,20
20260225,prepaid,FBD,4,196,478,484,308,320,421,460,450,504,445,382,26,504,43,434,16
20260303,prepaid,RDT,4,302,423,436,343,354,438,471,461,504,487,408,16,504,35,556,26
20260217,prepaid,RDT,4,407,598,605,577,583,450,475,469,505,478,391,19,505,29,495,20
20260323,prepaid,PRO,5,244,415,2076,485,511,410,444,448,505,442,327,34,505,71,425,33
20260313,prepaid,PSP,5,313,397,403,414,432,442,472,457,505,500,437,22,505,40,479,21
20260210,prepaid,DLA,6,152,906,937,834,853,448,481,463,505,513,449,23,505,43,462,16
20260324,prepaid,NBC,3,216,383,414,448,467,386,427,437,506,399,323,38,506,50,439,26
20260124,prepaid,RAM,1,0,230,256,236,243,424,457,455,506,469,416,30,506,19,437,8
20260327,prepaid,PRO,1,202,463,488,348,375,398,452,434,507,460,371,36,507,48,482,22
20260125,prepaid,PSP,3,61,102,103,78,83,440,474,457,507,490,430,21,507,28,507,15
20260203,prepaid,PRO,4,246,381,389,474,487,408,437,442,507,439,358,28,507,42,474,12
20260119,prepaid,PSP,0,648,862,866,762,771,430,453,461,508,449,395,16,508,33,484,18
20260319,prepaid,RAM,3,21,393,432,457,464,446,476,470,508,508,430,19,508,27,447,15
20260127,prepaid,GSB,1,49,521,555,142,145,356,392,433,508,338,284,31,508,25,368,11
20260213,prepaid,GSB,4,764,1092,1103,903,926,433,474,455,509,513,415,28,509,76,478,17
20260330,prepaid,RAM,0,2,491,548,408,451,388,445,431,509,446,390,45,509,41,492,11
20260325,prepaid,RAM,0,45,584,655,318,324,434,462,461,509,462,411,20,509,17,433,10
20260308,prepaid,PRO,5,182,358,359,306,317,430,474,453,509,506,400,29,509,66,561,29
20260203,prepaid,KAL,0,183,202,202,240,243,436,476,453,509,481,446,21,509,22,537,14
20260331,prepaid,PRO,0,246,604,613,405,498,311,406,360,509,422,343,92,509,42,423,22
20260108,prepaid,RAM,6,0,927,1027,482,497,446,473,474,509,511,444,20,509,23,461,13
20260317,prepaid,NBC,8,318,660,688,611,643,406,447,442,510,442,353,36,510,47,435,24
20260215,prepaid,KAP,5,594,708,712,622,634,433,471,454,510,525,422,33,510,47,450,14
20260311,prepaid,HKH,8,284,576,581,632,647,458,495,470,510,508,485,16,510,14,467,11
20260402,prepaid,RDT,0,411,423,426,226,428,407,442,464,510,479,378,23,510,27,358,14
20260127,prepaid,NYK,1,503,596,596,612,620,369,413,437,510,392,271,28,510,100,341,17
20260214,prepaid,PRO,1,152,275,280,293,298,456,477,476,511,471,413,17,511,36,533,19
20260201,prepaid,PSP,0,56,99,100,67,69,441,479,457,511,492,425,25,511,24,496,12
20260110,prepaid,DLA,6,182,656,692,579,597,435,467,462,512,510,414,25,512,39,460,20
20260326,prepaid,PRO,4,229,407,549,481,521,400,445,446,512,445,355,35,512,44,433,12
20260310,prepaid,PRO,6,185,427,454,480,501,407,446,458,512,455,364,30,512,48,481,20
20260130,prepaid,VEL,3,197,291,297,321,338,402,452,434,512,417,361,32,512,36,527,21
20260129,prepaid,LFS,6,118,297,334,309,316,464,489,481,513,470,439,14,513,18,474,10
20260312,prepaid,RDT,0,298,363,375,395,402,457,486,475,514,504,395,13,514,40,422,21
20260223,prepaid,RDT,2,446,642,654,565,572,463,485,487,515,480,386,8,515,25,456,19
20260228,prepaid,PRO,2,222,460,473,378,390,446,481,465,515,472,407,20,515,46,500,21
20260226,prepaid,RPB,4,392,494,497,501,516,470,489,491,516,493,427,13,516,19,479,9
20260212,prepaid,CMD,6,52,77,79,341,364,398,441,451,516,485,346,36,516,48,405,32
20260214,prepaid,RPB,5,366,459,460,481,493,472,495,488,516,498,413,17,516,28,451,12
20260210,prepaid,RPB,2,307,413,415,380,385,439,464,480,516,502,406,16,516,40,494,19
20260313,prepaid,PRO,7,229,445,462,476,497,443,482,458,517,505,371,35,517,99,502,41
20260402,prepaid,PRO,0,205,1050,1135,320,607,324,354,442,518,372,287,34,518,59,415,27
20260216,prepaid,RPB,1,228,287,290,229,231,456,486,483,519,480,401,16,519,32,511,16
20260201,prepaid,RDT,3,268,321,328,338,346,437,473,463,519,492,393,20,519,31,410,18
20260226,prepaid,RDT,0,370,537,552,523,530,472,493,491,519,494,405,11,519,22,511,8
20260304,prepaid,LMR,2,47,465,497,131,136,418,464,451,519,842,387,30,519,227,794,75
20260327,prepaid,RPB,3,165,264,264,264,279,463,495,481,520,525,425,18,520,38,517,17
20260216,prepaid,PRV,8,556,930,931,701,722,383,431,446,520,406,330,38,520,26,413,14
20260131,prepaid,RDT,4,393,471,479,519,527,457,488,474,520,545,438,18,520,42,619,17
20260318,prepaid,RPB,2,294,399,404,346,358,460,489,484,520,482,401,15,520,48,486,19
20260129,prepaid,KAL,2,267,492,492,269,277,451,478,473,520,466,447,12,520,18,733,11
20260108,prepaid,DLA,8,142,575,596,705,726,453,475,482,520,493,408,25,520,36,458,12
20260212,prepaid,RDT,3,337,506,523,471,476,458,481,488,520,494,399,14,520,23,373,9
20260113,prepaid,LFS,4,171,397,442,427,437,480,504,486,521,515,466,17,521,31,484,14
20260203,prepaid,RDT,1,331,394,405,410,417,464,488,478,521,478,401,13,521,34,493,11
20260110,prepaid,RAM,4,0,432,486,589,609,472,492,494,521,508,446,15,521,38,508,23
20260124,prepaid,RPG,3,441,902,906,1055,1077,467,490,490,521,510,432,18,521,38,498,16
20260322,prepaid,RAM,0,0,386,437,384,391,439,486,463,521,475,406,36,521,65,686,26
20260110,prepaid,LIV,3,358,358,401,354,359,463,497,481,522,1004,450,17,522,22,481,8
20260123,prepaid,RAM,1,14,264,282,231,236,445,479,474,522,495,429,24,522,25,493,15
20260201,prepaid,NYK,2,398,492,494,488,500,412,463,446,522,450,347,32,522,213,548,18
20260228,prepaid,FBD,10,362,804,811,704,721,432,473,459,523,491,425,32,523,44,470,28
20260402,prepaid,PLN,0,2,5,5,3,10,455,455,524,524,157,37,0,524,6,6,0
20260313,prepaid,RPB,7,610,724,726,683,711,477,507,492,525,541,450,15,525,58,514,18
20260317,prepaid,RPB,5,442,506,507,511,523,459,483,489,525,508,392,15,525,50,483,19
20260305,prepaid,RDT,4,239,464,477,286,296,464,495,487,525,424,333,16,525,34,320,12
20260228,prepaid,RDT,1,295,416,428,345,364,480,500,495,526,527,426,12,526,16,446,8
20260109,prepaid,RAM,3,0,433,489,623,636,476,500,493,526,517,456,14,526,27,495,15
20260122,prepaid,PSP,2,365,444,444,445,456,459,482,480,526,502,440,17,526,29,448,13
20260316,prepaid,PRO,9,284,543,564,515,529,444,476,470,526,463,370,32,526,59,410,30
20260213,prepaid,RPB,1,422,532,532,514,523,481,498,503,526,526,425,10,526,32,459,7
20260203,prepaid,NYK,0,1,1,3,1,1,405,458,457,526,426,375,38,526,113,452,6
20260129,prepaid,NYK,4,410,510,510,472,484,424,454,468,527,483,333,20,527,116,484,15
20260107,prepaid,BFK,2,351,528,530,483,494,480,502,501,528,533,464,11,528,13,323,6
20260117,prepaid,BFK,2,324,404,405,403,410,463,491,483,528,478,428,20,528,16,437,10
20260216,prepaid,RDT,1,365,541,550,489,497,465,493,493,529,461,375,19,529,26,676,13
20260226,prepaid,FBD,6,292,698,701,552,572,426,473,463,529,484,410,28,529,31,489,13
20260202,prepaid,RDT,3,419,503,509,459,472,461,488,485,529,478,399,11,529,39,451,16
20260327,prepaid,LFS,0,106,238,263,259,269,458,497,478,530,514,448,24,530,37,532,19
20260323,prepaid,NBC,0,263,501,542,431,448,378,424,432,530,400,313,52,530,57,471,25
20260110,prepaid,BFK,1,427,567,567,483,495,483,500,497,530,525,459,8,530,19,555,9
20260225,prepaid,RPB,3,300,421,421,442,448,480,502,498,530,503,423,9,530,17,508,12
20260208,prepaid,RPB,1,301,357,357,344,347,477,513,489,531,559,452,18,531,43,525,12
20260320,prepaid,PSP,6,381,487,490,458,480,452,478,487,531,483,437,22,531,54,484,18
20260213,prepaid,PRO,4,242,382,388,383,391,475,506,493,531,530,451,16,531,38,466,23
20260327,prepaid,FBD,0,279,454,478,340,356,435,478,468,531,518,364,28,531,49,502,21
20260206,prepaid,PSP,2,301,379,381,351,360,472,501,491,533,496,459,20,533,17,490,11
20260331,prepaid,FBD,0,467,644,645,707,797,345,454,390,535,508,391,98,535,32,386,8
20260222,prepaid,RDT,3,331,457,466,419,427,484,508,502,535,543,445,15,535,38,584,22
20260319,prepaid,NBC,5,178,383,410,386,397,416,467,449,535,464,376,37,535,54,518,26
20260207,prepaid,DSL,1,160,282,282,240,245,501,519,513,535,531,467,7,535,20,483,17
20260218,prepaid,RDT,2,377,529,543,553,567,485,502,507,536,493,422,9,536,20,484,7
20260320,prepaid,PRO,7,208,444,531,430,446,456,490,484,536,508,419,30,536,51,463,28
20260224,prepaid,RDT,2,343,547,566,528,535,475,508,496,536,485,405,21,536,30,575,16
20260111,prepaid,BFK,3,323,490,490,452,463,482,509,498,536,567,460,15,536,17,554,7
20260309,prepaid,PRO,5,265,569,586,439,459,419,476,465,537,462,388,53,537,50,499,18
20260220,prepaid,FBD,3,338,532,632,577,593,433,483,466,537,464,400,36,537,26,556,9
20260216,prepaid,NBC,6,314,538,564,498,520,414,466,471,540,459,378,39,540,48,511,22
20260124,prepaid,PSP,4,348,462,466,409,423,476,498,506,541,499,438,15,541,27,486,13
20260403,prepaid,PRO,0,166,267,331,473,1024,426,473,459,542,488,403,41,542,60,455,33
20260227,prepaid,RDT,1,394,463,475,554,565,492,516,508,542,512,433,15,542,29,539,15
20260329,prepaid,RAM,0,0,235,255,258,267,450,499,474,543,510,454,41,543,35,507,16
20260122,prepaid,RPG,2,428,962,963,458,465,473,515,491,543,509,453,27,543,29,498,18
20260221,prepaid,RPB,0,439,524,524,641,647,489,516,509,544,521,437,14,544,30,514,12
20260118,prepaid,PRV,6,596,889,891,868,886,455,517,467,546,542,425,37,546,63,577,26
20260226,prepaid,RPG,1,258,427,427,469,474,492,515,516,546,527,469,14,546,27,509,13
20260405,prepaid,NYK,0,594,594,705,0,730,473,504,498,546,540,429,17,546,13,576,0
20260404,prepaid,PRO,0,174,284,430,52,416,413,476,447,547,491,406,56,547,64,482,38
20260116,prepaid,BFK,1,294,381,382,336,341,479,515,499,547,486,423,13,547,33,568,11
20260110,prepaid,PRO,5,356,553,558,738,755,461,503,489,548,524,427,28,548,37,518,19
20260402,prepaid,RAM,0,0,618,712,193,473,380,408,498,548,406,357,23,548,21,422,7
20260125,prepaid,FHH,1,81,134,136,210,219,478,520,493,548,543,473,22,548,31,489,16
20260318,prepaid,NBC,3,236,440,460,639,668,439,486,469,548,472,387,37,548,55,440,22
20260306,prepaid,FBD,2,275,472,475,421,434,456,487,492,548,472,401,32,548,23,413,12
20260122,prepaid,RAM,0,44,268,298,336,344,479,515,501,549,548,478,24,549,24,490,12
20260304,prepaid,PRV,5,405,684,686,520,531,452,502,482,550,617,436,34,550,158,661,52
20260312,prepaid,NYK,0,443,542,542,517,524,496,519,522,551,539,464,13,551,17,718,9
20260323,prepaid,LFS,0,229,495,575,420,425,446,467,509,552,448,388,21,552,42,567,24
20260228,prepaid,RPB,5,389,429,431,480,496,501,529,517,552,556,465,12,552,30,545,14
20260327,prepaid,PRV,1,326,476,478,428,448,452,495,487,553,512,421,32,553,47,608,25
20260219,prepaid,FBD,2,236,476,479,390,399,469,508,500,553,533,440,29,553,44,505,10
20260330,prepaid,PRV,0,527,728,728,577,616,420,476,470,554,475,389,45,554,39,457,23
20260302,prepaid,RDT,3,357,411,417,457,467,486,512,513,555,476,406,22,555,18,514,14
20260223,prepaid,FBD,3,420,599,635,546,561,461,500,501,556,498,432,28,556,41,464,23
20260111,prepaid,RAM,4,7,444,477,388,398,483,533,493,557,558,494,34,557,36,583,15
20260330,prepaid,PRO,0,213,509,522,363,412,398,476,446,557,439,376,72,557,38,446,22
20260301,prepaid,RDT,3,304,415,436,417,425,495,531,509,557,561,445,21,557,28,534,13
20260204,prepaid,PRO,1,258,464,476,393,401,492,508,523,557,514,428,14,557,41,487,14
20260213,prepaid,NBC,5,216,415,450,441,461,464,510,488,557,541,445,29,557,54,500,24
20260227,prepaid,RPG,8,416,671,673,542,555,499,528,517,558,516,465,13,558,32,515,12
20260129,prepaid,VEL,6,218,376,381,340,369,465,505,495,560,567,444,26,560,43,487,23
20260225,prepaid,RDT,6,339,497,506,528,543,506,532,529,561,544,452,13,561,26,511,11
20260227,prepaid,PRO,6,277,440,448,429,445,499,526,518,563,542,461,16,563,44,559,17
20260215,prepaid,FRD,7,269,1295,1306,267,278,509,553,514,563,624,501,29,563,84,588,40
20260312,prepaid,RPG,2,188,209,209,222,227,481,514,524,564,506,437,26,564,53,537,19
20260321,prepaid,PRV,1,538,573,573,617,633,472,512,507,565,522,427,30,565,63,570,36
20260110,prepaid,PSP,2,352,444,452,438,451,494,522,520,566,542,476,15,566,41,577,18
20260226,prepaid,PRO,7,260,433,442,466,478,505,531,520,566,517,447,16,566,31,455,12
20260224,prepaid,RPB,1,378,529,530,475,489,505,524,537,566,529,444,11,566,30,536,13
20260109,prepaid,BFK,2,563,631,634,719,738,517,543,533,568,552,487,13,568,27,551,10
20260315,prepaid,NYK,4,655,798,798,778,796,494,535,511,568,517,454,33,568,11,384,9
20260107,prepaid,PSP,4,418,496,497,502,516,495,529,515,569,567,487,28,569,29,374,16
20260128,prepaid,MAM,3,444,785,787,827,839,463,494,504,569,482,429,24,569,22,508,5
20260208,prepaid,RDD,0,,,,1,1,521,557,529,570,563,530,15,570,21,552,10
20260405,prepaid,PRV,0,360,360,538,0,583,493,543,507,570,547,457,29,570,57,621,0
20260330,prepaid,FBD,0,413,750,752,646,682,430,500,474,570,487,408,54,570,25,458,15
20260304,prepaid,NYK,2,367,424,424,688,696,481,535,508,571,457,376,36,571,16,571,10
20260108,prepaid,BFK,0,534,709,709,700,711,526,549,541,571,590,508,8,571,8,471,1
20260311,prepaid,FRD,0,,,,4,6,473,506,515,572,501,427,30,572,27,563,12
20260220,prepaid,RDT,2,482,549,567,597,610,529,553,545,574,537,465,7,574,29,551,9
20260107,prepaid,DLA,1,103,552,572,304,309,496,535,522,576,609,490,25,576,41,393,20
20260315,prepaid,NBC,1,7,191,193,68,72,453,519,478,576,557,441,45,576,86,663,41
20260328,prepaid,PRV,2,405,579,580,538,566,483,522,512,576,500,430,26,576,53,533,35
20260116,prepaid,PSP,1,370,476,477,488,501,492,538,516,577,558,478,27,577,45,561,22
20260219,prepaid,RDT,4,322,450,463,458,473,533,558,546,579,578,478,7,579,23,516,17
20260321,prepaid,RAM,6,0,267,294,477,498,513,549,535,579,593,489,21,579,30,367,21
20260308,prepaid,PRV,16,533,681,725,861,889,473,531,508,579,560,462,38,579,55,562,26
20260401,prepaid,RAM,0,0,336,370,134,222,362,453,426,580,467,413,109,580,20,446,15
20260310,prepaid,RPG,3,112,127,127,323,333,515,553,536,580,618,501,20,580,109,603,37
20260126,prepaid,PRO,1,47,327,330,63,66,484,525,525,580,586,445,29,580,31,430,9
20260128,prepaid,KAP,14,725,784,785,786,817,467,507,520,581,503,412,30,581,40,583,16
20260305,prepaid,DLA,14,144,565,592,766,804,485,528,522,582,462,349,31,582,63,451,36
20260131,prepaid,PSP,4,312,382,384,400,410,509,543,534,582,580,508,18,582,30,524,18
20260324,prepaid,RAM,0,0,66,71,480,496,492,531,524,583,520,467,31,583,32,542,15
20260306,prepaid,DLA,7,161,612,633,558,584,488,522,522,583,488,406,28,583,44,481,26
20260131,prepaid,NYK,2,522,624,626,602,613,462,524,506,583,575,445,29,583,135,490,21
20260117,prepaid,PSP,6,396,500,501,485,508,491,521,530,584,532,464,19,584,33,491,18
20260129,prepaid,PRO,3,342,550,572,528,544,497,523,541,586,524,438,22,586,43,522,12
20260128,prepaid,RPG,3,470,828,832,987,996,516,539,549,586,503,432,14,586,27,543,10
20260325,prepaid,PRO,8,231,533,556,418,449,488,535,525,587,504,408,32,587,67,495,35
20260331,prepaid,RAM,0,0,360,389,214,285,395,506,447,588,501,454,110,588,24,469,14
20260116,prepaid,DLA,12,143,384,402,464,484,525,544,552,588,527,465,16,588,44,622,18
20260314,prepaid,PRO,4,263,483,515,436,455,488,536,517,588,536,421,40,588,74,545,32
20260313,prepaid,NBC,10,333,651,679,565,595,486,538,521,589,607,483,38,589,51,416,30
20260316,prepaid,NBC,5,187,537,569,420,440,456,509,506,591,510,388,43,591,62,642,28
20260315,prepaid,RPB,4,406,443,443,452,460,514,560,535,592,577,486,28,592,70,587,25
20260115,prepaid,BFK,3,334,380,380,425,436,532,560,554,593,577,478,17,593,57,592,26
20260123,prepaid,PSP,4,324,393,396,385,394,527,564,545,595,587,508,22,595,51,589,17
20260221,prepaid,PRV,1,248,853,854,299,308,504,542,541,597,540,454,27,597,29,580,17
20260128,prepaid,KAL,0,0,13,13,1,1,544,588,548,598,619,573,16,598,11,371,7
20260214,prepaid,NBC,6,184,344,372,410,425,489,535,520,599,520,440,38,599,44,534,29
20260109,prepaid,LIV,3,417,417,443,411,417,556,572,576,599,1144,514,7,599,39,636,13
20260117,prepaid,GSB,1,194,728,731,334,338,463,507,520,599,463,396,39,599,31,492,20
20260301,prepaid,FBD,10,437,663,671,852,875,507,551,528,599,601,510,41,599,43,572,17
20260223,prepaid,RPB,2,445,557,557,533,542,533,563,558,601,539,458,18,601,22,531,7
20260121,prepaid,GSB,10,55,327,329,1522,1557,517,548,551,601,585,497,20,601,41,541,14
20260301,prepaid,NYK,4,417,494,495,509,517,553,583,565,602,614,571,16,602,3,178,0
20260322,prepaid,NBC,0,25,165,183,85,90,461,533,485,602,518,399,69,602,77,609,45
20260314,prepaid,RPB,8,511,570,570,608,623,541,572,561,603,610,504,17,603,95,595,37
20260327,prepaid,NYK,3,496,651,654,617,633,517,550,550,604,549,475,22,604,14,539,10
20260328,prepaid,DLA,2,108,653,680,578,607,501,544,536,604,565,463,30,604,68,538,40
20260405,prepaid,FBD,0,177,177,225,0,422,503,546,543,604,615,474,31,604,67,617,0
20260217,prepaid,PRV,7,456,578,578,820,835,506,547,538,608,578,472,35,608,40,468,19
20260309,prepaid,NYK,0,640,798,798,768,773,548,578,571,609,577,532,12,609,5,404,3
20260326,prepaid,NYK,3,586,724,724,614,630,515,547,557,610,549,468,22,610,19,744,10
20260127,prepaid,PRO,8,425,791,804,842,862,524,556,563,610,527,410,24,610,33,526,18
20260321,prepaid,NBC,4,234,366,391,519,543,486,546,520,611,605,445,40,611,62,552,34
20260321,prepaid,FHH,4,227,410,420,526,545,510,571,537,611,582,485,40,611,69,622,46
20260222,prepaid,RPB,2,323,415,416,398,403,541,580,565,614,610,499,17,614,43,580,17
20260111,prepaid,PRO,3,178,463,464,321,334,531,567,556,614,597,492,31,614,65,620,27
20260111,prepaid,DLA,4,184,705,741,585,600,535,574,556,615,634,523,32,615,36,421,24
20260320,prepaid,NBC,3,143,403,432,367,381,489,542,533,615,588,469,47,615,58,486,35
20260401,prepaid,PRO,0,252,654,673,444,586,321,460,399,615,480,392,127,615,81,498,36
20260309,prepaid,PRV,21,692,876,878,800,840,499,534,561,617,534,444,24,617,72,645,42
20260327,prepaid,DLA,3,99,598,628,585,613,508,541,549,617,554,454,35,617,53,560,32
20260218,prepaid,FBD,2,241,413,415,438,449,532,577,563,617,605,518,37,617,37,474,21
20260202,prepaid,FHH,0,107,189,199,164,165,546,570,579,617,549,503,16,617,41,551,19
20260325,prepaid,PRV,4,369,499,501,439,458,528,566,559,617,579,487,29,617,47,514,23
20260326,prepaid,PRV,5,362,456,458,435,454,524,558,562,617,559,469,28,617,30,582,17
20260115,prepaid,PRO,6,357,823,837,640,654,521,567,547,618,622,485,33,618,63,565,18
20260301,prepaid,DLA,5,153,639,665,593,616,503,555,540,618,590,476,36,618,56,619,20
20260128,prepaid,NYK,3,311,385,386,397,404,510,565,540,618,551,450,30,618,58,463,11
20260209,prepaid,RPB,6,356,456,456,411,420,539,580,564,620,559,483,29,620,40,548,15
20260221,prepaid,RDT,1,353,449,486,410,420,571,600,585,620,627,528,13,620,24,508,13
20260303,prepaid,DLA,1,70,563,578,355,366,529,575,556,620,592,492,28,620,88,617,32
20260225,prepaid,NYK,1,153,396,396,335,339,541,579,572,621,541,526,25,621,15,637,5
20260404,prepaid,NYK,0,511,647,647,61,583,528,555,571,621,589,479,21,621,17,687,9
20260124,prepaid,NYK,0,299,359,359,361,363,471,514,555,623,434,359,25,623,105,403,39
20260131,prepaid,PRO,6,323,513,522,477,491,550,595,565,623,657,520,24,623,74,659,42
20260309,prepaid,FBD,4,371,902,960,386,397,523,571,559,626,535,451,36,626,38,571,20
20260323,prepaid,RAM,1,0,582,638,212,215,530,567,577,626,562,496,25,626,61,548,20
20260213,prepaid,PRV,0,274,386,386,377,380,529,573,563,626,564,481,29,626,50,588,20
20260305,prepaid,PRO,10,366,578,601,581,597,546,580,575,627,564,457,25,627,85,382,27
20260113,prepaid,RAM,4,12,381,416,616,650,534,579,568,628,584,536,29,628,22,533,13
20260307,prepaid,PRO,8,255,432,438,468,484,541,575,579,633,544,464,25,633,74,566,29
20260309,prepaid,DLA,13,144,637,652,730,771,513,557,563,633,529,447,40,633,92,669,48
20260306,prepaid,PRO,6,306,522,586,497,513,546,587,575,634,605,490,27,634,47,485,20
20260308,prepaid,DLA,11,119,747,779,692,720,521,575,554,634,601,483,44,634,67,619,36
20260112,prepaid,RAM,1,31,494,529,385,401,531,576,574,635,570,509,28,635,35,570,16
20260214,prepaid,PRV,5,357,475,476,456,466,540,585,568,639,592,516,41,639,34,572,23
20260312,prepaid,HKH,5,325,628,631,632,649,570,612,588,640,616,598,29,640,21,652,16
20260314,prepaid,NBC,9,242,441,458,581,618,545,589,580,641,626,505,31,641,69,507,40
20260331,prepaid,KAP,0,687,712,713,670,711,413,536,461,641,546,460,129,641,34,630,16
20260304,prepaid,FBD,1,171,290,290,285,294,534,581,573,643,623,461,43,643,111,638,24
20260113,prepaid,BFK,1,300,362,363,403,407,588,612,613,644,626,541,12,644,17,564,8
20260117,prepaid,PRV,1,439,728,735,708,721,536,572,576,645,582,471,37,645,51,558,33
20260213,prepaid,KAP,2,617,682,686,657,670,527,570,572,645,540,460,28,645,38,588,14
20260320,prepaid,PRV,5,481,575,577,527,547,526,560,583,648,558,458,31,648,55,587,38
20260329,prepaid,KAP,2,519,522,522,516,548,522,582,563,648,569,459,51,648,49,618,26
20260302,prepaid,DLA,5,138,510,528,603,623,548,587,587,649,580,481,26,649,62,580,35
20260206,prepaid,RPG,3,116,135,135,124,129,559,596,600,649,555,505,20,649,16,589,9
20260325,prepaid,FBD,1,344,465,477,534,550,524,566,577,650,598,453,34,650,75,598,25
20260115,prepaid,NYK,1,879,1057,1057,981,995,491,553,562,650,772,345,46,650,456,865,46
20260329,prepaid,DLA,2,116,768,805,620,662,531,599,560,651,628,513,54,651,64,628,27
20260109,prepaid,PRO,4,280,605,611,859,870,574,613,597,651,608,506,25,651,37,673,19
20260215,prepaid,NBC,0,16,133,138,62,63,536,601,562,652,645,537,40,652,62,637,35
20260214,prepaid,GSB,37,934,1326,1327,1208,1260,550,599,587,652,623,512,32,652,84,549,42
20260211,prepaid,CMD,4,105,418,423,244,257,530,594,568,652,642,516,48,652,81,574,52
20260320,prepaid,DLA,0,182,627,654,635,644,524,579,559,653,607,490,44,653,90,643,44
20260328,prepaid,NYK,6,875,1117,1117,999,1030,557,610,586,654,640,527,33,654,18,608,16
20260316,prepaid,RPB,3,371,451,453,404,415,563,602,602,654,624,508,27,654,76,553,34
20260303,prepaid,PRV,2,491,671,672,558,569,561,607,592,654,636,528,25,654,61,654,33
20260303,prepaid,FBD,4,86,187,196,371,381,558,603,584,656,675,535,34,656,109,672,37
20260116,prepaid,PRO,9,347,666,672,618,631,546,581,584,656,560,449,30,656,53,610,23
20260313,prepaid,HKH,1,27,45,49,319,329,570,610,600,656,656,599,28,656,43,643,22
20260302,prepaid,PRV,6,653,800,805,906,932,537,577,593,656,554,465,27,656,39,617,25
20260203,prepaid,PRV,4,497,780,781,751,765,542,588,587,657,608,504,34,657,42,600,19
20260301,prepaid,PRV,4,564,827,827,703,719,552,607,578,658,655,532,40,658,32,626,14
20260401,prepaid,FBD,0,338,641,652,418,520,411,528,487,658,585,460,110,658,36,553,14
20260331,prepaid,PRV,0,312,580,581,474,514,451,589,489,659,601,507,115,659,40,593,15
20260208,prepaid,PRV,4,527,662,664,642,658,576,633,588,659,633,547,36,659,48,667,24
20260114,prepaid,PRO,4,318,703,710,566,577,567,597,603,659,612,508,30,659,43,632,24
20260202,prepaid,NYK,0,216,216,217,304,310,523,580,575,660,559,473,40,660,140,505,18
20260321,prepaid,DLA,1,138,691,710,571,582,533,582,586,660,608,486,40,660,71,628,39
20260304,prepaid,FRD,7,268,421,422,504,521,526,589,576,661,713,421,42,661,280,1064,111
20260403,prepaid,PRV,0,258,476,476,151,321,555,600,594,661,622,530,34,661,48,597,29
20260301,prepaid,KAP,4,640,731,732,679,697,573,611,602,662,619,519,27,662,44,677,21
20260323,prepaid,PRV,2,496,650,774,543,553,552,604,595,663,623,502,37,663,79,575,31
20260326,prepaid,FBD,3,397,467,518,500,520,556,602,598,663,650,487,29,663,40,586,23
20260201,prepaid,FHH,0,19,39,80,29,29,606,641,621,666,667,580,29,666,59,665,20
20260118,prepaid,PRO,8,262,498,506,578,603,563,618,590,667,672,531,43,667,82,669,33
20260307,prepaid,PRV,4,328,684,687,403,415,568,611,601,667,590,512,33,667,52,683,21
20260224,prepaid,PRV,3,419,604,606,705,718,584,614,614,667,658,567,25,667,21,467,8
20260322,prepaid,NYK,0,611,724,724,719,728,552,607,587,668,650,502,43,668,45,1093,28
20260112,prepaid,DLA,7,139,547,565,702,718,585,615,621,670,658,545,16,670,49,556,20
20260330,prepaid,DLA,2,134,629,639,733,782,512,589,566,673,597,482,66,673,69,587,37
20260114,prepaid,DLA,3,165,482,498,493,503,601,636,625,674,650,546,19,674,33,592,14
20260305,prepaid,FBD,5,205,340,349,537,553,561,603,611,674,519,436,35,674,35,479,13
20260113,prepaid,DLA,5,165,502,522,562,573,595,635,619,676,668,544,23,676,48,622,22
20260201,prepaid,PRV,3,564,717,717,632,648,593,654,607,678,686,563,45,678,77,737,28
20260315,prepaid,PRV,9,393,672,674,540,560,561,625,593,679,666,537,39,679,77,677,31
20260109,prepaid,PSP,4,339,443,448,449,465,614,643,632,679,664,589,21,679,37,616,20
20260316,prepaid,DLA,11,179,663,689,747,778,546,600,597,684,593,464,44,684,80,565,32
20260304,prepaid,GSB,3,65,1181,1187,185,189,563,624,603,687,737,522,40,687,196,747,42
20260322,prepaid,DLA,7,132,700,730,662,683,566,620,604,687,646,514,43,687,91,630,45
20260310,prepaid,FBD,10,750,1113,1119,1097,1125,569,618,613,687,651,544,37,687,72,632,27
20260302,prepaid,FBD,2,264,764,780,379,388,567,616,610,687,627,525,35,687,48,519,25
20260119,prepaid,PRO,7,357,782,795,786,804,586,613,641,688,588,491,20,688,63,608,17
20260328,prepaid,KAP,2,560,589,591,561,591,563,612,600,689,653,523,46,689,40,617,28
20260202,prepaid,PRO,2,315,527,547,582,590,565,611,617,689,556,473,30,689,30,592,13
20260323,prepaid,NYK,2,613,701,701,711,726,562,605,617,689,531,448,36,689,28,729,18
20260220,prepaid,PRV,2,341,402,402,403,409,582,634,619,690,627,538,28,690,38,689,12
20260404,prepaid,PRV,0,466,660,664,26,733,592,634,625,690,660,547,35,690,51,668,30
20260212,prepaid,PRV,6,495,601,617,614,627,588,630,624,690,634,539,34,690,54,691,22
20260330,prepaid,KAP,2,605,629,629,563,608,516,606,566,690,604,515,67,690,31,597,20
20260321,prepaid,KAP,6,539,673,674,521,542,571,620,612,690,658,507,37,690,67,734,35
20260117,prepaid,PRO,6,470,709,716,737,756,600,646,625,692,640,539,27,692,64,656,33
20260216,prepaid,KAP,5,616,623,625,712,731,576,629,620,692,652,527,37,692,39,583,18
20260324,prepaid,PRV,8,426,516,517,554,579,588,633,635,694,592,514,24,694,43,528,20
20260115,prepaid,DLA,1,102,420,442,379,392,621,656,647,694,670,567,21,694,58,631,33
20260404,prepaid,DLA,0,101,543,639,9,451,546,604,598,696,646,513,51,696,84,601,40
20260228,prepaid,DLA,5,169,632,658,592,613,598,640,625,696,644,531,31,696,42,622,19
20260129,prepaid,MAM,6,423,823,831,747,765,606,631,641,696,621,572,19,696,19,579,11
20260308,prepaid,LMR,8,139,1076,1128,470,496,555,610,600,697,976,497,36,697,62,627,29
20260310,prepaid,DLA,19,147,712,730,608,639,591,639,628,698,703,569,40,698,98,745,43
20260311,prepaid,NYK,1,346,427,428,476,486,632,668,654,699,667,602,21,699,10,522,10
20260318,prepaid,LFS,5,427,883,970,651,669,620,663,646,699,667,604,24,699,56,749,22
20260222,prepaid,DLA,7,203,853,885,672,693,582,637,611,700,631,523,35,700,49,669,25
20260112,prepaid,PRO,10,309,747,757,639,657,604,646,641,701,673,553,21,701,36,633,19
20260402,prepaid,PRV,0,408,547,548,426,676,491,527,640,703,540,450,35,703,48,554,25
20260213,prepaid,CMD,2,28,37,43,37,46,575,656,606,705,626,522,48,705,69,703,45
20260326,prepaid,DLA,6,145,659,676,569,590,573,624,621,705,589,503,46,705,62,640,37
20260228,prepaid,KAP,15,735,787,790,723,755,627,660,654,707,686,579,26,707,33,651,21
20260405,prepaid,DLA,0,132,132,829,0,700,572,644,603,708,660,534,46,708,75,655,0
20260329,prepaid,NYK,3,818,1228,1229,1020,1060,605,662,635,709,667,556,40,709,19,604,15
20260307,prepaid,DLA,15,120,724,742,536,571,607,661,632,710,684,566,37,710,50,594,36
20260218,prepaid,KAP,8,817,929,931,943,967,613,647,654,711,683,556,25,711,33,655,17
20260128,prepaid,PRO,14,413,615,626,874,900,607,653,642,712,634,528,36,712,47,577,17
20260127,prepaid,LMR,6,224,724,754,1207,1266,587,635,628,712,815,488,25,712,50,622,25
20260209,prepaid,PRV,9,670,783,784,784,805,596,627,656,713,649,550,28,713,69,658,33
20260403,prepaid,KAP,0,709,744,746,397,714,585,633,632,713,656,537,44,713,59,612,21
20260128,prepaid,PRV,11,574,810,814,957,983,605,651,645,714,649,553,36,714,28,596,15
20260227,prepaid,DLA,3,129,573,587,527,545,611,655,645,714,677,560,27,714,66,685,31
20260403,prepaid,DLA,0,147,623,733,367,711,564,626,626,714,646,540,50,714,59,637,28
20260321,prepaid,LFS,1,194,425,477,362,366,620,664,649,716,653,560,32,716,50,664,28
20260227,prepaid,KAP,7,546,560,561,586,605,645,683,667,717,685,590,23,717,29,703,19
20260129,prepaid,PRV,3,401,516,523,618,637,612,647,659,717,680,554,22,717,43,707,18
20260318,prepaid,PRV,12,355,498,509,469,489,597,647,640,717,646,545,35,717,61,629,32
20260120,prepaid,PRO,9,591,759,785,1027,1051,627,682,649,719,682,581,29,719,53,643,26
20260202,prepaid,PRV,16,689,957,959,817,844,583,624,650,721,599,515,33,721,42,632,16
20260108,prepaid,PRO,4,327,1030,1046,527,540,639,670,667,722,700,568,20,722,38,596,20
20260405,prepaid,KAP,0,551,551,625,0,574,605,665,630,722,683,573,44,722,54,686,0
20260323,prepaid,DLA,10,167,583,715,707,736,594,651,649,723,647,519,33,723,61,664,28
20260325,prepaid,FHH,5,195,283,295,295,316,632,664,671,723,656,582,23,723,39,843,20
20260320,prepaid,LFS,2,239,387,448,533,539,627,659,664,724,694,579,26,724,60,698,28
20260225,prepaid,KAP,5,669,718,720,711,732,619,669,654,726,670,572,28,726,29,650,14
20260125,prepaid,PRV,4,659,955,955,750,761,637,701,652,726,728,617,43,726,61,654,39
20260112,prepaid,BFK,2,513,618,620,651,678,668,696,688,726,695,607,15,726,12,648,7
20260113,prepaid,PRO,7,233,508,513,641,658,635,670,666,726,679,574,24,726,59,686,25
20260319,prepaid,NYK,3,810,910,910,1007,1028,632,678,655,727,666,580,23,727,19,777,14
20260126,prepaid,LMR,9,161,856,882,673,713,594,640,633,728,888,524,43,728,75,696,22
20260318,prepaid,BFK,0,16,24,24,26,28,597,643,649,728,574,510,34,728,39,868,18
20260124,prepaid,PRV,1,410,512,513,541,550,624,660,675,730,647,545,25,730,51,659,29
20260215,prepaid,GSB,3,592,1428,1435,975,996,627,683,654,730,767,602,44,730,95,682,38
20260322,prepaid,LFS,2,183,412,470,374,380,623,686,650,731,684,607,45,731,56,768,24
20260323,prepaid,FHH,2,182,371,384,290,304,643,677,682,732,704,587,29,732,58,561,35
20260224,prepaid,KAP,7,636,684,685,654,670,634,668,675,732,637,542,25,732,31,685,16
20260306,prepaid,GSB,11,562,990,999,1464,1497,593,631,662,733,603,525,31,733,30,542,11
20260129,prepaid,LMR,7,219,717,756,624,650,631,659,669,734,914,558,25,734,66,628,27
20260106,prepaid,FCY,27,9567,15970,15997,9283,9567,198,715,202,734,,,229,734,920,1015,507
20260310,prepaid,PRV,6,457,580,581,616,636,633,678,667,735,716,593,43,735,87,681,54
20260128,prepaid,LMR,9,240,670,696,787,825,621,674,656,735,945,580,27,735,61,610,34
20260327,prepaid,KAP,5,511,542,543,504,532,596,643,642,736,618,520,46,736,38,673,25
20260315,prepaid,KAP,7,825,894,900,984,1014,592,670,633,736,674,557,49,736,101,733,51
20260317,prepaid,PRV,4,376,512,514,585,597,591,633,654,736,651,530,47,736,64,632,42
20260210,prepaid,PRV,3,373,499,501,478,487,650,685,680,736,687,592,23,736,48,681,22
20260404,prepaid,FBD,0,301,544,553,15,482,606,665,657,738,636,537,33,738,46,672,29
20260303,prepaid,KAP,4,680,1020,1022,747,757,644,695,674,738,727,596,27,738,81,788,34
20260224,prepaid,DLA,4,147,675,702,654,677,631,683,664,739,674,557,33,739,65,694,28
20260223,prepaid,DLA,1,168,693,727,796,815,615,659,671,740,671,541,26,740,76,681,29
20260119,prepaid,PRV,1,681,929,935,951,973,565,620,638,741,626,514,52,741,81,657,39
20260123,prepaid,PRO,4,295,685,700,377,386,632,682,665,741,734,582,37,741,61,643,29
20260122,prepaid,GSB,3,133,433,456,458,477,649,693,680,742,717,620,32,742,48,636,24
20260317,prepaid,DLA,7,191,652,673,659,676,620,674,663,742,681,568,40,742,81,632,37
20260324,prepaid,FHH,3,143,261,279,310,321,650,689,683,743,656,581,25,743,32,448,18
20260206,prepaid,BFK,11,1176,1682,1683,1463,1494,694,729,701,744,749,656,19,744,27,612,14
20260316,prepaid,PRV,10,462,678,678,717,738,586,659,644,744,644,542,53,744,60,648,26
20260314,prepaid,DLA,6,138,617,644,555,579,618,688,650,744,690,567,47,744,96,695,46
20260402,prepaid,FBD,0,323,579,599,319,627,542,592,666,745,652,501,48,745,73,567,27
20260324,prepaid,DLA,7,149,579,611,548,566,629,681,669,745,655,560,43,745,56,647,32
20260129,prepaid,RPG,2,576,1163,1165,921,931,669,706,695,746,698,622,24,746,55,714,21
20260217,prepaid,KAP,6,627,779,780,613,634,647,690,687,746,685,580,31,746,46,668,28
20260313,prepaid,DLA,13,195,635,656,688,716,643,687,675,746,684,560,40,746,80,667,31
20260316,prepaid,NYK,6,543,670,672,660,686,646,694,687,747,724,629,30,747,17,592,13
20260126,prepaid,GSB,1,64,111,114,120,125,580,648,628,747,621,532,66,747,58,754,28
20260311,prepaid,RPG,2,152,176,177,158,162,652,705,686,747,707,610,38,747,67,651,33
20260315,prepaid,DLA,6,166,767,796,629,646,628,681,661,747,710,584,48,747,100,767,40
20260314,prepaid,PRV,5,499,661,664,654,674,616,683,657,748,703,584,47,748,65,706,43
20260201,prepaid,PRO,0,216,435,437,310,315,661,713,686,750,724,595,30,750,60,730,20
20260116,prepaid,PRV,3,366,641,644,400,414,627,682,664,753,682,559,40,753,52,745,36
20260331,prepaid,DLA,0,112,658,686,568,607,529,658,583,754,659,553,120,754,64,634,35
20260403,prepaid,NYK,0,469,540,540,365,542,615,658,681,756,663,587,32,756,27,951,13
20260403,prepaid,FBD,0,320,500,518,184,579,619,673,673,758,745,561,48,758,66,643,22
20260207,prepaid,PRV,4,531,660,665,649,670,666,702,704,758,720,616,26,758,53,736,28
20260302,prepaid,KAP,9,745,818,818,791,821,680,720,702,758,742,632,27,758,42,669,29
20260123,prepaid,PRV,4,490,629,630,693,700,639,688,679,758,697,588,34,758,57,744,27
20260314,prepaid,KAP,11,623,812,817,773,803,625,683,669,761,678,544,58,761,67,678,38
20260226,prepaid,KAP,9,594,648,648,636,655,673,706,711,761,708,616,17,761,37,742,17
20260306,prepaid,KAP,5,825,931,934,911,941,644,686,687,761,694,561,33,761,37,479,17
20260126,prepaid,PRV,6,405,411,411,622,641,628,680,678,762,682,575,46,762,37,620,12
20260319,prepaid,PRV,8,395,436,437,489,513,630,693,674,763,716,600,41,763,54,693,26
20260211,prepaid,PRV,3,338,470,498,454,464,661,713,691,764,719,619,30,764,48,662,28
20260107,prepaid,PRO,1,257,482,491,404,410,677,730,695,766,787,646,25,766,40,483,21
20260401,prepaid,KAP,0,618,734,736,581,643,433,603,528,766,622,515,163,766,46,624,22
20260106,prepaid,SDL,32,8503,9417,9468,8180,8503,120,757,120,766,,,235,766,835,892,435
20260306,prepaid,NYK,2,325,378,379,369,371,722,752,735,767,778,721,14,767,5,240,2
20260311,prepaid,DLA,6,140,715,740,677,708,643,709,680,768,730,594,50,768,85,694,38
20260204,prepaid,PRV,6,482,637,640,739,763,662,707,695,771,708,618,38,771,41,661,22
20260127,prepaid,KAP,7,1327,1423,1424,1556,1592,614,665,691,772,589,511,36,772,25,661,19
20260308,prepaid,FRD,1,,,,88,91,605,663,674,774,674,550,55,774,37,766,18
20260324,prepaid,NYK,9,409,553,555,480,496,657,705,696,775,717,597,35,775,13,597,6
20260125,prepaid,LMR,4,80,837,882,277,287,646,711,678,776,869,615,39,776,98,747,45
20260118,prepaid,NYK,2,443,982,983,998,1021,580,659,660,777,624,410,63,777,249,1102,40
20260224,prepaid,NYK,0,126,313,313,190,190,711,751,728,777,759,701,20,777,7,406,3
20260130,prepaid,LMR,3,250,792,824,722,763,672,726,705,778,948,597,24,778,51,764,26
20260325,prepaid,DLA,5,107,553,577,522,538,638,699,684,779,704,593,36,779,69,711,32
20260317,prepaid,NYK,1,600,669,669,712,727,682,728,713,782,755,635,30,782,14,633,11
20260312,prepaid,PRV,9,528,709,714,711,738,670,733,702,784,713,612,46,784,86,730,37
20260125,prepaid,PRO,6,208,458,460,375,388,688,741,715,784,741,640,36,784,66,748,35
20260312,prepaid,DLA,3,159,677,703,706,731,658,710,702,785,729,594,38,785,68,676,35
20260401,prepaid,PRV,0,404,674,674,550,672,516,654,595,788,637,559,136,788,44,638,18
20260218,prepaid,LMR,7,283,692,720,781,803,673,725,705,788,987,636,39,788,73,731,50
20260221,prepaid,DLA,7,208,698,713,636,662,660,707,719,789,752,619,30,789,55,720,31
20260108,prepaid,LIV,0,420,421,440,417,420,727,754,750,790,1536,692,14,790,26,748,12
20260226,prepaid,DLA,4,220,635,664,633,652,674,718,718,791,694,603,29,791,52,679,20
20260115,prepaid,GSB,4,276,332,334,433,441,667,731,704,792,742,601,50,792,76,701,25
20260219,prepaid,KAP,6,915,985,987,1012,1028,710,744,736,792,740,626,33,792,56,709,28
20260204,prepaid,RPG,0,279,291,291,637,643,685,730,735,792,763,644,37,792,86,746,30
20260116,prepaid,GSB,1,205,346,346,264,267,631,703,697,793,672,556,48,793,43,689,15
20260120,prepaid,LMR,10,203,659,687,697,741,654,707,693,794,988,567,40,794,71,790,34
20260205,prepaid,PRV,5,489,664,665,632,646,676,715,721,794,723,629,34,794,62,746,32
20260319,prepaid,DLA,5,115,576,601,624,638,656,714,706,795,695,600,39,795,59,731,33
20260313,prepaid,PRV,5,349,523,527,506,527,670,717,718,796,736,614,39,796,60,704,35
20260316,prepaid,LFS,3,385,947,1049,791,806,728,757,755,796,780,686,17,796,34,493,16
20260108,prepaid,GSB,3,423,1253,1256,1033,1048,677,716,735,796,794,646,29,796,43,726,14
20260115,prepaid,PRV,5,578,633,634,664,679,660,710,714,796,737,601,34,796,65,726,32
20260318,prepaid,NYK,6,879,1098,1098,925,947,699,745,738,798,734,641,25,798,20,791,13
20260310,prepaid,FRD,0,,,,3,4,680,729,726,799,722,627,38,799,24,590,9
20260318,prepaid,DLA,4,131,655,678,574,593,673,738,711,799,772,633,37,799,94,729,41
20260311,prepaid,PRV,7,607,819,822,713,732,687,742,723,799,779,641,44,799,77,783,38
20260219,prepaid,PRV,4,332,400,401,443,454,696,735,737,800,751,641,25,800,48,704,29
20260303,prepaid,LMR,8,225,734,765,655,686,641,717,682,800,1064,599,51,800,90,823,56
20260120,prepaid,PRV,4,434,655,659,669,682,685,728,731,801,753,625,34,801,66,677,36
20260307,prepaid,GSB,10,534,1143,1149,935,963,686,730,720,802,749,651,30,802,40,698,19
20260123,prepaid,KAP,7,909,996,1000,977,1006,684,747,720,802,819,666,33,802,75,762,27
20260307,prepaid,LMR,10,270,933,978,719,758,639,705,703,804,1107,573,44,804,56,634,30
20260127,prepaid,PRV,5,689,1098,1103,741,754,652,706,720,808,684,586,38,808,27,549,12
20260324,prepaid,FBD,4,265,403,407,323,336,650,707,721,808,662,506,46,808,69,744,32
20260206,prepaid,PRV,2,450,592,594,605,625,703,752,741,810,766,670,32,810,60,783,39
20260219,prepaid,DLA,3,178,640,664,713,731,676,722,729,810,738,606,37,810,66,787,39
20260311,prepaid,FBD,10,597,916,925,1053,1089,705,753,739,810,887,653,35,810,101,671,31
20260309,prepaid,LMR,24,328,914,960,1393,1460,661,729,704,811,1049,614,46,811,94,734,44
20260304,prepaid,BFK,7,1031,1632,1633,1530,1570,716,770,743,812,1231,670,33,812,381,1336,55
20260310,prepaid,LMR,15,313,918,961,859,899,656,723,706,813,1103,615,37,813,102,801,57
20260205,prepaid,RPG,0,103,116,117,114,115,714,758,753,813,727,646,23,813,43,715,10
20260122,prepaid,LMR,7,208,628,656,652,688,676,728,714,814,970,606,40,814,56,687,31
20260402,prepaid,KAP,0,621,626,628,591,737,552,596,736,814,612,501,43,814,67,650,29
20260215,prepaid,DLA,8,188,902,944,798,821,690,754,720,815,812,635,44,815,77,763,23
20260228,prepaid,PRV,2,415,586,589,466,473,704,752,742,818,745,660,30,818,40,758,26
20260208,prepaid,LMR,8,226,1808,1860,640,662,695,756,741,819,993,655,29,819,94,836,47
20260323,prepaid,KAP,5,842,895,1090,893,923,677,740,740,823,706,585,44,823,57,689,29
20260201,prepaid,MAM,3,470,1153,1157,946,968,724,781,741,823,807,714,33,823,32,808,17
20260402,prepaid,DLA,0,136,604,622,421,528,580,634,724,824,617,532,45,824,69,684,35
20260130,prepaid,MAM,4,423,705,708,824,838,735,767,762,825,781,717,13,825,24,819,5
20260118,prepaid,KAP,5,701,744,746,710,732,672,746,715,826,772,605,47,826,66,839,29
20260311,prepaid,GSB,16,887,1740,1746,1824,1871,696,744,751,828,742,639,48,828,72,726,25
20260107,prepaid,LIV,0,318,318,329,328,329,771,799,795,832,1729,757,18,832,37,621,10
20260201,prepaid,KAP,6,742,793,795,809,837,716,784,746,832,801,670,45,832,62,851,28
20260307,prepaid,FRD,5,440,550,551,796,819,699,750,752,834,748,625,42,834,30,557,16
20260404,prepaid,KAP,0,566,589,590,25,601,696,754,750,834,773,657,43,834,51,762,34
20260210,prepaid,KAP,2,713,788,795,756,778,717,764,756,834,754,632,34,834,41,749,23
20260121,prepaid,LMR,8,210,674,703,669,712,704,751,740,834,1006,644,32,834,56,761,33
20260131,prepaid,PRV,7,381,466,468,538,550,726,779,761,834,797,687,30,834,50,813,31
20260309,prepaid,FRD,0,,,,20,21,700,750,751,835,737,625,44,835,43,691,19
20260217,prepaid,LMR,5,239,717,744,721,752,698,751,754,836,998,613,28,836,51,771,26
20260219,prepaid,LMR,2,235,689,726,623,644,696,754,739,836,1028,625,40,836,75,745,32
20260121,prepaid,PRO,7,714,947,963,867,882,721,778,762,837,785,674,34,837,79,809,33
20260111,prepaid,NYK,6,812,1012,1012,924,945,638,746,704,837,952,508,74,837,412,935,46
20260109,prepaid,NYK,3,621,822,822,793,808,618,703,719,839,677,468,72,839,273,760,24
20260227,prepaid,PRV,7,456,514,514,568,586,722,769,771,839,766,652,37,839,33,810,17
20260214,prepaid,DLA,3,134,819,848,696,712,707,761,759,839,797,665,34,839,66,791,37
20260212,prepaid,KAP,3,145,197,198,170,177,713,765,759,841,769,656,35,841,61,843,25
20260124,prepaid,PRO,5,462,661,674,859,883,731,767,788,842,752,636,33,842,63,756,37
20260212,prepaid,MAM,1,1478,2412,2428,2229,2251,749,794,780,844,830,720,21,844,89,892,11
20260225,prepaid,DLA,6,142,575,596,639,670,732,787,768,845,812,682,41,845,74,834,26
20260201,prepaid,LMR,2,122,979,1026,443,460,702,772,746,845,999,647,40,845,58,801,28
20260130,prepaid,TEE,13,672,1343,1343,1385,1408,714,765,756,846,800,660,35,846,48,788,28
20260220,prepaid,DLA,4,149,603,630,600,610,715,774,758,846,765,659,41,846,63,792,30
20260114,prepaid,PRV,21,411,449,449,457,492,690,753,744,847,757,641,49,847,51,754,22
20260118,prepaid,LMR,7,107,838,874,365,381,677,754,711,848,1100,626,58,848,76,902,38
20260125,prepaid,RPG,1,516,863,866,978,984,748,820,767,848,853,744,45,848,66,777,43
20260106,prepaid,SRS,13,3422,8432,8860,3326,3422,89,832,93,849,,,337,849,860,908,364
20260203,prepaid,LMR,7,245,615,638,843,875,705,762,749,849,1053,644,36,849,80,783,30
20260224,prepaid,LMR,12,325,912,947,886,927,723,770,774,849,1156,640,29,849,67,806,27
20260221,prepaid,LMR,13,288,938,974,801,837,694,752,748,849,1060,625,36,849,77,790,32
20260225,prepaid,PRV,11,575,805,811,737,759,755,805,781,850,852,721,36,850,39,767,18
20260306,prepaid,PRV,13,392,478,556,847,877,712,766,768,850,727,622,35,850,57,623,24
20260123,prepaid,NYK,0,279,343,343,351,359,632,707,730,851,563,419,56,851,225,718,32
20260319,prepaid,LFS,5,256,570,657,689,702,741,806,768,851,837,749,38,851,41,798,22
20260222,prepaid,LMR,7,149,1229,1280,473,486,706,775,743,854,1111,659,52,854,77,795,40
20260211,prepaid,KAP,1,434,468,472,498,509,753,796,781,856,811,682,38,856,58,897,21
20260123,prepaid,LMR,7,193,608,635,587,618,707,765,751,856,968,663,43,856,90,812,42
20260127,prepaid,RPG,1,403,931,934,747,750,748,786,806,857,724,630,27,857,38,771,24
20260206,prepaid,LMR,7,185,820,857,643,676,735,801,768,859,1018,672,29,859,73,904,32
20260401,prepaid,DLA,0,136,622,645,609,684,559,706,659,859,716,606,129,859,74,724,39
20260124,prepaid,LMR,6,190,652,685,598,628,726,780,765,859,977,660,45,859,68,796,36
20260123,prepaid,GSB,5,102,255,270,384,393,731,801,767,862,874,726,44,862,78,802,20
20260301,prepaid,GSB,9,458,982,985,640,660,708,778,756,863,816,701,57,863,71,821,29
20260304,prepaid,TEE,4,571,1362,1362,1138,1154,738,801,779,866,874,645,48,866,259,1275,45
20260227,prepaid,GSB,8,367,772,779,686,701,722,777,780,869,784,674,38,869,42,767,18
20260127,prepaid,MAM,0,658,1066,1072,1225,1242,728,765,792,870,701,646,32,870,20,783,5
20260114,prepaid,KAP,6,607,844,847,585,608,751,801,792,870,852,673,38,870,70,914,43
20260223,prepaid,LMR,18,324,823,857,1568,1640,714,773,781,871,1168,651,39,871,63,774,30
20260111,prepaid,KAP,4,713,767,771,792,813,733,796,771,874,841,661,54,874,82,865,32
20260122,prepaid,PRO,2,325,487,494,544,555,751,802,803,875,822,705,30,875,51,771,32
20260203,prepaid,KAP,6,872,977,981,938,965,758,812,792,876,822,708,29,876,42,834,23
20260325,prepaid,NYK,4,468,512,514,599,612,750,807,799,876,752,669,35,876,10,674,7
20260220,prepaid,KAP,8,916,949,953,951,972,773,819,805,877,864,712,31,877,51,747,22
20260306,prepaid,FRD,5,456,819,824,814,831,709,777,782,878,652,552,57,878,49,704,35
20260322,prepaid,KAP,7,795,874,875,901,927,731,806,772,879,848,680,56,879,88,864,35
20260324,prepaid,KAP,15,720,822,823,737,773,724,792,782,879,808,664,49,879,64,772,31
20260131,prepaid,LMR,5,278,926,972,779,820,749,818,782,879,1052,709,37,879,45,841,27
20260108,prepaid,NYK,3,616,803,803,770,785,652,753,739,884,787,510,79,884,228,802,22
20260320,prepaid,NYK,3,492,607,608,580,592,780,827,814,886,904,753,33,886,11,647,9
20260223,prepaid,KAP,3,640,674,677,664,676,756,804,813,886,769,647,29,886,44,808,24
20260202,prepaid,LMR,13,330,955,1022,1369,1427,745,801,793,886,1052,663,38,886,60,790,27
20260216,prepaid,DLA,9,186,758,791,926,955,732,794,792,887,753,620,40,887,58,754,18
20260129,prepaid,TEE,4,450,1161,1161,834,849,747,801,799,888,810,706,33,888,33,835,14
20260121,prepaid,PRV,1,476,667,671,687,697,743,808,796,888,814,689,48,888,52,803,21
20260120,prepaid,KAP,9,792,844,845,856,875,740,792,796,891,801,666,40,891,59,882,21
20260202,prepaid,MAM,2,658,1308,1314,1317,1339,778,814,822,891,803,725,27,891,20,783,9
20260131,prepaid,KAP,6,794,889,893,828,852,768,808,818,892,817,679,33,892,50,827,29
20260130,prepaid,PRV,4,513,681,682,618,627,795,839,835,895,813,720,26,895,55,995,28
20260128,prepaid,TEE,11,460,887,887,787,807,743,789,806,896,741,667,39,896,41,742,23
20260313,prepaid,KAP,19,933,1115,1122,938,978,751,816,797,897,825,678,46,897,103,869,36
20260312,prepaid,LMR,12,290,857,895,888,928,769,823,816,899,1257,716,39,899,110,810,53
20260324,prepaid,LMR,0,314,887,935,960,1024,726,796,786,900,1294,628,44,900,64,792,29
20260326,prepaid,KAP,3,527,548,550,625,645,765,820,809,900,823,693,41,900,39,794,19
20260305,prepaid,PRV,7,423,638,650,542,554,769,825,815,900,777,645,41,900,68,691,20
20260215,prepaid,LMR,9,93,913,952,338,358,743,827,781,902,1067,709,64,902,113,913,56
20260131,prepaid,MAM,0,413,923,927,696,707,822,852,848,904,866,791,17,904,41,932,15
20260315,prepaid,FBD,18,817,1854,1859,1269,1305,734,810,788,905,928,667,74,905,80,903,39
20260119,prepaid,LMR,15,250,752,775,1123,1196,723,785,791,905,1073,609,46,905,75,791,36
20260207,prepaid,LMR,9,402,1340,1388,984,1018,767,828,812,910,1076,690,38,910,69,840,32
20260316,prepaid,KAP,5,730,852,859,781,798,761,828,821,911,888,715,44,911,98,814,39
20260122,prepaid,KAP,9,860,957,958,903,930,791,832,833,911,824,718,31,911,55,841,29
20260218,prepaid,PRV,2,310,431,431,425,434,800,842,842,913,851,747,35,913,43,811,24
20260320,prepaid,KAP,3,804,807,810,863,885,791,836,836,913,833,697,36,913,81,874,54
20260303,prepaid,GSB,4,327,687,691,638,651,779,843,817,913,887,747,48,913,123,945,56
20260211,prepaid,MAM,1,702,1470,1478,1124,1139,809,851,852,915,865,786,25,915,37,915,24
20260306,prepaid,LMR,7,182,678,717,771,810,735,810,798,916,1199,642,52,916,95,789,42
20260130,prepaid,RPG,5,398,1211,1217,916,936,817,867,858,916,897,801,31,916,64,937,20
20260205,prepaid,LMR,13,255,724,751,889,938,794,841,839,918,1109,714,28,918,57,852,28
20260217,prepaid,DLA,9,178,786,808,728,751,776,836,823,918,844,701,39,918,90,831,30
20260113,prepaid,KAP,18,1076,1186,1188,1253,1291,769,824,830,918,865,708,47,918,63,823,31
20260131,prepaid,RPG,5,416,707,707,1269,1283,803,862,846,919,904,775,38,919,59,809,22
20260223,prepaid,MAX,6,856,1241,1332,1133,1165,793,836,844,919,838,746,25,919,46,856,15
20260313,prepaid,FBD,4,433,524,530,691,718,785,850,823,921,982,729,59,921,116,932,30
20260316,prepaid,FBD,25,341,961,979,1427,1476,729,807,802,923,817,591,63,923,78,767,27
20260217,prepaid,FRD,19,372,658,662,681,716,834,876,872,925,892,708,32,925,283,1059,192
20260122,prepaid,PRV,11,354,563,564,529,544,790,842,841,925,884,738,37,925,63,854,27
20260201,prepaid,RPG,2,363,675,677,647,653,805,863,845,926,902,734,42,926,134,964,36
20260220,prepaid,LMR,5,241,823,870,693,718,771,840,810,928,1054,676,44,928,66,842,30
20260311,prepaid,LMR,8,288,906,948,877,939,779,850,827,929,1214,741,37,929,102,854,56
20260208,prepaid,KAP,6,683,797,802,772,796,782,849,829,930,895,739,52,930,66,915,27
20260203,prepaid,RPG,2,435,709,713,710,715,820,868,865,930,883,788,32,930,47,873,24
20260121,prepaid,KAP,5,715,785,788,748,767,797,845,840,932,843,716,46,932,45,828,23
20260114,prepaid,GSB,3,206,308,308,349,356,798,854,859,932,907,743,44,932,104,908,51
20260204,prepaid,KAP,10,832,929,932,919,938,787,847,832,934,876,739,38,934,55,811,27
20260111,prepaid,PRV,1,541,766,770,703,722,781,879,807,935,993,777,63,935,113,1035,66
20260109,prepaid,GSB,5,169,667,671,926,941,821,887,850,938,920,787,43,938,95,933,27
20260125,prepaid,GSB,1,161,262,266,441,446,801,872,838,938,877,749,52,938,74,828,34
20260131,prepaid,TEE,9,669,1157,1160,1316,1348,794,857,840,939,845,726,50,939,50,907,27
20260221,prepaid,MAX,4,635,911,964,822,840,823,870,853,939,872,788,33,939,39,876,20
20260302,prepaid,LMR,20,269,767,816,1166,1229,795,866,834,940,1264,736,32,940,63,891,28
20260212,prepaid,DLA,8,183,816,845,725,745,795,870,843,941,862,737,49,941,101,903,36
20260226,prepaid,PRV,3,409,539,542,626,640,832,885,867,941,897,774,34,941,46,966,22
20260110,prepaid,NYK,0,825,958,959,1016,1026,740,828,825,943,969,640,53,943,282,846,79
20260311,prepaid,KAP,5,789,846,859,828,852,792,856,842,944,853,722,48,944,68,884,32
20260405,prepaid,PRO,0,59,59,197,0,181,750,864,789,945,1061,802,68,945,70,570,0
20260222,prepaid,KAP,1,605,647,648,631,650,806,871,857,948,923,743,40,948,70,977,32
20260222,prepaid,MAX,2,680,979,1047,933,954,807,869,851,948,928,803,43,948,61,878,25
20260216,prepaid,LMR,17,259,761,801,1269,1321,785,846,845,949,1046,693,46,949,83,848,43
20260322,prepaid,LMR,3,142,1090,1145,398,426,766,845,824,950,1225,659,57,950,101,943,48
20260313,prepaid,GSB,13,590,880,894,1458,1502,801,867,858,950,919,765,42,950,116,841,42
20260130,prepaid,KAP,7,711,768,769,764,784,820,877,866,953,923,772,42,953,41,985,19
20260116,prepaid,KAP,11,747,849,853,978,1017,801,872,852,953,795,647,50,953,59,843,28
20260220,prepaid,MAX,2,631,832,865,773,789,816,870,862,954,873,771,34,954,61,939,35
20260112,prepaid,KAP,9,819,1023,1026,835,861,804,871,858,955,897,740,42,955,64,846,36
20260207,prepaid,KAP,2,828,937,938,941,966,818,882,853,956,885,760,52,956,55,1057,30
20260204,prepaid,LMR,4,253,931,978,633,654,824,883,857,957,1062,756,36,957,48,823,18
20260312,prepaid,KAP,11,404,451,456,440,461,808,872,858,958,907,753,51,958,78,890,43
20260110,prepaid,KAP,6,711,811,814,791,814,823,877,874,959,957,770,48,959,74,884,37
20260312,prepaid,FBD,5,492,751,761,883,905,832,892,876,959,859,689,36,959,68,680,26
20260312,prepaid,GSB,19,1039,2039,2057,1906,1964,817,880,863,960,882,772,54,960,89,859,37
20260209,prepaid,KAP,7,580,646,651,674,694,818,873,871,961,872,725,46,961,54,881,30
20260211,prepaid,DLA,4,168,794,821,903,924,853,923,881,961,1019,865,33,961,115,925,35
20260228,prepaid,LMR,7,334,904,949,866,896,835,895,874,961,1253,753,34,961,59,910,24
20260125,prepaid,KAP,8,635,674,675,658,675,803,893,841,962,935,778,63,962,65,949,29
20260111,prepaid,GSB,4,285,668,671,1162,1180,824,902,870,964,978,816,49,964,104,1001,33
20260113,prepaid,PRV,7,429,574,574,636,659,790,848,856,965,853,705,47,965,58,805,37
20260315,prepaid,LMR,8,150,1300,1351,487,516,803,871,866,967,1242,737,51,967,123,940,54
20260209,prepaid,LMR,26,353,919,953,2147,2250,820,889,867,967,1127,738,49,967,94,894,40
20260325,prepaid,KAP,10,558,643,648,600,627,840,898,884,967,903,766,33,967,50,883,23
20260301,prepaid,LMR,21,136,898,946,407,440,832,900,870,968,1240,745,39,968,70,947,41
20260107,prepaid,NYK,0,619,788,788,762,773,750,857,822,968,901,621,80,968,191,713,25
20260302,prepaid,GSB,10,495,852,861,969,995,809,869,876,969,883,754,49,969,42,871,25
20260319,prepaid,KAP,8,606,687,690,622,651,834,893,882,971,923,761,44,971,60,907,32
20260328,prepaid,LMR,0,306,1047,1083,834,918,761,842,821,972,1311,688,59,972,114,920,54
20260318,prepaid,KAP,8,747,786,787,781,807,838,897,886,977,874,737,46,977,48,898,25
20260224,prepaid,MAX,4,697,1011,1085,1040,1070,862,907,889,980,927,820,33,980,30,841,8
20260224,prepaid,FRD,16,910,2133,2148,1518,1585,798,884,859,981,865,668,63,981,160,827,81
20260216,prepaid,GSB,8,412,641,651,1225,1253,842,909,896,982,893,754,39,982,59,815,25
20260310,prepaid,KAP,15,800,863,865,832,864,799,872,868,983,874,736,43,983,72,945,34
20260109,prepaid,KAP,13,780,884,887,855,894,832,898,881,983,936,781,39,983,64,914,25
20260213,prepaid,DLA,9,164,740,775,832,855,852,909,897,984,924,800,44,984,81,851,31
20260301,prepaid,BFK,5,930,1388,1389,1123,1146,856,912,885,985,936,797,34,985,49,956,21
20260119,prepaid,NYK,7,890,1050,1050,1402,1429,710,834,819,987,890,586,95,987,370,1042,61
20260323,prepaid,FBD,4,233,330,339,289,302,788,859,890,992,847,649,55,992,98,901,36
20260219,prepaid,MAX,0,650,811,868,839,858,860,916,900,993,964,831,38,993,60,890,29
20260323,prepaid,LMR,1,388,1006,1043,1415,1533,797,876,869,995,1297,693,56,995,77,857,39
20260220,prepaid,GSB,4,902,1152,1156,1213,1239,829,903,888,996,928,794,52,996,45,830,18
20260202,prepaid,KAP,7,932,1026,1028,951,983,855,901,919,996,894,768,34,996,56,853,23
20260117,prepaid,LMR,9,215,771,801,724,758,825,892,873,997,1237,707,49,997,61,878,39
20260225,prepaid,LMR,6,283,897,929,811,848,881,944,910,998,1358,800,33,998,93,841,35
20260330,prepaid,NYK,0,737,1034,1039,1102,1151,831,918,896,1000,985,812,64,1000,18,701,11
20260305,prepaid,KAP,10,1353,1468,1469,1631,1682,853,925,903,1002,790,667,53,1002,122,720,38
20260126,prepaid,MAM,0,0,284,284,13,13,829,893,888,1002,885,777,49,1002,30,768,14
20260325,prepaid,LMR,0,289,823,858,830,887,817,903,862,1004,1406,749,61,1004,86,775,41
20260316,prepaid,LMR,23,490,1172,1223,1798,1869,822,907,887,1006,1350,759,48,1006,148,888,71
20260313,prepaid,LMR,15,296,880,919,829,876,854,936,895,1008,1358,788,57,1008,129,1006,54
20260402,prepaid,NYK,0,321,394,395,509,537,748,809,908,1008,743,675,39,1008,29,1146,24
20260218,prepaid,GSB,5,779,1007,1016,1328,1357,853,913,917,1010,939,797,41,1010,59,857,25
20260321,prepaid,LMR,4,291,895,930,764,794,831,922,879,1011,1333,761,59,1011,93,991,51
20260228,prepaid,GSB,11,834,1031,1032,1197,1235,870,937,915,1012,912,824,46,1012,38,981,24
20260206,prepaid,KAP,8,736,868,869,808,833,880,924,922,1012,960,820,34,1012,55,967,32
20260124,prepaid,KAP,5,704,744,748,770,791,874,924,931,1012,907,766,33,1012,66,861,34
20260227,prepaid,LMR,7,285,818,851,780,812,899,954,934,1013,1304,782,29,1013,75,1032,46
20260301,prepaid,TEE,3,603,1092,1093,1140,1159,886,936,930,1018,995,853,37,1018,49,900,15
20260228,prepaid,BFK,8,1179,1398,1400,1521,1554,894,945,930,1021,965,826,28,1021,38,1062,15
20260308,prepaid,GSB,2,292,414,414,312,316,888,959,923,1022,1035,871,50,1022,117,1195,50
20260226,prepaid,GSB,7,675,998,1002,937,965,871,928,926,1023,938,825,46,1023,45,885,21
20260225,prepaid,MAX,4,749,989,1094,1049,1069,904,953,933,1026,955,871,35,1026,41,937,21
20260331,prepaid,GSB,0,928,1311,1321,1006,1152,675,873,765,1026,876,753,186,1026,67,989,25
20260210,prepaid,MAM,2,433,869,874,846,863,903,954,951,1028,937,862,31,1028,29,1001,23
20260108,prepaid,KAP,7,801,915,920,857,891,880,947,934,1029,1002,811,38,1029,62,867,24
20260215,prepaid,MAX,12,915,1114,1192,1079,1111,882,945,926,1031,974,856,42,1031,72,896,27
20260226,prepaid,LMR,12,275,806,853,867,906,906,960,958,1031,1407,817,23,1031,69,911,32
20260113,prepaid,GSB,4,365,533,537,874,889,886,959,945,1035,927,796,45,1035,87,889,33
20260111,prepaid,LMR,10,148,1263,1322,477,505,843,936,890,1035,1532,780,59,1035,91,968,43
20260205,prepaid,KAP,2,753,857,858,824,845,888,950,938,1037,947,821,47,1037,43,843,19
20260216,prepaid,FRD,60,1235,1357,1374,2238,2370,942,998,978,1040,1055,903,28,1040,141,967,48
20260224,prepaid,TEE,4,605,1060,1061,1113,1134,885,938,947,1041,942,845,43,1041,54,1013,22
20260107,prepaid,KAP,5,788,878,882,851,873,910,975,943,1041,1070,861,36,1041,111,706,39
20260303,prepaid,TEE,3,564,1139,1139,1056,1072,900,968,934,1045,1096,878,53,1045,134,1149,43
20260322,prepaid,FBD,2,222,279,281,653,665,856,936,924,1047,932,713,78,1047,146,1311,64
20260308,prepaid,KAP,7,833,839,843,915,942,879,960,930,1048,1048,835,60,1048,75,1272,34
20260107,prepaid,PRV,33,401,638,639,1565,1649,916,991,953,1049,1111,916,43,1049,61,717,22
20260305,prepaid,LMR,7,215,709,737,924,962,875,952,933,1050,1129,640,58,1050,136,799,49
20260110,prepaid,LMR,13,372,1153,1207,1010,1058,882,957,923,1051,1616,800,47,1051,76,993,34
20260218,prepaid,DLA,5,165,717,747,757,773,891,966,950,1053,962,829,57,1053,72,912,32
20260201,prepaid,MAX,31,1717,2631,2936,2649,2722,927,987,957,1053,1010,898,31,1053,83,1128,37
20260115,prepaid,LMR,10,208,789,834,698,747,863,941,920,1053,1412,749,47,1053,96,914,45
20260119,prepaid,KAP,6,760,843,845,783,803,885,958,938,1057,949,798,53,1057,77,922,37
20260221,prepaid,KAP,4,636,695,697,645,661,939,998,972,1058,1015,867,42,1058,64,1021,40
20260219,prepaid,FRD,12,456,704,714,1275,1321,942,993,984,1058,1068,860,39,1058,268,1174,204
20260227,prepaid,MAX,8,1790,2280,2588,1972,1997,950,1002,984,1061,1010,925,21,1061,46,1028,17
20260217,prepaid,GSB,1,304,887,896,525,540,921,993,964,1062,983,863,47,1062,84,983,42
20260225,prepaid,GSB,2,654,956,963,737,750,911,963,966,1064,923,817,37,1064,54,1018,25
20260127,prepaid,TEE,7,362,710,710,794,808,875,930,967,1065,885,757,40,1065,48,521,26
20260131,prepaid,MAX,24,1585,2701,3037,1816,1870,925,974,969,1065,960,869,35,1065,59,1022,27
20260110,prepaid,PRV,5,451,634,636,650,666,887,957,949,1065,952,822,45,1065,97,1157,62
20260203,prepaid,MAM,3,936,1411,1416,1549,1578,953,1001,985,1065,1007,926,22,1065,23,961,9
20260228,prepaid,TEE,2,525,1085,1085,923,937,917,979,969,1068,968,872,48,1068,31,967,21
20260117,prepaid,KAP,9,752,783,784,834,867,919,983,970,1069,1015,852,47,1069,77,996,43
20260302,prepaid,TEE,6,593,1106,1107,1066,1085,919,976,973,1069,940,832,45,1069,44,938,22
20260314,prepaid,FBD,13,925,1581,1592,984,1014,891,981,940,1070,1009,792,57,1070,106,839,54
20260122,prepaid,NYK,4,475,555,555,574,583,798,906,914,1071,836,549,83,1071,261,873,34
20260214,prepaid,LMR,9,266,840,879,703,732,910,977,967,1072,1177,805,33,1072,86,994,42
20260112,prepaid,GSB,2,308,871,876,660,676,913,972,987,1072,984,816,39,1072,140,1016,31
20260219,prepaid,BFK,6,919,1111,1112,1166,1191,970,1017,1001,1072,1035,914,29,1072,31,927,11
20260219,prepaid,GSB,5,822,1165,1169,1032,1051,929,1000,981,1074,993,853,49,1074,57,1062,35
20260220,prepaid,BFK,6,1146,1312,1312,1309,1339,976,1015,1018,1075,1074,899,17,1075,45,1029,20
20260405,prepaid,GSB,0,734,734,1375,0,1617,873,958,943,1076,1044,841,68,1076,164,1151,0
20260228,prepaid,MAX,10,1687,2060,2305,2117,2157,959,1011,994,1076,1019,939,27,1076,48,1069,21
20260317,prepaid,KAP,11,830,888,889,920,950,923,985,987,1077,996,824,47,1077,71,893,33
20260217,prepaid,BFK,6,867,1029,1030,1179,1202,950,1003,997,1077,995,855,28,1077,59,999,15
20260109,prepaid,LMR,6,288,954,1002,879,928,927,998,965,1077,1752,829,41,1077,108,1131,45
20260331,prepaid,LMR,0,327,1026,1086,784,994,690,921,779,1081,1376,749,179,1081,90,945,37
20260317,prepaid,LMR,7,313,919,961,1019,1054,900,985,961,1081,1401,817,57,1081,123,1017,55
20260129,prepaid,KAP,7,725,799,799,768,788,967,1030,1006,1081,1035,920,39,1081,52,940,23
20260309,prepaid,KAP,11,831,888,891,801,838,916,985,975,1082,944,795,55,1082,59,976,30
20260126,prepaid,TEE,5,303,756,756,726,745,883,971,943,1083,970,809,75,1083,78,886,34
20260329,prepaid,LMR,0,161,1237,1298,466,518,851,966,909,1084,1388,807,74,1084,122,981,67
20260110,prepaid,GSB,3,245,1012,1015,645,652,928,1000,991,1086,1021,898,37,1086,68,862,29
20260314,prepaid,LMR,11,346,1055,1101,941,986,907,999,958,1086,1379,844,63,1086,100,970,54
20260212,prepaid,LMR,12,214,702,721,731,763,929,985,993,1088,1238,831,33,1088,148,1139,58
20260112,prepaid,PRV,6,622,852,858,831,850,854,926,957,1090,903,750,47,1090,87,947,41
20260327,prepaid,LMR,0,320,939,976,853,920,870,979,922,1091,1389,817,66,1091,96,1091,59
20260113,prepaid,LMR,9,226,726,754,775,822,920,989,980,1094,1544,833,41,1094,101,1026,46
20260208,prepaid,MAM,2,358,760,762,698,712,967,1034,995,1094,1070,951,48,1094,46,1130,18
20260222,prepaid,GSB,7,868,951,951,1011,1033,899,991,963,1094,1068,860,68,1094,78,973,28
20260224,prepaid,GSB,4,466,562,563,595,605,906,981,984,1097,1028,860,50,1097,73,990,32
20260107,prepaid,GSB,2,263,889,893,932,942,956,1015,1016,1100,1111,960,32,1100,60,876,34
20260403,prepaid,LMR,0,428,1175,1316,254,1175,897,978,976,1100,1439,806,48,1100,137,1077,54
20260225,prepaid,FRD,9,738,2244,2263,1693,1732,889,987,960,1101,947,777,68,1101,80,769,35
20260123,prepaid,TEE,3,322,765,769,995,1013,923,996,991,1103,1001,853,52,1103,103,1570,44
20260330,prepaid,LMR,0,406,1062,1096,1565,1818,809,956,893,1104,1395,771,104,1104,77,928,36
20260326,prepaid,LMR,1,330,974,1021,795,857,916,1001,967,1109,1473,834,66,1109,79,957,37
20260207,prepaid,BFK,8,1548,1988,1990,1996,2027,1024,1073,1042,1112,1137,993,25,1112,53,1014,22
20260118,prepaid,TEE,3,548,1225,1225,1045,1062,953,1032,993,1113,1103,868,68,1113,83,1270,34
20260221,prepaid,GSB,4,705,875,878,940,964,945,1017,995,1113,1045,884,55,1113,77,1183,40
20260318,prepaid,FBD,7,775,1017,1053,852,877,931,1023,988,1115,1019,823,59,1115,58,997,39
20260114,prepaid,LMR,13,188,699,725,592,625,944,1020,993,1122,1525,890,42,1122,102,1037,51
20260314,prepaid,TEE,4,665,1413,1413,1130,1147,958,1026,1014,1127,1014,880,54,1127,112,1053,50
20260218,prepaid,BFK,6,1085,1359,1360,1211,1247,1028,1066,1060,1130,1049,928,20,1130,35,948,17
20260320,prepaid,LMR,6,329,804,842,848,883,955,1021,1009,1131,1433,836,52,1131,112,1067,55
20260115,prepaid,KAP,9,710,984,984,1020,1048,984,1054,1032,1132,1149,922,50,1132,96,993,31
20260114,prepaid,NYK,0,680,796,796,819,832,875,979,986,1135,924,634,83,1135,266,902,77
20260310,prepaid,GSB,12,352,803,804,879,917,975,1043,1039,1135,1015,895,43,1135,112,1230,52
20260227,prepaid,TEE,4,602,1014,1014,929,946,984,1036,1037,1137,1020,910,38,1137,33,903,13
20260125,prepaid,MAM,1,496,816,819,785,794,982,1071,1009,1138,1109,978,53,1138,59,1126,19
20260305,prepaid,GSB,10,412,1034,1035,1456,1487,971,1036,1036,1139,930,821,47,1139,76,960,40
20260130,prepaid,MAX,19,686,972,1046,892,923,1006,1041,1049,1140,1074,963,34,1140,46,1086,24
20260202,prepaid,RPG,3,549,919,922,850,862,1014,1063,1071,1142,999,904,31,1142,58,952,24
20260217,prepaid,MAX,4,647,822,879,863,886,1000,1054,1051,1143,1077,958,36,1143,84,1066,34
20260107,prepaid,LMR,6,325,952,993,789,820,999,1079,1033,1143,1995,960,39,1143,81,561,43
20260124,prepaid,GSB,2,111,383,411,296,305,997,1063,1058,1143,1101,931,41,1143,94,1119,48
20260405,prepaid,LMR,0,203,203,1698,0,646,955,1045,1008,1143,1545,904,46,1143,128,1027,0
20260404,prepaid,LMR,0,431,832,1390,38,1298,947,1022,1014,1144,1527,871,51,1144,174,1139,83
20260116,prepaid,LMR,14,192,728,767,794,829,961,1046,1016,1144,1401,819,41,1144,109,1115,53
20260210,prepaid,LMR,14,245,812,842,877,921,1001,1062,1059,1146,1380,909,40,1146,103,1008,37
20260321,prepaid,NYK,1,504,621,622,610,617,1020,1091,1055,1146,1110,959,35,1146,33,779,25
20260125,prepaid,TEE,6,347,788,788,779,795,959,1064,1014,1154,1104,923,66,1154,119,1109,45
20260218,prepaid,MAX,2,554,770,814,710,727,1011,1070,1058,1156,1075,965,31,1156,90,1050,39
20260303,prepaid,FRD,0,157,375,376,206,212,963,1052,1035,1156,1092,858,66,1156,185,1170,136
20260226,prepaid,MAX,5,747,957,1046,973,991,1028,1084,1069,1157,1115,1009,30,1157,41,1062,15
20260329,prepaid,GSB,0,304,778,781,747,776,877,973,988,1158,1008,831,96,1158,94,1091,35
20260112,prepaid,LMR,15,322,868,908,1640,1731,965,1048,1031,1162,1580,851,45,1162,91,1002,37
20260226,prepaid,FRD,15,717,1550,1561,1866,1927,946,1037,1037,1168,991,815,63,1168,78,772,51
20260209,prepaid,MAM,1,350,750,760,714,728,1021,1077,1082,1170,1068,960,38,1170,29,1118,15
20260317,prepaid,FBD,14,1210,1320,1327,1785,1833,1000,1069,1065,1172,1162,894,51,1172,72,900,36
20260216,prepaid,MAX,14,1125,1356,1429,1304,1341,1023,1079,1074,1173,1080,964,33,1173,71,1113,32
20260331,prepaid,NYK,0,560,607,607,829,857,944,1089,1009,1175,1096,925,103,1175,30,864,17
20260204,prepaid,TEE,14,530,673,673,1373,1406,994,1066,1056,1176,1098,924,48,1176,95,1241,33
20260113,prepaid,NYK,1,751,903,903,865,875,880,1006,1007,1176,943,590,92,1176,320,984,38
20260213,prepaid,MAM,1,1465,2409,2421,2372,2392,1065,1118,1100,1176,1110,1008,36,1176,37,1013,10
20260401,prepaid,GSB,0,619,967,968,798,1005,717,949,856,1177,950,812,209,1177,63,978,25
20260213,prepaid,LMR,8,238,701,735,692,733,1030,1106,1068,1179,1298,924,53,1179,125,1110,61
20260214,prepaid,MAX,9,773,990,1050,898,921,1022,1090,1079,1180,1100,999,42,1180,77,1159,38
20260222,prepaid,BFK,1,871,1210,1211,1179,1205,1087,1135,1114,1182,1208,1004,37,1182,62,1188,30
20260220,prepaid,FRD,11,556,853,857,783,816,1045,1118,1085,1182,1165,916,44,1182,187,1151,149
20260120,prepaid,NYK,2,725,888,889,866,885,922,1048,1012,1187,1181,745,88,1187,431,1001,39
20260207,prepaid,NKF,14,2959,3883,3931,3534,3598,1042,1105,1090,1188,1097,967,34,1188,78,1271,26
20260212,prepaid,MAX,12,859,1055,1163,966,998,1060,1112,1109,1189,1154,1021,29,1189,105,1239,30
20260113,prepaid,MAM,3,841,1474,1478,1387,1406,1046,1105,1091,1189,1146,1010,37,1189,45,1143,24
20260201,prepaid,TEE,5,449,1464,1464,916,932,1016,1096,1069,1191,1218,992,63,1191,110,1260,51
20260108,prepaid,PRV,5,426,699,703,644,663,1032,1107,1087,1195,1210,975,46,1195,94,1074,37
20260305,prepaid,FRD,3,636,1006,1008,951,967,1000,1086,1078,1196,973,778,67,1196,147,993,86
20260223,prepaid,TEE,3,1048,1575,1575,1435,1452,1006,1070,1087,1197,997,899,54,1197,75,1238,31
20260221,prepaid,BFK,0,923,1258,1259,1067,1089,1088,1142,1126,1197,1129,979,22,1197,50,1081,21
20260117,prepaid,NYK,0,359,937,937,522,527,912,1050,1022,1197,958,652,91,1197,261,1177,59
20260324,prepaid,TEE,6,446,1113,1113,1426,1460,962,1055,1045,1197,1034,874,73,1197,102,1397,41
20260109,prepaid,PRV,4,489,705,707,745,762,1010,1111,1058,1202,1126,931,63,1202,79,1019,38
20260116,prepaid,NYK,1,751,919,919,911,929,964,1103,1042,1204,1020,646,84,1204,27,262,8
20260114,prepaid,MAM,3,530,1148,1167,1049,1065,1060,1123,1099,1204,1143,1017,51,1204,50,1118,27
20260218,prepaid,FRD,9,989,1841,1855,1205,1250,1089,1162,1127,1215,1065,937,39,1215,360,1368,284
20260114,prepaid,TEE,1,930,1421,1421,1225,1239,1042,1108,1104,1220,1192,947,53,1220,41,1205,24
20260112,prepaid,NYK,6,808,932,932,992,1008,929,1075,1031,1221,1019,596,92,1221,336,943,26
20260215,prepaid,BFK,6,662,812,813,1057,1077,1070,1148,1115,1221,1179,975,38,1221,71,1356,25
20260222,prepaid,FRD,7,271,495,496,619,640,1003,1102,1082,1225,1116,875,70,1225,252,1388,192
20260220,prepaid,TEE,4,630,1006,1006,1271,1294,1037,1113,1093,1226,1098,932,51,1226,30,1285,17
20260301,prepaid,MAX,18,1598,2013,2246,1925,1974,1082,1157,1115,1227,1197,1077,52,1227,68,1077,23
20260117,prepaid,TEE,2,635,1248,1251,1100,1114,1050,1115,1125,1231,1086,903,51,1231,51,1181,27
20260317,prepaid,BFK,0,8,18,18,55,55,1078,1141,1130,1231,1089,964,40,1231,58,1434,27
20260108,prepaid,LMR,12,295,920,969,845,890,1079,1140,1129,1232,2004,977,42,1232,78,911,40
20260319,prepaid,LMR,11,263,813,852,742,791,1024,1117,1091,1232,1590,947,52,1232,165,1178,75
20260204,prepaid,MAM,2,627,1054,1058,1103,1117,1127,1179,1165,1242,1191,1100,26,1242,24,1034,9
20260116,prepaid,MAM,7,799,1375,1386,1474,1510,1096,1151,1148,1243,1163,1026,47,1243,40,1250,12
20260317,prepaid,TEE,11,586,1335,1335,1588,1624,1049,1119,1130,1245,1103,894,53,1245,46,805,33
20260216,prepaid,BFK,4,908,1244,1244,1037,1060,1091,1143,1164,1248,1089,944,36,1248,43,1176,19
20260121,prepaid,TEE,4,436,1116,1117,874,885,1076,1160,1133,1251,1197,1023,70,1251,61,1227,26
20260403,prepaid,GSB,0,786,2224,2231,273,1062,1034,1109,1123,1252,1148,985,70,1252,86,1104,43
20260227,prepaid,BFK,5,1164,1539,1539,1396,1425,1108,1170,1143,1253,1154,1037,35,1253,26,1187,11
20260309,prepaid,GSB,7,485,1661,1675,1149,1176,1087,1154,1156,1260,1197,1031,48,1260,89,955,42
20260226,prepaid,BFK,4,908,1169,1170,1274,1314,1134,1189,1166,1263,1179,1046,25,1263,41,1252,17
20260115,prepaid,MAM,11,1107,1813,1821,1759,1787,1119,1174,1165,1264,1202,1066,54,1264,47,1077,16
20260206,prepaid,MAM,2,576,1014,1016,1042,1065,1158,1203,1194,1265,1210,1111,34,1265,29,1214,15
20260318,prepaid,LMR,9,287,822,852,861,906,1083,1170,1122,1265,1573,981,56,1265,111,963,44
20260311,prepaid,TEE,7,522,1173,1173,1079,1100,1081,1148,1144,1272,1129,983,64,1272,132,1298,34
20260226,prepaid,TEE,2,573,918,918,996,1004,1105,1169,1164,1272,1162,1025,52,1272,71,1106,17
20260125,prepaid,MAX,12,1018,1385,1483,1312,1352,1097,1203,1136,1272,1250,1106,75,1272,117,1257,49
20260111,prepaid,MAM,12,551,1120,1132,986,1013,1119,1196,1160,1273,1263,1089,60,1273,52,1338,20
20260308,prepaid,TEE,2,421,1242,1242,1009,1029,1073,1168,1128,1274,1249,1057,73,1274,119,1276,39
20260124,prepaid,TEE,1,544,991,991,975,990,1110,1177,1180,1275,1197,1036,45,1275,135,1202,43
20260401,prepaid,LMR,0,305,1059,1108,684,1064,749,1021,915,1276,1535,874,224,1276,146,979,60
20260224,prepaid,BFK,6,747,898,901,959,987,1148,1206,1192,1279,1145,1015,29,1279,37,1233,15
20260303,prepaid,BFK,0,139,819,819,173,180,1148,1218,1181,1281,1276,1096,33,1281,108,1257,42
20260322,prepaid,TEE,0,469,1336,1336,1034,1054,1081,1173,1133,1283,1296,998,88,1283,145,1403,50
20260115,prepaid,TEE,0,444,1167,1172,894,899,1113,1190,1163,1287,1292,997,49,1287,66,1293,35
20260405,prepaid,TEE,0,495,495,1361,0,1204,1025,1136,1100,1289,1170,971,80,1289,82,1349,0
20260327,prepaid,GSB,3,721,961,988,1013,1062,1047,1138,1122,1291,1136,974,87,1291,59,1063,27
20260227,prepaid,FRD,24,535,765,770,1783,1856,1089,1171,1166,1291,1226,994,61,1291,121,1056,92
20260208,prepaid,BFK,8,1712,2135,2136,2115,2153,1170,1243,1202,1292,1330,1117,39,1292,95,1173,38
20260203,prepaid,TEE,4,385,1258,1258,1421,1445,1107,1189,1159,1293,1127,1008,58,1293,65,1213,31
20260330,prepaid,GSB,0,916,1141,1147,1295,1403,993,1114,1107,1294,1075,932,92,1294,73,1048,33
20260207,prepaid,MAM,1,645,984,988,1065,1078,1175,1235,1210,1294,1229,1136,31,1294,19,1406,10
20260223,prepaid,FRD,5,628,1296,1302,832,857,1111,1174,1198,1294,1120,926,45,1294,136,1207,102
20260307,prepaid,KAP,6,770,885,886,857,875,1142,1219,1184,1297,1224,1085,53,1297,45,1074,31
20260202,prepaid,MAX,25,1958,2818,3167,2873,2932,1152,1215,1199,1299,1243,1111,48,1299,78,1198,38
20260225,prepaid,TEE,1,498,930,930,940,953,1133,1204,1190,1299,1250,1107,60,1299,66,1100,25
20260328,prepaid,TEE,1,513,1235,1235,1196,1235,1063,1165,1149,1306,1128,980,76,1306,166,1289,46
20260401,prepaid,NYK,0,570,787,793,594,619,951,1143,1069,1307,1122,985,151,1307,25,1082,14
20260306,prepaid,TEE,5,630,1286,1286,1254,1273,1126,1207,1176,1308,1175,1034,65,1308,46,1082,21
20260120,prepaid,TEE,9,537,1117,1117,1221,1240,1153,1218,1211,1311,1146,1023,46,1311,60,1204,30
20260122,prepaid,TEE,6,532,1172,1172,1283,1299,1129,1205,1201,1312,1186,1041,65,1312,116,1349,35
20260215,prepaid,TEE,2,817,1552,1552,1329,1340,1076,1191,1145,1316,1257,1048,87,1316,66,1013,20
20260404,prepaid,GSB,0,716,1502,1512,158,2114,1105,1198,1175,1316,1199,1056,67,1316,114,1350,56
20260321,prepaid,TEE,3,393,1240,1240,939,952,1120,1203,1183,1318,1168,976,60,1318,115,1489,69
20260213,prepaid,MAX,12,743,897,959,930,967,1162,1240,1214,1318,1283,1120,46,1318,78,1196,33
20260313,prepaid,TEE,8,920,1405,1405,1741,1765,1143,1208,1204,1321,1209,1048,54,1321,99,1220,33
20260223,prepaid,BFK,5,1112,1352,1352,1419,1452,1180,1247,1232,1321,1243,1049,38,1321,68,1234,22
20260211,prepaid,LMR,9,239,767,785,840,872,1165,1247,1204,1322,1542,1096,56,1322,90,1125,58
20260221,prepaid,TEE,1,604,1015,1015,966,981,1129,1203,1203,1328,1188,1033,63,1328,65,1453,28
20260124,prepaid,MAX,14,1184,1522,1623,1242,1276,1187,1237,1253,1329,1249,1138,41,1329,78,1253,46
20260112,prepaid,TEE,3,920,1417,1428,1220,1235,1134,1214,1223,1339,1205,964,56,1339,58,1202,25
20260111,prepaid,TEE,5,865,1257,1257,1299,1323,1146,1243,1199,1340,1357,1102,71,1340,50,722,17
20260124,prepaid,MAM,2,342,630,634,550,557,1185,1233,1252,1342,1173,1064,38,1342,60,1246,35
20260222,prepaid,TEE,5,574,880,880,875,884,1136,1243,1200,1346,1295,1101,80,1346,90,1687,35
20260307,prepaid,MAM,3,773,1591,1604,1382,1404,1153,1211,1240,1349,1194,1100,39,1349,81,1359,55
20260217,prepaid,TEE,2,621,1230,1231,1255,1267,1137,1220,1212,1352,1187,1030,65,1352,56,1152,27
20260108,prepaid,TEE,2,967,1224,1228,1445,1461,1210,1259,1268,1353,1351,1130,44,1353,138,1274,40
20260402,prepaid,LMR,0,379,1120,1213,462,1136,941,1041,1194,1354,1494,876,61,1354,106,1060,51
20260221,prepaid,FRD,13,457,838,843,727,754,1171,1274,1222,1354,1274,1030,66,1354,345,1473,293
20260119,prepaid,TEE,4,669,1187,1190,1228,1246,1164,1230,1245,1355,1211,1018,55,1355,50,1066,28
20260205,prepaid,MAM,1,733,1233,1234,1150,1164,1242,1293,1282,1358,1310,1205,32,1358,30,1099,13
20260129,prepaid,MAX,10,681,914,957,866,895,1208,1261,1257,1359,1244,1155,41,1359,76,1297,40
20260309,prepaid,TEE,5,453,1233,1233,1313,1342,1143,1215,1240,1359,1215,1022,58,1359,120,1270,31
20260118,prepaid,MAX,10,1288,1500,1633,1390,1411,1143,1228,1219,1364,1225,1066,61,1364,151,1480,47
20260211,prepaid,MAX,11,913,1063,1161,1085,1110,1219,1270,1280,1365,1262,1157,41,1365,76,1325,38
20260223,prepaid,GSB,1,856,996,1002,927,945,1154,1243,1237,1368,1166,1046,70,1368,69,1266,33
20260225,prepaid,BFK,3,721,1126,1127,849,872,1238,1297,1277,1369,1318,1169,24,1369,42,1219,12
20260331,prepaid,TEE,0,521,1293,1293,1329,1400,949,1173,1063,1374,1150,1009,203,1374,126,1210,30
20260329,prepaid,TEE,1,438,1561,1562,1112,1153,1114,1242,1190,1377,1281,1108,113,1377,169,1223,46
20260312,prepaid,TEE,6,287,1133,1135,910,929,1182,1274,1238,1380,1325,1144,60,1380,150,1259,49
20260110,prepaid,TEE,2,910,1376,1390,1173,1189,1205,1284,1260,1382,1350,1152,59,1382,69,1072,36
20260126,prepaid,MAX,17,729,1305,1383,951,977,1179,1264,1258,1384,1294,1141,70,1384,70,1157,33
20260310,prepaid,TEE,5,538,1109,1109,1294,1316,1172,1257,1247,1384,1236,1073,61,1384,88,1158,30
20260205,prepaid,TEE,16,1116,2146,2146,1366,1402,1191,1270,1260,1386,1245,1087,52,1386,98,1201,27
20260212,prepaid,TEE,3,852,1419,1419,1491,1516,1169,1260,1260,1387,1281,1121,58,1387,199,1407,40
20260107,prepaid,TEE,1,909,1413,1417,1256,1273,1239,1304,1284,1388,1445,1224,50,1388,100,1009,29
20260127,prepaid,MAX,23,786,1275,1335,1453,1497,1182,1264,1267,1388,1248,1110,58,1388,51,1168,21
20260214,prepaid,BFK,2,615,1031,1032,925,947,1226,1288,1293,1393,1259,1082,43,1393,71,1509,40
20260319,prepaid,FBD,6,612,937,939,842,862,1174,1288,1248,1397,1494,1163,77,1397,176,1443,71
20260326,prepaid,GSB,2,711,1054,1060,1030,1060,1134,1227,1246,1403,1187,1032,74,1403,111,1554,43
20260128,prepaid,MAX,13,612,824,877,1071,1108,1239,1305,1300,1403,1278,1161,45,1403,59,1279,32
20260211,prepaid,TEE,4,509,1161,1161,1311,1330,1206,1295,1274,1404,1282,1132,54,1404,148,1512,48
20260307,prepaid,BFK,9,1047,2125,2126,1883,1935,1253,1313,1303,1407,1297,1135,25,1407,50,1173,23
20260213,prepaid,TEE,5,574,1293,1293,1112,1138,1208,1293,1275,1408,1303,1138,57,1408,147,1300,36
20260109,prepaid,TEE,4,947,1221,1240,1178,1204,1262,1345,1305,1409,1342,1175,55,1409,129,1366,52
20260315,prepaid,TEE,3,271,1663,1667,973,985,1209,1319,1243,1410,1501,1192,91,1410,63,940,29
20260402,prepaid,GSB,0,422,615,618,438,670,1041,1118,1270,1412,1141,985,72,1412,77,1088,43
20260109,prepaid,MAM,1,770,1249,1254,1171,1184,1276,1335,1325,1417,1370,1233,31,1417,28,1391,12
20260216,prepaid,TEE,4,719,1363,1363,1433,1451,1184,1267,1285,1420,1256,1055,62,1420,42,740,15
20260327,prepaid,TEE,0,367,1023,1023,1104,1140,1186,1285,1263,1420,1280,1100,71,1420,104,1402,45
20260305,prepaid,TEE,11,590,1234,1235,1343,1381,1248,1320,1318,1429,1229,1068,58,1429,106,1122,26
20260321,prepaid,FBD,4,314,749,751,702,723,1205,1321,1290,1431,1337,1020,75,1431,168,1516,93
20260121,prepaid,NYK,3,711,819,820,852,874,1155,1268,1270,1432,1192,827,96,1432,314,1142,32
20260302,prepaid,BFK,6,1232,1340,1340,1661,1692,1281,1347,1331,1432,1355,1215,29,1432,38,1102,20
20260323,prepaid,TEE,5,614,1595,1684,1741,1773,1183,1271,1284,1433,1128,976,73,1433,70,1095,22
20260307,prepaid,TEE,5,635,1314,1314,1267,1287,1234,1324,1310,1446,1311,1170,70,1446,81,1313,43
20260330,prepaid,TEE,0,397,1240,1240,1434,1481,1136,1271,1248,1449,1251,1098,129,1449,90,1212,41
20260112,prepaid,MAM,0,625,1195,1221,1176,1187,1240,1306,1337,1449,1296,1174,41,1449,36,1214,15
20260123,prepaid,MAM,3,374,588,590,647,661,1274,1342,1327,1452,1397,1224,45,1452,72,1529,31
20260202,prepaid,TEE,4,497,1419,1419,1216,1235,1277,1349,1349,1461,1353,1148,48,1461,86,1168,46
20260219,prepaid,TEE,4,382,1046,1047,1110,1128,1284,1341,1349,1462,1340,1141,47,1462,28,1251,22
20260308,prepaid,BFK,15,1985,2391,2391,2984,3051,1294,1389,1327,1464,1422,1212,57,1464,62,1398,21
20260314,prepaid,GSB,9,958,1376,1387,1255,1275,1267,1385,1324,1469,1483,1254,70,1469,160,1452,82
20260207,prepaid,TEE,6,758,1294,1294,1492,1516,1271,1364,1329,1469,1424,1209,67,1469,104,1438,58
20260210,prepaid,MAX,9,884,1082,1158,1290,1319,1302,1374,1365,1474,1350,1224,51,1474,95,1492,49
20260210,prepaid,TEE,7,536,1339,1348,1304,1322,1256,1345,1346,1481,1298,1135,61,1481,135,1352,41
20260318,prepaid,GSB,18,1287,2191,2207,2131,2187,1223,1320,1323,1489,1294,1133,84,1489,116,1331,48
20260116,prepaid,TEE,7,595,1041,1042,1300,1325,1297,1377,1370,1491,1281,1078,55,1491,57,1200,29
20260302,prepaid,MAX,3,1474,1691,1849,1825,1859,1315,1402,1371,1503,1422,1289,57,1503,52,1368,18
20260316,prepaid,TEE,7,496,1400,1400,1645,1678,1269,1351,1381,1511,1317,1074,64,1511,56,888,35
20260108,prepaid,MAM,0,962,1372,1375,1419,1442,1360,1424,1419,1513,1468,1305,31,1513,37,1385,14
20260110,prepaid,MAM,3,650,1105,1110,1096,1113,1356,1441,1391,1514,1517,1349,50,1514,40,1400,20
20260119,prepaid,MAX,26,1519,1847,2021,1713,1760,1292,1369,1391,1522,1341,1215,46,1522,72,1335,32
20260120,prepaid,MAX,14,1239,1405,1516,1555,1581,1337,1412,1406,1533,1411,1303,51,1533,80,1417,32
20260228,prepaid,FRD,2,564,1069,1071,776,795,1349,1437,1414,1535,1466,1243,49,1535,107,1189,66
20260309,prepaid,MAX,8,1223,1583,1709,1651,1681,1306,1399,1403,1536,1365,1209,64,1536,140,1643,36
20260319,prepaid,GSB,16,1065,1844,1856,1830,1888,1277,1384,1372,1538,1427,1220,74,1538,106,1440,58
20260328,prepaid,GSB,1,535,1057,1061,738,778,1237,1390,1320,1542,1410,1244,123,1542,99,1357,57
20260308,prepaid,MAX,5,889,1328,1425,1228,1259,1341,1442,1393,1544,1499,1307,76,1544,102,1321,35
20260123,prepaid,MAX,13,949,1073,1153,1088,1114,1383,1450,1435,1547,1459,1349,37,1547,71,1536,36
20260208,prepaid,TEE,4,664,1223,1223,1133,1148,1315,1437,1376,1549,1543,1274,94,1549,203,1621,52
20260107,prepaid,MAM,1,907,1414,1423,1319,1333,1389,1471,1438,1557,1567,1381,52,1557,55,1112,20
20260113,prepaid,TEE,1,823,1126,1126,1384,1398,1351,1449,1418,1560,1427,1228,58,1560,43,1218,22
20260206,prepaid,TEE,9,827,1436,1436,1684,1707,1384,1466,1449,1569,1474,1303,56,1569,110,1363,47
20260401,prepaid,TEE,0,818,1564,1564,1516,1618,1024,1294,1198,1570,1348,1144,253,1570,104,1093,26
20260218,prepaid,TEE,2,453,1199,1199,1056,1064,1370,1452,1455,1584,1513,1287,72,1584,34,1200,19
20260318,prepaid,TEE,9,591,1236,1236,1408,1437,1387,1500,1442,1591,1509,1292,82,1591,115,1587,40
20260311,prepaid,MAX,8,1442,1693,1846,1854,1894,1414,1501,1474,1591,1492,1351,59,1591,136,1525,48
20260302,prepaid,FRD,5,637,903,903,1020,1053,1320,1424,1439,1593,1346,1108,75,1593,199,1419,123
20260122,prepaid,MAX,13,1047,1203,1319,1216,1240,1419,1473,1494,1593,1482,1365,37,1593,71,1440,39
20260303,prepaid,MAX,7,985,1217,1360,1156,1177,1390,1485,1455,1594,1669,1370,48,1594,217,1624,62
20260329,prepaid,MAX,0,1158,1468,1566,1559,1616,1347,1469,1413,1594,1484,1358,90,1594,101,1471,32
20260330,prepaid,MAX,0,1721,2092,2206,2073,2149,1289,1438,1390,1600,1434,1300,117,1600,68,1443,30
20260304,prepaid,MAX,8,945,1462,1559,1170,1188,1431,1520,1474,1601,1856,1341,57,1601,530,2010,108
20260301,prepaid,FRD,1,128,262,263,345,352,1383,1503,1436,1604,1653,1305,80,1604,167,1545,82
20260117,prepaid,MAM,17,724,1354,1364,1289,1315,1446,1527,1490,1606,1563,1395,46,1606,55,1361,34
20260214,prepaid,TEE,4,489,1012,1012,1194,1210,1390,1486,1458,1606,1493,1323,67,1606,133,1416,37
20260328,prepaid,MAX,4,1021,1543,1627,1325,1366,1415,1505,1472,1612,1493,1355,72,1612,86,1535,49
20260118,prepaid,MAM,10,1347,2458,2480,1929,1971,1430,1529,1466,1615,1574,1394,55,1615,82,1715,32
20260320,prepaid,TEE,3,789,1430,1430,1470,1496,1390,1484,1469,1616,1504,1243,62,1616,116,1655,55
20260206,prepaid,NKF,6,1875,2554,2580,2079,2124,1416,1485,1506,1618,1380,1253,46,1618,79,1694,31
20260320,prepaid,FBD,5,285,686,690,639,654,1401,1507,1489,1629,1631,1247,69,1629,207,1537,88
20260326,prepaid,TEE,5,583,1455,1455,1243,1270,1399,1495,1481,1635,1477,1285,70,1635,148,1524,46
20260315,prepaid,GSB,5,301,704,707,705,726,1371,1520,1439,1636,1675,1368,106,1636,173,1504,69
20260310,prepaid,MAX,7,1234,1680,1857,1574,1622,1438,1524,1519,1647,1578,1381,60,1647,152,1557,50
20260307,prepaid,MAX,10,981,1402,1495,1220,1251,1451,1533,1518,1647,1508,1357,58,1647,127,1518,51
20260403,prepaid,TEE,0,445,1150,1157,481,1042,1345,1474,1459,1649,1530,1305,86,1649,95,1335,27
20260317,prepaid,GSB,11,735,1635,1646,1645,1686,1397,1503,1486,1654,1488,1317,97,1654,119,1556,55
20260121,prepaid,MAX,16,1154,1321,1444,1275,1299,1479,1556,1542,1663,1575,1450,60,1663,103,1575,55
20260117,prepaid,MAX,9,1269,1418,1584,1408,1432,1419,1499,1518,1680,1480,1313,71,1680,69,1401,42
20260319,prepaid,TEE,2,427,1050,1050,994,1009,1438,1550,1524,1683,1587,1326,82,1683,114,1606,40
20260320,prepaid,GSB,10,972,1550,1558,1685,1730,1420,1547,1499,1685,1654,1376,90,1685,167,1493,87
20260306,prepaid,BFK,6,980,1759,1759,1307,1337,1526,1588,1574,1689,1536,1348,38,1689,76,1281,29
20260325,prepaid,TEE,2,551,1252,1252,1193,1218,1459,1561,1549,1695,1618,1408,72,1695,140,1656,46
20260312,prepaid,MAX,10,1561,2053,2188,1765,1812,1495,1586,1571,1699,1622,1455,66,1699,130,1685,54
20260322,prepaid,MAX,3,1429,1605,1709,1810,1848,1436,1549,1520,1701,1570,1384,86,1701,118,1595,50
20260404,prepaid,TEE,0,603,1305,1442,20,1330,1426,1537,1522,1704,1524,1335,75,1704,87,1387,38
20260209,prepaid,BFK,6,1565,1835,1837,1953,2013,1556,1628,1613,1704,1667,1437,45,1704,82,1497,41
20260327,prepaid,MAX,1,1088,1468,1540,1465,1516,1505,1592,1567,1705,1602,1445,58,1705,120,1814,59
20260309,prepaid,BFK,6,1048,1870,1871,1436,1467,1524,1606,1585,1714,1639,1409,40,1714,52,1562,20
20260209,prepaid,MAX,11,1099,1501,1615,1297,1323,1486,1568,1603,1725,1527,1386,55,1725,111,1575,45
20260119,prepaid,MAM,15,1331,2161,2186,2378,2439,1491,1575,1585,1726,1581,1406,60,1726,95,1655,46
20260331,prepaid,MAX,0,1383,1785,1901,1633,1730,1236,1545,1338,1730,1567,1430,274,1730,88,1578,39
20260203,prepaid,MAX,36,1503,2104,2314,2314,2375,1587,1656,1636,1747,1686,1531,48,1747,97,1583,60
20260321,prepaid,MAX,3,1326,1714,1833,1645,1681,1493,1607,1567,1750,1616,1433,87,1750,103,1685,56
20260120,prepaid,MAM,8,602,1099,1110,1389,1417,1567,1640,1642,1754,1641,1493,46,1754,54,1540,28
20260402,prepaid,TEE,0,670,1225,1242,1216,1402,1321,1433,1583,1765,1423,1234,70,1765,94,1074,28
20260316,prepaid,BFK,1,196,244,244,275,282,1561,1629,1647,1765,1513,1354,49,1765,86,1701,42
20260304,prepaid,CLQ,11,858,1360,1364,1410,1433,1584,1681,1643,1770,2837,1422,77,1770,800,2525,187
20260308,prepaid,MAM,2,1527,2654,2674,2425,2463,1579,1693,1618,1774,1750,1588,82,1774,88,1643,31
20260123,prepaid,CLQ,6,1361,1986,2010,1908,1923,1595,1704,1654,1786,2456,1446,56,1786,385,2243,124
20260325,prepaid,GSB,7,781,1098,1105,1583,1634,1505,1610,1608,1790,1548,1367,90,1790,100,1631,61
20260125,prepaid,CLQ,11,1031,1738,1747,1412,1436,1623,1720,1681,1801,2512,1512,62,1801,231,1523,86
20260309,prepaid,MAM,3,1465,2815,2843,2538,2571,1552,1639,1664,1803,1634,1479,48,1803,65,1668,29
20260214,prepaid,MAM,2,1466,2334,2345,2395,2417,1670,1739,1712,1808,1807,1642,43,1808,37,1543,18
20260209,prepaid,TEE,6,792,1554,1554,1340,1356,1547,1646,1662,1813,1586,1369,81,1813,111,1710,44
20260128,prepaid,CLQ,21,1817,2151,2161,2319,2363,1680,1737,1743,1832,2543,1422,39,1832,272,2076,87
20260326,prepaid,MAX,4,995,1429,1479,1260,1300,1609,1693,1691,1836,1677,1533,55,1836,67,1522,35
20260323,prepaid,MAX,3,1951,2326,2459,2074,2117,1580,1672,1690,1840,1657,1489,73,1840,135,1741,54
20260322,prepaid,GSB,5,698,1455,1457,887,912,1533,1667,1642,1840,1753,1370,96,1840,229,1853,94
20260305,prepaid,BFK,6,1081,1538,1539,1834,1879,1681,1754,1742,1851,1405,1184,40,1851,129,1284,33
20260306,prepaid,MAM,2,1227,1796,1806,2114,2148,1603,1690,1711,1862,1586,1492,52,1862,136,1761,84
20260306,prepaid,MAX,10,919,1188,1301,1189,1223,1644,1730,1748,1872,1659,1472,54,1872,88,1591,31
20260208,prepaid,NKF,13,2106,3209,3229,2705,2764,1648,1808,1698,1878,1972,1681,81,1878,195,1824,59
20260213,prepaid,BFK,5,677,1010,1012,919,940,1700,1781,1770,1883,1789,1562,45,1883,93,1801,47
20260212,prepaid,BFK,3,829,1092,1096,1128,1144,1691,1781,1764,1888,1787,1554,57,1888,105,1940,36
20260324,prepaid,CLQ,6,1686,2057,2070,2093,2146,1693,1787,1773,1891,2613,1475,60,1891,237,1968,68
20260113,prepaid,CLQ,8,1690,2230,2245,2192,2240,1710,1779,1798,1891,3160,1512,40,1891,239,1770,96
20260321,prepaid,GSB,6,1218,1339,1347,1977,2021,1583,1733,1691,1903,1925,1521,106,1903,193,1713,123
20260310,prepaid,BFK,12,1069,1914,1916,1845,1891,1737,1803,1806,1905,1863,1585,38,1905,90,1794,46
20260322,prepaid,CLQ,8,911,1583,1593,1367,1393,1738,1819,1803,1911,3238,1525,64,1911,293,1975,95
20260321,prepaid,CLQ,1,970,1557,1564,1259,1278,1718,1812,1793,1914,3133,1512,67,1914,188,1896,97
20260314,prepaid,MAX,2,1610,2156,2280,1836,1871,1684,1795,1757,1914,1822,1648,70,1914,173,1771,51
20260316,prepaid,GSB,10,956,2059,2092,1353,1385,1587,1733,1710,1915,1699,1453,91,1915,160,1726,86
20260210,prepaid,BFK,7,1070,1356,1358,1312,1339,1748,1834,1793,1918,1844,1631,52,1918,89,1805,48
20260324,prepaid,MAX,2,1232,1632,1765,1584,1613,1707,1796,1788,1934,1819,1638,61,1934,100,1779,45
20260124,prepaid,CLQ,23,1852,2343,2357,2422,2480,1752,1836,1833,1939,2513,1547,47,1939,346,1826,148
20260315,prepaid,MAX,8,1605,2011,2156,2081,2118,1681,1809,1746,1941,1883,1674,82,1941,170,1838,58
20260324,prepaid,GSB,2,372,1191,1198,896,914,1609,1724,1756,1942,1612,1380,87,1942,111,1603,67
20260122,prepaid,MAM,7,637,905,909,1135,1156,1763,1844,1823,1952,1844,1688,57,1952,47,1866,22
20260320,prepaid,MAX,7,1484,1893,2029,1705,1743,1692,1798,1793,1956,1795,1595,76,1956,129,1921,62
20260208,prepaid,MAX,21,944,1191,1300,1180,1216,1730,1858,1803,1978,1935,1723,89,1978,145,1917,51
20260313,prepaid,MAX,6,1324,1584,1696,1771,1804,1781,1883,1846,1986,1889,1739,57,1986,130,1954,45
20260304,prepaid,NKF,13,1081,1691,1708,1424,1465,1754,1908,1815,1991,2757,1713,92,1991,1099,3285,256
20260329,prepaid,CLQ,1,937,1698,1713,1260,1305,1784,1902,1853,1996,2248,1659,85,1996,264,1982,93
20260323,prepaid,CLQ,10,2750,3216,3234,3462,3521,1789,1871,1893,1997,3071,1451,56,1997,198,1761,80
20260315,prepaid,BFK,2,188,276,276,274,289,1765,1870,1833,1997,1954,1656,79,1997,91,1790,44
20260111,prepaid,CLQ,4,715,1305,1311,906,919,1806,1915,1865,1998,3382,1668,67,1998,273,1836,89
20260126,prepaid,CLQ,7,410,1070,1078,882,894,1793,1885,1875,2002,2577,1607,74,2002,184,1424,71
20260116,prepaid,MAX,8,1051,1215,1345,1133,1158,1677,1813,1780,2002,1813,1603,85,2002,110,2004,49
20260121,prepaid,MAM,10,840,1378,1392,1364,1389,1817,1903,1885,2011,1946,1775,54,2011,72,1884,40
20260112,prepaid,CLQ,15,2452,2990,3025,3081,3116,1814,1904,1910,2027,3296,1530,57,2027,288,1933,113
20260222,prepaid,CLQ,10,1088,1912,1922,1359,1383,1817,1938,1878,2032,2799,1684,82,2032,220,2253,55
20260331,prepaid,CLQ,0,1473,5082,11753,1910,2053,1785,1899,1869,2040,2490,1630,95,2040,264,2053,84
20260224,prepaid,CLQ,11,1525,1916,1931,2153,2186,1876,1945,1944,2045,3053,1723,47,2045,148,2035,44
20260401,prepaid,MAX,0,1828,2704,3024,1873,2190,1353,1716,1572,2056,1787,1600,327,2056,103,1733,47
20260403,prepaid,MAX,0,2294,4512,4978,1364,2648,1766,1882,1871,2061,1939,1738,69,2061,97,1780,31
20260114,prepaid,CLQ,9,1197,1887,1908,1660,1688,1890,1975,1952,2063,3324,1739,50,2063,274,1881,124
20260221,prepaid,CLQ,8,1665,2063,2076,2100,2124,1884,1954,1960,2064,2997,1675,58,2064,185,2109,65
20260228,prepaid,CLQ,20,1856,2291,2301,2737,2803,1931,1994,1988,2070,3009,1752,39,2070,261,2170,74
20260115,prepaid,CLQ,7,1227,2029,2035,1827,1853,1904,1999,1966,2084,3078,1703,53,2084,225,1876,78
20260311,prepaid,BFK,7,1405,2129,2130,2216,2250,1910,1999,1948,2088,2029,1777,57,2088,132,2099,55
20260211,prepaid,BFK,6,779,1094,1097,1045,1067,1915,1996,1975,2096,2033,1796,63,2096,77,1928,36
20260204,prepaid,MAX,34,1647,2195,2419,2197,2266,1941,2020,1983,2099,2068,1890,50,2099,194,2005,80
20260219,prepaid,MAM,3,2094,4110,4149,3393,3435,1915,1994,1983,2101,1992,1801,47,2101,37,2077,17
20260316,prepaid,MAX,16,2221,2654,2825,2577,2625,1824,1937,1919,2102,1936,1743,76,2102,135,1980,50
20260110,prepaid,CLQ,17,1486,1776,1781,1869,1901,1905,1995,1989,2103,3724,1729,64,2103,345,2073,128
20260207,prepaid,MAX,9,808,1091,1195,1058,1076,1877,1981,1950,2103,1948,1793,69,2103,127,2120,55
20260127,prepaid,CLQ,31,3783,4434,4468,4625,4713,1907,1987,2002,2110,2711,1629,58,2110,185,1600,74
20260118,prepaid,CLQ,10,781,1457,1461,1176,1198,1881,2008,1951,2115,2832,1716,85,2115,293,1983,102
20260117,prepaid,CLQ,19,1479,1973,1995,2073,2114,1897,2004,1974,2116,2960,1702,67,2116,283,2056,117
20260120,prepaid,CLQ,13,1376,1740,1751,1872,1907,1912,2000,2013,2118,2916,1644,53,2118,309,2320,93
20260328,prepaid,CLQ,1,1489,1906,1922,1898,1954,1905,1987,2000,2127,2250,1679,68,2127,226,1951,87
20260330,prepaid,CLQ,1,2264,2831,2853,2922,3039,1868,1988,1982,2139,2227,1666,84,2139,216,1928,84
20260227,prepaid,MAM,4,1474,3041,3064,2806,2844,1918,2002,1988,2144,1987,1811,52,2144,40,1944,22
20260217,prepaid,MAM,1,812,1669,1684,1635,1656,1961,2034,2036,2149,2007,1824,38,2149,46,1951,25
20260314,prepaid,BFK,2,234,321,322,409,420,1909,2019,1975,2151,2016,1776,72,2151,126,2264,47
20260304,prepaid,MAM,0,650,1316,1336,1446,1454,1952,2060,1995,2153,2380,1911,67,2153,607,3031,106
20260325,prepaid,MAX,4,1117,1406,1474,1457,1509,1917,2024,1997,2158,2005,1842,63,2158,90,1958,36
20260301,prepaid,CLQ,7,1252,2178,2184,1529,1553,1988,2109,2032,2169,3024,1844,68,2169,243,2202,55
20260109,prepaid,CLQ,4,1559,2022,2034,1900,1919,1990,2089,2052,2171,4178,1813,57,2171,346,2258,147
20260215,prepaid,MAM,2,1378,2288,2304,2210,2233,1998,2122,2031,2181,2217,1997,72,2181,52,2101,15
20260121,prepaid,CLQ,20,1200,1510,1517,1640,1680,2005,2080,2078,2182,3080,1796,45,2182,319,2117,105
20260227,prepaid,CLQ,17,1459,1841,1853,3018,3094,2016,2085,2093,2191,2890,1834,40,2191,142,2071,53
20260405,prepaid,CLQ,0,1087,1087,1772,0,3774,1968,2083,2043,2193,2611,1850,69,2193,261,2063,0
20260122,prepaid,CLQ,11,1184,1780,1792,1460,1483,2025,2109,2098,2205,2945,1779,53,2205,259,2019,102
20260311,prepaid,MAM,3,1884,3758,3786,3279,3328,1973,2072,2047,2206,2114,1938,57,2206,104,2135,40
20260201,prepaid,CLQ,5,1296,2397,2403,1578,1599,2020,2114,2089,2210,3070,1844,64,2210,363,2527,112
20260317,prepaid,MAX,7,1278,1718,1852,1693,1732,1965,2063,2057,2212,2098,1892,73,2212,116,1903,45
20260404,prepaid,CLQ,0,1943,2268,2471,287,4333,1979,2087,2074,2220,2376,1798,74,2220,230,2066,82
20260319,prepaid,MAX,6,973,1207,1287,1240,1266,1960,2085,2047,2229,2133,1897,70,2229,147,2024,57
20260205,prepaid,TMG,8,2949,3788,3803,3800,3876,1949,2035,2051,2232,2058,1844,75,2232,48,2240,22
20260114,prepaid,MAX,5,1149,1321,1461,1354,1371,1962,2082,2045,2236,2158,1924,79,2236,123,2163,58
20260403,prepaid,CLQ,0,1630,2039,2077,945,2172,2000,2108,2086,2238,2551,1813,77,2238,213,2128,66
20260116,prepaid,CLQ,14,1869,2516,2529,2701,2758,2044,2129,2126,2241,2849,1718,48,2241,309,2111,110
20260323,prepaid,GSB,6,734,1327,1342,1432,1477,1888,2059,2019,2249,1990,1670,99,2249,163,1744,86
20260320,prepaid,CLQ,17,1977,2302,2330,2417,2461,2020,2123,2120,2254,3370,1782,65,2254,214,2314,73
20260402,prepaid,MAX,0,2608,2943,3226,2407,3458,1721,1813,2095,2256,1810,1652,73,2256,97,1862,40
20260327,prepaid,CLQ,8,1663,2149,2160,2042,2107,2010,2136,2107,2263,2520,1766,81,2263,257,2313,76
20260225,prepaid,CLQ,14,1451,3805,4883,1815,1850,2104,2185,2157,2269,3143,1965,48,2269,194,2180,60
20260223,prepaid,CLQ,15,2295,2857,2872,3104,3140,2043,2123,2156,2271,2870,1785,50,2271,115,2028,55
20260115,prepaid,MAX,4,1017,1097,1248,1167,1182,1984,2112,2069,2277,2142,1903,92,2277,130,1985,42
20260310,prepaid,MAM,3,1168,2606,2631,2478,2513,2034,2141,2107,2278,2135,1991,63,2278,76,1945,41
20260312,prepaid,BFK,8,1171,1918,1923,1857,1894,2071,2163,2135,2280,2189,1918,56,2280,139,2232,48
20260108,prepaid,CLQ,12,1605,1979,1991,1951,1988,2110,2189,2185,2282,4254,1900,41,2282,238,2017,71
20260401,prepaid,CLQ,0,1444,1777,1788,1684,1961,2011,2130,2110,2286,2552,1885,100,2286,253,2076,76
20260226,prepaid,MAM,4,1199,2541,2563,2430,2465,2055,2155,2126,2287,2121,1922,48,2287,42,2260,30
20260315,prepaid,CLQ,9,1125,1980,1986,1516,1537,2066,2189,2135,2294,2437,1885,74,2294,340,2258,92
20260220,prepaid,MAM,3,2018,3563,3604,3964,4006,2099,2186,2164,2296,2197,2003,53,2296,38,2093,22
20260306,prepaid,CLQ,18,1465,2083,2095,2190,2240,2018,2127,2143,2298,2918,1631,80,2298,173,2146,88
20260107,prepaid,CLQ,10,1695,2073,2093,1942,1965,2139,2234,2194,2315,4749,2058,48,2315,267,1429,86
20260313,prepaid,BFK,6,1270,1360,1360,1869,1909,2109,2200,2173,2318,2243,1962,60,2318,123,2127,54
20260310,prepaid,CLQ,26,1700,2269,2282,2400,2453,2080,2192,2177,2323,3382,1899,78,2323,365,2387,117
20260405,prepaid,NKF,0,1518,1518,2112,0,2063,2013,2181,2110,2332,2264,1957,116,2332,197,2265,0
20260217,prepaid,CLQ,6,1577,1992,2004,2029,2055,2124,2209,2207,2333,3421,1857,63,2333,221,2221,58
20260111,prepaid,NKF,4,1367,1955,1978,1526,1547,2029,2191,2133,2340,2330,1962,94,2340,199,2342,62
20260226,prepaid,CLQ,11,1458,1796,1805,1912,1942,2155,2237,2228,2341,3241,1983,57,2341,164,2156,48
20260113,prepaid,NKF,9,1976,2502,2507,2444,2500,2086,2196,2193,2356,2263,1962,64,2356,174,2386,61
20260317,prepaid,CLQ,12,1571,2012,2028,2080,2111,2131,2228,2230,2364,2613,1835,61,2364,245,2034,82
20260318,prepaid,MAX,8,1286,1591,1701,1697,1735,2103,2215,2187,2365,2224,2028,80,2365,140,2205,52
20260216,prepaid,MAM,5,1611,2477,2485,2482,2510,2068,2188,2203,2367,2188,1963,60,2367,45,2087,25
20260402,prepaid,CLQ,0,1792,3438,16022,1557,2120,2110,2222,2227,2375,2747,1902,74,2375,264,2135,79
20260218,prepaid,MAM,2,1335,2700,2718,2138,2162,2184,2270,2252,2376,2300,2096,49,2376,53,2067,26
20260308,prepaid,CLQ,19,1234,2121,2123,1468,1506,2120,2271,2205,2395,3205,1986,115,2395,329,2488,126
20260202,prepaid,CLQ,24,3007,3535,3557,4141,4213,2189,2280,2286,2403,3274,1920,51,2403,295,2213,94
20260303,prepaid,CLQ,11,1267,1882,1889,1670,1703,2174,2307,2251,2409,3388,2074,82,2409,443,2406,175
20260220,prepaid,CLQ,4,1630,2117,2130,1968,1994,2225,2307,2302,2418,3307,1953,61,2418,165,2477,48
20260305,prepaid,MAX,8,1438,1743,1917,1989,2020,2147,2274,2261,2425,2013,1768,71,2425,174,1861,38
20260326,prepaid,CLQ,2,1431,1892,1907,1725,1770,2194,2313,2284,2426,2747,1944,78,2426,275,2386,91
20260314,prepaid,CLQ,14,1828,2421,2430,2298,2345,2198,2302,2313,2445,2942,1930,65,2445,361,2404,134
20260128,prepaid,NKF,22,1969,2404,2419,2802,2872,2132,2268,2245,2447,2297,1994,76,2447,232,2545,52
20260203,prepaid,NKF,7,2118,2543,2568,2802,2859,2153,2287,2263,2453,2324,2054,71,2453,153,2341,51
20260203,prepaid,CLQ,13,1788,2330,2339,2253,2291,2251,2356,2329,2457,3506,2032,68,2457,318,2434,98
20260127,prepaid,NKF,22,4990,5907,5935,6122,6216,2092,2206,2269,2466,2063,1843,73,2466,95,2188,36
20260208,prepaid,CLQ,5,1223,2379,2389,1617,1635,2231,2359,2315,2475,3361,2070,82,2475,390,2617,125
20260307,prepaid,CLQ,19,1896,2346,2355,2547,2600,2225,2337,2328,2480,3257,1982,79,2480,238,2111,89
20260319,prepaid,CLQ,10,1141,1616,1631,1492,1517,2213,2318,2341,2481,3605,1974,60,2481,270,2362,113
20260119,prepaid,CLQ,17,2151,2718,2740,2848,2883,2226,2331,2352,2483,3020,1913,67,2483,250,2304,93
20260404,prepaid,NKF,0,2108,2562,2753,201,2743,2113,2267,2259,2484,2299,2048,95,2484,156,2388,74
20260309,prepaid,CLQ,27,2565,3290,3306,3478,3537,2192,2308,2333,2494,3068,1927,80,2494,334,2604,114
20260216,prepaid,CLQ,24,2671,3156,3180,3881,3931,2216,2333,2353,2499,3248,1849,81,2499,207,2143,81
20260215,prepaid,CLQ,2,816,1971,1976,1128,1140,2260,2379,2332,2501,3466,2034,98,2501,298,2436,83
20260131,prepaid,CLQ,6,1994,2449,2460,2422,2442,2285,2379,2373,2501,3281,2070,69,2501,449,2886,162
20260115,prepaid,NKF,8,1892,2483,2497,2535,2578,2224,2361,2316,2503,2508,2056,87,2503,178,2196,62
20260302,prepaid,CLQ,23,2413,3029,3042,3335,3380,2271,2387,2365,2508,3195,2038,66,2508,195,2176,87
20260225,prepaid,MAM,9,935,2025,2038,2456,2494,2254,2337,2357,2516,2348,2121,52,2516,63,2422,27
20260321,prepaid,NKF,7,1864,2472,2484,2343,2387,2141,2315,2271,2525,2379,2046,109,2525,222,2390,128
20260329,prepaid,NKF,1,1357,2034,2061,1681,1744,2127,2348,2237,2528,2427,2117,151,2528,164,2376,61
20260325,prepaid,CLQ,3,1611,1942,1953,1962,2002,2324,2419,2412,2535,2932,2083,65,2535,302,2301,112
20260313,prepaid,CLQ,15,1809,2336,2352,2242,2283,2301,2423,2388,2545,3414,2048,62,2545,397,2414,140
20260218,prepaid,BRP,0,3,3,2655,0,3,1414,1841,1639,2551,2126,1495,345,2551,165,1894,112
20260209,prepaid,CLQ,23,3600,4463,4491,4767,4839,2282,2393,2404,2553,3470,2000,86,2553,339,2441,88
20260324,prepaid,NKF,8,1822,2446,2471,2416,2488,2197,2337,2345,2554,2283,2009,94,2554,131,2202,55
20260316,prepaid,CLQ,33,2450,2978,2990,3387,3464,2271,2406,2386,2554,2480,1993,81,2554,251,2024,81
20260331,prepaid,NKF,0,1777,2389,2418,2176,2304,1777,2236,2001,2556,2168,1936,366,2556,122,2279,59
20260110,prepaid,NKF,15,1909,2367,2384,2272,2319,2256,2414,2358,2562,2489,2172,89,2562,120,2420,53
20260304,prepaid,TMG,10,2200,3446,3461,4064,4131,2237,2398,2345,2562,2986,2178,104,2562,696,3212,102
20260228,prepaid,MAM,7,1344,2778,2804,2857,2892,2331,2438,2408,2564,2486,2263,59,2564,60,2447,29
20260201,prepaid,NKF,6,1384,2025,2052,1735,1764,2271,2434,2362,2577,2506,2179,113,2577,232,2716,85
20260205,prepaid,MAX,14,855,1279,1386,1360,1395,2379,2495,2443,2597,2522,2325,56,2597,174,2549,80
20260206,prepaid,MAX,9,816,1077,1177,1230,1256,2372,2471,2459,2598,2508,2310,59,2598,145,2422,67
20260303,prepaid,NKF,17,1917,2622,2635,2760,2827,2342,2467,2438,2600,2621,2226,67,2600,250,2438,122
20260116,prepaid,NKF,12,2561,3091,3105,3211,3274,2295,2448,2409,2604,2315,2024,79,2604,122,2540,47
20260320,prepaid,NKF,6,2216,2793,2811,2822,2877,2235,2397,2362,2606,2389,2099,91,2606,192,2449,74
20260219,prepaid,CLQ,8,1386,1740,1749,1707,1732,2395,2482,2486,2611,3613,2127,68,2611,197,2415,66
20260319,prepaid,SDL,37,4703,5179,5293,4888,5111,2136,2313,2332,2624,10191,1908,114,2624,225,2564,109
20260113,prepaid,MAX,6,1606,1842,2054,1931,1956,2349,2455,2432,2628,2491,2269,75,2628,95,2407,44
20260207,prepaid,CLQ,13,2017,2537,2555,2497,2529,2392,2513,2488,2638,3567,2159,77,2638,347,2536,125
20260112,prepaid,NKF,9,3108,3725,3744,3809,3870,2323,2465,2465,2655,2427,2151,75,2655,146,2406,67
20260322,prepaid,NKF,6,1347,2137,2142,1787,1830,2294,2478,2399,2655,2556,2199,133,2655,248,2604,101
20260206,prepaid,CLQ,12,1913,2429,2453,2309,2349,2433,2546,2517,2661,3950,2206,61,2661,396,2760,131
20260312,prepaid,CLQ,16,1669,2109,2117,2208,2255,2417,2532,2523,2665,3404,2162,75,2665,433,2511,160
20260311,prepaid,CLQ,32,1858,2366,2382,2360,2420,2405,2536,2495,2667,3477,2141,72,2667,447,2609,123
20260328,prepaid,NKF,7,1898,2424,2456,2414,2515,2296,2487,2428,2674,2458,2195,116,2674,139,2451,77
20260123,prepaid,NKF,13,2083,2503,2509,2485,2529,2379,2540,2472,2678,2718,2301,76,2678,273,3022,84
20260312,prepaid,MAM,20,3841,7809,7979,5367,5467,2454,2558,2514,2679,2570,2395,57,2679,122,2456,43
20260108,prepaid,NKF,13,2066,2496,2505,2475,2526,2440,2564,2521,2680,2721,2378,61,2680,146,2316,80
20260120,prepaid,NKF,22,2182,2471,2482,2720,2770,2360,2481,2494,2684,2460,2198,83,2684,152,2690,60
20260205,prepaid,NKF,2,175,411,430,385,401,2422,2536,2524,2686,2523,2280,68,2686,157,2515,48
20260210,prepaid,CLQ,18,2419,3001,3019,3199,3243,2425,2553,2525,2690,3856,2183,97,2690,433,2724,107
20260403,prepaid,NKF,0,1637,2203,2250,1215,2218,2294,2470,2455,2702,2506,2251,95,2702,151,2466,64
20260330,prepaid,NKF,4,2516,3070,3090,3144,3284,2163,2445,2353,2718,2439,2140,211,2718,139,2358,70
20260118,prepaid,NKF,9,1383,2005,2017,1725,1750,2401,2582,2501,2726,2693,2320,99,2726,200,2796,81
20260117,prepaid,NKF,14,2116,2709,2715,2577,2633,2419,2563,2523,2734,2601,2287,80,2734,148,2353,56
20260109,prepaid,NKF,6,1832,2238,2247,2202,2247,2488,2614,2578,2754,2675,2361,74,2754,152,2731,55
20260129,prepaid,CLQ,6,1506,1846,1865,1936,1965,2585,2667,2653,2754,3706,2443,48,2754,277,2470,89
20260202,prepaid,NKF,14,2942,3683,3709,3634,3706,2382,2524,2557,2761,2445,2209,72,2761,138,2575,56
20260318,prepaid,CLQ,17,1464,1846,1866,1900,1932,2499,2660,2578,2772,3531,2291,101,2772,302,2599,107
20260214,prepaid,CLQ,20,1849,2270,2278,2263,2299,2512,2647,2610,2780,3816,2292,93,2780,321,2637,115
20260306,prepaid,NKF,22,2301,3003,3039,3375,3449,2453,2582,2588,2785,2407,2047,80,2785,175,2132,60
20260317,prepaid,NKF,17,2039,2572,2586,2604,2670,2467,2598,2600,2787,2548,2238,74,2787,188,2552,85
20260326,prepaid,NKF,3,1815,2372,2394,2294,2362,2451,2601,2574,2789,2626,2302,92,2789,165,2721,89
20260323,prepaid,NKF,6,2670,3304,3324,3502,3581,2388,2535,2570,2791,2486,2156,92,2791,171,2432,84
20260327,prepaid,NKF,6,1853,2454,2476,2337,2412,2467,2621,2575,2796,2636,2335,93,2796,174,2693,77
20260218,prepaid,CLQ,10,1685,2023,2039,2110,2137,2570,2672,2668,2804,3847,2339,65,2804,252,2392,73
20260107,prepaid,NKF,9,1998,2449,2455,2308,2351,2557,2682,2646,2807,2895,2535,62,2807,146,1952,81
20260111,prepaid,MAX,11,1964,2211,2442,2360,2413,2444,2628,2542,2819,2737,2426,127,2819,182,2668,53
20260205,prepaid,CLQ,9,1938,2382,2401,2381,2412,2614,2731,2708,2851,3820,2336,65,2851,331,2607,108
20260404,prepaid,MAX,0,4299,5507,6172,83,6413,2580,2708,2675,2875,2730,2511,89,2875,122,2494,54
20260114,prepaid,NKF,11,1207,1752,1759,1607,1643,2602,2748,2692,2882,2858,2498,76,2882,212,2657,80
20260204,prepaid,CLQ,14,1824,2289,2300,2373,2414,2662,2778,2749,2887,4054,2481,71,2887,378,2596,117
20260313,prepaid,MAM,40,4540,8920,8979,8410,8594,2574,2747,2662,2898,2840,2586,107,2898,144,2768,52
20260319,prepaid,NKF,10,1421,2007,2021,1939,1992,2538,2711,2655,2900,2735,2418,102,2900,176,2772,95
20260112,prepaid,MAX,6,1556,1914,2118,1791,1826,2513,2642,2684,2903,2634,2350,87,2903,153,2737,67
20260301,prepaid,MAM,2,1255,2108,2114,2630,2660,2695,2840,2742,2933,2897,2623,91,2933,66,2853,24
20260125,prepaid,NKF,7,1813,2364,2374,2051,2076,2622,2818,2698,2940,2909,2559,116,2940,225,2716,78
20260224,prepaid,MAM,2,904,2353,2371,2150,2176,2640,2743,2749,2943,2679,2457,88,2943,60,2720,32
20260302,prepaid,NKF,21,2978,3755,3779,3834,3926,2602,2741,2763,2956,2750,2461,76,2956,186,2847,97
20260130,prepaid,CLQ,12,1795,2233,2251,2150,2197,2758,2874,2817,2959,3686,2500,61,2959,225,2520,80
20260119,prepaid,NKF,14,3357,3944,3959,4124,4190,2584,2738,2741,2966,2707,2392,88,2966,174,2777,84
20260405,prepaid,MAX,0,3203,3203,4627,0,4598,2615,2800,2713,2974,3072,2613,115,2974,181,2451,0
20260126,prepaid,NKF,8,633,1443,1446,804,821,2591,2767,2723,2980,2849,2459,123,2980,184,2479,69
20260224,prepaid,NKF,9,2296,2909,2941,2959,3026,2685,2807,2806,2991,2708,2472,68,2991,160,2806,68
20260303,prepaid,MAM,3,600,1325,1353,1247,1264,2732,2846,2817,3004,2887,2630,70,3004,166,2964,48
20260315,prepaid,NKF,10,1865,2627,2642,2254,2298,2616,2817,2735,3008,2912,2485,148,3008,274,2864,96
20260320,prepaid,SDL,26,4478,4868,4978,4757,4996,2523,2737,2696,3011,10043,2397,119,3011,329,2877,169
20260122,prepaid,NKF,11,2301,2716,2727,2709,2761,2725,2861,2825,3019,2874,2573,70,3019,169,2675,74
20260305,prepaid,MAM,1,869,1881,1900,1638,1659,2708,2832,2833,3021,2496,2322,80,3021,154,2165,61
20260206,prepaid,TMG,19,2478,3581,3592,3244,3318,2745,2867,2834,3026,2932,2686,80,3026,68,2776,28
20260124,prepaid,NKF,9,2180,2626,2628,2564,2601,2726,2851,2867,3028,2716,2443,72,3028,207,2828,92
20260213,prepaid,CLQ,6,1758,2267,2280,2337,2353,2725,2847,2877,3032,4108,2469,67,3032,384,2924,147
20260325,prepaid,NKF,8,1906,2466,2488,2495,2575,2691,2860,2810,3038,2891,2566,90,3038,178,2796,78
20260316,prepaid,NKF,18,2792,3382,3396,3572,3650,2632,2791,2815,3040,2738,2368,112,3040,242,2719,92
20260110,prepaid,MAX,5,2005,2495,2806,2375,2413,2719,2873,2812,3040,2954,2676,96,3040,137,2933,53
20260301,prepaid,NKF,12,1677,2641,2657,2110,2148,2716,2893,2824,3051,2952,2644,113,3051,150,3058,64
20260313,prepaid,NKF,17,2233,2831,2844,2727,2798,2690,2862,2835,3071,2952,2536,95,3071,276,3136,89
20260209,prepaid,NKF,16,4460,5554,5627,5558,5660,2784,2938,2883,3072,3002,2669,96,3072,215,2653,84
20260402,prepaid,NKF,0,1713,2271,2318,1822,2263,2249,2405,2831,3078,2389,2140,116,3078,127,2603,71
20260405,prepaid,MAM,0,1344,1344,2444,0,2327,2553,2814,2697,3101,2914,2507,187,3101,208,2888,0
20260204,prepaid,NKF,5,356,552,572,806,838,2808,2957,2921,3116,2952,2688,72,3116,180,2850,51
20260221,prepaid,MAM,2,1566,2975,3018,3069,3113,2908,3038,2968,3149,3062,2850,80,3149,55,2955,31
20260310,prepaid,NKF,16,2403,2990,3005,3290,3355,2774,2943,2926,3159,2991,2601,97,3159,263,3139,107
20260121,prepaid,NKF,12,1851,2353,2375,2086,2128,2848,2993,2965,3167,3079,2737,82,3167,185,2874,71
20260314,prepaid,NKF,12,2218,2779,2792,2748,2802,2759,2971,2891,3172,2944,2568,130,3172,265,2929,112
20260302,prepaid,MAM,6,1062,1930,1951,1879,1904,2852,2972,2991,3176,2946,2709,67,3176,75,2996,46
20260109,prepaid,MAX,7,2015,2423,2683,2421,2464,2880,3010,2992,3205,3024,2763,85,3205,129,3123,57
20260204,prepaid,TMG,5,2640,3567,3583,3546,3627,2867,2994,2984,3205,2995,2755,96,3205,69,3009,32
20260131,prepaid,NKF,9,2078,2649,2683,2585,2626,2871,3007,2991,3207,2981,2693,85,3207,168,3145,68
20260318,prepaid,NKF,2,1863,2487,2508,2337,2382,2877,3065,2984,3222,3078,2763,115,3222,231,3063,104
20260222,prepaid,NKF,7,1654,2499,2512,2015,2046,2851,3038,2972,3240,3105,2707,101,3240,227,3241,80
20260401,prepaid,NKF,0,1872,2459,2476,2288,2529,2143,2764,2453,3241,2808,2535,544,3241,157,2724,62
20260211,prepaid,CLQ,9,1907,2418,2444,2473,2512,2974,3107,3077,3245,4480,2756,87,3245,463,3010,131
20260304,prepaid,SDL,11,700,1543,1574,969,1009,2745,3010,2896,3248,7995,2448,145,3248,1247,4842,293
20260223,prepaid,NKF,13,3103,3834,3846,3981,4056,2862,2999,3045,3253,3002,2645,73,3253,175,3003,78
20260404,prepaid,MAM,0,1313,2211,2238,54,2757,2696,2913,2922,3297,2921,2594,156,3297,179,3070,77
20260228,prepaid,NKF,15,2261,2949,2966,2819,2893,2953,3128,3075,3310,3113,2819,94,3310,131,3151,65
20260305,prepaid,CLQ,21,2278,3090,3099,2920,2977,2982,3146,3108,3312,3752,2235,94,3312,348,2443,117
20260308,prepaid,NKF,10,1784,2700,2714,2295,2339,2981,3175,3077,3337,3288,2811,126,3337,273,3347,98
20260226,prepaid,NKF,19,2460,2984,2994,3060,3126,3018,3182,3117,3341,3247,2917,79,3341,199,3183,64
20260225,prepaid,NKF,11,2482,3191,3203,3077,3138,3047,3182,3150,3351,3202,2922,68,3351,163,3173,68
20260309,prepaid,NKF,17,3039,3852,3872,3834,3907,2959,3141,3113,3370,3040,2680,107,3370,273,3399,114
20260318,prepaid,SDL,51,5041,5470,5541,5173,5413,2759,2973,3018,3385,11738,2395,139,3385,258,3216,117
20260203,prepaid,TMG,1,890,1878,1892,1059,1075,3008,3156,3143,3404,3173,2924,98,3404,66,3180,30
20260227,prepaid,NKF,15,2293,2966,2984,2808,2869,3062,3229,3181,3410,3234,2917,80,3410,164,3167,54
20260311,prepaid,NKF,15,2222,2798,2822,2752,2814,3056,3226,3178,3417,3271,2870,105,3417,272,3255,103
20260222,prepaid,MAM,6,1468,2673,2705,2893,2932,3124,3317,3183,3430,3435,3130,120,3430,93,3359,47
20260403,prepaid,MAM,0,1306,2671,2693,1147,3201,2695,2970,2974,3437,2972,2618,180,3437,168,3102,85
20260130,prepaid,NKF,15,1939,2481,2508,2543,2592,3049,3228,3196,3447,3201,2891,113,3447,158,3276,56
20260207,prepaid,TMG,14,2666,3464,3473,3684,3768,3167,3287,3262,3448,3337,3072,76,3448,75,3386,34
20260312,prepaid,NKF,12,2235,2781,2803,2765,2814,3081,3245,3210,3449,3230,2862,105,3449,273,3147,121
20260301,prepaid,TMG,5,2689,3613,3635,3489,3557,3079,3269,3186,3463,3340,3022,123,3463,130,3479,35
20260212,prepaid,CLQ,13,1800,2368,2388,2322,2361,3164,3319,3272,3464,4428,2843,89,3464,405,3278,125
20260210,prepaid,NKF,11,3327,4287,4349,4296,4354,3124,3311,3265,3496,3392,3016,109,3496,263,3331,106
20260307,prepaid,NKF,16,2406,3065,3105,3078,3141,3112,3322,3240,3505,3273,2903,122,3505,261,3044,103
20260208,prepaid,TMG,10,2626,3473,3478,3344,3422,3165,3357,3247,3513,3466,3147,122,3513,151,3538,71
20260303,prepaid,TMG,3,2643,4736,4767,3113,3202,3146,3310,3262,3516,3366,3046,112,3516,190,3349,64
20260219,prepaid,TMG,11,2898,3793,3818,3683,3765,3162,3310,3275,3537,3359,3057,110,3537,210,3325,44
20260128,prepaid,TMG,34,3208,4038,4054,3927,4048,3188,3341,3312,3564,3321,3086,102,3564,74,3501,37
20260218,prepaid,TMG,8,3121,3990,4000,4012,4093,3242,3386,3374,3630,3402,3125,85,3630,88,3348,42
20260401,prepaid,MAM,0,1456,3118,3137,2416,2870,2053,2685,2623,3630,2632,2295,619,3630,147,2748,80
20260217,prepaid,TMG,6,2986,3958,4006,3651,3726,3205,3343,3365,3634,3356,3074,110,3634,94,3365,43
20260223,prepaid,MAM,4,1263,2778,2812,2380,2410,3255,3385,3431,3642,3406,3099,90,3642,92,3541,34
20260131,prepaid,TMG,4,2327,3205,3219,3065,3133,3312,3441,3445,3665,3492,3192,85,3665,107,3612,59
20260130,prepaid,TMG,13,2543,3350,3362,3479,3543,3346,3495,3445,3674,3512,3250,91,3674,81,3836,56
20260108,prepaid,MAX,2,2052,2506,2787,2472,2499,3341,3473,3454,3679,3602,3262,89,3679,136,3396,60
20260209,prepaid,TMG,14,2609,3686,3696,3375,3456,3303,3452,3465,3682,3505,3194,105,3682,141,3537,46
20260223,prepaid,TMG,4,2676,3496,3506,3487,3549,3231,3402,3412,3689,3425,3113,117,3689,122,3502,38
20260314,prepaid,MAM,33,7160,12533,12584,11169,11345,3286,3504,3407,3696,3645,3266,105,3696,181,3404,75
20260225,prepaid,TMG,11,2683,3558,3571,3534,3604,3312,3483,3432,3704,3516,3242,120,3704,83,3529,27
20260129,prepaid,TMG,23,2843,3832,3857,3586,3672,3329,3481,3461,3709,3551,3248,110,3709,147,3688,76
20260331,prepaid,MAM,0,1630,3010,3035,2743,3035,2331,3051,2664,3718,2954,2581,647,3718,153,3281,91
20260127,prepaid,TMG,23,2567,3418,3443,3598,3691,3271,3428,3456,3723,3366,3102,98,3723,84,3003,42
20260402,prepaid,MAM,0,1299,3137,3161,1820,2827,2610,2891,3234,3744,2906,2550,196,3744,172,3018,75
20260212,prepaid,TMG,9,2981,3934,3947,3688,3768,3349,3539,3466,3750,3653,3302,113,3750,231,3751,48
20260309,prepaid,TMG,18,2495,3514,3538,3380,3470,3266,3446,3472,3772,3465,3114,137,3772,149,3747,58
20260221,prepaid,NKF,10,2191,2715,2733,2791,2847,3327,3533,3479,3776,3508,3158,113,3776,200,3630,77
20260222,prepaid,TMG,9,2594,3467,3477,3250,3313,3338,3550,3464,3780,3551,3227,159,3780,124,3789,45
20260107,prepaid,MAX,10,2084,2520,2902,2607,2660,3455,3602,3549,3782,3806,3471,91,3782,132,3050,60
20260118,prepaid,TMG,13,2610,3732,3745,3923,3999,3288,3498,3452,3791,3572,3184,156,3791,173,3773,67
20260227,prepaid,TMG,6,2452,3314,3331,3132,3207,3444,3597,3555,3803,3661,3344,104,3803,85,3673,46
20260211,prepaid,TMG,12,3143,3930,3965,4084,4173,3421,3587,3557,3805,3599,3322,102,3805,128,3575,64
20260305,prepaid,NKF,14,2859,3928,3947,3713,3785,3398,3592,3555,3805,3019,2552,96,3805,350,2698,118
20260202,prepaid,TMG,11,1970,2154,2167,2941,3004,3362,3549,3525,3806,3537,3269,110,3806,115,3647,50
20260201,prepaid,TMG,6,2188,3217,3225,3004,3062,3429,3617,3532,3807,3708,3385,111,3807,129,3729,68
20260224,prepaid,TMG,11,3287,4208,4223,4026,4108,3415,3564,3559,3821,3538,3263,108,3821,90,3478,35
20260125,prepaid,TMG,7,2390,3324,3335,3216,3284,3382,3617,3489,3825,3674,3328,147,3825,138,3523,55
20260321,prepaid,SDL,22,4025,4397,4476,4211,4385,3300,3575,3468,3827,10575,3075,135,3827,366,3513,217
20260210,prepaid,TMG,8,3227,4251,4302,4216,4299,3464,3634,3572,3828,3645,3346,105,3828,104,3540,46
20260228,prepaid,TMG,11,2650,3519,3528,3429,3511,3485,3625,3609,3837,3642,3356,86,3837,89,3713,36
20260308,prepaid,SDL,37,3393,4588,4651,3587,3729,3243,3523,3422,3855,11048,2977,171,3855,388,3855,142
20260119,prepaid,TMG,10,2693,3761,3775,3752,3817,3375,3573,3566,3881,3579,3225,142,3881,142,3864,69
20260226,prepaid,TMG,11,2789,3544,3556,3588,3663,3547,3702,3669,3913,3739,3457,85,3913,72,3675,26
20260403,prepaid,TMG,0,2125,3835,3854,1865,3795,3294,3518,3538,3914,3622,3234,148,3914,272,3755,85
20260121,prepaid,TMG,13,2823,3713,3730,3806,3894,3604,3806,3676,3930,3808,3471,109,3930,115,3794,46
20260126,prepaid,TMG,20,2267,3392,3406,3124,3202,3449,3653,3644,3953,3700,3343,129,3953,108,3321,50
20260302,prepaid,TMG,5,2825,3676,3696,3664,3748,3534,3710,3690,3955,3752,3439,108,3955,125,3753,65
20260221,prepaid,TMG,9,2311,3028,3038,3117,3178,3572,3746,3698,3991,3792,3423,120,3991,122,3736,49
20260311,prepaid,TMG,40,2986,4420,4432,4278,4421,3537,3741,3678,4000,3777,3427,144,4000,252,3936,92
20260304,prepaid,SRS,29,1326,4097,4336,3322,3416,3254,3584,3484,4010,5673,3029,264,4010,1236,5009,320
20260220,prepaid,TMG,6,2639,3507,3519,3464,3535,3629,3795,3744,4034,3882,3530,104,4034,141,3697,41
20260216,prepaid,TMG,9,2370,3111,3131,3005,3064,3508,3702,3712,4040,3657,3348,142,4040,129,3725,67
20260310,prepaid,TMG,18,2937,4371,4387,3855,3956,3639,3814,3761,4043,3863,3510,129,4043,184,3829,72
20260215,prepaid,TMG,6,2439,3130,3135,3348,3402,3558,3814,3678,4054,3936,3547,153,4054,154,3983,54
20260316,prepaid,TMG,37,2613,3560,3569,3819,3946,3529,3743,3729,4102,3750,3348,178,4102,237,3717,86
20260217,prepaid,NKF,9,2716,3685,3713,3599,3662,3644,3835,3830,4108,3894,3425,107,4108,288,3827,107
20260312,prepaid,TMG,15,2856,4670,4684,4176,4290,3634,3838,3799,4113,3870,3529,152,4113,234,3891,79
20260115,prepaid,TMG,17,2416,3534,3555,3532,3612,3619,3866,3754,4135,3960,3562,163,4135,139,3653,58
20260129,prepaid,NKF,15,1896,2556,2593,2399,2447,3759,3943,3892,4142,4022,3643,100,4142,226,3697,92
20260319,prepaid,TMG,19,3058,4137,4163,4208,4320,3683,3887,3830,4144,3914,3528,142,4144,159,3815,76
20260215,prepaid,NKF,19,2337,3472,3490,2904,2960,3648,3915,3810,4148,4146,3527,169,4148,401,4170,113
20260122,prepaid,TMG,7,2954,3813,3828,3788,3842,3660,3832,3857,4171,3851,3544,138,4171,100,3928,53
20260308,prepaid,TMG,20,3064,4034,4060,3859,3957,3645,3875,3795,4171,3889,3526,163,4171,175,4471,86
20260219,prepaid,NKF,8,2756,3367,3381,3517,3569,3733,3935,3898,4181,3971,3542,103,4181,271,4042,93
20260123,prepaid,TMG,15,2600,3567,3581,3376,3458,3695,3929,3838,4208,4044,3659,141,4208,191,4137,67
20260120,prepaid,TMG,22,3354,4425,4442,4334,4420,3766,3935,3931,4227,3994,3615,129,4227,132,3911,70
20260107,prepaid,TMG,8,3201,4740,4760,4427,4533,3815,3996,3966,4228,4278,3793,122,4228,273,3265,82
20260313,prepaid,TMG,13,2599,3239,3301,4329,4412,3753,3978,3889,4228,4048,3659,152,4228,205,3974,72
20260314,prepaid,TMG,15,2457,3778,3797,3034,3099,3734,3950,3899,4236,4000,3601,155,4236,241,4104,91
20260214,prepaid,TMG,9,2568,3534,3568,3256,3314,3805,3986,3953,4254,4018,3677,110,4254,117,3997,58
20260114,prepaid,TMG,10,2718,3941,3956,3849,3929,3771,3985,3926,4267,4046,3698,131,4267,157,4054,72
20260111,prepaid,TMG,27,3033,4275,4283,3900,4001,3755,4019,3897,4269,4150,3718,172,4269,183,4133,70
20260117,prepaid,TMG,13,2440,3831,3845,3410,3496,3749,3949,3940,4277,4015,3622,136,4277,135,3683,63
20260305,prepaid,TMG,28,3335,4518,4533,4909,5036,3791,4043,3929,4283,3639,3271,141,4283,247,3460,47
20260317,prepaid,TMG,29,3169,4572,4588,4016,4114,3779,3980,3969,4290,3970,3606,136,4290,220,3795,77
20260306,prepaid,TMG,9,2808,3909,3923,3906,3990,3747,3946,3955,4290,3874,3548,134,4290,185,3271,47
20260220,prepaid,NKF,11,2320,2933,2957,2894,2949,3829,4024,4006,4291,3958,3601,93,4291,182,4019,65
20260330,prepaid,MAM,0,1455,2789,2801,2792,2938,3107,3536,3537,4308,3346,2893,381,4308,173,3898,83
20260116,prepaid,TMG,11,2628,3674,3691,3693,3766,3770,3986,3951,4317,4055,3656,160,4317,165,4299,86
20260214,prepaid,NKF,18,3321,4226,4249,4172,4260,3844,4094,3996,4328,4117,3657,147,4328,299,4138,139
20260124,prepaid,TMG,14,2483,3378,3383,3385,3455,3875,4024,4085,4347,4007,3681,107,4347,128,3934,61
20260405,prepaid,TMG,0,3116,3116,4421,0,4456,3726,4019,3926,4373,4147,3686,189,4373,254,4107,0
20260113,prepaid,TMG,13,3053,4263,4278,3992,4070,3863,4065,4050,4375,4173,3795,158,4375,149,3961,63
20260322,prepaid,TMG,17,2639,3688,3702,3761,3841,3809,4065,3992,4393,4155,3655,193,4393,210,4174,93
20260324,prepaid,TMG,30,3405,5105,5132,4915,5049,3833,4046,4044,4395,4047,3668,148,4395,189,4161,68
20260213,prepaid,NKF,25,3217,4126,4147,4142,4228,3952,4152,4116,4395,4192,3698,121,4395,312,4251,113
20260317,prepaid,SDL,50,3877,4282,4360,3936,4120,3690,3957,3959,4396,13377,3186,162,4396,389,4161,173
20260318,prepaid,TMG,15,3190,4447,4459,4502,4589,3939,4149,4104,4404,4223,3819,124,4404,169,4013,74
20260320,prepaid,TMG,16,2697,3780,3786,3678,3776,3902,4144,4058,4407,4249,3813,161,4407,247,4434,115
20260108,prepaid,TMG,16,2836,3965,3976,4272,4375,4024,4196,4154,4422,4354,3913,105,4422,248,4053,72
20260315,prepaid,TMG,19,2669,3992,4008,3874,3979,3879,4140,4032,4436,4215,3782,173,4436,298,4177,93
20260322,prepaid,SDL,18,2285,3312,3390,2403,2518,3823,4145,4020,4438,11628,3539,196,4438,536,4361,243
20260321,prepaid,TMG,15,3671,4883,4901,4645,4754,3878,4161,4053,4445,4252,3757,191,4445,188,4284,97
20260212,prepaid,NKF,20,2950,3840,3852,3772,3835,4039,4271,4196,4499,4337,3847,113,4499,356,4429,110
20260404,prepaid,TMG,0,2647,3964,3991,207,4340,3902,4184,4086,4523,4264,3850,176,4523,265,4188,95
20260213,prepaid,TMG,15,2965,3708,3726,3839,3918,4077,4282,4222,4533,4333,3961,115,4533,127,4118,59
20260211,prepaid,NKF,23,3110,3983,3998,4036,4131,4131,4358,4270,4555,4502,4027,127,4555,286,4099,91
20260110,prepaid,TMG,16,3005,3974,3994,3826,3931,4098,4315,4254,4559,4456,3991,127,4559,150,4499,63
20260325,prepaid,TMG,17,3534,6062,6083,5095,5230,4029,4266,4221,4576,4363,3902,150,4576,169,4124,64
20260112,prepaid,TMG,11,2706,3724,3742,3855,3946,4052,4293,4263,4622,4357,3964,163,4622,181,4329,76
20260326,prepaid,TMG,17,3264,4825,4832,5627,5799,4095,4333,4282,4633,4362,3914,158,4633,182,4174,89
20260216,prepaid,NKF,24,4362,5348,5384,5611,5705,4054,4307,4309,4646,4109,3679,130,4646,259,4121,101
20260307,prepaid,SDL,55,5674,6234,6348,5998,6260,4006,4253,4281,4683,13111,3535,138,4683,304,3902,160
20260402,prepaid,SDL,0,4385,4810,4887,1470,4937,3879,4142,4273,4708,12800,3507,173,4708,331,4627,172
20260323,prepaid,TMG,17,2894,4545,6071,3882,3954,4114,4373,4347,4749,4287,3888,185,4749,186,4386,74
20260303,prepaid,SDL,34,3764,4253,4329,4098,4303,4138,4446,4375,4807,12708,3796,156,4807,447,4984,229
20260109,prepaid,TMG,13,3045,3971,3988,4092,4174,4475,4676,4611,4908,4812,4364,113,4908,185,4542,86
20260203,prepaid,SRS,61,3809,7233,7603,7397,7661,4042,4353,4339,4924,6864,3700,262,4924,336,4559,190
20260218,prepaid,NKF,18,2823,3601,3619,3799,3860,4490,4728,4662,4972,4723,4283,111,4972,245,4556,99
20260128,prepaid,SRS,63,2249,4771,4969,6701,6891,4066,4393,4413,4998,6394,3597,260,4998,349,4436,166
20260129,prepaid,SRS,44,2231,4383,4544,4955,5099,4159,4474,4478,5017,6532,3765,230,5017,317,4350,167
20260329,prepaid,MAM,1,1155,2494,2499,2045,2167,3998,4433,4296,5025,4411,3805,335,5025,293,4972,110
20260306,prepaid,SDL,50,4575,5168,5305,5155,5418,4267,4601,4531,5027,13372,3793,202,5027,382,4438,165
20260307,prepaid,TMG,9,2501,3398,3420,3523,3603,4565,4788,4717,5052,4887,4496,143,5052,197,4562,80
20260204,prepaid,SRS,50,4059,6897,7107,7288,7484,4241,4529,4539,5059,7114,3924,225,5059,402,4494,204
20260405,prepaid,SDL,0,2481,2481,3437,0,2681,4338,4691,4576,5088,12782,4045,228,5088,466,4998,0
20260324,prepaid,SDL,30,6224,7026,7173,6940,7216,4367,4695,4642,5124,14155,3866,197,5124,388,4690,153
20260323,prepaid,SDL,42,8241,9241,9433,8964,9341,4446,4774,4723,5148,13362,3941,169,5148,447,4655,174
20260226,prepaid,SDL,40,4710,5183,5257,5166,5369,4531,4820,4753,5175,12835,4098,156,5175,264,4858,129
20260327,prepaid,TMG,11,3389,5317,5367,4802,4949,4617,4898,4790,5188,5039,4511,196,5188,183,4745,101
20260403,prepaid,SDL,0,4275,4658,4757,603,4715,4430,4801,4673,5190,13024,4152,170,5190,388,5103,175
20260130,prepaid,SRS,41,2173,4242,4431,4381,4506,4358,4693,4635,5191,6994,4091,222,5191,304,4944,166
20260225,prepaid,SDL,46,5753,6432,6492,6222,6484,4568,4838,4820,5231,12848,4172,153,5231,253,4995,128
20260303,prepaid,SRS,47,2173,4669,4733,4514,4641,4305,4680,4618,5241,6580,3995,299,5241,526,5226,301
20260401,prepaid,SDL,1,4811,5405,5513,3279,5248,4186,4633,4597,5244,13632,3854,275,5244,304,4935,150
20260402,prepaid,TMG,0,2340,4007,4023,2941,3833,3700,3908,4825,5275,3930,3589,193,5275,210,4262,74
20260205,prepaid,SRS,52,3712,6593,6904,6441,6620,4526,4866,4761,5308,7658,4249,255,5308,369,4773,165
20260404,prepaid,SDL,0,4703,4879,5052,77,5138,4536,4888,4850,5353,13345,4142,180,5353,400,5185,201
20260329,prepaid,TMG,5,2969,4301,4316,4447,4614,4604,4990,4843,5406,5132,4551,273,5406,224,4812,79
20260326,prepaid,SDL,20,6127,6656,6756,6400,6702,4735,5051,4999,5474,13753,4365,172,5474,329,4968,168
20260219,prepaid,SDL,35,5398,5856,5925,5733,5952,4745,5028,5040,5478,11566,4238,191,5478,281,5067,150
20260224,prepaid,SDL,56,5500,6172,6245,6092,6362,4780,5041,5053,5481,13116,4179,150,5481,243,5120,134
20260131,prepaid,SRS,29,1604,2692,2832,3527,3626,4670,5013,4918,5505,7476,4366,248,5505,408,5189,235
20260306,prepaid,SRS,101,3783,7636,8022,8627,8932,4492,4872,4876,5543,7323,3984,318,5543,454,4815,184
20260325,prepaid,SDL,30,5592,6133,6210,6138,6423,4755,5083,5044,5544,13826,4326,187,5544,358,4808,143
20260328,prepaid,TMG,9,3732,5339,5361,5402,5599,4857,5207,5084,5559,5255,4730,220,5559,215,5171,122
20260222,prepaid,SDL,18,2461,3316,3381,2599,2723,4718,5129,4998,5563,11956,4387,241,5563,520,5746,305
20260201,prepaid,SRS,8,571,1826,1891,1041,1063,4762,5201,4963,5640,7556,4520,337,5640,503,5613,277
20260305,prepaid,SDL,55,6185,6951,7060,6813,7152,4862,5176,5183,5644,12521,3667,196,5644,453,4262,181
20260310,prepaid,SDL,75,5399,6092,6190,5995,6289,4918,5247,5193,5678,13480,4500,204,5678,451,5387,196
20260331,prepaid,TMG,0,2548,3289,3305,4085,4321,3862,4939,4300,5681,4965,4510,926,5681,223,5695,93
20260331,prepaid,SDL,3,4370,4798,4893,3817,4851,4672,5138,5012,5682,14707,4272,300,5682,292,5334,154
20260309,prepaid,SDL,85,7438,8352,8518,8472,8853,4945,5300,5196,5700,12590,4459,204,5700,393,5456,207
20260202,prepaid,SRS,64,4645,8829,9111,6324,6522,4695,5082,5091,5739,7278,4151,291,5739,330,5099,198
20260127,prepaid,SRS,79,3917,8512,8930,7912,8194,4628,5027,5069,5744,6629,3948,304,5744,350,4797,185
20260315,prepaid,MAM,61,6262,10335,10421,11411,11617,5144,5599,5260,5789,6177,5278,278,5789,639,5754,206
20260401,prepaid,TMG,0,2669,4162,4174,2954,3421,3570,4643,4319,5845,4610,4219,1016,5845,183,4738,98
20260223,prepaid,SDL,51,7170,8095,8207,7838,8134,5001,5328,5384,5856,12531,4345,168,5856,319,5505,159
20260308,prepaid,SRS,33,1067,3814,3938,2375,2462,4868,5369,5125,5879,7816,4744,392,5879,664,5523,275
20260316,prepaid,SDL,37,1669,1907,1956,1942,2052,5012,5368,5386,5895,14665,4352,215,5895,436,5444,219
20260307,prepaid,SRS,90,3389,6007,6645,7173,7456,4869,5285,5222,5922,7918,4499,326,5922,493,5271,265
20260115,prepaid,SRS,44,2409,5445,5637,5173,5354,4946,5392,5230,5958,9489,4423,311,5958,541,5337,235
20260301,prepaid,SDL,24,2280,3081,3141,2394,2520,5242,5592,5480,5965,14015,4773,195,5965,371,6007,188
20260220,prepaid,SDL,35,4393,4807,4858,4645,4839,5244,5584,5486,5967,12025,4798,187,5967,348,5673,175
20260123,prepaid,SRS,37,2516,4924,5133,4942,5103,4973,5410,5254,5982,8171,4683,316,5982,601,5857,260
20260302,prepaid,SDL,71,5805,6397,6504,6403,6743,5199,5520,5527,5985,14488,4532,176,5985,297,5815,178
20260312,prepaid,SDL,84,6063,6916,6992,6404,6725,5264,5603,5563,6029,14457,4799,188,6029,495,5820,231
20260315,prepaid,SDL,9,571,846,860,713,755,5180,5572,5466,6030,14652,4776,257,6030,662,6069,297
20260126,prepaid,SRS,17,799,3806,3962,1548,1600,4866,5329,5306,6071,7192,4420,366,6071,469,5122,239
20260125,prepaid,SRS,24,1453,2863,2963,2554,2630,5056,5606,5296,6094,7591,4846,388,6094,550,5828,299
20260311,prepaid,SDL,75,5455,6057,6169,5883,6145,5346,5703,5619,6124,13829,4891,194,6124,437,6034,200
20260118,prepaid,SRS,22,868,2970,3071,1864,1922,5018,5537,5337,6124,8319,4615,388,6124,575,6204,277
20260218,prepaid,SDL,58,5466,6008,6070,5665,5956,5296,5662,5620,6133,12642,4714,194,6133,324,5725,173
20260225,prepaid,SRS,54,3487,7369,7691,6461,6669,5116,5472,5458,6145,7020,4689,299,6145,355,5634,189
20260330,prepaid,TMG,1,3015,4792,4813,4189,4360,5114,5686,5423,6182,5625,5118,429,6182,200,5791,99
20260227,prepaid,SDL,37,4492,4854,4954,4711,4935,5520,5833,5735,6186,13915,4967,146,6186,318,5956,164
20260301,prepaid,SRS,17,682,2286,2402,2061,2111,5254,5728,5510,6240,7586,4981,362,6240,425,5946,206
20260122,prepaid,SRS,45,3102,5951,6188,5737,5881,5214,5636,5537,6262,10897,4869,335,6262,443,5389,232
20260121,prepaid,SRS,51,2869,5356,5600,5638,5815,5136,5539,5528,6264,9530,4693,330,6264,394,5718,217
20260120,prepaid,SRS,67,3526,6444,6672,7067,7295,5184,5583,5564,6266,8733,4676,306,6266,460,5695,228
20260210,prepaid,SRS,60,3477,7409,7705,7885,8165,5181,5585,5598,6270,7324,4720,342,6270,508,5929,237
20260228,prepaid,SDL,45,4149,4490,4573,4328,4560,5540,5888,5797,6274,14661,4961,173,6274,301,5934,167
20260221,prepaid,SDL,29,4369,4762,4819,4548,4783,5494,5870,5762,6278,12730,4957,191,6278,376,6131,205
20260217,prepaid,SDL,45,5282,5780,5838,5660,5872,5362,5683,5785,6285,13095,4748,204,6285,375,5816,187
20260329,prepaid,SDL,3,1993,2613,2660,2000,2156,5515,5966,5808,6412,14445,5189,244,6412,461,6497,207
20260226,prepaid,SRS,58,3084,5579,5800,6600,6806,5388,5784,5696,6413,7657,5035,354,6413,383,5872,200
20260114,prepaid,SRS,43,2257,5103,5273,4881,5033,5316,5752,5677,6431,8978,4798,321,6431,554,6072,279
20260119,prepaid,SRS,72,3646,7367,7694,6661,6847,5310,5762,5722,6449,8389,4701,287,6449,461,5570,232
20260206,prepaid,SRS,49,2962,6428,6968,5686,5823,5635,6012,5884,6466,8550,5275,247,6466,427,6002,218
20260207,prepaid,SRS,53,2872,5337,5557,6053,6223,5549,6001,5815,6490,8495,5236,310,6490,455,6279,263
20260212,prepaid,SRS,40,2914,6477,6717,6015,6194,5520,5964,5871,6534,7527,5091,306,6534,579,6258,242
20260208,prepaid,SRS,23,1025,3578,3743,2492,2573,5468,6063,5725,6550,8356,5272,389,6550,611,6316,291
20260228,prepaid,SRS,36,2559,5151,5380,5274,5409,5540,6002,5856,6603,7924,5190,301,6603,403,6140,221
20260314,prepaid,SDL,21,1234,1462,1487,1538,1621,5735,6135,6043,6608,15223,5241,232,6608,543,6469,279
20260305,prepaid,SRS,97,4621,10302,10701,7884,8131,5548,6027,5918,6655,7787,4555,338,6655,488,5044,217
20260311,prepaid,SRS,115,3680,7783,8299,8081,8626,5426,5936,5845,6658,8406,5070,380,6658,713,6440,369
20260328,prepaid,MAM,7,1316,2463,2494,2615,2716,5462,5997,5884,6699,5846,5183,328,6699,265,6521,147
20260224,prepaid,SRS,38,3285,6580,6832,7254,7451,5543,5972,5969,6717,7656,5013,364,6717,401,6196,207
20260313,prepaid,SDL,42,3257,3607,3657,3814,4007,5955,6345,6203,6743,15160,5553,217,6743,539,6612,253
20260124,prepaid,SRS,39,2696,4937,5138,5022,5174,5656,6051,6105,6751,8077,5075,314,6751,488,5995,265
20260211,prepaid,SRS,60,3357,6530,6845,7109,7313,5753,6169,6101,6762,7957,5343,309,6762,443,5944,217
20260227,prepaid,SRS,31,2600,5461,5721,5260,5412,5711,6136,6033,6767,7894,5323,347,6767,418,6171,208
20260330,prepaid,SDL,7,5988,6456,6551,5782,6657,5777,6209,6174,6772,15300,5141,233,6772,324,6300,166
20260117,prepaid,SRS,55,2873,5053,5236,5935,6138,5589,6101,5983,6819,8860,5090,411,6819,486,6071,271
20260302,prepaid,SRS,50,2910,6157,6448,5365,5551,5652,6085,6105,6821,7645,5123,328,6821,401,6006,231
20260116,prepaid,SRS,64,3036,6339,6540,6294,6472,5558,6078,5958,6822,8974,4961,387,6822,534,6096,263
20260220,prepaid,SRS,43,2832,6060,6318,5946,6100,5710,6179,6085,6833,7965,5296,346,6833,471,6212,231
20260222,prepaid,SRS,19,1005,2764,2899,2215,2272,5732,6264,6038,6834,8096,5392,386,6834,590,6801,275
20260327,prepaid,SDL,14,4450,5041,5104,4738,4996,5992,6426,6262,6847,14292,5594,237,6847,388,6337,200
20260312,prepaid,SRS,144,4875,9473,9856,8774,9175,5721,6239,6104,6917,8732,5310,394,6917,721,6265,328
20260219,prepaid,SRS,42,3042,6184,6426,6459,6632,5794,6207,6172,6919,7543,5280,343,6919,424,6146,218
20260217,prepaid,SRS,59,3549,7013,7392,7619,7835,5745,6218,6173,6983,7538,5231,361,6983,539,6097,277
20260328,prepaid,SDL,7,4466,4705,4792,4790,5100,6116,6519,6445,7022,15114,5588,226,7022,377,6450,214
20260213,prepaid,SRS,44,3883,7442,7673,7172,7339,5990,6435,6347,7028,7923,5495,317,7028,503,6336,271
20260310,prepaid,SRS,97,3100,7466,8192,7441,7736,5817,6335,6202,7036,8706,5389,389,7036,659,6645,340
20260113,prepaid,SRS,72,3582,6827,7034,7572,7800,5829,6283,6253,7053,9458,5310,358,7053,505,6504,259
20260209,prepaid,SRS,57,4088,8861,9239,7347,7551,5814,6296,6283,7071,8412,5281,412,7071,500,6343,282
20260320,prepaid,MAM,22,5643,10040,10122,8947,9098,6107,6564,6484,7142,6502,5644,309,7142,363,7132,147
20260326,prepaid,SRS,57,3660,7845,8281,6804,7234,5824,6350,6259,7174,8168,5270,425,7174,614,6148,283
20260309,prepaid,SRS,138,3942,9330,9967,7932,8262,5891,6424,6366,7185,8428,5371,399,7185,595,6238,308
20260108,prepaid,SRS,43,2871,6588,6782,6113,6274,6087,6539,6453,7187,13069,5716,309,7187,575,6007,333
20260214,prepaid,SRS,51,3261,6186,6398,6984,7153,6118,6658,6440,7254,8481,5836,387,7254,614,6870,299
20260215,prepaid,SRS,21,1540,4049,4188,3007,3087,6116,6769,6403,7347,8281,5904,450,7347,761,6975,352
20260107,prepaid,SRS,46,3320,6955,7181,7351,7573,6278,6820,6608,7390,13340,6130,344,7390,577,4886,349
20260218,prepaid,SRS,35,3305,6901,7231,6945,7152,6172,6642,6578,7408,7835,5641,369,7408,497,6181,254
20260223,prepaid,SRS,55,3760,7991,8375,6562,6747,6123,6603,6612,7426,8038,5386,384,7426,414,6609,208
20260216,prepaid,SDL,46,6513,7103,7202,7147,7420,6333,6761,6825,7463,13304,5389,258,7463,383,6797,182
20260221,prepaid,SRS,39,2799,5334,5601,5925,6098,6294,6787,6670,7475,8313,5801,365,7475,502,6707,282
20260215,prepaid,SDL,20,2695,3506,3535,2800,2914,6476,7029,6764,7510,13556,6087,323,7510,701,7571,305
20260327,prepaid,MAM,6,1389,2722,2731,2754,2865,6418,6867,6847,7612,6720,5916,309,7612,310,7768,155
20260216,prepaid,SRS,63,4019,8157,8463,6961,7176,6143,6682,6725,7627,7666,5499,414,7627,557,6576,293
20260325,prepaid,SRS,66,3604,7412,7805,6619,7091,6174,6694,6694,7632,8544,5580,441,7632,615,6507,300
20260327,prepaid,SRS,40,4266,9246,9833,8240,8806,6241,6869,6692,7694,8604,5762,477,7694,614,7091,327
20260212,prepaid,SDL,43,5530,6057,6119,5945,6196,6745,7150,7112,7719,13963,6161,210,7719,480,7454,197
20260109,prepaid,SRS,54,3772,7062,7234,7424,7623,6656,7122,6980,7754,11969,6193,315,7754,646,7082,364
20260324,prepaid,SRS,71,3612,6936,7292,7949,8261,6242,6765,6839,7841,8423,5408,496,7841,738,7020,371
20260313,prepaid,SRS,92,4474,8693,9068,8516,8845,6560,7154,6964,7851,9551,6118,430,7851,837,7310,426
20260328,prepaid,SRS,34,4911,9239,9529,9039,9769,6292,7019,6767,7876,8491,6005,538,7876,668,6879,392
20260111,prepaid,SRS,14,897,3442,3603,1956,2027,6625,7288,6922,7903,13569,6374,483,7903,798,8380,384
20260329,prepaid,SRS,1,1793,4600,4768,3085,3296,6297,7102,6710,7947,8536,6134,646,7947,759,7439,392
20260321,prepaid,MAM,12,4594,9243,9321,8477,8617,6886,7368,7268,7955,7651,6519,327,7955,431,7157,214
20260110,prepaid,SRS,60,3199,5445,5644,6467,6661,6787,7384,7128,8038,13159,6449,400,8038,631,7443,363
20260315,prepaid,SRS,35,2473,4841,4995,3881,4035,6721,7493,7060,8157,9883,6419,566,8157,1160,8196,556
20260214,prepaid,SDL,37,5191,5496,5590,5474,5691,7236,7726,7585,8254,14716,6639,246,8254,518,8053,276
20260118,prepaid,SDL,48,5987,7612,7693,6438,6706,7164,7699,7539,8295,16282,6507,297,8295,679,9408,300
20260316,prepaid,MAM,25,3835,6169,6193,7213,7339,7338,7874,7664,8327,8362,7130,328,8327,553,6873,198
20260319,prepaid,MAM,12,3671,6691,6716,6352,6433,7348,7805,7758,8434,7717,6765,320,8434,388,7850,197
20260314,prepaid,SRS,118,4505,8092,8435,8073,8495,7070,7737,7529,8519,9999,6617,463,8519,921,7700,475
20260112,prepaid,SRS,70,3888,8316,8589,7218,7478,6981,7544,7586,8524,11671,6242,417,8524,547,7551,283
20260322,prepaid,MAM,13,4782,9355,9386,8065,8238,7463,8099,7758,8592,8197,7074,447,8592,461,8221,198
20260213,prepaid,SDL,55,5483,5964,6046,5783,6018,7672,8087,8048,8655,14598,6993,225,8655,482,8278,261
20260324,prepaid,MAM,27,3823,6576,6599,8211,8409,7534,8027,8007,8747,8014,6919,300,8747,341,7661,163
20260211,prepaid,SDL,70,7388,8034,8118,7766,8092,7642,8113,8098,8792,14552,6910,264,8792,449,8399,206
20260128,prepaid,SDL,86,10156,10993,11092,11182,11612,7628,8090,8155,8858,16899,6781,236,8858,515,8051,246
20260321,prepaid,SRS,46,3100,5164,5438,5752,5956,7067,7889,7585,8894,10085,6676,601,8894,998,7996,603
20260405,prepaid,SRS,0,1817,1817,7060,0,3586,7139,7957,7599,8904,9867,6945,635,8904,973,8241,0
20260108,prepaid,SDL,90,11018,12198,12304,11650,12100,7968,8394,8315,8977,25981,7353,234,8977,533,7519,339
20260326,prepaid,MAM,5,1638,2984,3004,3656,3811,7657,8217,8117,9000,8135,7127,349,9000,387,8614,200
20260323,prepaid,SRS,68,4822,9454,9850,7871,8177,7025,7745,7831,9071,8844,5982,559,9071,832,7596,366
20260322,prepaid,SRS,18,1640,3984,4146,2687,2794,7345,8135,7832,9080,9971,6758,625,9080,1263,9126,623
20260320,prepaid,SRS,94,4482,7941,8735,8354,8694,7291,8024,7838,9102,10094,6682,538,9102,923,8453,519
20260317,prepaid,SRS,86,4601,8943,9281,8532,8842,7435,8137,7975,9148,10246,6838,507,9148,930,8042,463
20260319,prepaid,SRS,73,3411,6544,6795,6617,6843,7408,8160,7975,9192,10307,6859,524,9192,949,8405,458
20260323,prepaid,MAM,15,5599,9855,9874,10947,11159,7859,8372,8488,9258,8363,7269,338,9258,369,8173,162
20260117,prepaid,SDL,93,10701,11576,11725,11404,11862,8077,8552,8569,9272,18362,7033,244,9272,565,8149,319
20260404,prepaid,SRS,0,5023,6387,8179,361,8740,7270,7997,7979,9276,9492,6835,583,9276,881,8176,428
20260129,prepaid,SDL,78,9603,10462,10554,10075,10523,8176,8640,8628,9300,17389,7591,237,9300,400,8018,201
20260331,prepaid,SRS,0,4214,10060,10524,7975,9639,5984,7847,6769,9353,9136,6565,1628,9353,735,8163,383
20260210,prepaid,SDL,70,7920,8622,8738,8548,8852,8220,8730,8676,9421,15743,7605,306,9421,533,9253,262
20260107,prepaid,SDL,66,8819,9914,10022,9311,9674,8448,8982,8764,9490,28556,8162,263,9490,539,5424,369
20260316,prepaid,SRS,124,6005,10745,11168,9774,10186,7726,8466,8374,9526,10159,6918,505,9526,1021,8053,527
20260127,prepaid,SDL,112,13759,15219,15364,15732,16328,8091,8645,8753,9573,17484,7042,294,9573,526,8543,226
20260115,prepaid,SDL,70,7942,9441,9543,8868,9253,8348,8919,8781,9577,19439,7338,302,9577,607,8751,301
20260330,prepaid,SRS,1,5190,10492,10968,8924,10131,7259,8484,7953,9694,9473,7135,962,9694,738,8261,402
20260403,prepaid,SRS,0,4061,6846,7738,1676,7688,7532,8368,8263,9727,9427,7338,694,9727,945,8853,407
20260116,prepaid,SDL,72,8477,9584,9736,9587,10000,8511,9095,8958,9778,18925,7415,299,9778,667,10094,343
20260318,prepaid,SRS,119,4695,8424,9349,8943,9303,8021,8785,8565,9807,10948,7417,580,9807,1061,8823,557
20260208,prepaid,SDL,28,3399,4196,4251,3630,3768,8590,9259,8978,9876,15716,8078,375,9876,692,10046,328
20260325,prepaid,MAM,9,2359,4008,4053,4796,4900,8653,9208,9061,9904,9295,8135,371,9904,410,8212,192
20260126,prepaid,SDL,43,6405,8636,8702,6858,7138,8494,9163,9011,9971,17967,7646,413,9971,641,9351,318
20260109,prepaid,SDL,76,10132,11224,11381,10891,11303,9006,9461,9359,10004,26320,8214,236,10004,669,9546,401
20260128,prepaid,FCY,113,8256,13336,13410,14039,14557,9214,9489,9620,10035,9334,8229,161,10035,327,9331,169
20260111,prepaid,SDL,53,5403,6506,6591,5626,5870,8995,9578,9356,10127,23200,8350,318,10127,823,10389,384
20260205,prepaid,SDL,55,9284,10186,10303,9629,10092,9010,9470,9467,10141,17853,8280,213,10141,425,9386,215
20260130,prepaid,SDL,46,9635,10510,10629,10068,10408,8983,9558,9379,10161,17747,8379,235,10161,468,10127,268
20260119,prepaid,SDL,100,14218,15583,15747,15366,15925,8915,9461,9429,10209,17986,7981,307,10209,581,9741,290
20260120,prepaid,SDL,82,10613,11473,11626,11512,11956,9055,9567,9495,10247,19398,8164,260,10247,605,9788,285
20260114,prepaid,SDL,30,5298,6514,6599,5937,6174,9080,9632,9506,10271,21024,8240,268,10271,683,10255,354
20260110,prepaid,SDL,86,9946,10870,10994,10623,11058,9258,9795,9626,10360,25334,8448,247,10360,626,9954,406
20260402,prepaid,SRS,0,4184,7647,8158,3417,8556,7132,7871,9016,10425,9096,6660,676,10425,742,8288,332
20260401,prepaid,SRS,0,3615,7184,7620,6782,9566,6159,8147,7417,10429,9465,6808,1895,10429,703,8369,364
20260318,prepaid,MAM,17,3749,6934,6954,6283,6377,9235,9777,9666,10433,9764,8659,358,10433,501,9680,239
20260209,prepaid,SDL,85,9776,10703,10803,10347,10728,9159,9732,9696,10523,16325,8324,318,10523,549,9933,286
20260204,prepaid,SDL,67,9275,10093,10200,9838,10271,9379,9885,9806,10556,18771,8523,271,10556,541,10296,284
20260207,prepaid,SDL,55,7498,8017,8117,8014,8371,9488,10037,9878,10647,17245,8758,275,10647,591,10664,320
20260125,prepaid,SDL,36,4968,5991,6080,5192,5416,9339,10069,9732,10670,19638,8651,370,10670,755,10900,421
20260203,prepaid,SDL,50,8752,9745,9866,10095,10472,9406,9922,9896,10693,19308,8554,284,10693,621,10493,313
20260317,prepaid,MAM,11,3045,5697,5721,5848,5934,9662,10215,10107,10850,10377,9107,368,10850,647,9859,289
20260206,prepaid,SDL,54,8913,9794,9931,9374,9814,9848,10424,10225,11003,16848,9099,279,11003,479,10562,237
20260326,prepaid,FCY,27,8005,13109,13179,12809,13263,10191,10575,10521,11029,10815,9453,190,11029,363,10465,175
20260222,prepaid,FCY,27,6708,11681,11741,10417,10722,10339,10776,10590,11137,11565,9702,241,11137,468,11344,212
20260220,prepaid,FCY,30,7356,12038,12106,11603,11956,10368,10715,10681,11153,11011,9568,192,11153,378,11916,159
20260122,prepaid,SDL,64,8303,8984,9064,8742,9077,10012,10557,10442,11203,20575,9214,295,11203,517,10053,280
20260327,prepaid,FCY,24,8037,13196,13280,12697,13155,10474,10833,10789,11287,11277,9793,193,11287,392,10913,187
20260201,prepaid,SDL,27,5520,6753,6824,5898,6107,10029,10741,10453,11387,18794,9318,367,11387,780,11668,363
20260121,prepaid,SDL,85,10210,10968,11071,10815,11192,10164,10734,10594,11392,20462,9321,273,11392,567,11011,267
20260113,prepaid,SDL,64,7850,8860,8960,8518,8880,10162,10731,10655,11422,23791,9241,273,11422,627,10911,341
20260123,prepaid,SDL,46,7175,8041,8126,7520,7791,10174,10866,10577,11488,19876,9565,308,11488,1050,12065,391
20260202,prepaid,SDL,59,12198,13936,14085,13106,13559,10061,10646,10678,11528,19469,9020,302,11528,682,11093,344
20260130,prepaid,FCY,64,7239,12176,12237,11672,12075,10839,11165,11142,11586,11420,10170,155,11586,469,13438,250
20260221,prepaid,FCY,33,7388,11780,11851,11742,12076,10876,11207,11182,11636,11643,10175,191,11636,453,11943,183
20260325,prepaid,FCY,39,7518,12849,12920,11678,12102,10787,11156,11149,11652,11423,9989,204,11652,485,10989,185
20260129,prepaid,FCY,86,7140,11952,12008,11918,12335,11037,11380,11343,11807,11752,10419,185,11807,416,10525,211
20260127,prepaid,FCY,174,10149,16497,16583,20189,20836,10700,11113,11262,11853,10991,9654,257,11853,425,10345,199
20260224,prepaid,FCY,52,8522,14162,14241,13747,14188,11142,11441,11464,11864,11866,10290,162,11864,423,11601,157
20260112,prepaid,SDL,122,10794,11882,12055,11808,12329,10589,11191,11121,11914,25376,9415,305,11914,654,11171,343
20260225,prepaid,FCY,42,9869,15725,15827,14894,15371,11277,11595,11535,11951,11767,10287,165,11951,383,11852,186
20260324,prepaid,FCY,45,6756,11370,11438,11316,11719,11159,11524,11524,12025,11514,10107,222,12025,492,11567,185
20260131,prepaid,SDL,63,9760,10461,10571,10319,10702,10801,11428,11240,12093,19707,10077,312,12093,648,12035,358
20260328,prepaid,FCY,10,7939,13102,13193,12683,13158,11316,11754,11645,12190,12078,10619,230,12190,466,11134,226
20260223,prepaid,FCY,29,8354,14027,14098,13313,13680,11400,11740,11808,12260,11686,10202,196,12260,430,12032,176
20260204,prepaid,FCY,65,9203,15402,15497,14143,14604,11549,11884,11829,12275,12039,10755,198,12275,521,12571,210
20260126,prepaid,FCY,22,1459,7695,7770,2114,2181,11096,11631,11558,12292,12035,10391,331,12292,483,11093,224
20260119,prepaid,FCY,135,8195,13552,13646,13325,13896,11139,11543,11737,12295,11574,10032,237,12295,699,13080,275
20260219,prepaid,FCY,33,7075,11677,11741,11178,11529,11438,11787,11797,12308,11871,10365,196,12308,383,13061,153
20260123,prepaid,FCY,73,6588,10893,10958,11198,11579,11319,11836,11647,12314,12634,10667,249,12314,812,13289,354
20260329,prepaid,FCY,16,7622,12324,12378,11931,12453,11336,11888,11678,12365,12593,10870,318,12365,594,12271,247
20260205,prepaid,FCY,65,7928,13408,13482,13678,14135,11645,11977,11941,12392,12186,10913,166,12392,481,12420,198
20260125,prepaid,FCY,89,5955,10997,11116,9842,10192,11379,12020,11653,12441,12581,10834,346,12441,718,12264,345
20260120,prepaid,FCY,171,8426,13940,14017,13145,13775,11572,11940,11966,12471,12218,10738,213,12471,600,12498,261
20260124,prepaid,SDL,61,8027,8586,8707,8569,8930,11261,11735,11886,12545,21001,9774,253,12545,731,11662,399
20260201,prepaid,FCY,74,7166,12114,12176,11355,11743,11774,12289,12040,12663,12918,11208,255,12663,583,13261,257
20260118,prepaid,FCY,100,6311,11567,11639,10616,11055,11538,12143,11918,12711,12796,10824,384,12711,700,13007,326
20260304,prepaid,FCY,56,5531,12915,12993,11990,12384,11657,12310,11985,12774,16659,10827,366,12774,4593,20249,718
20260203,prepaid,FCY,77,8308,13641,13705,12885,13375,11994,12351,12315,12793,12701,11263,184,12793,499,12948,252
20260122,prepaid,FCY,110,6744,11783,11850,11212,11691,11964,12368,12294,12826,12797,11189,221,12826,581,12484,331
20260322,prepaid,FCY,27,6084,10190,10232,9909,10189,11636,12225,12077,12854,12768,10764,334,12854,1110,13369,371
20260226,prepaid,FCY,66,15730,25640,25813,20865,21570,12242,12592,12510,12960,13159,11391,177,12960,416,12434,167
20260323,prepaid,FCY,33,7966,12934,12988,11967,12348,11795,12221,12400,12992,12173,10513,248,12992,762,12398,249
20260202,prepaid,FCY,80,8920,14064,14136,13692,14178,12102,12477,12593,13079,12507,11074,205,13079,581,13297,242
20260131,prepaid,FCY,66,6592,11452,11519,11146,11506,12374,12729,12652,13093,13155,11751,165,13093,444,12982,242
20260121,prepaid,FCY,138,7365,12160,12242,12340,12902,12299,12661,12637,13132,13139,11548,212,13132,536,12426,260
20260321,prepaid,FCY,16,5951,10270,10330,10322,10651,12097,12656,12501,13210,13268,11183,308,13210,1207,12791,384
20260401,prepaid,FCY,5,7713,14882,14957,8943,12963,11893,12520,12406,13217,12837,11403,406,13217,543,12905,241
20260207,prepaid,FCY,37,8822,15148,15242,14580,15019,12335,12749,12675,13218,13103,11633,227,13218,559,13316,247
20260331,prepaid,FCY,5,8932,14209,14309,13083,15043,12125,12749,12545,13327,13062,11553,396,13327,445,13346,217
20260114,prepaid,FCY,81,6466,11790,11832,11985,12396,12357,12857,12738,13386,13494,11500,262,13386,641,13791,312
20260117,prepaid,FCY,87,7446,12631,12717,12251,12715,12263,12779,12736,13446,13180,11335,279,13446,571,12843,259
20260320,prepaid,FCY,34,6992,11717,11778,10437,10744,12316,12829,12773,13456,13475,11445,268,13456,1397,14548,462
20260107,prepaid,FCY,42,9384,16161,16247,15256,15775,12633,13026,12980,13489,14445,12310,205,13489,737,7664,457
20260208,prepaid,FCY,46,8364,14485,14557,13811,14268,12470,13087,12779,13561,13947,12059,340,13561,659,13708,230
20260206,prepaid,FCY,27,8270,14475,14569,13317,13744,12785,13194,13079,13601,13703,12159,213,13601,518,12961,195
20260227,prepaid,FCY,113,16596,26966,27149,25309,26279,12936,13292,13226,13674,13786,11935,165,13674,409,13142,160
20260124,prepaid,FCY,60,6668,11134,11191,10683,11021,12713,13097,13178,13698,13137,11587,251,13698,696,13334,335
20260330,prepaid,FCY,10,9448,15569,15637,13602,14497,12567,13068,13066,13707,13307,11720,305,13707,431,11870,220
20260115,prepaid,FCY,86,6461,11569,11639,11126,11550,12715,13247,13090,13783,13942,11824,303,13783,698,12757,252
20260108,prepaid,FCY,52,8910,14631,14728,15109,15651,13117,13516,13427,13945,14505,12397,215,13945,722,12313,432
20260405,prepaid,FCY,0,8487,8487,14672,0,14247,12847,13445,13214,13990,14087,12323,338,13990,842,14276,0
20260403,prepaid,FCY,0,9017,15059,15162,3408,14055,13048,13545,13434,14079,14050,12446,271,14079,708,15146,246
20260116,prepaid,FCY,93,7488,12856,12926,12352,12816,12975,13511,13440,14148,13764,11894,283,14148,637,14802,295
20260308,prepaid,FCY,53,9744,14615,14669,15213,15691,13173,13762,13564,14290,14302,12288,307,14290,617,14439,218
20260402,prepaid,FCY,2,9606,14672,14752,7665,16787,13335,13787,13896,14493,14129,12697,255,14493,623,14993,256
20260319,prepaid,FCY,38,7377,11098,11145,11198,11592,13385,13914,13832,14520,14479,12551,282,14520,1322,14899,392
20260404,prepaid,FCY,0,9622,15259,15758,688,15628,13633,14138,14073,14711,14374,12878,259,14711,727,14702,293
20260111,prepaid,FCY,54,7174,12260,12331,11773,12179,13642,14265,13979,14777,15416,13106,370,14777,866,15603,370
20260109,prepaid,FCY,56,8683,14791,14884,13859,14359,13958,14398,14301,14854,15252,13078,224,14854,756,14198,407
20260212,prepaid,FCY,45,9728,16620,16739,16233,16713,14371,14841,14713,15333,15438,13475,240,15333,856,15893,258
20260113,prepaid,FCY,64,8385,14181,14269,14076,14543,14330,14755,14753,15333,15445,13476,252,15333,641,15113,304
20260210,prepaid,FCY,49,10100,17215,17318,16399,16933,14416,14893,14789,15378,15419,13614,288,15378,600,15264,220
20260110,prepaid,FCY,75,8190,13626,13706,13834,14348,14430,14925,14774,15395,15493,13564,271,15395,733,15506,425
20260218,prepaid,FCY,42,7436,11871,11952,11335,11714,14386,14827,14827,15414,15345,13427,242,15414,505,14617,191
20260311,prepaid,FCY,63,10015,16414,16500,15643,16149,14422,14907,14829,15445,15103,13452,288,15445,763,16572,306
20260211,prepaid,FCY,46,10404,17406,17505,16937,17443,14546,15002,14962,15547,15486,13633,259,15547,689,15398,274
20260209,prepaid,FCY,45,10704,17538,17634,16708,17233,14473,14900,15043,15620,15087,13463,280,15620,668,14284,259
20260309,prepaid,FCY,54,9970,16335,16423,14604,15119,14513,14983,15051,15671,14998,13301,267,15671,681,16294,303
20260315,prepaid,FCY,84,8770,13373,13443,13251,13733,14538,15211,14968,15791,16159,13743,380,15791,1021,15728,355
20260313,prepaid,FCY,63,10555,16234,16323,16374,16955,14792,15293,15210,15846,15766,13834,269,15846,804,16185,312
20260312,prepaid,FCY,65,10862,17198,17274,16589,17089,14807,15298,15237,15854,15844,13949,266,15854,842,15598,317
20260112,prepaid,FCY,66,7935,14199,14283,12910,13385,14687,15211,15246,15926,15486,13562,317,15926,703,15860,326
20260228,prepaid,FCY,88,15541,24541,24689,24968,25812,15104,15592,15405,16002,16037,14162,229,16002,505,15429,244
20260307,prepaid,FCY,59,9347,15616,15699,15092,15596,14913,15416,15423,16080,15645,13817,257,16080,665,14549,238
20260318,prepaid,FCY,47,7887,12118,12171,11967,12384,14972,15506,15421,16105,15571,13819,307,16105,890,16124,345
20260306,prepaid,FCY,73,9876,16063,16155,16706,17226,14990,15469,15707,16410,14934,13111,280,16410,911,15928,259
20260215,prepaid,FCY,30,4547,8562,8623,9820,10135,15091,15837,15484,16411,16627,14421,433,16411,923,16750,332
20260314,prepaid,FCY,71,9551,14917,15021,14739,15302,15290,15870,15751,16445,16245,14355,310,16445,880,16204,379
20260310,prepaid,FCY,84,10530,16621,16704,16285,16877,15433,15923,15867,16509,16401,14558,259,16509,807,16133,315
20260214,prepaid,FCY,40,9055,15298,15388,15671,16128,15591,16148,15965,16677,16540,14622,298,16677,646,16874,278
20260217,prepaid,FCY,23,6841,11105,11157,10626,10947,15701,16175,16153,16767,16683,14704,242,16767,567,15144,229
20260316,prepaid,FCY,109,10184,15538,15621,14526,15053,15525,16054,16132,16806,16076,14055,290,16806,958,16290,357
20260317,prepaid,FCY,67,8387,12874,12944,13462,13900,15690,16238,16182,16867,16609,14594,310,16867,930,15975,318
20260216,prepaid,FCY,33,7129,11221,11279,11466,11805,15935,16433,16638,17317,16543,14659,278,17317,764,16729,291
20260213,prepaid,FCY,50,10234,17204,17287,16606,17103,16588,17069,17020,17641,17469,15478,240,17641,683,16803,258
20260301,prepaid,FCY,91,8657,13457,13539,16886,17531,17353,17982,17700,18463,19203,16595,323,18463,612,17148,241
20260303,prepaid,FCY,44,7357,15234,15324,11303,11653,19693,20412,20195,21082,21457,18705,353,21082,1139,21340,576
20260302,prepaid,FCY,48,8972,14551,14632,13803,14229,20597,21278,21156,22001,21571,19100,338,22001,733,20489,388
20260305,prepaid,FCY,56,8937,16275,16361,18146,18704,22140,22988,22961,24006,19492,17020,415,24006,1109,18400,316
